70 unique phonemes
70 unique phonemes
70 unique phonemes
70 unique phonemes
added and resized 71 phoneme tokens to tokenizer
added and resized 71 phoneme tokens to tokenizer
added and resized 71 phoneme tokens to tokenizer
added and resized 71 phoneme tokens to tokenizer
{'loss': 7.0067, 'grad_norm': 241.70509338378906, 'learning_rate': 1.516530178950561e-07, 'epoch': 0.0}
{'loss': 6.6865, 'grad_norm': 42.17976379394531, 'learning_rate': 3.033060357901122e-07, 'epoch': 0.01}
{'loss': 6.5852, 'grad_norm': 83.57411193847656, 'learning_rate': 4.5495905368516834e-07, 'epoch': 0.01}
{'loss': 6.5168, 'grad_norm': 56.69873809814453, 'learning_rate': 6.066120715802244e-07, 'epoch': 0.02}
{'loss': 6.4221, 'grad_norm': 86.54779052734375, 'learning_rate': 7.582650894752806e-07, 'epoch': 0.02}
{'loss': 6.3002, 'grad_norm': 30.250354766845703, 'learning_rate': 9.099181073703367e-07, 'epoch': 0.03}
{'loss': 6.1744, 'grad_norm': 24.478483200073242, 'learning_rate': 1.0615711252653927e-06, 'epoch': 0.03}
{'loss': 6.1006, 'grad_norm': 22.180105209350586, 'learning_rate': 1.213224143160449e-06, 'epoch': 0.04}
{'loss': 6.0216, 'grad_norm': 16.76487922668457, 'learning_rate': 1.3648771610555051e-06, 'epoch': 0.04}
{'loss': 5.9437, 'grad_norm': 18.33357810974121, 'learning_rate': 1.5165301789505611e-06, 'epoch': 0.05}
{'loss': 5.8956, 'grad_norm': 42.74510955810547, 'learning_rate': 1.6681831968456171e-06, 'epoch': 0.05}
{'loss': 5.866, 'grad_norm': 483.1570129394531, 'learning_rate': 1.8198362147406733e-06, 'epoch': 0.05}
{'loss': 5.8441, 'grad_norm': 11.962392807006836, 'learning_rate': 1.9714892326357296e-06, 'epoch': 0.06}
{'loss': 5.8229, 'grad_norm': 12.219011306762695, 'learning_rate': 2.1231422505307854e-06, 'epoch': 0.06}
{'loss': 5.8399, 'grad_norm': 84.62102508544922, 'learning_rate': 2.2747952684258416e-06, 'epoch': 0.07}
{'loss': 5.7838, 'grad_norm': 17.56612777709961, 'learning_rate': 2.426448286320898e-06, 'epoch': 0.07}
{'loss': 5.784, 'grad_norm': 35.261356353759766, 'learning_rate': 2.578101304215954e-06, 'epoch': 0.08}
{'loss': 5.7459, 'grad_norm': 17.50030517578125, 'learning_rate': 2.7297543221110102e-06, 'epoch': 0.08}
{'loss': 5.7417, 'grad_norm': 92.7435531616211, 'learning_rate': 2.881407340006066e-06, 'epoch': 0.09}
{'loss': 5.7377, 'grad_norm': 149.5479736328125, 'learning_rate': 3.0330603579011222e-06, 'epoch': 0.09}
{'loss': 5.7053, 'grad_norm': 11.552704811096191, 'learning_rate': 3.1847133757961785e-06, 'epoch': 0.1}
{'loss': 5.7301, 'grad_norm': 12.468213081359863, 'learning_rate': 3.3363663936912343e-06, 'epoch': 0.1}
{'loss': 5.6977, 'grad_norm': 21.3536434173584, 'learning_rate': 3.488019411586291e-06, 'epoch': 0.1}
{'loss': 5.7106, 'grad_norm': 21.742908477783203, 'learning_rate': 3.6396724294813467e-06, 'epoch': 0.11}
{'loss': 5.6805, 'grad_norm': 11.269027709960938, 'learning_rate': 3.791325447376403e-06, 'epoch': 0.11}
{'loss': 5.6664, 'grad_norm': 17.809568405151367, 'learning_rate': 3.942978465271459e-06, 'epoch': 0.12}
{'loss': 5.6529, 'grad_norm': 10.302659034729004, 'learning_rate': 4.094631483166515e-06, 'epoch': 0.12}
{'loss': 5.6375, 'grad_norm': 8.27007007598877, 'learning_rate': 4.246284501061571e-06, 'epoch': 0.13}
{'loss': 5.6653, 'grad_norm': 13.770050048828125, 'learning_rate': 4.397937518956628e-06, 'epoch': 0.13}
{'loss': 5.6277, 'grad_norm': 17.745445251464844, 'learning_rate': 4.549590536851683e-06, 'epoch': 0.14}
{'loss': 5.6356, 'grad_norm': 7.990200519561768, 'learning_rate': 4.70124355474674e-06, 'epoch': 0.14}
{'loss': 5.6217, 'grad_norm': 9.707662582397461, 'learning_rate': 4.852896572641796e-06, 'epoch': 0.15}
{'loss': 5.6186, 'grad_norm': 10.748409271240234, 'learning_rate': 5.004549590536852e-06, 'epoch': 0.15}
{'loss': 5.6163, 'grad_norm': 15.542889595031738, 'learning_rate': 5.156202608431908e-06, 'epoch': 0.15}
{'loss': 5.5632, 'grad_norm': 8.033709526062012, 'learning_rate': 5.307855626326964e-06, 'epoch': 0.16}
{'loss': 5.5766, 'grad_norm': 6.526593208312988, 'learning_rate': 5.4595086442220205e-06, 'epoch': 0.16}
{'loss': 5.6108, 'grad_norm': 5.225698947906494, 'learning_rate': 5.611161662117077e-06, 'epoch': 0.17}
{'loss': 5.6059, 'grad_norm': 6.9521002769470215, 'learning_rate': 5.762814680012132e-06, 'epoch': 0.17}
{'loss': 5.5649, 'grad_norm': 12.915374755859375, 'learning_rate': 5.914467697907189e-06, 'epoch': 0.18}
{'loss': 5.5654, 'grad_norm': 8.276525497436523, 'learning_rate': 6.0661207158022445e-06, 'epoch': 0.18}
{'loss': 5.585, 'grad_norm': 27.90102767944336, 'learning_rate': 6.2177737336973016e-06, 'epoch': 0.19}
{'loss': 5.54, 'grad_norm': 9.611031532287598, 'learning_rate': 6.369426751592357e-06, 'epoch': 0.19}
{'loss': 5.5454, 'grad_norm': 9.961583137512207, 'learning_rate': 6.521079769487413e-06, 'epoch': 0.2}
{'loss': 5.5523, 'grad_norm': 6.24173641204834, 'learning_rate': 6.6727327873824685e-06, 'epoch': 0.2}
{'loss': 5.5665, 'grad_norm': 6.674663543701172, 'learning_rate': 6.824385805277525e-06, 'epoch': 0.2}
{'loss': 5.5539, 'grad_norm': 8.98786735534668, 'learning_rate': 6.976038823172582e-06, 'epoch': 0.21}
{'loss': 5.527, 'grad_norm': 4.183252811431885, 'learning_rate': 7.127691841067638e-06, 'epoch': 0.21}
{'loss': 5.5302, 'grad_norm': 5.612255096435547, 'learning_rate': 7.279344858962693e-06, 'epoch': 0.22}
{'loss': 5.524, 'grad_norm': 6.354759693145752, 'learning_rate': 7.43099787685775e-06, 'epoch': 0.22}
{'loss': 5.5258, 'grad_norm': 6.702451229095459, 'learning_rate': 7.582650894752806e-06, 'epoch': 0.23}
{'loss': 5.5177, 'grad_norm': 4.41978120803833, 'learning_rate': 7.734303912647863e-06, 'epoch': 0.23}
{'loss': 5.5205, 'grad_norm': 3.7623684406280518, 'learning_rate': 7.885956930542918e-06, 'epoch': 0.24}
{'loss': 5.5063, 'grad_norm': 3.826026678085327, 'learning_rate': 8.037609948437974e-06, 'epoch': 0.24}
{'loss': 5.5165, 'grad_norm': 4.240043640136719, 'learning_rate': 8.18926296633303e-06, 'epoch': 0.25}
{'loss': 5.5336, 'grad_norm': 46.04812240600586, 'learning_rate': 8.340915984228088e-06, 'epoch': 0.25}
{'loss': 5.4954, 'grad_norm': 27.188833236694336, 'learning_rate': 8.492569002123141e-06, 'epoch': 0.25}
{'loss': 5.5065, 'grad_norm': 6.782315731048584, 'learning_rate': 8.644222020018199e-06, 'epoch': 0.26}
{'loss': 5.5223, 'grad_norm': 5.290215969085693, 'learning_rate': 8.795875037913256e-06, 'epoch': 0.26}
{'loss': 5.4905, 'grad_norm': 6.591139316558838, 'learning_rate': 8.947528055808311e-06, 'epoch': 0.27}
{'loss': 5.4879, 'grad_norm': 12.783284187316895, 'learning_rate': 9.099181073703366e-06, 'epoch': 0.27}
{'loss': 5.4758, 'grad_norm': 5.574277877807617, 'learning_rate': 9.250834091598423e-06, 'epoch': 0.28}
{'loss': 5.4814, 'grad_norm': 9.000946998596191, 'learning_rate': 9.40248710949348e-06, 'epoch': 0.28}
{'loss': 5.4914, 'grad_norm': 2.8594295978546143, 'learning_rate': 9.554140127388536e-06, 'epoch': 0.29}
{'loss': 5.4626, 'grad_norm': 6.515532970428467, 'learning_rate': 9.705793145283591e-06, 'epoch': 0.29}
{'loss': 5.4681, 'grad_norm': 4.877674579620361, 'learning_rate': 9.857446163178648e-06, 'epoch': 0.3}
{'loss': 5.4821, 'grad_norm': 9.549915313720703, 'learning_rate': 1.0009099181073704e-05, 'epoch': 0.3}
{'loss': 5.4546, 'grad_norm': 4.831930637359619, 'learning_rate': 1.0160752198968759e-05, 'epoch': 0.3}
{'loss': 5.4509, 'grad_norm': 8.661545753479004, 'learning_rate': 1.0312405216863816e-05, 'epoch': 0.31}
{'loss': 5.4713, 'grad_norm': 4.878502368927002, 'learning_rate': 1.0464058234758871e-05, 'epoch': 0.31}
{'loss': 5.4676, 'grad_norm': 4.301130294799805, 'learning_rate': 1.0615711252653929e-05, 'epoch': 0.32}
{'loss': 5.4251, 'grad_norm': 14.93167781829834, 'learning_rate': 1.0767364270548984e-05, 'epoch': 0.32}
{'loss': 5.4428, 'grad_norm': 9.10340690612793, 'learning_rate': 1.0919017288444041e-05, 'epoch': 0.33}
{'loss': 5.4454, 'grad_norm': 3.838514804840088, 'learning_rate': 1.1070670306339096e-05, 'epoch': 0.33}
{'loss': 5.4382, 'grad_norm': 4.378054141998291, 'learning_rate': 1.1222323324234153e-05, 'epoch': 0.34}
{'loss': 5.4439, 'grad_norm': 5.353545665740967, 'learning_rate': 1.1373976342129209e-05, 'epoch': 0.34}
{'loss': 5.4358, 'grad_norm': 6.724395751953125, 'learning_rate': 1.1525629360024264e-05, 'epoch': 0.35}
{'loss': 5.4499, 'grad_norm': 4.711270809173584, 'learning_rate': 1.1677282377919321e-05, 'epoch': 0.35}
{'loss': 5.4185, 'grad_norm': 4.2778730392456055, 'learning_rate': 1.1828935395814378e-05, 'epoch': 0.35}
{'loss': 5.4248, 'grad_norm': 3.7767255306243896, 'learning_rate': 1.1980588413709434e-05, 'epoch': 0.36}
{'loss': 5.4538, 'grad_norm': 6.450066089630127, 'learning_rate': 1.2132241431604489e-05, 'epoch': 0.36}
{'loss': 5.4333, 'grad_norm': 6.023434162139893, 'learning_rate': 1.2283894449499546e-05, 'epoch': 0.37}
{'loss': 5.4149, 'grad_norm': 4.23383903503418, 'learning_rate': 1.2435547467394603e-05, 'epoch': 0.37}
{'loss': 5.4462, 'grad_norm': 4.021909713745117, 'learning_rate': 1.2587200485289657e-05, 'epoch': 0.38}
{'loss': 5.3899, 'grad_norm': 20.543222427368164, 'learning_rate': 1.2738853503184714e-05, 'epoch': 0.38}
{'loss': 5.4031, 'grad_norm': 9.990073204040527, 'learning_rate': 1.2890506521079771e-05, 'epoch': 0.39}
{'loss': 5.4064, 'grad_norm': 5.281549453735352, 'learning_rate': 1.3042159538974826e-05, 'epoch': 0.39}
{'loss': 5.4266, 'grad_norm': 8.82089900970459, 'learning_rate': 1.3193812556869883e-05, 'epoch': 0.4}
{'loss': 5.4185, 'grad_norm': 6.644876480102539, 'learning_rate': 1.3345465574764937e-05, 'epoch': 0.4}
{'loss': 5.3935, 'grad_norm': 3.045668125152588, 'learning_rate': 1.3497118592659994e-05, 'epoch': 0.4}
{'loss': 5.406, 'grad_norm': 4.341610908508301, 'learning_rate': 1.364877161055505e-05, 'epoch': 0.41}
{'loss': 5.4344, 'grad_norm': 3.4543979167938232, 'learning_rate': 1.3800424628450107e-05, 'epoch': 0.41}
{'loss': 5.3919, 'grad_norm': 15.305793762207031, 'learning_rate': 1.3952077646345164e-05, 'epoch': 0.42}
{'loss': 5.4156, 'grad_norm': 3.160921096801758, 'learning_rate': 1.4103730664240219e-05, 'epoch': 0.42}
{'loss': 5.4099, 'grad_norm': 4.545865535736084, 'learning_rate': 1.4255383682135276e-05, 'epoch': 0.43}
{'loss': 5.4086, 'grad_norm': 5.590642929077148, 'learning_rate': 1.4407036700030333e-05, 'epoch': 0.43}
{'loss': 5.4014, 'grad_norm': 6.329041004180908, 'learning_rate': 1.4558689717925387e-05, 'epoch': 0.44}
{'loss': 5.3945, 'grad_norm': 7.249793529510498, 'learning_rate': 1.4710342735820442e-05, 'epoch': 0.44}
{'loss': 5.3698, 'grad_norm': 4.223828315734863, 'learning_rate': 1.48619957537155e-05, 'epoch': 0.45}
{'loss': 5.3663, 'grad_norm': 2.992753505706787, 'learning_rate': 1.5013648771610556e-05, 'epoch': 0.45}
{'loss': 5.4196, 'grad_norm': 12.19835090637207, 'learning_rate': 1.5165301789505612e-05, 'epoch': 0.45}
{'loss': 5.4137, 'grad_norm': 3.3524744510650635, 'learning_rate': 1.531695480740067e-05, 'epoch': 0.46}
{'loss': 5.3921, 'grad_norm': 5.010186672210693, 'learning_rate': 1.5468607825295726e-05, 'epoch': 0.46}
{'loss': 5.3929, 'grad_norm': 3.535451650619507, 'learning_rate': 1.5620260843190783e-05, 'epoch': 0.47}
{'loss': 5.3805, 'grad_norm': 9.456387519836426, 'learning_rate': 1.5771913861085837e-05, 'epoch': 0.47}
{'loss': 5.3631, 'grad_norm': 3.8181869983673096, 'learning_rate': 1.592356687898089e-05, 'epoch': 0.48}
{'loss': 5.3523, 'grad_norm': 2.7276511192321777, 'learning_rate': 1.6075219896875947e-05, 'epoch': 0.48}
{'loss': 5.3437, 'grad_norm': 2.5583505630493164, 'learning_rate': 1.6226872914771004e-05, 'epoch': 0.49}
{'loss': 5.364, 'grad_norm': 3.173837661743164, 'learning_rate': 1.637852593266606e-05, 'epoch': 0.49}
{'loss': 5.3789, 'grad_norm': 4.807429790496826, 'learning_rate': 1.653017895056112e-05, 'epoch': 0.5}
{'loss': 5.3639, 'grad_norm': 3.8065073490142822, 'learning_rate': 1.6681831968456176e-05, 'epoch': 0.5}
{'loss': 5.3824, 'grad_norm': 3.519441843032837, 'learning_rate': 1.683348498635123e-05, 'epoch': 0.51}
{'loss': 5.3573, 'grad_norm': 2.805469512939453, 'learning_rate': 1.6985138004246283e-05, 'epoch': 0.51}
{'loss': 5.3732, 'grad_norm': 2.4448959827423096, 'learning_rate': 1.713679102214134e-05, 'epoch': 0.51}
{'loss': 5.3635, 'grad_norm': 4.19992733001709, 'learning_rate': 1.7288444040036397e-05, 'epoch': 0.52}
{'loss': 5.3434, 'grad_norm': 3.021527051925659, 'learning_rate': 1.7440097057931454e-05, 'epoch': 0.52}
{'loss': 5.3735, 'grad_norm': 3.8628509044647217, 'learning_rate': 1.759175007582651e-05, 'epoch': 0.53}
{'loss': 5.3569, 'grad_norm': 3.0378596782684326, 'learning_rate': 1.7743403093721568e-05, 'epoch': 0.53}
{'loss': 5.3415, 'grad_norm': 2.2579727172851562, 'learning_rate': 1.7895056111616622e-05, 'epoch': 0.54}
{'loss': 5.339, 'grad_norm': 3.867023229598999, 'learning_rate': 1.8046709129511676e-05, 'epoch': 0.54}
{'loss': 5.3572, 'grad_norm': 4.194004058837891, 'learning_rate': 1.8198362147406733e-05, 'epoch': 0.55}
{'loss': 5.3441, 'grad_norm': 3.7391819953918457, 'learning_rate': 1.835001516530179e-05, 'epoch': 0.55}
{'loss': 5.3197, 'grad_norm': 3.1311709880828857, 'learning_rate': 1.8501668183196847e-05, 'epoch': 0.56}
{'loss': 5.3315, 'grad_norm': 3.1431846618652344, 'learning_rate': 1.8653321201091904e-05, 'epoch': 0.56}
{'loss': 5.3096, 'grad_norm': 28.185117721557617, 'learning_rate': 1.880497421898696e-05, 'epoch': 0.56}
{'loss': 5.3501, 'grad_norm': 3.929582357406616, 'learning_rate': 1.8956627236882015e-05, 'epoch': 0.57}
{'loss': 5.3375, 'grad_norm': 15.630672454833984, 'learning_rate': 1.910828025477707e-05, 'epoch': 0.57}
{'loss': 5.3258, 'grad_norm': 3.9618544578552246, 'learning_rate': 1.9259933272672125e-05, 'epoch': 0.58}
{'loss': 5.2813, 'grad_norm': 2.2877979278564453, 'learning_rate': 1.9411586290567182e-05, 'epoch': 0.58}
{'loss': 5.3388, 'grad_norm': 3.5994012355804443, 'learning_rate': 1.956323930846224e-05, 'epoch': 0.59}
{'loss': 5.3295, 'grad_norm': 2.588243007659912, 'learning_rate': 1.9714892326357297e-05, 'epoch': 0.59}
{'loss': 5.3417, 'grad_norm': 2.498257875442505, 'learning_rate': 1.9866545344252354e-05, 'epoch': 0.6}
{'loss': 5.3604, 'grad_norm': 2.562363624572754, 'learning_rate': 2.0018198362147407e-05, 'epoch': 0.6}
{'loss': 5.3522, 'grad_norm': 2.9443776607513428, 'learning_rate': 2.0169851380042464e-05, 'epoch': 0.61}
{'loss': 5.3112, 'grad_norm': 3.014723062515259, 'learning_rate': 2.0321504397937518e-05, 'epoch': 0.61}
{'loss': 5.345, 'grad_norm': 5.804039001464844, 'learning_rate': 2.0473157415832575e-05, 'epoch': 0.61}
{'loss': 5.2934, 'grad_norm': 2.148369312286377, 'learning_rate': 2.0624810433727632e-05, 'epoch': 0.62}
{'loss': 5.3385, 'grad_norm': 2.387817144393921, 'learning_rate': 2.077646345162269e-05, 'epoch': 0.62}
{'loss': 5.3265, 'grad_norm': 2.8606998920440674, 'learning_rate': 2.0928116469517743e-05, 'epoch': 0.63}
{'loss': 5.3188, 'grad_norm': 2.79709792137146, 'learning_rate': 2.10797694874128e-05, 'epoch': 0.63}
{'loss': 5.292, 'grad_norm': 2.3709967136383057, 'learning_rate': 2.1231422505307857e-05, 'epoch': 0.64}
{'loss': 5.3368, 'grad_norm': 3.3557872772216797, 'learning_rate': 2.1383075523202914e-05, 'epoch': 0.64}
{'loss': 5.3265, 'grad_norm': 1.9029358625411987, 'learning_rate': 2.1534728541097968e-05, 'epoch': 0.65}
{'loss': 5.3113, 'grad_norm': 4.1091742515563965, 'learning_rate': 2.1686381558993025e-05, 'epoch': 0.65}
{'loss': 5.3101, 'grad_norm': 3.475243091583252, 'learning_rate': 2.1838034576888082e-05, 'epoch': 0.66}
{'loss': 5.3414, 'grad_norm': 5.007177352905273, 'learning_rate': 2.1989687594783136e-05, 'epoch': 0.66}
{'loss': 5.3215, 'grad_norm': 2.1888511180877686, 'learning_rate': 2.2141340612678193e-05, 'epoch': 0.66}
{'loss': 5.3136, 'grad_norm': 8.105080604553223, 'learning_rate': 2.229299363057325e-05, 'epoch': 0.67}
{'loss': 5.2765, 'grad_norm': 9.59276008605957, 'learning_rate': 2.2444646648468307e-05, 'epoch': 0.67}
{'loss': 5.3075, 'grad_norm': 5.0168843269348145, 'learning_rate': 2.2596299666363364e-05, 'epoch': 0.68}
{'loss': 5.304, 'grad_norm': 3.816650867462158, 'learning_rate': 2.2747952684258417e-05, 'epoch': 0.68}
{'loss': 5.3033, 'grad_norm': 2.365445613861084, 'learning_rate': 2.2899605702153475e-05, 'epoch': 0.69}
{'loss': 5.2874, 'grad_norm': 2.3317906856536865, 'learning_rate': 2.3051258720048528e-05, 'epoch': 0.69}
{'loss': 5.2949, 'grad_norm': 4.865783214569092, 'learning_rate': 2.3202911737943585e-05, 'epoch': 0.7}
{'loss': 5.3033, 'grad_norm': 2.5803656578063965, 'learning_rate': 2.3354564755838642e-05, 'epoch': 0.7}
{'loss': 5.292, 'grad_norm': 2.140820264816284, 'learning_rate': 2.35062177737337e-05, 'epoch': 0.71}
{'loss': 5.2822, 'grad_norm': 3.135204553604126, 'learning_rate': 2.3657870791628757e-05, 'epoch': 0.71}
{'loss': 5.2974, 'grad_norm': 2.3776185512542725, 'learning_rate': 2.380952380952381e-05, 'epoch': 0.71}
{'loss': 5.2799, 'grad_norm': 2.6092031002044678, 'learning_rate': 2.3961176827418867e-05, 'epoch': 0.72}
{'loss': 5.3018, 'grad_norm': 1.5972766876220703, 'learning_rate': 2.411282984531392e-05, 'epoch': 0.72}
{'loss': 5.2847, 'grad_norm': 2.6615564823150635, 'learning_rate': 2.4264482863208978e-05, 'epoch': 0.73}
{'loss': 5.2724, 'grad_norm': 2.378297805786133, 'learning_rate': 2.4416135881104035e-05, 'epoch': 0.73}
{'loss': 5.277, 'grad_norm': 2.6664679050445557, 'learning_rate': 2.4567788898999092e-05, 'epoch': 0.74}
{'loss': 5.2968, 'grad_norm': 2.2115161418914795, 'learning_rate': 2.471944191689415e-05, 'epoch': 0.74}
{'loss': 5.2519, 'grad_norm': 4.479420185089111, 'learning_rate': 2.4871094934789206e-05, 'epoch': 0.75}
{'loss': 5.2778, 'grad_norm': 3.5972743034362793, 'learning_rate': 2.502274795268426e-05, 'epoch': 0.75}
{'loss': 5.2668, 'grad_norm': 6.802588939666748, 'learning_rate': 2.5174400970579314e-05, 'epoch': 0.76}
{'loss': 5.2633, 'grad_norm': 2.77559232711792, 'learning_rate': 2.5326053988474374e-05, 'epoch': 0.76}
{'loss': 5.2589, 'grad_norm': 3.5726583003997803, 'learning_rate': 2.5477707006369428e-05, 'epoch': 0.76}
{'loss': 5.2992, 'grad_norm': 2.4558284282684326, 'learning_rate': 2.562936002426448e-05, 'epoch': 0.77}
{'loss': 5.2684, 'grad_norm': 2.477567434310913, 'learning_rate': 2.5781013042159542e-05, 'epoch': 0.77}
{'loss': 5.2741, 'grad_norm': 1.8908146619796753, 'learning_rate': 2.5932666060054596e-05, 'epoch': 0.78}
{'loss': 5.2648, 'grad_norm': 5.921651840209961, 'learning_rate': 2.6084319077949653e-05, 'epoch': 0.78}
{'loss': 5.2899, 'grad_norm': 3.155543088912964, 'learning_rate': 2.6235972095844706e-05, 'epoch': 0.79}
{'loss': 5.2658, 'grad_norm': 4.068153381347656, 'learning_rate': 2.6387625113739767e-05, 'epoch': 0.79}
{'loss': 5.2486, 'grad_norm': 2.6047635078430176, 'learning_rate': 2.653927813163482e-05, 'epoch': 0.8}
{'loss': 5.2716, 'grad_norm': 9.750141143798828, 'learning_rate': 2.6690931149529874e-05, 'epoch': 0.8}
{'loss': 5.2818, 'grad_norm': 2.3329930305480957, 'learning_rate': 2.6842584167424935e-05, 'epoch': 0.81}
{'loss': 5.2766, 'grad_norm': 2.96014142036438, 'learning_rate': 2.6994237185319988e-05, 'epoch': 0.81}
{'loss': 5.2739, 'grad_norm': 3.1976466178894043, 'learning_rate': 2.7145890203215045e-05, 'epoch': 0.81}
{'loss': 5.2667, 'grad_norm': 5.323673248291016, 'learning_rate': 2.72975432211101e-05, 'epoch': 0.82}
{'loss': 5.2659, 'grad_norm': 2.4728636741638184, 'learning_rate': 2.744919623900516e-05, 'epoch': 0.82}
{'loss': 5.2662, 'grad_norm': 2.0427615642547607, 'learning_rate': 2.7600849256900213e-05, 'epoch': 0.83}
{'loss': 5.2532, 'grad_norm': 3.0983035564422607, 'learning_rate': 2.7752502274795274e-05, 'epoch': 0.83}
{'loss': 5.2464, 'grad_norm': 2.058292865753174, 'learning_rate': 2.7904155292690327e-05, 'epoch': 0.84}
{'loss': 5.2961, 'grad_norm': 3.273977279663086, 'learning_rate': 2.805580831058538e-05, 'epoch': 0.84}
{'loss': 5.2672, 'grad_norm': 3.7006852626800537, 'learning_rate': 2.8207461328480438e-05, 'epoch': 0.85}
{'loss': 5.2418, 'grad_norm': 2.310173273086548, 'learning_rate': 2.835911434637549e-05, 'epoch': 0.85}
{'loss': 5.27, 'grad_norm': 6.273799896240234, 'learning_rate': 2.8510767364270552e-05, 'epoch': 0.86}
{'loss': 5.2697, 'grad_norm': 2.4530436992645264, 'learning_rate': 2.8662420382165606e-05, 'epoch': 0.86}
{'loss': 5.2875, 'grad_norm': 2.3006348609924316, 'learning_rate': 2.8814073400060666e-05, 'epoch': 0.86}
{'loss': 5.272, 'grad_norm': 2.2521395683288574, 'learning_rate': 2.896572641795572e-05, 'epoch': 0.87}
{'loss': 5.2465, 'grad_norm': 2.600522041320801, 'learning_rate': 2.9117379435850774e-05, 'epoch': 0.87}
{'loss': 5.2579, 'grad_norm': 3.3962247371673584, 'learning_rate': 2.926903245374583e-05, 'epoch': 0.88}
{'loss': 5.2599, 'grad_norm': 2.3135693073272705, 'learning_rate': 2.9420685471640884e-05, 'epoch': 0.88}
{'loss': 5.2725, 'grad_norm': 5.191799163818359, 'learning_rate': 2.9572338489535945e-05, 'epoch': 0.89}
{'loss': 5.2544, 'grad_norm': 3.65817928314209, 'learning_rate': 2.9723991507431e-05, 'epoch': 0.89}
{'loss': 5.2906, 'grad_norm': 2.6844356060028076, 'learning_rate': 2.987564452532606e-05, 'epoch': 0.9}
{'loss': 5.261, 'grad_norm': 2.0165436267852783, 'learning_rate': 3.0027297543221113e-05, 'epoch': 0.9}
{'loss': 5.2717, 'grad_norm': 4.292090892791748, 'learning_rate': 3.0178950561116166e-05, 'epoch': 0.91}
{'loss': 5.216, 'grad_norm': 2.98764967918396, 'learning_rate': 3.0330603579011223e-05, 'epoch': 0.91}
pred : and i am sure you will be glad to know that i am not the only one in the world who has been in the habit of doing so and i am glad to see that you are not going to do it again
label: ardent in the prosecution of heresy cyril auspiciously opened his reign by oppressing the novatians the most innocent and harmless of the sectaries
pred : and i am not going to tell you what i have to say to you but i am going to ask you to tell me what you think of me and i will tell you all that i can tell you
label: without any legal sentence without any royal mandate the patriarch at the dawn of day led a seditious multitude to the attack of the synagogues
pred : and i have no doubt that i shall be able to do so if i can only find a way to get it out of the way and i shall have it out in time and i will be glad to do it and i am sure that you will be happy to see me if you will let me have it i am very glad to see you and i hope you will not be angry with me
label: such crimes would have deserved the animadversion of the magistrate but in this promiscuous outrage the innocent were confounded with the guilty and alexandria was impoverished by the loss of a wealthy and industrious colony
pred : and i am sure you will be glad to know that i am not the only one in the world who has been in the habit of doing so and i am glad to see that you are not going to do it again
label: ardent in the prosecution of heresy cyril auspiciously opened his reign by oppressing the novatians the most innocent and harmless of the sectaries
pred : and i am not going to tell you what i have to say to you but i am going to ask you to tell me what you think of me and i will tell you all that i can tell you
label: without any legal sentence without any royal mandate the patriarch at the dawn of day led a seditious multitude to the attack of the synagogues
pred : and i have no doubt that i shall be able to do so if i can only find a way to get it out of the way and i shall have it out in time and i will be glad to do it and i am sure that you will be happy to see me if you will let me have it i am very glad to see you and i hope you will not be angry with me
label: such crimes would have deserved the animadversion of the magistrate but in this promiscuous outrage the innocent were confounded with the guilty and alexandria was impoverished by the loss of a wealthy and industrious colony
pred : and i am sure you will be glad to know that i am not the only one in the world who has been in the habit of doing so and i am glad to see that you are not going to do it again
label: ardent in the prosecution of heresy cyril auspiciously opened his reign by oppressing the novatians the most innocent and harmless of the sectaries
pred : and i am not going to tell you what i have to say to you but i am going to ask you to tell me what you think of me and i will tell you all that i can tell you
label: without any legal sentence without any royal mandate the patriarch at the dawn of day led a seditious multitude to the attack of the synagogues
pred : and i have no doubt that i shall be able to do so if i can only find a way to get it out of the way and i shall have it out in time and i will be glad to do it and i am sure that you will be happy to see me if you will let me have it i am very glad to see you and i hope you will not be angry with me
label: such crimes would have deserved the animadversion of the magistrate but in this promiscuous outrage the innocent were confounded with the guilty and alexandria was impoverished by the loss of a wealthy and industrious colony
pred : and i am sure you will be glad to know that i am not the only one in the world who has been in the habit of doing so and i am glad to see that you are not going to do it again
label: ardent in the prosecution of heresy cyril auspiciously opened his reign by oppressing the novatians the most innocent and harmless of the sectaries
pred : and i am not going to tell you what i have to say to you but i am going to ask you to tell me what you think of me and i will tell you all that i can tell you
label: without any legal sentence without any royal mandate the patriarch at the dawn of day led a seditious multitude to the attack of the synagogues
pred : and i have no doubt that i shall be able to do so if i can only find a way to get it out of the way and i shall have it out in time and i will be glad to do it and i am sure that you will be happy to see me if you will let me have it i am very glad to see you and i hope you will not be angry with me
label: such crimes would have deserved the animadversion of the magistrate but in this promiscuous outrage the innocent were confounded with the guilty and alexandria was impoverished by the loss of a wealthy and industrious colony
{'eval_loss': 5.000056266784668, 'eval_bleu': 0.22818102830207174, 'eval_wer': 1.3787213043189432, 'eval_cer': 0.8592977419692222, 'eval_rouge1': 0.11552271419260188, 'eval_rouge2': 0.007220587837887539, 'eval_rougeL': 0.09449588554389919, 'eval_runtime': 157.745, 'eval_samples_per_second': 35.291, 'eval_steps_per_second': 0.184, 'epoch': 0.91}
{'loss': 5.2336, 'grad_norm': 2.082786798477173, 'learning_rate': 3.0482256596906277e-05, 'epoch': 0.91}
{'loss': 5.2785, 'grad_norm': 1.8085474967956543, 'learning_rate': 3.063390961480134e-05, 'epoch': 0.92}
{'loss': 5.2599, 'grad_norm': 2.434368133544922, 'learning_rate': 3.078556263269639e-05, 'epoch': 0.92}
{'loss': 5.2603, 'grad_norm': 2.357731580734253, 'learning_rate': 3.093721565059145e-05, 'epoch': 0.93}
{'loss': 5.2541, 'grad_norm': 2.373375654220581, 'learning_rate': 3.1088868668486505e-05, 'epoch': 0.93}
{'loss': 5.2758, 'grad_norm': 1.984883189201355, 'learning_rate': 3.1240521686381566e-05, 'epoch': 0.94}
{'loss': 5.2651, 'grad_norm': 1.902072548866272, 'learning_rate': 3.139217470427662e-05, 'epoch': 0.94}
{'loss': 5.2286, 'grad_norm': 1.7988749742507935, 'learning_rate': 3.154382772217167e-05, 'epoch': 0.95}
{'loss': 5.2634, 'grad_norm': 1.7337373495101929, 'learning_rate': 3.169548074006673e-05, 'epoch': 0.95}
{'loss': 5.2534, 'grad_norm': 2.187570571899414, 'learning_rate': 3.184713375796178e-05, 'epoch': 0.96}
{'loss': 5.2703, 'grad_norm': 3.1667330265045166, 'learning_rate': 3.199878677585684e-05, 'epoch': 0.96}
{'loss': 5.251, 'grad_norm': 2.7409160137176514, 'learning_rate': 3.2150439793751895e-05, 'epoch': 0.96}
{'loss': 5.2198, 'grad_norm': 2.3639121055603027, 'learning_rate': 3.2302092811646955e-05, 'epoch': 0.97}
{'loss': 5.2388, 'grad_norm': 1.9024658203125, 'learning_rate': 3.245374582954201e-05, 'epoch': 0.97}
{'loss': 5.2459, 'grad_norm': 1.952331781387329, 'learning_rate': 3.260539884743706e-05, 'epoch': 0.98}
{'loss': 5.2151, 'grad_norm': 2.100926160812378, 'learning_rate': 3.275705186533212e-05, 'epoch': 0.98}
{'loss': 5.2246, 'grad_norm': 1.9441866874694824, 'learning_rate': 3.2908704883227177e-05, 'epoch': 0.99}
{'loss': 5.2234, 'grad_norm': 3.161038875579834, 'learning_rate': 3.306035790112224e-05, 'epoch': 0.99}
{'loss': 5.2411, 'grad_norm': 1.6657235622406006, 'learning_rate': 3.321201091901729e-05, 'epoch': 1.0}
{'loss': 5.2282, 'grad_norm': 2.6619067192077637, 'learning_rate': 3.336366393691235e-05, 'epoch': 1.0}
{'loss': 5.2072, 'grad_norm': 19.722190856933594, 'learning_rate': 3.3515316954807405e-05, 'epoch': 1.01}
{'loss': 5.1785, 'grad_norm': 2.7475156784057617, 'learning_rate': 3.366696997270246e-05, 'epoch': 1.01}
{'loss': 5.1886, 'grad_norm': 2.470949649810791, 'learning_rate': 3.381862299059751e-05, 'epoch': 1.01}
{'loss': 5.2014, 'grad_norm': 1.877885341644287, 'learning_rate': 3.3970276008492566e-05, 'epoch': 1.02}
{'loss': 5.2036, 'grad_norm': 14.393214225769043, 'learning_rate': 3.4121929026387626e-05, 'epoch': 1.02}
{'loss': 5.2309, 'grad_norm': 4.119599342346191, 'learning_rate': 3.427358204428268e-05, 'epoch': 1.03}
{'loss': 5.1637, 'grad_norm': 2.5541882514953613, 'learning_rate': 3.442523506217774e-05, 'epoch': 1.03}
{'loss': 5.2022, 'grad_norm': 3.1089236736297607, 'learning_rate': 3.4576888080072794e-05, 'epoch': 1.04}
{'loss': 5.1847, 'grad_norm': 2.3848137855529785, 'learning_rate': 3.4728541097967855e-05, 'epoch': 1.04}
{'loss': 5.1812, 'grad_norm': 4.561082363128662, 'learning_rate': 3.488019411586291e-05, 'epoch': 1.05}
{'loss': 5.1993, 'grad_norm': 1.7544063329696655, 'learning_rate': 3.503184713375796e-05, 'epoch': 1.05}
{'loss': 5.1959, 'grad_norm': 5.204385280609131, 'learning_rate': 3.518350015165302e-05, 'epoch': 1.06}
{'loss': 5.1786, 'grad_norm': 3.670159101486206, 'learning_rate': 3.5335153169548076e-05, 'epoch': 1.06}
{'loss': 5.1532, 'grad_norm': 7.630656719207764, 'learning_rate': 3.5486806187443136e-05, 'epoch': 1.06}
{'loss': 5.1499, 'grad_norm': 2.97126841545105, 'learning_rate': 3.563845920533819e-05, 'epoch': 1.07}
{'loss': 5.1764, 'grad_norm': 2.09820556640625, 'learning_rate': 3.5790112223233244e-05, 'epoch': 1.07}
{'loss': 5.1862, 'grad_norm': 3.4925944805145264, 'learning_rate': 3.59417652411283e-05, 'epoch': 1.08}
{'loss': 5.1736, 'grad_norm': 1.7925968170166016, 'learning_rate': 3.609341825902335e-05, 'epoch': 1.08}
{'loss': 5.1725, 'grad_norm': 1.6676357984542847, 'learning_rate': 3.624507127691841e-05, 'epoch': 1.09}
{'loss': 5.1736, 'grad_norm': 1.7778464555740356, 'learning_rate': 3.6396724294813465e-05, 'epoch': 1.09}
{'loss': 5.2004, 'grad_norm': 4.2864556312561035, 'learning_rate': 3.6548377312708526e-05, 'epoch': 1.1}
{'loss': 5.1847, 'grad_norm': 4.865283966064453, 'learning_rate': 3.670003033060358e-05, 'epoch': 1.1}
{'loss': 5.188, 'grad_norm': 2.0742132663726807, 'learning_rate': 3.685168334849864e-05, 'epoch': 1.11}
{'loss': 5.1651, 'grad_norm': 2.767667055130005, 'learning_rate': 3.7003336366393694e-05, 'epoch': 1.11}
{'loss': 5.1628, 'grad_norm': 3.8270015716552734, 'learning_rate': 3.715498938428875e-05, 'epoch': 1.11}
{'loss': 5.1668, 'grad_norm': 2.3053064346313477, 'learning_rate': 3.730664240218381e-05, 'epoch': 1.12}
{'loss': 5.1704, 'grad_norm': 2.8306901454925537, 'learning_rate': 3.745829542007886e-05, 'epoch': 1.12}
{'loss': 5.1686, 'grad_norm': 5.22744083404541, 'learning_rate': 3.760994843797392e-05, 'epoch': 1.13}
{'loss': 5.1581, 'grad_norm': 4.8419904708862305, 'learning_rate': 3.7761601455868975e-05, 'epoch': 1.13}
{'loss': 5.1473, 'grad_norm': 13.529891967773438, 'learning_rate': 3.791325447376403e-05, 'epoch': 1.14}
{'loss': 5.1439, 'grad_norm': 19.13845443725586, 'learning_rate': 3.806490749165908e-05, 'epoch': 1.14}
{'loss': 5.1657, 'grad_norm': 10.731181144714355, 'learning_rate': 3.821656050955414e-05, 'epoch': 1.15}
{'loss': 5.1663, 'grad_norm': 10.229766845703125, 'learning_rate': 3.83682135274492e-05, 'epoch': 1.15}
{'loss': 5.1477, 'grad_norm': 2.4371204376220703, 'learning_rate': 3.851986654534425e-05, 'epoch': 1.16}
{'loss': 5.1566, 'grad_norm': 8.248642921447754, 'learning_rate': 3.867151956323931e-05, 'epoch': 1.16}
{'loss': 5.2074, 'grad_norm': 3.705540657043457, 'learning_rate': 3.8823172581134365e-05, 'epoch': 1.16}
{'loss': 5.1688, 'grad_norm': 3.1466758251190186, 'learning_rate': 3.8974825599029425e-05, 'epoch': 1.17}
{'loss': 5.1668, 'grad_norm': 2.229660987854004, 'learning_rate': 3.912647861692448e-05, 'epoch': 1.17}
{'loss': 5.1672, 'grad_norm': 2.1950321197509766, 'learning_rate': 3.927813163481954e-05, 'epoch': 1.18}
{'loss': 5.1955, 'grad_norm': 43.34015655517578, 'learning_rate': 3.942978465271459e-05, 'epoch': 1.18}
{'loss': 5.2046, 'grad_norm': 3.4698615074157715, 'learning_rate': 3.958143767060965e-05, 'epoch': 1.19}
{'loss': 5.1784, 'grad_norm': 3.6247990131378174, 'learning_rate': 3.973309068850471e-05, 'epoch': 1.19}
{'loss': 5.152, 'grad_norm': 7.017317771911621, 'learning_rate': 3.988474370639976e-05, 'epoch': 1.2}
{'loss': 5.1774, 'grad_norm': 5.9269700050354, 'learning_rate': 4.0036396724294815e-05, 'epoch': 1.2}
{'loss': 5.1589, 'grad_norm': 3.911281108856201, 'learning_rate': 4.018804974218987e-05, 'epoch': 1.21}
{'loss': 5.1674, 'grad_norm': 4.68690299987793, 'learning_rate': 4.033970276008493e-05, 'epoch': 1.21}
{'loss': 5.1473, 'grad_norm': 10.095877647399902, 'learning_rate': 4.049135577797998e-05, 'epoch': 1.21}
{'loss': 5.1791, 'grad_norm': 3.434223175048828, 'learning_rate': 4.0643008795875036e-05, 'epoch': 1.22}
{'loss': 5.1449, 'grad_norm': 1.8886117935180664, 'learning_rate': 4.0794661813770096e-05, 'epoch': 1.22}
{'loss': 5.1699, 'grad_norm': 2.453216552734375, 'learning_rate': 4.094631483166515e-05, 'epoch': 1.23}
{'loss': 5.1535, 'grad_norm': 2.2837424278259277, 'learning_rate': 4.109796784956021e-05, 'epoch': 1.23}
{'loss': 5.1577, 'grad_norm': 3.012058734893799, 'learning_rate': 4.1249620867455264e-05, 'epoch': 1.24}
{'loss': 5.1479, 'grad_norm': 3.1258726119995117, 'learning_rate': 4.1401273885350325e-05, 'epoch': 1.24}
{'loss': 5.1756, 'grad_norm': 2.4272069931030273, 'learning_rate': 4.155292690324538e-05, 'epoch': 1.25}
{'loss': 5.1352, 'grad_norm': 1.6366089582443237, 'learning_rate': 4.170457992114043e-05, 'epoch': 1.25}
{'loss': 5.1496, 'grad_norm': 2.2020156383514404, 'learning_rate': 4.1856232939035486e-05, 'epoch': 1.26}
{'loss': 5.1925, 'grad_norm': 3.4144463539123535, 'learning_rate': 4.200788595693054e-05, 'epoch': 1.26}
{'loss': 5.1752, 'grad_norm': 2.5424249172210693, 'learning_rate': 4.21595389748256e-05, 'epoch': 1.26}
{'loss': 5.1701, 'grad_norm': 3.579098701477051, 'learning_rate': 4.2311191992720654e-05, 'epoch': 1.27}
{'loss': 5.1582, 'grad_norm': 1.8266631364822388, 'learning_rate': 4.2462845010615714e-05, 'epoch': 1.27}
{'loss': 5.1701, 'grad_norm': 2.369732618331909, 'learning_rate': 4.261449802851077e-05, 'epoch': 1.28}
{'loss': 5.1558, 'grad_norm': 8.056828498840332, 'learning_rate': 4.276615104640583e-05, 'epoch': 1.28}
{'loss': 5.1496, 'grad_norm': 3.352484941482544, 'learning_rate': 4.291780406430088e-05, 'epoch': 1.29}
{'loss': 5.1374, 'grad_norm': 3.7074971199035645, 'learning_rate': 4.3069457082195936e-05, 'epoch': 1.29}
{'loss': 5.1414, 'grad_norm': 3.8933494091033936, 'learning_rate': 4.3221110100090996e-05, 'epoch': 1.3}
{'loss': 5.1588, 'grad_norm': 1.9664894342422485, 'learning_rate': 4.337276311798605e-05, 'epoch': 1.3}
{'loss': 5.1809, 'grad_norm': 2.78127121925354, 'learning_rate': 4.352441613588111e-05, 'epoch': 1.31}
{'loss': 5.1577, 'grad_norm': 2.11732816696167, 'learning_rate': 4.3676069153776164e-05, 'epoch': 1.31}
{'loss': 5.1429, 'grad_norm': 1.9752447605133057, 'learning_rate': 4.382772217167122e-05, 'epoch': 1.31}
{'loss': 5.179, 'grad_norm': 4.815537929534912, 'learning_rate': 4.397937518956627e-05, 'epoch': 1.32}
{'loss': 5.1429, 'grad_norm': 2.538691759109497, 'learning_rate': 4.4131028207461325e-05, 'epoch': 1.32}
{'loss': 5.1498, 'grad_norm': 1.7084132432937622, 'learning_rate': 4.4282681225356385e-05, 'epoch': 1.33}
{'loss': 5.1544, 'grad_norm': 2.6136598587036133, 'learning_rate': 4.443433424325144e-05, 'epoch': 1.33}
{'loss': 5.1777, 'grad_norm': 2.5555036067962646, 'learning_rate': 4.45859872611465e-05, 'epoch': 1.34}
{'loss': 5.1618, 'grad_norm': 1.879160761833191, 'learning_rate': 4.473764027904155e-05, 'epoch': 1.34}
{'loss': 5.1812, 'grad_norm': 2.147909641265869, 'learning_rate': 4.4889293296936614e-05, 'epoch': 1.35}
{'loss': 5.1592, 'grad_norm': 4.0568156242370605, 'learning_rate': 4.504094631483167e-05, 'epoch': 1.35}
{'loss': 5.1642, 'grad_norm': 2.6153602600097656, 'learning_rate': 4.519259933272673e-05, 'epoch': 1.36}
{'loss': 5.175, 'grad_norm': 2.2823266983032227, 'learning_rate': 4.534425235062178e-05, 'epoch': 1.36}
{'loss': 5.14, 'grad_norm': 2.3839635848999023, 'learning_rate': 4.5495905368516835e-05, 'epoch': 1.36}
{'loss': 5.137, 'grad_norm': 2.0559539794921875, 'learning_rate': 4.5647558386411895e-05, 'epoch': 1.37}
{'loss': 5.1743, 'grad_norm': 2.690838575363159, 'learning_rate': 4.579921140430695e-05, 'epoch': 1.37}
{'loss': 5.1366, 'grad_norm': 1.5280983448028564, 'learning_rate': 4.5950864422202e-05, 'epoch': 1.38}
{'loss': 5.1554, 'grad_norm': 3.007600784301758, 'learning_rate': 4.6102517440097056e-05, 'epoch': 1.38}
{'loss': 5.1406, 'grad_norm': 4.342286586761475, 'learning_rate': 4.625417045799212e-05, 'epoch': 1.39}
{'loss': 5.139, 'grad_norm': 2.2345540523529053, 'learning_rate': 4.640582347588717e-05, 'epoch': 1.39}
{'loss': 5.126, 'grad_norm': 8.437043190002441, 'learning_rate': 4.6557476493782224e-05, 'epoch': 1.4}
{'loss': 5.1417, 'grad_norm': 3.3644816875457764, 'learning_rate': 4.6709129511677285e-05, 'epoch': 1.4}
{'loss': 5.1593, 'grad_norm': 2.1933841705322266, 'learning_rate': 4.686078252957234e-05, 'epoch': 1.41}
{'loss': 5.1415, 'grad_norm': 3.409682512283325, 'learning_rate': 4.70124355474674e-05, 'epoch': 1.41}
{'loss': 5.1418, 'grad_norm': 2.497321128845215, 'learning_rate': 4.716408856536245e-05, 'epoch': 1.41}
{'loss': 5.1492, 'grad_norm': 4.080389976501465, 'learning_rate': 4.731574158325751e-05, 'epoch': 1.42}
{'loss': 5.1496, 'grad_norm': 2.0762195587158203, 'learning_rate': 4.746739460115257e-05, 'epoch': 1.42}
{'loss': 5.1423, 'grad_norm': 1.7338292598724365, 'learning_rate': 4.761904761904762e-05, 'epoch': 1.43}
{'loss': 5.1146, 'grad_norm': 2.1675498485565186, 'learning_rate': 4.777070063694268e-05, 'epoch': 1.43}
{'loss': 5.1563, 'grad_norm': 2.363823652267456, 'learning_rate': 4.7922353654837734e-05, 'epoch': 1.44}
{'loss': 5.167, 'grad_norm': 2.332624673843384, 'learning_rate': 4.807400667273279e-05, 'epoch': 1.44}
{'loss': 5.1531, 'grad_norm': 17.810503005981445, 'learning_rate': 4.822565969062784e-05, 'epoch': 1.45}
{'loss': 5.1132, 'grad_norm': 2.173685312271118, 'learning_rate': 4.83773127085229e-05, 'epoch': 1.45}
{'loss': 5.1348, 'grad_norm': 2.231072425842285, 'learning_rate': 4.8528965726417956e-05, 'epoch': 1.46}
{'loss': 5.1402, 'grad_norm': 1.770499587059021, 'learning_rate': 4.8680618744313016e-05, 'epoch': 1.46}
{'loss': 5.1628, 'grad_norm': 2.0393545627593994, 'learning_rate': 4.883227176220807e-05, 'epoch': 1.46}
{'loss': 5.119, 'grad_norm': 3.1682608127593994, 'learning_rate': 4.8983924780103124e-05, 'epoch': 1.47}
{'loss': 5.1193, 'grad_norm': 2.195037603378296, 'learning_rate': 4.9135577797998184e-05, 'epoch': 1.47}
{'loss': 5.1276, 'grad_norm': 1.9419901371002197, 'learning_rate': 4.928723081589324e-05, 'epoch': 1.48}
{'loss': 5.1439, 'grad_norm': 5.016095161437988, 'learning_rate': 4.94388838337883e-05, 'epoch': 1.48}
{'loss': 5.1363, 'grad_norm': 2.04083251953125, 'learning_rate': 4.959053685168335e-05, 'epoch': 1.49}
{'loss': 5.1345, 'grad_norm': 2.4438118934631348, 'learning_rate': 4.974218986957841e-05, 'epoch': 1.49}
{'loss': 5.1661, 'grad_norm': 3.845390558242798, 'learning_rate': 4.9893842887473466e-05, 'epoch': 1.5}
{'loss': 5.1314, 'grad_norm': 3.1949660778045654, 'learning_rate': 5.004549590536852e-05, 'epoch': 1.5}
{'loss': 5.1301, 'grad_norm': 1.803650140762329, 'learning_rate': 5.0197148923263574e-05, 'epoch': 1.51}
{'loss': 5.1319, 'grad_norm': 2.625792980194092, 'learning_rate': 5.034880194115863e-05, 'epoch': 1.51}
{'loss': 5.1503, 'grad_norm': 2.19756817817688, 'learning_rate': 5.050045495905369e-05, 'epoch': 1.52}
{'loss': 5.1399, 'grad_norm': 2.2291815280914307, 'learning_rate': 5.065210797694875e-05, 'epoch': 1.52}
{'loss': 5.1677, 'grad_norm': 4.239195346832275, 'learning_rate': 5.0803760994843795e-05, 'epoch': 1.52}
{'loss': 5.1205, 'grad_norm': 2.4889097213745117, 'learning_rate': 5.0955414012738855e-05, 'epoch': 1.53}
{'loss': 5.1355, 'grad_norm': 2.225001811981201, 'learning_rate': 5.1107067030633916e-05, 'epoch': 1.53}
{'loss': 5.128, 'grad_norm': 3.9868061542510986, 'learning_rate': 5.125872004852896e-05, 'epoch': 1.54}
{'loss': 5.1149, 'grad_norm': 2.31982421875, 'learning_rate': 5.141037306642402e-05, 'epoch': 1.54}
{'loss': 5.1336, 'grad_norm': 2.374027729034424, 'learning_rate': 5.1562026084319084e-05, 'epoch': 1.55}
{'loss': 5.1186, 'grad_norm': 2.1729934215545654, 'learning_rate': 5.1713679102214144e-05, 'epoch': 1.55}
{'loss': 5.1361, 'grad_norm': 2.4217183589935303, 'learning_rate': 5.186533212010919e-05, 'epoch': 1.56}
{'loss': 5.129, 'grad_norm': 3.7911462783813477, 'learning_rate': 5.201698513800425e-05, 'epoch': 1.56}
{'loss': 5.124, 'grad_norm': 2.1189358234405518, 'learning_rate': 5.2168638155899305e-05, 'epoch': 1.57}
{'loss': 5.1603, 'grad_norm': 8.469326972961426, 'learning_rate': 5.232029117379436e-05, 'epoch': 1.57}
{'loss': 5.1417, 'grad_norm': 3.0186843872070312, 'learning_rate': 5.247194419168941e-05, 'epoch': 1.57}
{'loss': 5.1328, 'grad_norm': 2.165668487548828, 'learning_rate': 5.262359720958447e-05, 'epoch': 1.58}
{'loss': 5.0981, 'grad_norm': 2.7458269596099854, 'learning_rate': 5.2775250227479533e-05, 'epoch': 1.58}
{'loss': 5.1107, 'grad_norm': 2.087219715118408, 'learning_rate': 5.292690324537458e-05, 'epoch': 1.59}
{'loss': 5.1045, 'grad_norm': 18.828922271728516, 'learning_rate': 5.307855626326964e-05, 'epoch': 1.59}
{'loss': 5.175, 'grad_norm': 5.842002868652344, 'learning_rate': 5.32302092811647e-05, 'epoch': 1.6}
{'loss': 5.1645, 'grad_norm': 2.019432306289673, 'learning_rate': 5.338186229905975e-05, 'epoch': 1.6}
{'loss': 5.146, 'grad_norm': 2.0429317951202393, 'learning_rate': 5.353351531695481e-05, 'epoch': 1.61}
{'loss': 5.1351, 'grad_norm': 2.377842426300049, 'learning_rate': 5.368516833484987e-05, 'epoch': 1.61}
{'loss': 5.1395, 'grad_norm': 2.6695408821105957, 'learning_rate': 5.383682135274492e-05, 'epoch': 1.62}
{'loss': 5.1261, 'grad_norm': 2.2725536823272705, 'learning_rate': 5.3988474370639976e-05, 'epoch': 1.62}
{'loss': 5.1137, 'grad_norm': 1.937027096748352, 'learning_rate': 5.414012738853504e-05, 'epoch': 1.62}
{'loss': 5.1433, 'grad_norm': 1.4507278203964233, 'learning_rate': 5.429178040643009e-05, 'epoch': 1.63}
{'loss': 5.1575, 'grad_norm': 2.2888216972351074, 'learning_rate': 5.444343342432515e-05, 'epoch': 1.63}
{'loss': 5.1288, 'grad_norm': 1.5275144577026367, 'learning_rate': 5.45950864422202e-05, 'epoch': 1.64}
{'loss': 5.1396, 'grad_norm': 1.561392068862915, 'learning_rate': 5.474673946011526e-05, 'epoch': 1.64}
{'loss': 5.132, 'grad_norm': 2.7456884384155273, 'learning_rate': 5.489839247801032e-05, 'epoch': 1.65}
{'loss': 5.1264, 'grad_norm': 1.627945899963379, 'learning_rate': 5.5050045495905366e-05, 'epoch': 1.65}
{'loss': 5.16, 'grad_norm': 1.7447181940078735, 'learning_rate': 5.5201698513800426e-05, 'epoch': 1.66}
{'loss': 5.1452, 'grad_norm': 5.467041969299316, 'learning_rate': 5.535335153169549e-05, 'epoch': 1.66}
{'loss': 5.1485, 'grad_norm': 2.216402053833008, 'learning_rate': 5.550500454959055e-05, 'epoch': 1.67}
{'loss': 5.1341, 'grad_norm': 1.9056308269500732, 'learning_rate': 5.5656657567485594e-05, 'epoch': 1.67}
{'loss': 5.1341, 'grad_norm': 2.119617462158203, 'learning_rate': 5.5808310585380654e-05, 'epoch': 1.67}
{'loss': 5.1301, 'grad_norm': 1.645704746246338, 'learning_rate': 5.595996360327571e-05, 'epoch': 1.68}
{'loss': 5.1129, 'grad_norm': 4.610925197601318, 'learning_rate': 5.611161662117076e-05, 'epoch': 1.68}
{'loss': 5.12, 'grad_norm': 4.409860610961914, 'learning_rate': 5.6263269639065815e-05, 'epoch': 1.69}
{'loss': 5.1241, 'grad_norm': 4.007845878601074, 'learning_rate': 5.6414922656960876e-05, 'epoch': 1.69}
{'loss': 5.125, 'grad_norm': 5.518810272216797, 'learning_rate': 5.6566575674855936e-05, 'epoch': 1.7}
{'loss': 5.1271, 'grad_norm': 1.865898847579956, 'learning_rate': 5.671822869275098e-05, 'epoch': 1.7}
{'loss': 5.1119, 'grad_norm': 2.7468791007995605, 'learning_rate': 5.6869881710646044e-05, 'epoch': 1.71}
{'loss': 5.1118, 'grad_norm': 1.9039380550384521, 'learning_rate': 5.7021534728541104e-05, 'epoch': 1.71}
{'loss': 5.1194, 'grad_norm': 2.0365469455718994, 'learning_rate': 5.717318774643615e-05, 'epoch': 1.72}
{'loss': 5.1353, 'grad_norm': 3.415816307067871, 'learning_rate': 5.732484076433121e-05, 'epoch': 1.72}
{'loss': 5.1368, 'grad_norm': 1.6665730476379395, 'learning_rate': 5.747649378222627e-05, 'epoch': 1.72}
{'loss': 5.137, 'grad_norm': 1.6795645952224731, 'learning_rate': 5.762814680012133e-05, 'epoch': 1.73}
{'loss': 5.1462, 'grad_norm': 1.4023160934448242, 'learning_rate': 5.777979981801638e-05, 'epoch': 1.73}
{'loss': 5.1016, 'grad_norm': 1.7596170902252197, 'learning_rate': 5.793145283591144e-05, 'epoch': 1.74}
{'loss': 5.1114, 'grad_norm': 2.1739466190338135, 'learning_rate': 5.8083105853806493e-05, 'epoch': 1.74}
{'loss': 5.159, 'grad_norm': 1.5360714197158813, 'learning_rate': 5.823475887170155e-05, 'epoch': 1.75}
{'loss': 5.155, 'grad_norm': 2.277132272720337, 'learning_rate': 5.83864118895966e-05, 'epoch': 1.75}
{'loss': 5.1368, 'grad_norm': 1.5523146390914917, 'learning_rate': 5.853806490749166e-05, 'epoch': 1.76}
{'loss': 5.1379, 'grad_norm': 1.7688655853271484, 'learning_rate': 5.868971792538672e-05, 'epoch': 1.76}
{'loss': 5.1356, 'grad_norm': 4.860706806182861, 'learning_rate': 5.884137094328177e-05, 'epoch': 1.77}
{'loss': 5.1295, 'grad_norm': 1.9641730785369873, 'learning_rate': 5.899302396117683e-05, 'epoch': 1.77}
{'loss': 5.1164, 'grad_norm': 2.1089024543762207, 'learning_rate': 5.914467697907189e-05, 'epoch': 1.77}
{'loss': 5.128, 'grad_norm': 1.7215118408203125, 'learning_rate': 5.9296329996966936e-05, 'epoch': 1.78}
{'loss': 5.1317, 'grad_norm': 4.844771385192871, 'learning_rate': 5.9447983014862e-05, 'epoch': 1.78}
{'loss': 5.142, 'grad_norm': 2.549323320388794, 'learning_rate': 5.959963603275706e-05, 'epoch': 1.79}
{'loss': 5.1053, 'grad_norm': 1.680644154548645, 'learning_rate': 5.975128905065212e-05, 'epoch': 1.79}
{'loss': 5.1067, 'grad_norm': 1.7068355083465576, 'learning_rate': 5.9902942068547165e-05, 'epoch': 1.8}
{'loss': 5.1153, 'grad_norm': 1.6597516536712646, 'learning_rate': 6.0054595086442225e-05, 'epoch': 1.8}
{'loss': 5.1051, 'grad_norm': 4.370230674743652, 'learning_rate': 6.020624810433728e-05, 'epoch': 1.81}
{'loss': 5.1074, 'grad_norm': 1.9224904775619507, 'learning_rate': 6.035790112223233e-05, 'epoch': 1.81}
{'loss': 5.1009, 'grad_norm': 2.136702537536621, 'learning_rate': 6.0509554140127386e-05, 'epoch': 1.82}
{'loss': 5.1293, 'grad_norm': 1.674436330795288, 'learning_rate': 6.066120715802245e-05, 'epoch': 1.82}
pred : and i am glad to see you again and i hope that you will be able to be of service to me in the future i am sure i will be glad to have you with me again
label: ardent in the prosecution of heresy cyril auspiciously opened his reign by oppressing the novatians the most innocent and harmless of the sectaries
pred : and i am glad to see you again and i hope that you will be able to be of service to me in the future i am sure i will be glad to have you with me
label: without any legal sentence without any royal mandate the patriarch at the dawn of day led a seditious multitude to the attack of the synagogues
pred : he was a man who had been in the service of the king and had been a member of the council of war he had been sent by the king to the king's court and he was now in a position of great authority in the administration of the kingdom
label: such crimes would have deserved the animadversion of the magistrate but in this promiscuous outrage the innocent were confounded with the guilty and alexandria was impoverished by the loss of a wealthy and industrious colony
pred : and i am glad to see you again and i hope that you will be able to be of service to me in the future i am sure i will be glad to have you with me again
label: ardent in the prosecution of heresy cyril auspiciously opened his reign by oppressing the novatians the most innocent and harmless of the sectaries
pred : and i am glad to see you again and i hope that you will be able to be of service to me in the future i am sure i will be glad to have you with me
label: without any legal sentence without any royal mandate the patriarch at the dawn of day led a seditious multitude to the attack of the synagogues
pred : he was a man who had been in the service of the king and had been a member of the council of war he had been sent by the king to the king's court and he was now in a position of great authority in the administration of the kingdom
label: such crimes would have deserved the animadversion of the magistrate but in this promiscuous outrage the innocent were confounded with the guilty and alexandria was impoverished by the loss of a wealthy and industrious colony
pred : and i am glad to see you again and i hope that you will be able to be of service to me in the future i am sure i will be glad to have you with me again
label: ardent in the prosecution of heresy cyril auspiciously opened his reign by oppressing the novatians the most innocent and harmless of the sectaries
pred : and i am glad to see you again and i hope that you will be able to be of service to me in the future i am sure i will be glad to have you with me
label: without any legal sentence without any royal mandate the patriarch at the dawn of day led a seditious multitude to the attack of the synagogues
pred : he was a man who had been in the service of the king and had been a member of the council of war he had been sent by the king to the king's court and he was now in a position of great authority in the administration of the kingdom
label: such crimes would have deserved the animadversion of the magistrate but in this promiscuous outrage the innocent were confounded with the guilty and alexandria was impoverished by the loss of a wealthy and industrious colony
pred : and i am glad to see you again and i hope that you will be able to be of service to me in the future i am sure i will be glad to have you with me again
label: ardent in the prosecution of heresy cyril auspiciously opened his reign by oppressing the novatians the most innocent and harmless of the sectaries
pred : and i am glad to see you again and i hope that you will be able to be of service to me in the future i am sure i will be glad to have you with me
label: without any legal sentence without any royal mandate the patriarch at the dawn of day led a seditious multitude to the attack of the synagogues
pred : he was a man who had been in the service of the king and had been a member of the council of war he had been sent by the king to the king's court and he was now in a position of great authority in the administration of the kingdom
label: such crimes would have deserved the animadversion of the magistrate but in this promiscuous outrage the innocent were confounded with the guilty and alexandria was impoverished by the loss of a wealthy and industrious colony
{'eval_loss': 4.923780918121338, 'eval_bleu': 0.17713912262240294, 'eval_wer': 1.273134484165773, 'eval_cer': 0.8011951946969997, 'eval_rouge1': 0.12792905690422415, 'eval_rouge2': 0.007528771109923662, 'eval_rougeL': 0.10255812516445276, 'eval_runtime': 136.3559, 'eval_samples_per_second': 40.827, 'eval_steps_per_second': 0.213, 'epoch': 1.82}
{'loss': 5.1025, 'grad_norm': 2.3396830558776855, 'learning_rate': 6.081286017591751e-05, 'epoch': 1.82}
{'loss': 5.1352, 'grad_norm': 2.92419171333313, 'learning_rate': 6.0964513193812554e-05, 'epoch': 1.83}
{'loss': 5.1422, 'grad_norm': 3.394822359085083, 'learning_rate': 6.111616621170762e-05, 'epoch': 1.83}
{'loss': 5.1392, 'grad_norm': 2.401015281677246, 'learning_rate': 6.126781922960267e-05, 'epoch': 1.84}
{'loss': 5.1069, 'grad_norm': 6.276111602783203, 'learning_rate': 6.141947224749773e-05, 'epoch': 1.84}
{'loss': 5.154, 'grad_norm': 2.335578441619873, 'learning_rate': 6.157112526539278e-05, 'epoch': 1.85}
{'loss': 5.13, 'grad_norm': 1.9506994485855103, 'learning_rate': 6.172277828328784e-05, 'epoch': 1.85}
{'loss': 5.128, 'grad_norm': 3.2161247730255127, 'learning_rate': 6.18744313011829e-05, 'epoch': 1.86}
{'loss': 5.0924, 'grad_norm': 1.9933006763458252, 'learning_rate': 6.202608431907794e-05, 'epoch': 1.86}
{'loss': 5.123, 'grad_norm': 8.967245101928711, 'learning_rate': 6.217773733697301e-05, 'epoch': 1.87}
{'loss': 5.138, 'grad_norm': 2.661323308944702, 'learning_rate': 6.232939035486806e-05, 'epoch': 1.87}
{'loss': 5.1521, 'grad_norm': 6.823032855987549, 'learning_rate': 6.248104337276313e-05, 'epoch': 1.87}
{'loss': 5.1728, 'grad_norm': 1.3382806777954102, 'learning_rate': 6.263269639065817e-05, 'epoch': 1.88}
{'loss': 5.1727, 'grad_norm': 1.3498997688293457, 'learning_rate': 6.278434940855324e-05, 'epoch': 1.88}
{'loss': 5.1503, 'grad_norm': 1.3552963733673096, 'learning_rate': 6.293600242644829e-05, 'epoch': 1.89}
{'loss': 5.1736, 'grad_norm': 1.392268180847168, 'learning_rate': 6.308765544434335e-05, 'epoch': 1.89}
{'loss': 5.1854, 'grad_norm': 1.4132109880447388, 'learning_rate': 6.32393084622384e-05, 'epoch': 1.9}
{'loss': 5.1725, 'grad_norm': 3.6234283447265625, 'learning_rate': 6.339096148013345e-05, 'epoch': 1.9}
{'loss': 5.1868, 'grad_norm': 2.387686252593994, 'learning_rate': 6.354261449802852e-05, 'epoch': 1.91}
{'loss': 5.1503, 'grad_norm': 4.27313756942749, 'learning_rate': 6.369426751592356e-05, 'epoch': 1.91}
{'loss': 5.1575, 'grad_norm': 3.4464399814605713, 'learning_rate': 6.384592053381863e-05, 'epoch': 1.92}
{'loss': 5.1314, 'grad_norm': 3.909259557723999, 'learning_rate': 6.399757355171368e-05, 'epoch': 1.92}
{'loss': 5.0834, 'grad_norm': 2.9580259323120117, 'learning_rate': 6.414922656960874e-05, 'epoch': 1.92}
{'loss': 5.1206, 'grad_norm': 4.28044319152832, 'learning_rate': 6.430087958750379e-05, 'epoch': 1.93}
{'loss': 5.1157, 'grad_norm': 1.8888473510742188, 'learning_rate': 6.445253260539886e-05, 'epoch': 1.93}
{'loss': 5.1201, 'grad_norm': 2.6146275997161865, 'learning_rate': 6.460418562329391e-05, 'epoch': 1.94}
{'loss': 5.1204, 'grad_norm': 1.912762999534607, 'learning_rate': 6.475583864118896e-05, 'epoch': 1.94}
{'loss': 5.1299, 'grad_norm': 2.2987630367279053, 'learning_rate': 6.490749165908402e-05, 'epoch': 1.95}
{'loss': 5.1175, 'grad_norm': 2.5200982093811035, 'learning_rate': 6.505914467697908e-05, 'epoch': 1.95}
{'loss': 5.1111, 'grad_norm': 2.12408709526062, 'learning_rate': 6.521079769487412e-05, 'epoch': 1.96}
{'loss': 5.1053, 'grad_norm': 1.406394600868225, 'learning_rate': 6.536245071276919e-05, 'epoch': 1.96}
{'loss': 5.0924, 'grad_norm': 1.6107791662216187, 'learning_rate': 6.551410373066425e-05, 'epoch': 1.97}
{'loss': 5.1038, 'grad_norm': 1.3293695449829102, 'learning_rate': 6.56657567485593e-05, 'epoch': 1.97}
{'loss': 5.1487, 'grad_norm': 3.6038477420806885, 'learning_rate': 6.581740976645435e-05, 'epoch': 1.97}
{'loss': 5.1312, 'grad_norm': 1.7382330894470215, 'learning_rate': 6.59690627843494e-05, 'epoch': 1.98}
{'loss': 5.1252, 'grad_norm': 2.7284469604492188, 'learning_rate': 6.612071580224447e-05, 'epoch': 1.98}
{'loss': 5.1352, 'grad_norm': 10.033860206604004, 'learning_rate': 6.627236882013951e-05, 'epoch': 1.99}
{'loss': 5.1549, 'grad_norm': 1.4724866151809692, 'learning_rate': 6.642402183803458e-05, 'epoch': 1.99}
{'loss': 5.1062, 'grad_norm': 1.4176350831985474, 'learning_rate': 6.657567485592963e-05, 'epoch': 2.0}
{'loss': 5.0648, 'grad_norm': 1.729535698890686, 'learning_rate': 6.67273278738247e-05, 'epoch': 2.0}
{'loss': 5.0386, 'grad_norm': 2.495821237564087, 'learning_rate': 6.687898089171974e-05, 'epoch': 2.01}
{'loss': 5.033, 'grad_norm': 2.000072717666626, 'learning_rate': 6.703063390961481e-05, 'epoch': 2.01}
{'loss': 5.039, 'grad_norm': 4.291385650634766, 'learning_rate': 6.718228692750986e-05, 'epoch': 2.02}
{'loss': 5.0565, 'grad_norm': 21.27525520324707, 'learning_rate': 6.733393994540492e-05, 'epoch': 2.02}
{'loss': 5.0293, 'grad_norm': 3.135560989379883, 'learning_rate': 6.748559296329997e-05, 'epoch': 2.02}
{'loss': 5.0452, 'grad_norm': 9.050859451293945, 'learning_rate': 6.763724598119502e-05, 'epoch': 2.03}
{'loss': 5.0425, 'grad_norm': 5.335165500640869, 'learning_rate': 6.778889899909009e-05, 'epoch': 2.03}
{'loss': 5.0063, 'grad_norm': 1.5398122072219849, 'learning_rate': 6.794055201698513e-05, 'epoch': 2.04}
{'loss': 5.0158, 'grad_norm': 2.4501867294311523, 'learning_rate': 6.80922050348802e-05, 'epoch': 2.04}
{'loss': 5.036, 'grad_norm': 1.5614126920700073, 'learning_rate': 6.824385805277525e-05, 'epoch': 2.05}
{'loss': 5.0291, 'grad_norm': 2.4188971519470215, 'learning_rate': 6.839551107067032e-05, 'epoch': 2.05}
{'loss': 5.032, 'grad_norm': 1.7352392673492432, 'learning_rate': 6.854716408856536e-05, 'epoch': 2.06}
{'loss': 5.0503, 'grad_norm': 1.3269182443618774, 'learning_rate': 6.869881710646043e-05, 'epoch': 2.06}
{'loss': 5.0252, 'grad_norm': 1.5730924606323242, 'learning_rate': 6.885047012435548e-05, 'epoch': 2.07}
{'loss': 5.0258, 'grad_norm': 1.3650988340377808, 'learning_rate': 6.900212314225053e-05, 'epoch': 2.07}
{'loss': 5.0632, 'grad_norm': 1.4229543209075928, 'learning_rate': 6.915377616014559e-05, 'epoch': 2.07}
{'loss': 5.0473, 'grad_norm': 1.8342514038085938, 'learning_rate': 6.930542917804064e-05, 'epoch': 2.08}
{'loss': 5.0447, 'grad_norm': 1.4525399208068848, 'learning_rate': 6.945708219593571e-05, 'epoch': 2.08}
{'loss': 5.0568, 'grad_norm': 1.6492853164672852, 'learning_rate': 6.960873521383075e-05, 'epoch': 2.09}
{'loss': 5.0673, 'grad_norm': 3.186291217803955, 'learning_rate': 6.976038823172582e-05, 'epoch': 2.09}
{'loss': 5.0495, 'grad_norm': 1.368346095085144, 'learning_rate': 6.991204124962087e-05, 'epoch': 2.1}
{'loss': 5.0733, 'grad_norm': 2.6358015537261963, 'learning_rate': 7.006369426751592e-05, 'epoch': 2.1}
{'loss': 5.0237, 'grad_norm': 1.448550820350647, 'learning_rate': 7.021534728541098e-05, 'epoch': 2.11}
{'loss': 5.0187, 'grad_norm': 1.4422693252563477, 'learning_rate': 7.036700030330604e-05, 'epoch': 2.11}
{'loss': 5.0366, 'grad_norm': 2.001305103302002, 'learning_rate': 7.05186533212011e-05, 'epoch': 2.12}
{'loss': 5.0444, 'grad_norm': 1.6513159275054932, 'learning_rate': 7.067030633909615e-05, 'epoch': 2.12}
{'loss': 5.0463, 'grad_norm': 2.3130056858062744, 'learning_rate': 7.08219593569912e-05, 'epoch': 2.12}
{'loss': 5.0395, 'grad_norm': 1.6265404224395752, 'learning_rate': 7.097361237488627e-05, 'epoch': 2.13}
{'loss': 5.0571, 'grad_norm': 3.8484103679656982, 'learning_rate': 7.112526539278131e-05, 'epoch': 2.13}
{'loss': 5.0648, 'grad_norm': 2.5152573585510254, 'learning_rate': 7.127691841067638e-05, 'epoch': 2.14}
{'loss': 5.0408, 'grad_norm': 1.864522099494934, 'learning_rate': 7.142857142857143e-05, 'epoch': 2.14}
{'loss': 5.0093, 'grad_norm': 2.001385450363159, 'learning_rate': 7.158022444646649e-05, 'epoch': 2.15}
{'loss': 5.0328, 'grad_norm': 2.8982503414154053, 'learning_rate': 7.173187746436154e-05, 'epoch': 2.15}
{'loss': 5.0068, 'grad_norm': 34.17943572998047, 'learning_rate': 7.18835304822566e-05, 'epoch': 2.16}
{'loss': 5.0417, 'grad_norm': 2.4294822216033936, 'learning_rate': 7.203518350015166e-05, 'epoch': 2.16}
{'loss': 5.0435, 'grad_norm': 6.64030122756958, 'learning_rate': 7.21868365180467e-05, 'epoch': 2.17}
{'loss': 5.0361, 'grad_norm': 1.4213099479675293, 'learning_rate': 7.233848953594177e-05, 'epoch': 2.17}
{'loss': 5.0557, 'grad_norm': 2.225818395614624, 'learning_rate': 7.249014255383682e-05, 'epoch': 2.17}
{'loss': 5.0492, 'grad_norm': 1.9225587844848633, 'learning_rate': 7.264179557173189e-05, 'epoch': 2.18}
{'loss': 5.0881, 'grad_norm': 1.959837555885315, 'learning_rate': 7.279344858962693e-05, 'epoch': 2.18}
{'loss': 5.0787, 'grad_norm': 1.5945978164672852, 'learning_rate': 7.2945101607522e-05, 'epoch': 2.19}
{'loss': 5.0619, 'grad_norm': 3.4451169967651367, 'learning_rate': 7.309675462541705e-05, 'epoch': 2.19}
{'loss': 5.0592, 'grad_norm': 1.4726678133010864, 'learning_rate': 7.32484076433121e-05, 'epoch': 2.2}
{'loss': 5.0511, 'grad_norm': 66.90708923339844, 'learning_rate': 7.340006066120716e-05, 'epoch': 2.2}
{'loss': 5.037, 'grad_norm': 1.6283419132232666, 'learning_rate': 7.355171367910221e-05, 'epoch': 2.21}
{'loss': 5.0773, 'grad_norm': 4.566624641418457, 'learning_rate': 7.370336669699728e-05, 'epoch': 2.21}
{'loss': 5.0552, 'grad_norm': 1.5347998142242432, 'learning_rate': 7.385501971489232e-05, 'epoch': 2.22}
{'loss': 5.05, 'grad_norm': 17.215221405029297, 'learning_rate': 7.400667273278739e-05, 'epoch': 2.22}
{'loss': 5.0819, 'grad_norm': 2.9998762607574463, 'learning_rate': 7.415832575068244e-05, 'epoch': 2.22}
{'loss': 5.0709, 'grad_norm': 1.3125635385513306, 'learning_rate': 7.43099787685775e-05, 'epoch': 2.23}
{'loss': 5.0546, 'grad_norm': 1.3722256422042847, 'learning_rate': 7.446163178647255e-05, 'epoch': 2.23}
{'loss': 5.0735, 'grad_norm': 1.5654032230377197, 'learning_rate': 7.461328480436762e-05, 'epoch': 2.24}
{'loss': 5.0693, 'grad_norm': 1.2732794284820557, 'learning_rate': 7.476493782226267e-05, 'epoch': 2.24}
{'loss': 5.0738, 'grad_norm': 1.3286701440811157, 'learning_rate': 7.491659084015772e-05, 'epoch': 2.25}
{'loss': 5.0549, 'grad_norm': 7.073497772216797, 'learning_rate': 7.506824385805278e-05, 'epoch': 2.25}
{'loss': 5.0482, 'grad_norm': 1.4849108457565308, 'learning_rate': 7.521989687594784e-05, 'epoch': 2.26}
{'loss': 5.0724, 'grad_norm': 2.3511123657226562, 'learning_rate': 7.53715498938429e-05, 'epoch': 2.26}
{'loss': 5.0763, 'grad_norm': 3.3126583099365234, 'learning_rate': 7.552320291173795e-05, 'epoch': 2.27}
{'loss': 5.0393, 'grad_norm': 5.19946813583374, 'learning_rate': 7.5674855929633e-05, 'epoch': 2.27}
{'loss': 5.0537, 'grad_norm': 2.4454681873321533, 'learning_rate': 7.582650894752806e-05, 'epoch': 2.27}
{'loss': 5.05, 'grad_norm': 2.105869770050049, 'learning_rate': 7.597816196542311e-05, 'epoch': 2.28}
{'loss': 5.0413, 'grad_norm': 1.316908597946167, 'learning_rate': 7.612981498331817e-05, 'epoch': 2.28}
{'loss': 5.0315, 'grad_norm': 1.4209328889846802, 'learning_rate': 7.628146800121323e-05, 'epoch': 2.29}
{'loss': 5.0499, 'grad_norm': 1.9251528978347778, 'learning_rate': 7.643312101910829e-05, 'epoch': 2.29}
{'loss': 5.0568, 'grad_norm': 1.9513845443725586, 'learning_rate': 7.658477403700334e-05, 'epoch': 2.3}
{'loss': 5.0787, 'grad_norm': 1.310934066772461, 'learning_rate': 7.67364270548984e-05, 'epoch': 2.3}
{'loss': 5.0823, 'grad_norm': 1.462085247039795, 'learning_rate': 7.688808007279346e-05, 'epoch': 2.31}
{'loss': 5.08, 'grad_norm': 1.3608485460281372, 'learning_rate': 7.70397330906885e-05, 'epoch': 2.31}
{'loss': 5.0792, 'grad_norm': 1.3864933252334595, 'learning_rate': 7.719138610858357e-05, 'epoch': 2.32}
{'loss': 5.1066, 'grad_norm': 1.3912166357040405, 'learning_rate': 7.734303912647862e-05, 'epoch': 2.32}
{'loss': 5.1062, 'grad_norm': 1.1909894943237305, 'learning_rate': 7.749469214437368e-05, 'epoch': 2.32}
{'loss': 5.071, 'grad_norm': 1.3247779607772827, 'learning_rate': 7.764634516226873e-05, 'epoch': 2.33}
{'loss': 5.0679, 'grad_norm': 1.2840079069137573, 'learning_rate': 7.779799818016378e-05, 'epoch': 2.33}
{'loss': 5.1018, 'grad_norm': 1.53986656665802, 'learning_rate': 7.794965119805885e-05, 'epoch': 2.34}
{'loss': 5.0736, 'grad_norm': 1.2995822429656982, 'learning_rate': 7.810130421595389e-05, 'epoch': 2.34}
{'loss': 5.0756, 'grad_norm': 1.2475248575210571, 'learning_rate': 7.825295723384896e-05, 'epoch': 2.35}
{'loss': 5.0936, 'grad_norm': 1.3350938558578491, 'learning_rate': 7.840461025174401e-05, 'epoch': 2.35}
{'loss': 5.0931, 'grad_norm': 1.3593003749847412, 'learning_rate': 7.855626326963908e-05, 'epoch': 2.36}
{'loss': 5.0996, 'grad_norm': 1.3065921068191528, 'learning_rate': 7.870791628753412e-05, 'epoch': 2.36}
{'loss': 5.0908, 'grad_norm': 1.3317995071411133, 'learning_rate': 7.885956930542919e-05, 'epoch': 2.37}
{'loss': 5.0748, 'grad_norm': 1.2982745170593262, 'learning_rate': 7.901122232332424e-05, 'epoch': 2.37}
{'loss': 5.0859, 'grad_norm': 1.4679217338562012, 'learning_rate': 7.91628753412193e-05, 'epoch': 2.37}
{'loss': 5.0269, 'grad_norm': 1.2999927997589111, 'learning_rate': 7.931452835911435e-05, 'epoch': 2.38}
{'loss': 5.0528, 'grad_norm': 1.4570486545562744, 'learning_rate': 7.946618137700941e-05, 'epoch': 2.38}
{'loss': 5.0643, 'grad_norm': 1.3651251792907715, 'learning_rate': 7.961783439490447e-05, 'epoch': 2.39}
{'loss': 5.025, 'grad_norm': 1.7084038257598877, 'learning_rate': 7.976948741279952e-05, 'epoch': 2.39}
{'loss': 5.0561, 'grad_norm': 1.4697495698928833, 'learning_rate': 7.992114043069458e-05, 'epoch': 2.4}
{'loss': 5.0822, 'grad_norm': 1.340219259262085, 'learning_rate': 8.007279344858963e-05, 'epoch': 2.4}
{'loss': 5.0551, 'grad_norm': 1.2518179416656494, 'learning_rate': 8.022444646648468e-05, 'epoch': 2.41}
{'loss': 5.0478, 'grad_norm': 1.3647332191467285, 'learning_rate': 8.037609948437974e-05, 'epoch': 2.41}
{'loss': 5.0672, 'grad_norm': 1.460173487663269, 'learning_rate': 8.05277525022748e-05, 'epoch': 2.42}
{'loss': 5.0407, 'grad_norm': 1.381243109703064, 'learning_rate': 8.067940552016986e-05, 'epoch': 2.42}
{'loss': 5.0624, 'grad_norm': 1.3494137525558472, 'learning_rate': 8.083105853806491e-05, 'epoch': 2.42}
{'loss': 5.0471, 'grad_norm': 1.2847808599472046, 'learning_rate': 8.098271155595996e-05, 'epoch': 2.43}
{'loss': 5.0166, 'grad_norm': 1.607386589050293, 'learning_rate': 8.113436457385503e-05, 'epoch': 2.43}
{'loss': 5.024, 'grad_norm': 1.2973575592041016, 'learning_rate': 8.128601759175007e-05, 'epoch': 2.44}
{'loss': 5.0283, 'grad_norm': 1.7333661317825317, 'learning_rate': 8.143767060964514e-05, 'epoch': 2.44}
{'loss': 5.0292, 'grad_norm': 1.2328191995620728, 'learning_rate': 8.158932362754019e-05, 'epoch': 2.45}
{'loss': 5.0444, 'grad_norm': 1.3690440654754639, 'learning_rate': 8.174097664543525e-05, 'epoch': 2.45}
{'loss': 5.0187, 'grad_norm': 1.3077596426010132, 'learning_rate': 8.18926296633303e-05, 'epoch': 2.46}
{'loss': 5.0594, 'grad_norm': 1.635496973991394, 'learning_rate': 8.204428268122535e-05, 'epoch': 2.46}
{'loss': 5.0457, 'grad_norm': 1.3118432760238647, 'learning_rate': 8.219593569912042e-05, 'epoch': 2.47}
{'loss': 5.0544, 'grad_norm': 2.2340140342712402, 'learning_rate': 8.234758871701547e-05, 'epoch': 2.47}
{'loss': 5.0418, 'grad_norm': 1.3057962656021118, 'learning_rate': 8.249924173491053e-05, 'epoch': 2.47}
{'loss': 5.0353, 'grad_norm': 1.4079667329788208, 'learning_rate': 8.265089475280558e-05, 'epoch': 2.48}
{'loss': 5.0333, 'grad_norm': 1.8742653131484985, 'learning_rate': 8.280254777070065e-05, 'epoch': 2.48}
{'loss': 5.036, 'grad_norm': 1.996289610862732, 'learning_rate': 8.295420078859569e-05, 'epoch': 2.49}
{'loss': 5.0433, 'grad_norm': 1.3955835103988647, 'learning_rate': 8.310585380649076e-05, 'epoch': 2.49}
{'loss': 5.0204, 'grad_norm': 1.289210319519043, 'learning_rate': 8.325750682438581e-05, 'epoch': 2.5}
{'loss': 5.0326, 'grad_norm': 2.0724937915802, 'learning_rate': 8.340915984228086e-05, 'epoch': 2.5}
{'loss': 5.0463, 'grad_norm': 1.701801061630249, 'learning_rate': 8.356081286017592e-05, 'epoch': 2.51}
{'loss': 5.036, 'grad_norm': 1.9023997783660889, 'learning_rate': 8.371246587807097e-05, 'epoch': 2.51}
{'loss': 5.0594, 'grad_norm': 1.2552083730697632, 'learning_rate': 8.386411889596604e-05, 'epoch': 2.52}
{'loss': 5.0216, 'grad_norm': 1.2879773378372192, 'learning_rate': 8.401577191386108e-05, 'epoch': 2.52}
{'loss': 5.0186, 'grad_norm': 1.7168372869491577, 'learning_rate': 8.416742493175615e-05, 'epoch': 2.53}
{'loss': 5.0412, 'grad_norm': 1.6738530397415161, 'learning_rate': 8.43190779496512e-05, 'epoch': 2.53}
{'loss': 5.0225, 'grad_norm': 1.237391471862793, 'learning_rate': 8.447073096754627e-05, 'epoch': 2.53}
{'loss': 5.0221, 'grad_norm': 1.5744601488113403, 'learning_rate': 8.462238398544131e-05, 'epoch': 2.54}
{'loss': 5.0337, 'grad_norm': 1.3349658250808716, 'learning_rate': 8.477403700333637e-05, 'epoch': 2.54}
{'loss': 5.0425, 'grad_norm': 1.4034960269927979, 'learning_rate': 8.492569002123143e-05, 'epoch': 2.55}
{'loss': 5.0172, 'grad_norm': 1.2368850708007812, 'learning_rate': 8.507734303912648e-05, 'epoch': 2.55}
{'loss': 5.0199, 'grad_norm': 1.5031301975250244, 'learning_rate': 8.522899605702154e-05, 'epoch': 2.56}
{'loss': 5.0484, 'grad_norm': 1.4023786783218384, 'learning_rate': 8.53806490749166e-05, 'epoch': 2.56}
{'loss': 5.0516, 'grad_norm': 1.3037222623825073, 'learning_rate': 8.553230209281166e-05, 'epoch': 2.57}
{'loss': 5.0398, 'grad_norm': 1.2665570974349976, 'learning_rate': 8.568395511070671e-05, 'epoch': 2.57}
{'loss': 5.0544, 'grad_norm': 1.6090234518051147, 'learning_rate': 8.583560812860176e-05, 'epoch': 2.58}
{'loss': 5.05, 'grad_norm': 1.3146884441375732, 'learning_rate': 8.598726114649682e-05, 'epoch': 2.58}
{'loss': 5.0292, 'grad_norm': 1.672714114189148, 'learning_rate': 8.613891416439187e-05, 'epoch': 2.58}
{'loss': 5.0367, 'grad_norm': 1.2045667171478271, 'learning_rate': 8.629056718228692e-05, 'epoch': 2.59}
{'loss': 5.0219, 'grad_norm': 1.2539687156677246, 'learning_rate': 8.644222020018199e-05, 'epoch': 2.59}
{'loss': 5.0372, 'grad_norm': 1.2616629600524902, 'learning_rate': 8.659387321807705e-05, 'epoch': 2.6}
{'loss': 5.0207, 'grad_norm': 1.261902928352356, 'learning_rate': 8.67455262359721e-05, 'epoch': 2.6}
{'loss': 5.0504, 'grad_norm': 1.7106491327285767, 'learning_rate': 8.689717925386715e-05, 'epoch': 2.61}
{'loss': 5.0226, 'grad_norm': 1.2632802724838257, 'learning_rate': 8.704883227176222e-05, 'epoch': 2.61}
{'loss': 5.0336, 'grad_norm': 1.4967265129089355, 'learning_rate': 8.720048528965726e-05, 'epoch': 2.62}
{'loss': 5.0346, 'grad_norm': 2.6098992824554443, 'learning_rate': 8.735213830755233e-05, 'epoch': 2.62}
{'loss': 5.0294, 'grad_norm': 1.7030723094940186, 'learning_rate': 8.750379132544738e-05, 'epoch': 2.63}
{'loss': 4.9868, 'grad_norm': 1.4659289121627808, 'learning_rate': 8.765544434334243e-05, 'epoch': 2.63}
{'loss': 5.0057, 'grad_norm': 1.3061474561691284, 'learning_rate': 8.780709736123749e-05, 'epoch': 2.63}
{'loss': 5.0098, 'grad_norm': 1.9432520866394043, 'learning_rate': 8.795875037913254e-05, 'epoch': 2.64}
{'loss': 5.0242, 'grad_norm': 1.3092222213745117, 'learning_rate': 8.811040339702761e-05, 'epoch': 2.64}
{'loss': 5.0384, 'grad_norm': 1.6159244775772095, 'learning_rate': 8.826205641492265e-05, 'epoch': 2.65}
{'loss': 5.0444, 'grad_norm': 1.239862322807312, 'learning_rate': 8.841370943281772e-05, 'epoch': 2.65}
{'loss': 5.0243, 'grad_norm': 1.5791411399841309, 'learning_rate': 8.856536245071277e-05, 'epoch': 2.66}
{'loss': 5.0279, 'grad_norm': 1.3766090869903564, 'learning_rate': 8.871701546860784e-05, 'epoch': 2.66}
{'loss': 5.0267, 'grad_norm': 1.3078738451004028, 'learning_rate': 8.886866848650288e-05, 'epoch': 2.67}
{'loss': 5.0043, 'grad_norm': 1.30757474899292, 'learning_rate': 8.902032150439795e-05, 'epoch': 2.67}
{'loss': 5.0372, 'grad_norm': 1.2556827068328857, 'learning_rate': 8.9171974522293e-05, 'epoch': 2.68}
{'loss': 5.0393, 'grad_norm': 1.3109369277954102, 'learning_rate': 8.932362754018807e-05, 'epoch': 2.68}
{'loss': 5.0234, 'grad_norm': 1.1939231157302856, 'learning_rate': 8.94752805580831e-05, 'epoch': 2.68}
{'loss': 5.0335, 'grad_norm': 1.2639156579971313, 'learning_rate': 8.962693357597817e-05, 'epoch': 2.69}
{'loss': 5.047, 'grad_norm': 1.4028149843215942, 'learning_rate': 8.977858659387323e-05, 'epoch': 2.69}
{'loss': 4.9925, 'grad_norm': 1.237503170967102, 'learning_rate': 8.993023961176828e-05, 'epoch': 2.7}
{'loss': 5.0071, 'grad_norm': 1.2676901817321777, 'learning_rate': 9.008189262966333e-05, 'epoch': 2.7}
{'loss': 5.0371, 'grad_norm': 1.999861478805542, 'learning_rate': 9.023354564755839e-05, 'epoch': 2.71}
{'loss': 5.0358, 'grad_norm': 1.4673211574554443, 'learning_rate': 9.038519866545346e-05, 'epoch': 2.71}
{'loss': 5.0295, 'grad_norm': 1.4464163780212402, 'learning_rate': 9.05368516833485e-05, 'epoch': 2.72}
{'loss': 5.02, 'grad_norm': 1.4978784322738647, 'learning_rate': 9.068850470124356e-05, 'epoch': 2.72}
{'loss': 4.9991, 'grad_norm': 1.438441276550293, 'learning_rate': 9.084015771913862e-05, 'epoch': 2.73}
{'loss': 5.0168, 'grad_norm': 1.2616584300994873, 'learning_rate': 9.099181073703367e-05, 'epoch': 2.73}
pred : and he said to himself that it was a good thing to be a good man
label: ardent in the prosecution of heresy cyril auspiciously opened his reign by oppressing the novatians the most innocent and harmless of the sectaries
pred : and he said to himself that he was not going to be a fool
label: without any legal sentence without any royal mandate the patriarch at the dawn of day led a seditious multitude to the attack of the synagogues
pred : and he said to himself that he was not going to do it again and that if he did not do it
label: such crimes would have deserved the animadversion of the magistrate but in this promiscuous outrage the innocent were confounded with the guilty and alexandria was impoverished by the loss of a wealthy and industrious colony
pred : and he said to himself that it was a good thing to be a good man
label: ardent in the prosecution of heresy cyril auspiciously opened his reign by oppressing the novatians the most innocent and harmless of the sectaries
pred : and he said to himself that he was not going to be a fool
label: without any legal sentence without any royal mandate the patriarch at the dawn of day led a seditious multitude to the attack of the synagogues
pred : and he said to himself that he was not going to do it again and that if he did not do it
label: such crimes would have deserved the animadversion of the magistrate but in this promiscuous outrage the innocent were confounded with the guilty and alexandria was impoverished by the loss of a wealthy and industrious colony
pred : and he said to himself that it was a good thing to be a good man
label: ardent in the prosecution of heresy cyril auspiciously opened his reign by oppressing the novatians the most innocent and harmless of the sectaries
pred : and he said to himself that he was not going to be a fool
label: without any legal sentence without any royal mandate the patriarch at the dawn of day led a seditious multitude to the attack of the synagogues
pred : and he said to himself that he was not going to do it again and that if he did not do it
label: such crimes would have deserved the animadversion of the magistrate but in this promiscuous outrage the innocent were confounded with the guilty and alexandria was impoverished by the loss of a wealthy and industrious colony
pred : and he said to himself that it was a good thing to be a good man
label: ardent in the prosecution of heresy cyril auspiciously opened his reign by oppressing the novatians the most innocent and harmless of the sectaries
pred : and he said to himself that he was not going to be a fool
label: without any legal sentence without any royal mandate the patriarch at the dawn of day led a seditious multitude to the attack of the synagogues
pred : and he said to himself that he was not going to do it again and that if he did not do it
label: such crimes would have deserved the animadversion of the magistrate but in this promiscuous outrage the innocent were confounded with the guilty and alexandria was impoverished by the loss of a wealthy and industrious colony
{'eval_loss': 5.09868860244751, 'eval_bleu': 0.14074339855802767, 'eval_wer': 1.071811564632306, 'eval_cer': 0.8005099593547247, 'eval_rouge1': 0.12093741675252045, 'eval_rouge2': 0.007078111588217945, 'eval_rougeL': 0.09773478730010245, 'eval_runtime': 45.1249, 'eval_samples_per_second': 123.369, 'eval_steps_per_second': 0.643, 'epoch': 2.73}
{'loss': 5.0078, 'grad_norm': 1.430079460144043, 'learning_rate': 9.114346375492872e-05, 'epoch': 2.73}
{'loss': 5.0454, 'grad_norm': 2.06406307220459, 'learning_rate': 9.129511677282379e-05, 'epoch': 2.74}
{'loss': 5.0226, 'grad_norm': 1.1667532920837402, 'learning_rate': 9.144676979071884e-05, 'epoch': 2.74}
{'loss': 5.0273, 'grad_norm': 1.4007781744003296, 'learning_rate': 9.15984228086139e-05, 'epoch': 2.75}
{'loss': 5.0101, 'grad_norm': 1.165285348892212, 'learning_rate': 9.175007582650895e-05, 'epoch': 2.75}
{'loss': 5.013, 'grad_norm': 1.2735791206359863, 'learning_rate': 9.1901728844404e-05, 'epoch': 2.76}
{'loss': 5.016, 'grad_norm': 1.3965915441513062, 'learning_rate': 9.205338186229906e-05, 'epoch': 2.76}
{'loss': 5.0418, 'grad_norm': 1.2802717685699463, 'learning_rate': 9.220503488019411e-05, 'epoch': 2.77}
{'loss': 5.0235, 'grad_norm': 1.3215124607086182, 'learning_rate': 9.235668789808918e-05, 'epoch': 2.77}
{'loss': 5.0183, 'grad_norm': 1.2678521871566772, 'learning_rate': 9.250834091598423e-05, 'epoch': 2.78}
{'loss': 5.0008, 'grad_norm': 1.517940640449524, 'learning_rate': 9.265999393387929e-05, 'epoch': 2.78}
{'loss': 5.0122, 'grad_norm': 1.2342923879623413, 'learning_rate': 9.281164695177434e-05, 'epoch': 2.78}
{'loss': 5.0104, 'grad_norm': 2.0189669132232666, 'learning_rate': 9.296329996966941e-05, 'epoch': 2.79}
{'loss': 5.0142, 'grad_norm': 1.3623721599578857, 'learning_rate': 9.311495298756445e-05, 'epoch': 2.79}
{'loss': 5.017, 'grad_norm': 1.2276278734207153, 'learning_rate': 9.326660600545952e-05, 'epoch': 2.8}
{'loss': 5.0145, 'grad_norm': 1.4371317625045776, 'learning_rate': 9.341825902335457e-05, 'epoch': 2.8}
{'loss': 4.9912, 'grad_norm': 1.3182567358016968, 'learning_rate': 9.356991204124964e-05, 'epoch': 2.81}
{'loss': 5.0336, 'grad_norm': 1.262568712234497, 'learning_rate': 9.372156505914468e-05, 'epoch': 2.81}
{'loss': 5.0417, 'grad_norm': 1.5544079542160034, 'learning_rate': 9.387321807703974e-05, 'epoch': 2.82}
{'loss': 4.9946, 'grad_norm': 1.2458984851837158, 'learning_rate': 9.40248710949348e-05, 'epoch': 2.82}
{'loss': 4.9919, 'grad_norm': 1.8039405345916748, 'learning_rate': 9.417652411282985e-05, 'epoch': 2.83}
{'loss': 5.0239, 'grad_norm': 1.233303427696228, 'learning_rate': 9.43281771307249e-05, 'epoch': 2.83}
{'loss': 5.0122, 'grad_norm': 1.1965304613113403, 'learning_rate': 9.447983014861996e-05, 'epoch': 2.83}
{'loss': 5.0234, 'grad_norm': 1.2715332508087158, 'learning_rate': 9.463148316651503e-05, 'epoch': 2.84}
{'loss': 4.9936, 'grad_norm': 1.3255462646484375, 'learning_rate': 9.478313618441007e-05, 'epoch': 2.84}
{'loss': 5.0053, 'grad_norm': 1.1362638473510742, 'learning_rate': 9.493478920230513e-05, 'epoch': 2.85}
{'loss': 4.9965, 'grad_norm': 1.240494966506958, 'learning_rate': 9.508644222020019e-05, 'epoch': 2.85}
{'loss': 4.9996, 'grad_norm': 1.14839768409729, 'learning_rate': 9.523809523809524e-05, 'epoch': 2.86}
{'loss': 5.0557, 'grad_norm': 1.4525538682937622, 'learning_rate': 9.53897482559903e-05, 'epoch': 2.86}
{'loss': 5.0135, 'grad_norm': 1.5074087381362915, 'learning_rate': 9.554140127388536e-05, 'epoch': 2.87}
{'loss': 5.0246, 'grad_norm': 1.3086636066436768, 'learning_rate': 9.569305429178042e-05, 'epoch': 2.87}
{'loss': 5.0342, 'grad_norm': 1.251481533050537, 'learning_rate': 9.584470730967547e-05, 'epoch': 2.88}
{'loss': 5.023, 'grad_norm': 1.296384572982788, 'learning_rate': 9.599636032757052e-05, 'epoch': 2.88}
{'loss': 5.0004, 'grad_norm': 1.213696837425232, 'learning_rate': 9.614801334546558e-05, 'epoch': 2.88}
{'loss': 5.0365, 'grad_norm': 1.2186784744262695, 'learning_rate': 9.629966636336063e-05, 'epoch': 2.89}
{'loss': 5.0107, 'grad_norm': 1.5301789045333862, 'learning_rate': 9.645131938125568e-05, 'epoch': 2.89}
{'loss': 5.01, 'grad_norm': 1.175780177116394, 'learning_rate': 9.660297239915075e-05, 'epoch': 2.9}
{'loss': 5.0093, 'grad_norm': 1.3242543935775757, 'learning_rate': 9.67546254170458e-05, 'epoch': 2.9}
{'loss': 4.9927, 'grad_norm': 1.5463682413101196, 'learning_rate': 9.690627843494086e-05, 'epoch': 2.91}
{'loss': 5.0226, 'grad_norm': 1.460252285003662, 'learning_rate': 9.705793145283591e-05, 'epoch': 2.91}
{'loss': 5.0054, 'grad_norm': 1.2245025634765625, 'learning_rate': 9.720958447073098e-05, 'epoch': 2.92}
{'loss': 5.0248, 'grad_norm': 1.520356297492981, 'learning_rate': 9.736123748862603e-05, 'epoch': 2.92}
{'loss': 4.9924, 'grad_norm': 1.3056261539459229, 'learning_rate': 9.751289050652109e-05, 'epoch': 2.93}
{'loss': 4.9976, 'grad_norm': 1.3641533851623535, 'learning_rate': 9.766454352441614e-05, 'epoch': 2.93}
{'loss': 5.0335, 'grad_norm': 1.388982892036438, 'learning_rate': 9.78161965423112e-05, 'epoch': 2.93}
{'loss': 5.0108, 'grad_norm': 1.2354875802993774, 'learning_rate': 9.796784956020625e-05, 'epoch': 2.94}
{'loss': 4.9908, 'grad_norm': 1.4896613359451294, 'learning_rate': 9.81195025781013e-05, 'epoch': 2.94}
{'loss': 5.0361, 'grad_norm': 1.2805637121200562, 'learning_rate': 9.827115559599637e-05, 'epoch': 2.95}
{'loss': 5.0454, 'grad_norm': 1.2858434915542603, 'learning_rate': 9.842280861389142e-05, 'epoch': 2.95}
{'loss': 4.9925, 'grad_norm': 1.164857268333435, 'learning_rate': 9.857446163178648e-05, 'epoch': 2.96}
{'loss': 5.0176, 'grad_norm': 1.2425084114074707, 'learning_rate': 9.872611464968153e-05, 'epoch': 2.96}
{'loss': 5.0265, 'grad_norm': 1.3531662225723267, 'learning_rate': 9.88777676675766e-05, 'epoch': 2.97}
{'loss': 5.0131, 'grad_norm': 1.1495742797851562, 'learning_rate': 9.902942068547164e-05, 'epoch': 2.97}
{'loss': 4.9924, 'grad_norm': 1.3653295040130615, 'learning_rate': 9.91810737033667e-05, 'epoch': 2.98}
{'loss': 4.9888, 'grad_norm': 1.3224414587020874, 'learning_rate': 9.933272672126176e-05, 'epoch': 2.98}
{'loss': 5.0088, 'grad_norm': 1.4306052923202515, 'learning_rate': 9.948437973915683e-05, 'epoch': 2.98}
{'loss': 4.9883, 'grad_norm': 1.1927247047424316, 'learning_rate': 9.963603275705187e-05, 'epoch': 2.99}
{'loss': 5.0184, 'grad_norm': 1.2255375385284424, 'learning_rate': 9.978768577494693e-05, 'epoch': 2.99}
{'loss': 5.0233, 'grad_norm': 1.1544761657714844, 'learning_rate': 9.993933879284199e-05, 'epoch': 3.0}
{'loss': 4.9318, 'grad_norm': 1.3708323240280151, 'learning_rate': 9.9989889798807e-05, 'epoch': 3.0}
{'loss': 4.8782, 'grad_norm': 1.4161165952682495, 'learning_rate': 9.997303946348534e-05, 'epoch': 3.01}
{'loss': 4.9063, 'grad_norm': 1.2830435037612915, 'learning_rate': 9.995618912816365e-05, 'epoch': 3.01}
{'loss': 4.873, 'grad_norm': 1.3087913990020752, 'learning_rate': 9.993933879284199e-05, 'epoch': 3.02}
{'loss': 4.8852, 'grad_norm': 1.2375913858413696, 'learning_rate': 9.992248845752032e-05, 'epoch': 3.02}
{'loss': 4.879, 'grad_norm': 1.3909438848495483, 'learning_rate': 9.990563812219864e-05, 'epoch': 3.03}
{'loss': 4.8619, 'grad_norm': 1.2337994575500488, 'learning_rate': 9.988878778687695e-05, 'epoch': 3.03}
{'loss': 4.9026, 'grad_norm': 1.2755814790725708, 'learning_rate': 9.987193745155529e-05, 'epoch': 3.03}
{'loss': 4.8765, 'grad_norm': 1.5478379726409912, 'learning_rate': 9.985508711623362e-05, 'epoch': 3.04}
{'loss': 4.9187, 'grad_norm': 1.3688807487487793, 'learning_rate': 9.983823678091194e-05, 'epoch': 3.04}
{'loss': 4.914, 'grad_norm': 1.4889044761657715, 'learning_rate': 9.982138644559027e-05, 'epoch': 3.05}
{'loss': 4.8957, 'grad_norm': 1.5322924852371216, 'learning_rate': 9.98045361102686e-05, 'epoch': 3.05}
{'loss': 4.9159, 'grad_norm': 1.577168345451355, 'learning_rate': 9.978768577494693e-05, 'epoch': 3.06}
{'loss': 4.8694, 'grad_norm': 1.1822941303253174, 'learning_rate': 9.977083543962525e-05, 'epoch': 3.06}
{'loss': 4.9136, 'grad_norm': 1.2908269166946411, 'learning_rate': 9.975398510430358e-05, 'epoch': 3.07}
{'loss': 4.8935, 'grad_norm': 1.5974382162094116, 'learning_rate': 9.973713476898191e-05, 'epoch': 3.07}
{'loss': 4.9057, 'grad_norm': 1.4348998069763184, 'learning_rate': 9.972028443366023e-05, 'epoch': 3.08}
{'loss': 4.8699, 'grad_norm': 1.2665584087371826, 'learning_rate': 9.970343409833856e-05, 'epoch': 3.08}
{'loss': 4.9253, 'grad_norm': 1.3098952770233154, 'learning_rate': 9.96865837630169e-05, 'epoch': 3.08}
{'loss': 4.8989, 'grad_norm': 1.34181547164917, 'learning_rate': 9.966973342769521e-05, 'epoch': 3.09}
{'loss': 4.9063, 'grad_norm': 1.1883517503738403, 'learning_rate': 9.965288309237353e-05, 'epoch': 3.09}
{'loss': 4.8924, 'grad_norm': 1.1937578916549683, 'learning_rate': 9.963603275705187e-05, 'epoch': 3.1}
{'loss': 4.8882, 'grad_norm': 1.2861157655715942, 'learning_rate': 9.96191824217302e-05, 'epoch': 3.1}
{'loss': 4.8847, 'grad_norm': 1.2865076065063477, 'learning_rate': 9.960233208640853e-05, 'epoch': 3.11}
{'loss': 4.88, 'grad_norm': 1.463869333267212, 'learning_rate': 9.958548175108685e-05, 'epoch': 3.11}
{'loss': 4.8812, 'grad_norm': 1.906847596168518, 'learning_rate': 9.956863141576518e-05, 'epoch': 3.12}
{'loss': 4.8909, 'grad_norm': 1.1897156238555908, 'learning_rate': 9.955178108044351e-05, 'epoch': 3.12}
{'loss': 4.9089, 'grad_norm': 1.2085118293762207, 'learning_rate': 9.953493074512183e-05, 'epoch': 3.13}
{'loss': 4.8993, 'grad_norm': 1.2858810424804688, 'learning_rate': 9.951808040980016e-05, 'epoch': 3.13}
{'loss': 4.867, 'grad_norm': 1.2582744359970093, 'learning_rate': 9.950123007447849e-05, 'epoch': 3.13}
{'loss': 4.8984, 'grad_norm': 1.2144193649291992, 'learning_rate': 9.948437973915683e-05, 'epoch': 3.14}
{'loss': 4.9238, 'grad_norm': 1.4288227558135986, 'learning_rate': 9.946752940383513e-05, 'epoch': 3.14}
{'loss': 4.9209, 'grad_norm': 1.5381356477737427, 'learning_rate': 9.945067906851346e-05, 'epoch': 3.15}
{'loss': 4.9077, 'grad_norm': 1.2067574262619019, 'learning_rate': 9.94338287331918e-05, 'epoch': 3.15}
{'loss': 4.9069, 'grad_norm': 1.4053475856781006, 'learning_rate': 9.941697839787013e-05, 'epoch': 3.16}
{'loss': 4.905, 'grad_norm': 1.3508766889572144, 'learning_rate': 9.940012806254844e-05, 'epoch': 3.16}
{'loss': 4.8742, 'grad_norm': 1.276228666305542, 'learning_rate': 9.938327772722678e-05, 'epoch': 3.17}
{'loss': 4.9007, 'grad_norm': 1.200054407119751, 'learning_rate': 9.936642739190511e-05, 'epoch': 3.17}
{'loss': 4.8848, 'grad_norm': 1.5393471717834473, 'learning_rate': 9.934957705658343e-05, 'epoch': 3.18}
{'loss': 4.9042, 'grad_norm': 1.2681063413619995, 'learning_rate': 9.933272672126176e-05, 'epoch': 3.18}
{'loss': 4.8884, 'grad_norm': 1.1882174015045166, 'learning_rate': 9.931587638594009e-05, 'epoch': 3.18}
{'loss': 4.891, 'grad_norm': 1.458280324935913, 'learning_rate': 9.929902605061842e-05, 'epoch': 3.19}
{'loss': 4.8966, 'grad_norm': 1.419100284576416, 'learning_rate': 9.928217571529674e-05, 'epoch': 3.19}
{'loss': 4.9046, 'grad_norm': 1.200775384902954, 'learning_rate': 9.926532537997507e-05, 'epoch': 3.2}
{'loss': 4.9014, 'grad_norm': 1.293631672859192, 'learning_rate': 9.924847504465339e-05, 'epoch': 3.2}
{'loss': 4.8894, 'grad_norm': 1.409116506576538, 'learning_rate': 9.923162470933172e-05, 'epoch': 3.21}
{'loss': 4.9008, 'grad_norm': 1.2593300342559814, 'learning_rate': 9.921477437401004e-05, 'epoch': 3.21}
{'loss': 4.9116, 'grad_norm': 1.2170329093933105, 'learning_rate': 9.919792403868837e-05, 'epoch': 3.22}
{'loss': 4.8913, 'grad_norm': 1.4316363334655762, 'learning_rate': 9.91810737033667e-05, 'epoch': 3.22}
{'loss': 4.9005, 'grad_norm': 1.1623843908309937, 'learning_rate': 9.916422336804502e-05, 'epoch': 3.23}
{'loss': 4.9135, 'grad_norm': 1.2765461206436157, 'learning_rate': 9.914737303272335e-05, 'epoch': 3.23}
{'loss': 4.9101, 'grad_norm': 1.267825961112976, 'learning_rate': 9.913052269740169e-05, 'epoch': 3.23}
{'loss': 4.8837, 'grad_norm': 1.3052470684051514, 'learning_rate': 9.911367236208002e-05, 'epoch': 3.24}
{'loss': 4.9192, 'grad_norm': 1.199303150177002, 'learning_rate': 9.909682202675834e-05, 'epoch': 3.24}
{'loss': 4.8961, 'grad_norm': 1.3013720512390137, 'learning_rate': 9.907997169143667e-05, 'epoch': 3.25}
{'loss': 4.9023, 'grad_norm': 1.17323637008667, 'learning_rate': 9.9063121356115e-05, 'epoch': 3.25}
{'loss': 4.8931, 'grad_norm': 1.3454898595809937, 'learning_rate': 9.904627102079332e-05, 'epoch': 3.26}
{'loss': 4.8741, 'grad_norm': 1.2066282033920288, 'learning_rate': 9.902942068547164e-05, 'epoch': 3.26}
{'loss': 4.9311, 'grad_norm': 1.3888633251190186, 'learning_rate': 9.901257035014997e-05, 'epoch': 3.27}
{'loss': 4.9172, 'grad_norm': 1.3505523204803467, 'learning_rate': 9.89957200148283e-05, 'epoch': 3.27}
{'loss': 4.8957, 'grad_norm': 1.2571241855621338, 'learning_rate': 9.897886967950662e-05, 'epoch': 3.28}
{'loss': 4.9066, 'grad_norm': 1.6051830053329468, 'learning_rate': 9.896201934418495e-05, 'epoch': 3.28}
{'loss': 4.8867, 'grad_norm': 1.1248153448104858, 'learning_rate': 9.894516900886328e-05, 'epoch': 3.28}
{'loss': 4.8841, 'grad_norm': 1.2910388708114624, 'learning_rate': 9.892831867354161e-05, 'epoch': 3.29}
{'loss': 4.8858, 'grad_norm': 1.3055837154388428, 'learning_rate': 9.891146833821993e-05, 'epoch': 3.29}
{'loss': 4.8895, 'grad_norm': 1.2952158451080322, 'learning_rate': 9.889461800289826e-05, 'epoch': 3.3}
{'loss': 4.8924, 'grad_norm': 1.5795363187789917, 'learning_rate': 9.88777676675766e-05, 'epoch': 3.3}
{'loss': 4.9186, 'grad_norm': 1.2958773374557495, 'learning_rate': 9.886091733225492e-05, 'epoch': 3.31}
{'loss': 4.8815, 'grad_norm': 1.2746434211730957, 'learning_rate': 9.884406699693325e-05, 'epoch': 3.31}
{'loss': 4.9024, 'grad_norm': 1.1799185276031494, 'learning_rate': 9.882721666161157e-05, 'epoch': 3.32}
{'loss': 4.91, 'grad_norm': 1.2521592378616333, 'learning_rate': 9.88103663262899e-05, 'epoch': 3.32}
{'loss': 4.9067, 'grad_norm': 1.2430440187454224, 'learning_rate': 9.879351599096822e-05, 'epoch': 3.33}
{'loss': 4.9087, 'grad_norm': 1.2877113819122314, 'learning_rate': 9.877666565564655e-05, 'epoch': 3.33}
{'loss': 4.9308, 'grad_norm': 1.5849604606628418, 'learning_rate': 9.875981532032488e-05, 'epoch': 3.33}
{'loss': 4.9141, 'grad_norm': 1.2738885879516602, 'learning_rate': 9.874296498500321e-05, 'epoch': 3.34}
{'loss': 4.9227, 'grad_norm': 1.2568919658660889, 'learning_rate': 9.872611464968153e-05, 'epoch': 3.34}
{'loss': 4.9197, 'grad_norm': 1.222914218902588, 'learning_rate': 9.870926431435986e-05, 'epoch': 3.35}
{'loss': 4.9253, 'grad_norm': 1.2838383913040161, 'learning_rate': 9.86924139790382e-05, 'epoch': 3.35}
{'loss': 4.9006, 'grad_norm': 1.1426209211349487, 'learning_rate': 9.867556364371651e-05, 'epoch': 3.36}
{'loss': 4.9149, 'grad_norm': 1.3704867362976074, 'learning_rate': 9.865871330839484e-05, 'epoch': 3.36}
{'loss': 4.9098, 'grad_norm': 1.4896036386489868, 'learning_rate': 9.864186297307318e-05, 'epoch': 3.37}
{'loss': 4.9144, 'grad_norm': 1.1999664306640625, 'learning_rate': 9.86250126377515e-05, 'epoch': 3.37}
{'loss': 4.9115, 'grad_norm': 1.6886935234069824, 'learning_rate': 9.860816230242981e-05, 'epoch': 3.38}
{'loss': 4.9185, 'grad_norm': 1.4104173183441162, 'learning_rate': 9.859131196710814e-05, 'epoch': 3.38}
{'loss': 4.8849, 'grad_norm': 1.309913992881775, 'learning_rate': 9.857446163178648e-05, 'epoch': 3.38}
{'loss': 4.8933, 'grad_norm': 1.3322739601135254, 'learning_rate': 9.855761129646481e-05, 'epoch': 3.39}
{'loss': 4.9099, 'grad_norm': 1.1984682083129883, 'learning_rate': 9.854076096114313e-05, 'epoch': 3.39}
{'loss': 4.9004, 'grad_norm': 1.1488114595413208, 'learning_rate': 9.852391062582146e-05, 'epoch': 3.4}
{'loss': 4.9267, 'grad_norm': 1.233158826828003, 'learning_rate': 9.850706029049979e-05, 'epoch': 3.4}
{'loss': 4.9127, 'grad_norm': 1.1985396146774292, 'learning_rate': 9.849020995517811e-05, 'epoch': 3.41}
{'loss': 4.9002, 'grad_norm': 1.1441854238510132, 'learning_rate': 9.847335961985644e-05, 'epoch': 3.41}
{'loss': 4.9163, 'grad_norm': 1.3524606227874756, 'learning_rate': 9.845650928453477e-05, 'epoch': 3.42}
{'loss': 4.9099, 'grad_norm': 1.5409632921218872, 'learning_rate': 9.84396589492131e-05, 'epoch': 3.42}
{'loss': 4.9104, 'grad_norm': 1.1718298196792603, 'learning_rate': 9.842280861389142e-05, 'epoch': 3.43}
{'loss': 4.9157, 'grad_norm': 1.4604991674423218, 'learning_rate': 9.840595827856974e-05, 'epoch': 3.43}
{'loss': 4.8974, 'grad_norm': 1.4043223857879639, 'learning_rate': 9.838910794324807e-05, 'epoch': 3.43}
{'loss': 4.8973, 'grad_norm': 1.1863412857055664, 'learning_rate': 9.83722576079264e-05, 'epoch': 3.44}
{'loss': 4.9023, 'grad_norm': 1.2496907711029053, 'learning_rate': 9.835540727260472e-05, 'epoch': 3.44}
{'loss': 4.8856, 'grad_norm': 1.3210495710372925, 'learning_rate': 9.833855693728305e-05, 'epoch': 3.45}
{'loss': 4.8908, 'grad_norm': 1.2725727558135986, 'learning_rate': 9.832170660196139e-05, 'epoch': 3.45}
{'loss': 4.9028, 'grad_norm': 1.6400505304336548, 'learning_rate': 9.83048562666397e-05, 'epoch': 3.46}
{'loss': 4.9096, 'grad_norm': 1.3044941425323486, 'learning_rate': 9.828800593131804e-05, 'epoch': 3.46}
{'loss': 4.891, 'grad_norm': 1.1754268407821655, 'learning_rate': 9.827115559599637e-05, 'epoch': 3.47}
{'loss': 4.8669, 'grad_norm': 1.2129994630813599, 'learning_rate': 9.82543052606747e-05, 'epoch': 3.47}
{'loss': 4.8906, 'grad_norm': 1.2051010131835938, 'learning_rate': 9.823745492535302e-05, 'epoch': 3.48}
{'loss': 4.8994, 'grad_norm': 1.1810942888259888, 'learning_rate': 9.822060459003135e-05, 'epoch': 3.48}
{'loss': 4.8902, 'grad_norm': 1.507013201713562, 'learning_rate': 9.820375425470968e-05, 'epoch': 3.48}
{'loss': 4.8776, 'grad_norm': 1.1922439336776733, 'learning_rate': 9.8186903919388e-05, 'epoch': 3.49}
{'loss': 4.8852, 'grad_norm': 1.6857792139053345, 'learning_rate': 9.817005358406632e-05, 'epoch': 3.49}
{'loss': 4.9167, 'grad_norm': 1.2901254892349243, 'learning_rate': 9.815320324874465e-05, 'epoch': 3.5}
{'loss': 4.905, 'grad_norm': 1.1327784061431885, 'learning_rate': 9.813635291342298e-05, 'epoch': 3.5}
{'loss': 4.9053, 'grad_norm': 1.2026962041854858, 'learning_rate': 9.81195025781013e-05, 'epoch': 3.51}
{'loss': 4.8972, 'grad_norm': 1.2153575420379639, 'learning_rate': 9.810265224277963e-05, 'epoch': 3.51}
{'loss': 4.8926, 'grad_norm': 1.369519829750061, 'learning_rate': 9.808580190745797e-05, 'epoch': 3.52}
{'loss': 4.9278, 'grad_norm': 1.300413966178894, 'learning_rate': 9.80689515721363e-05, 'epoch': 3.52}
{'loss': 4.9141, 'grad_norm': 1.147428035736084, 'learning_rate': 9.805210123681462e-05, 'epoch': 3.53}
{'loss': 4.902, 'grad_norm': 1.4722259044647217, 'learning_rate': 9.803525090149295e-05, 'epoch': 3.53}
{'loss': 4.882, 'grad_norm': 1.3384143114089966, 'learning_rate': 9.801840056617128e-05, 'epoch': 3.54}
{'loss': 4.9273, 'grad_norm': 1.1361645460128784, 'learning_rate': 9.80015502308496e-05, 'epoch': 3.54}
{'loss': 4.9186, 'grad_norm': 1.3264939785003662, 'learning_rate': 9.798469989552792e-05, 'epoch': 3.54}
{'loss': 4.8791, 'grad_norm': 1.2992851734161377, 'learning_rate': 9.796784956020625e-05, 'epoch': 3.55}
{'loss': 4.8935, 'grad_norm': 1.171642541885376, 'learning_rate': 9.795099922488458e-05, 'epoch': 3.55}
{'loss': 4.8851, 'grad_norm': 1.2483162879943848, 'learning_rate': 9.79341488895629e-05, 'epoch': 3.56}
{'loss': 4.8962, 'grad_norm': 1.2016929388046265, 'learning_rate': 9.791729855424123e-05, 'epoch': 3.56}
{'loss': 4.912, 'grad_norm': 1.779186725616455, 'learning_rate': 9.790044821891956e-05, 'epoch': 3.57}
{'loss': 4.9095, 'grad_norm': 1.5794039964675903, 'learning_rate': 9.78835978835979e-05, 'epoch': 3.57}
{'loss': 4.8881, 'grad_norm': 1.1419495344161987, 'learning_rate': 9.786674754827621e-05, 'epoch': 3.58}
{'loss': 4.8957, 'grad_norm': 1.1854403018951416, 'learning_rate': 9.784989721295454e-05, 'epoch': 3.58}
{'loss': 4.8986, 'grad_norm': 1.453870177268982, 'learning_rate': 9.783304687763288e-05, 'epoch': 3.59}
{'loss': 4.9315, 'grad_norm': 1.3051255941390991, 'learning_rate': 9.78161965423112e-05, 'epoch': 3.59}
{'loss': 4.8976, 'grad_norm': 1.2345997095108032, 'learning_rate': 9.779934620698953e-05, 'epoch': 3.59}
{'loss': 4.8848, 'grad_norm': 1.297565221786499, 'learning_rate': 9.778249587166786e-05, 'epoch': 3.6}
{'loss': 4.9068, 'grad_norm': 1.1871849298477173, 'learning_rate': 9.776564553634618e-05, 'epoch': 3.6}
{'loss': 4.9069, 'grad_norm': 1.3046696186065674, 'learning_rate': 9.774879520102451e-05, 'epoch': 3.61}
{'loss': 4.8989, 'grad_norm': 1.3758935928344727, 'learning_rate': 9.773194486570283e-05, 'epoch': 3.61}
{'loss': 4.9007, 'grad_norm': 1.222612738609314, 'learning_rate': 9.771509453038116e-05, 'epoch': 3.62}
{'loss': 4.9007, 'grad_norm': 1.4030897617340088, 'learning_rate': 9.769824419505949e-05, 'epoch': 3.62}
{'loss': 4.9122, 'grad_norm': 1.3162235021591187, 'learning_rate': 9.768139385973781e-05, 'epoch': 3.63}
{'loss': 4.898, 'grad_norm': 1.3217228651046753, 'learning_rate': 9.766454352441614e-05, 'epoch': 3.63}
{'loss': 4.8958, 'grad_norm': 1.190171241760254, 'learning_rate': 9.764769318909447e-05, 'epoch': 3.64}
{'loss': 4.8969, 'grad_norm': 1.2112613916397095, 'learning_rate': 9.763084285377279e-05, 'epoch': 3.64}
pred : i
label: ardent in the prosecution of heresy cyril auspiciously opened his reign by oppressing the novatians the most innocent and harmless of the sectaries
pred : i
label: without any legal sentence without any royal mandate the patriarch at the dawn of day led a seditious multitude to the attack of the synagogues
pred : i
label: such crimes would have deserved the animadversion of the magistrate but in this promiscuous outrage the innocent were confounded with the guilty and alexandria was impoverished by the loss of a wealthy and industrious colony
pred : i
label: ardent in the prosecution of heresy cyril auspiciously opened his reign by oppressing the novatians the most innocent and harmless of the sectaries
pred : i
label: without any legal sentence without any royal mandate the patriarch at the dawn of day led a seditious multitude to the attack of the synagogues
pred : i
label: such crimes would have deserved the animadversion of the magistrate but in this promiscuous outrage the innocent were confounded with the guilty and alexandria was impoverished by the loss of a wealthy and industrious colony
pred : i
label: ardent in the prosecution of heresy cyril auspiciously opened his reign by oppressing the novatians the most innocent and harmless of the sectaries
pred : i
label: without any legal sentence without any royal mandate the patriarch at the dawn of day led a seditious multitude to the attack of the synagogues
pred : i
label: such crimes would have deserved the animadversion of the magistrate but in this promiscuous outrage the innocent were confounded with the guilty and alexandria was impoverished by the loss of a wealthy and industrious colony
pred : i
label: ardent in the prosecution of heresy cyril auspiciously opened his reign by oppressing the novatians the most innocent and harmless of the sectaries
pred : i
label: without any legal sentence without any royal mandate the patriarch at the dawn of day led a seditious multitude to the attack of the synagogues
pred : i
label: such crimes would have deserved the animadversion of the magistrate but in this promiscuous outrage the innocent were confounded with the guilty and alexandria was impoverished by the loss of a wealthy and industrious colony
{'eval_loss': 5.772279262542725, 'eval_bleu': 0.0, 'eval_wer': 0.9897412050525277, 'eval_cer': 0.9903634271865319, 'eval_rouge1': 0.026247220489751217, 'eval_rouge2': 0.0, 'eval_rougeL': 0.026234474258369396, 'eval_runtime': 20.7081, 'eval_samples_per_second': 268.832, 'eval_steps_per_second': 1.4, 'epoch': 3.64}
{'loss': 4.8886, 'grad_norm': 1.2490897178649902, 'learning_rate': 9.761399251845112e-05, 'epoch': 3.64}
{'loss': 4.9037, 'grad_norm': 1.204125165939331, 'learning_rate': 9.759714218312945e-05, 'epoch': 3.65}
{'loss': 4.9159, 'grad_norm': 1.2930457592010498, 'learning_rate': 9.758029184780779e-05, 'epoch': 3.65}
{'loss': 4.9308, 'grad_norm': 1.5405073165893555, 'learning_rate': 9.75634415124861e-05, 'epoch': 3.66}
{'loss': 4.9101, 'grad_norm': 1.2146716117858887, 'learning_rate': 9.754659117716442e-05, 'epoch': 3.66}
{'loss': 4.9081, 'grad_norm': 1.6762140989303589, 'learning_rate': 9.752974084184275e-05, 'epoch': 3.67}
{'loss': 4.9096, 'grad_norm': 1.5461394786834717, 'learning_rate': 9.751289050652109e-05, 'epoch': 3.67}
{'loss': 4.8924, 'grad_norm': 1.1513752937316895, 'learning_rate': 9.74960401711994e-05, 'epoch': 3.68}
{'loss': 4.8779, 'grad_norm': 1.3659205436706543, 'learning_rate': 9.747918983587774e-05, 'epoch': 3.68}
{'loss': 4.9026, 'grad_norm': 1.1385444402694702, 'learning_rate': 9.746233950055607e-05, 'epoch': 3.69}
{'loss': 4.8828, 'grad_norm': 1.2399979829788208, 'learning_rate': 9.744548916523439e-05, 'epoch': 3.69}
{'loss': 4.9156, 'grad_norm': 1.5195703506469727, 'learning_rate': 9.742863882991272e-05, 'epoch': 3.69}
{'loss': 4.9058, 'grad_norm': 1.1444603204727173, 'learning_rate': 9.741178849459105e-05, 'epoch': 3.7}
{'loss': 4.8969, 'grad_norm': 1.4608498811721802, 'learning_rate': 9.739493815926938e-05, 'epoch': 3.7}
{'loss': 4.9022, 'grad_norm': 1.1781946420669556, 'learning_rate': 9.73780878239477e-05, 'epoch': 3.71}
{'loss': 4.8747, 'grad_norm': 1.282580852508545, 'learning_rate': 9.736123748862603e-05, 'epoch': 3.71}
{'loss': 4.9022, 'grad_norm': 1.1875263452529907, 'learning_rate': 9.734438715330435e-05, 'epoch': 3.72}
{'loss': 4.907, 'grad_norm': 1.4177476167678833, 'learning_rate': 9.732753681798268e-05, 'epoch': 3.72}
{'loss': 4.8694, 'grad_norm': 1.1945364475250244, 'learning_rate': 9.7310686482661e-05, 'epoch': 3.73}
{'loss': 4.8883, 'grad_norm': 1.2113722562789917, 'learning_rate': 9.729383614733933e-05, 'epoch': 3.73}
{'loss': 4.8953, 'grad_norm': 1.2426141500473022, 'learning_rate': 9.727698581201767e-05, 'epoch': 3.74}
{'loss': 4.9015, 'grad_norm': 1.483277440071106, 'learning_rate': 9.7260135476696e-05, 'epoch': 3.74}
{'loss': 4.9096, 'grad_norm': 1.155860185623169, 'learning_rate': 9.724328514137432e-05, 'epoch': 3.74}
{'loss': 4.8891, 'grad_norm': 1.212515115737915, 'learning_rate': 9.722643480605265e-05, 'epoch': 3.75}
{'loss': 4.9114, 'grad_norm': 1.2709087133407593, 'learning_rate': 9.720958447073098e-05, 'epoch': 3.75}
{'loss': 4.8992, 'grad_norm': 1.3050967454910278, 'learning_rate': 9.71927341354093e-05, 'epoch': 3.76}
{'loss': 4.8878, 'grad_norm': 1.2869466543197632, 'learning_rate': 9.717588380008763e-05, 'epoch': 3.76}
{'loss': 4.8928, 'grad_norm': 1.2332979440689087, 'learning_rate': 9.715903346476596e-05, 'epoch': 3.77}
{'loss': 4.9148, 'grad_norm': 1.330579161643982, 'learning_rate': 9.714218312944428e-05, 'epoch': 3.77}
{'loss': 4.8939, 'grad_norm': 1.2330753803253174, 'learning_rate': 9.71253327941226e-05, 'epoch': 3.78}
{'loss': 4.8886, 'grad_norm': 1.4332964420318604, 'learning_rate': 9.710848245880093e-05, 'epoch': 3.78}
{'loss': 4.9121, 'grad_norm': 1.2542351484298706, 'learning_rate': 9.709163212347926e-05, 'epoch': 3.79}
{'loss': 4.904, 'grad_norm': 1.5376287698745728, 'learning_rate': 9.70747817881576e-05, 'epoch': 3.79}
{'loss': 4.8808, 'grad_norm': 1.230049967765808, 'learning_rate': 9.705793145283591e-05, 'epoch': 3.79}
{'loss': 4.8966, 'grad_norm': 1.155504584312439, 'learning_rate': 9.704108111751424e-05, 'epoch': 3.8}
{'loss': 4.8961, 'grad_norm': 1.2683637142181396, 'learning_rate': 9.702423078219258e-05, 'epoch': 3.8}
{'loss': 4.9184, 'grad_norm': 1.294653296470642, 'learning_rate': 9.70073804468709e-05, 'epoch': 3.81}
{'loss': 4.9038, 'grad_norm': 1.2119441032409668, 'learning_rate': 9.699053011154923e-05, 'epoch': 3.81}
{'loss': 4.914, 'grad_norm': 1.1631067991256714, 'learning_rate': 9.697367977622756e-05, 'epoch': 3.82}
{'loss': 4.8937, 'grad_norm': 1.2068754434585571, 'learning_rate': 9.695682944090589e-05, 'epoch': 3.82}
{'loss': 4.9, 'grad_norm': 1.342808723449707, 'learning_rate': 9.693997910558421e-05, 'epoch': 3.83}
{'loss': 4.9006, 'grad_norm': 1.390515923500061, 'learning_rate': 9.692312877026253e-05, 'epoch': 3.83}
{'loss': 4.9043, 'grad_norm': 1.3252242803573608, 'learning_rate': 9.690627843494086e-05, 'epoch': 3.84}
{'loss': 4.8876, 'grad_norm': 1.3426594734191895, 'learning_rate': 9.688942809961919e-05, 'epoch': 3.84}
{'loss': 4.8954, 'grad_norm': 1.2222119569778442, 'learning_rate': 9.687257776429751e-05, 'epoch': 3.84}
{'loss': 4.8968, 'grad_norm': 1.1411893367767334, 'learning_rate': 9.685572742897584e-05, 'epoch': 3.85}
{'loss': 4.9071, 'grad_norm': 1.1460654735565186, 'learning_rate': 9.683887709365417e-05, 'epoch': 3.85}
{'loss': 4.8957, 'grad_norm': 1.1765961647033691, 'learning_rate': 9.682202675833249e-05, 'epoch': 3.86}
{'loss': 4.9169, 'grad_norm': 1.2631293535232544, 'learning_rate': 9.680517642301082e-05, 'epoch': 3.86}
{'loss': 4.8978, 'grad_norm': 1.1561483144760132, 'learning_rate': 9.678832608768915e-05, 'epoch': 3.87}
{'loss': 4.921, 'grad_norm': 1.1859307289123535, 'learning_rate': 9.677147575236749e-05, 'epoch': 3.87}
{'loss': 4.9165, 'grad_norm': 1.49635910987854, 'learning_rate': 9.67546254170458e-05, 'epoch': 3.88}
{'loss': 4.9013, 'grad_norm': 1.2548695802688599, 'learning_rate': 9.673777508172414e-05, 'epoch': 3.88}
{'loss': 4.8871, 'grad_norm': 1.0786768198013306, 'learning_rate': 9.672092474640245e-05, 'epoch': 3.89}
{'loss': 4.8742, 'grad_norm': 1.1900347471237183, 'learning_rate': 9.670407441108079e-05, 'epoch': 3.89}
{'loss': 4.9025, 'grad_norm': 1.4165130853652954, 'learning_rate': 9.66872240757591e-05, 'epoch': 3.89}
{'loss': 4.8737, 'grad_norm': 1.314407229423523, 'learning_rate': 9.667037374043744e-05, 'epoch': 3.9}
{'loss': 4.8727, 'grad_norm': 1.1762934923171997, 'learning_rate': 9.665352340511577e-05, 'epoch': 3.9}
{'loss': 4.9046, 'grad_norm': 1.2917168140411377, 'learning_rate': 9.663667306979409e-05, 'epoch': 3.91}
{'loss': 4.9131, 'grad_norm': 1.5895329713821411, 'learning_rate': 9.661982273447242e-05, 'epoch': 3.91}
{'loss': 4.878, 'grad_norm': 1.2881548404693604, 'learning_rate': 9.660297239915075e-05, 'epoch': 3.92}
{'loss': 4.8861, 'grad_norm': 1.2712293863296509, 'learning_rate': 9.658612206382908e-05, 'epoch': 3.92}
{'loss': 4.8769, 'grad_norm': 1.123918056488037, 'learning_rate': 9.65692717285074e-05, 'epoch': 3.93}
{'loss': 4.8664, 'grad_norm': 1.245190978050232, 'learning_rate': 9.655242139318573e-05, 'epoch': 3.93}
{'loss': 4.8824, 'grad_norm': 1.203653335571289, 'learning_rate': 9.653557105786406e-05, 'epoch': 3.94}
{'loss': 4.9058, 'grad_norm': 1.2770544290542603, 'learning_rate': 9.651872072254238e-05, 'epoch': 3.94}
{'loss': 4.9299, 'grad_norm': 1.1769787073135376, 'learning_rate': 9.65018703872207e-05, 'epoch': 3.94}
{'loss': 4.8662, 'grad_norm': 1.251236915588379, 'learning_rate': 9.648502005189903e-05, 'epoch': 3.95}
{'loss': 4.8786, 'grad_norm': 1.4139710664749146, 'learning_rate': 9.646816971657737e-05, 'epoch': 3.95}
{'loss': 4.8998, 'grad_norm': 1.1950055360794067, 'learning_rate': 9.645131938125568e-05, 'epoch': 3.96}
{'loss': 4.9216, 'grad_norm': 1.2500638961791992, 'learning_rate': 9.643446904593402e-05, 'epoch': 3.96}
{'loss': 4.8772, 'grad_norm': 1.4433516263961792, 'learning_rate': 9.641761871061235e-05, 'epoch': 3.97}
{'loss': 4.8917, 'grad_norm': 1.2648661136627197, 'learning_rate': 9.640076837529068e-05, 'epoch': 3.97}
{'loss': 4.8563, 'grad_norm': 1.5768349170684814, 'learning_rate': 9.6383918039969e-05, 'epoch': 3.98}
{'loss': 4.902, 'grad_norm': 1.3611637353897095, 'learning_rate': 9.636706770464733e-05, 'epoch': 3.98}
{'loss': 4.9134, 'grad_norm': 1.1981337070465088, 'learning_rate': 9.635021736932566e-05, 'epoch': 3.99}
{'loss': 4.892, 'grad_norm': 1.2722861766815186, 'learning_rate': 9.633336703400398e-05, 'epoch': 3.99}
{'loss': 4.8915, 'grad_norm': 1.184118628501892, 'learning_rate': 9.631651669868231e-05, 'epoch': 3.99}
{'loss': 4.9118, 'grad_norm': 1.186779260635376, 'learning_rate': 9.629966636336063e-05, 'epoch': 4.0}
{'loss': 4.7602, 'grad_norm': 1.2176594734191895, 'learning_rate': 9.628281602803896e-05, 'epoch': 4.0}
{'loss': 4.7215, 'grad_norm': 1.2943027019500732, 'learning_rate': 9.626596569271728e-05, 'epoch': 4.01}
{'loss': 4.7573, 'grad_norm': 1.2194464206695557, 'learning_rate': 9.624911535739561e-05, 'epoch': 4.01}
{'loss': 4.7621, 'grad_norm': 1.3026632070541382, 'learning_rate': 9.623226502207394e-05, 'epoch': 4.02}
{'loss': 4.7507, 'grad_norm': 1.199992060661316, 'learning_rate': 9.621541468675228e-05, 'epoch': 4.02}
{'loss': 4.7754, 'grad_norm': 1.2945009469985962, 'learning_rate': 9.61985643514306e-05, 'epoch': 4.03}
{'loss': 4.7709, 'grad_norm': 1.3371583223342896, 'learning_rate': 9.618171401610893e-05, 'epoch': 4.03}
{'loss': 4.7404, 'grad_norm': 1.1967483758926392, 'learning_rate': 9.616486368078726e-05, 'epoch': 4.04}
{'loss': 4.7549, 'grad_norm': 1.3384522199630737, 'learning_rate': 9.614801334546558e-05, 'epoch': 4.04}
{'loss': 4.7548, 'grad_norm': 1.2687000036239624, 'learning_rate': 9.613116301014391e-05, 'epoch': 4.04}
{'loss': 4.7794, 'grad_norm': 1.2728917598724365, 'learning_rate': 9.611431267482224e-05, 'epoch': 4.05}
{'loss': 4.7532, 'grad_norm': 1.363922357559204, 'learning_rate': 9.609746233950057e-05, 'epoch': 4.05}
{'loss': 4.7734, 'grad_norm': 1.2086541652679443, 'learning_rate': 9.608061200417888e-05, 'epoch': 4.06}
{'loss': 4.753, 'grad_norm': 1.3040059804916382, 'learning_rate': 9.606376166885721e-05, 'epoch': 4.06}
{'loss': 4.762, 'grad_norm': 1.27542245388031, 'learning_rate': 9.604691133353554e-05, 'epoch': 4.07}
{'loss': 4.7533, 'grad_norm': 1.290350079536438, 'learning_rate': 9.603006099821387e-05, 'epoch': 4.07}
{'loss': 4.7583, 'grad_norm': 1.2614052295684814, 'learning_rate': 9.601321066289219e-05, 'epoch': 4.08}
{'loss': 4.7586, 'grad_norm': 1.3602206707000732, 'learning_rate': 9.599636032757052e-05, 'epoch': 4.08}
{'loss': 4.72, 'grad_norm': 1.3349525928497314, 'learning_rate': 9.597950999224885e-05, 'epoch': 4.09}
{'loss': 4.7845, 'grad_norm': 1.3693134784698486, 'learning_rate': 9.596265965692717e-05, 'epoch': 4.09}
{'loss': 4.7487, 'grad_norm': 1.3188515901565552, 'learning_rate': 9.59458093216055e-05, 'epoch': 4.09}
{'loss': 4.7526, 'grad_norm': 1.3583283424377441, 'learning_rate': 9.592895898628384e-05, 'epoch': 4.1}
{'loss': 4.7364, 'grad_norm': 1.5055047273635864, 'learning_rate': 9.591210865096217e-05, 'epoch': 4.1}
{'loss': 4.762, 'grad_norm': 1.2995831966400146, 'learning_rate': 9.589525831564049e-05, 'epoch': 4.11}
{'loss': 4.7536, 'grad_norm': 1.2224818468093872, 'learning_rate': 9.587840798031882e-05, 'epoch': 4.11}
{'loss': 4.7891, 'grad_norm': 1.1969537734985352, 'learning_rate': 9.586155764499714e-05, 'epoch': 4.12}
{'loss': 4.761, 'grad_norm': 1.2677371501922607, 'learning_rate': 9.584470730967547e-05, 'epoch': 4.12}
{'loss': 4.7621, 'grad_norm': 1.141892671585083, 'learning_rate': 9.582785697435379e-05, 'epoch': 4.13}
{'loss': 4.7711, 'grad_norm': 1.2672860622406006, 'learning_rate': 9.581100663903212e-05, 'epoch': 4.13}
{'loss': 4.7556, 'grad_norm': 1.1801108121871948, 'learning_rate': 9.579415630371045e-05, 'epoch': 4.14}
{'loss': 4.7416, 'grad_norm': 1.2219784259796143, 'learning_rate': 9.577730596838877e-05, 'epoch': 4.14}
{'loss': 4.7839, 'grad_norm': 1.2847455739974976, 'learning_rate': 9.57604556330671e-05, 'epoch': 4.14}
{'loss': 4.772, 'grad_norm': 1.2334513664245605, 'learning_rate': 9.574360529774543e-05, 'epoch': 4.15}
{'loss': 4.7558, 'grad_norm': 1.2915458679199219, 'learning_rate': 9.572675496242377e-05, 'epoch': 4.15}
{'loss': 4.7749, 'grad_norm': 1.2063536643981934, 'learning_rate': 9.570990462710208e-05, 'epoch': 4.16}
{'loss': 4.7697, 'grad_norm': 1.4330326318740845, 'learning_rate': 9.569305429178042e-05, 'epoch': 4.16}
{'loss': 4.7716, 'grad_norm': 1.202939510345459, 'learning_rate': 9.567620395645875e-05, 'epoch': 4.17}
{'loss': 4.7793, 'grad_norm': 1.3813899755477905, 'learning_rate': 9.565935362113707e-05, 'epoch': 4.17}
{'loss': 4.8034, 'grad_norm': 1.2156293392181396, 'learning_rate': 9.564250328581538e-05, 'epoch': 4.18}
{'loss': 4.7907, 'grad_norm': 1.2524373531341553, 'learning_rate': 9.562565295049372e-05, 'epoch': 4.18}
{'loss': 4.7459, 'grad_norm': 1.2447155714035034, 'learning_rate': 9.560880261517205e-05, 'epoch': 4.19}
{'loss': 4.7866, 'grad_norm': 1.1944886445999146, 'learning_rate': 9.559195227985037e-05, 'epoch': 4.19}
{'loss': 4.7838, 'grad_norm': 1.3073551654815674, 'learning_rate': 9.55751019445287e-05, 'epoch': 4.19}
{'loss': 4.7767, 'grad_norm': 1.3379007577896118, 'learning_rate': 9.555825160920703e-05, 'epoch': 4.2}
{'loss': 4.7715, 'grad_norm': 1.2877334356307983, 'learning_rate': 9.554140127388536e-05, 'epoch': 4.2}
{'loss': 4.7535, 'grad_norm': 1.2443758249282837, 'learning_rate': 9.552455093856368e-05, 'epoch': 4.21}
{'loss': 4.7463, 'grad_norm': 1.5306240320205688, 'learning_rate': 9.550770060324201e-05, 'epoch': 4.21}
{'loss': 4.7685, 'grad_norm': 1.2136176824569702, 'learning_rate': 9.549085026792034e-05, 'epoch': 4.22}
{'loss': 4.7759, 'grad_norm': 1.4714232683181763, 'learning_rate': 9.547399993259866e-05, 'epoch': 4.22}
{'loss': 4.7664, 'grad_norm': 1.2355340719223022, 'learning_rate': 9.5457149597277e-05, 'epoch': 4.23}
{'loss': 4.7625, 'grad_norm': 1.3707693815231323, 'learning_rate': 9.544029926195531e-05, 'epoch': 4.23}
{'loss': 4.7689, 'grad_norm': 1.2564027309417725, 'learning_rate': 9.542344892663364e-05, 'epoch': 4.24}
{'loss': 4.7734, 'grad_norm': 1.2292184829711914, 'learning_rate': 9.540659859131196e-05, 'epoch': 4.24}
{'loss': 4.793, 'grad_norm': 1.2976371049880981, 'learning_rate': 9.53897482559903e-05, 'epoch': 4.24}
{'loss': 4.7917, 'grad_norm': 1.2464045286178589, 'learning_rate': 9.537289792066863e-05, 'epoch': 4.25}
{'loss': 4.786, 'grad_norm': 1.4152337312698364, 'learning_rate': 9.535604758534696e-05, 'epoch': 4.25}
{'loss': 4.7828, 'grad_norm': 1.2495554685592651, 'learning_rate': 9.533919725002528e-05, 'epoch': 4.26}
{'loss': 4.7725, 'grad_norm': 1.2040231227874756, 'learning_rate': 9.532234691470361e-05, 'epoch': 4.26}
{'loss': 4.7644, 'grad_norm': 1.2707433700561523, 'learning_rate': 9.530549657938194e-05, 'epoch': 4.27}
{'loss': 4.785, 'grad_norm': 1.4446200132369995, 'learning_rate': 9.528864624406026e-05, 'epoch': 4.27}
{'loss': 4.7558, 'grad_norm': 1.1810410022735596, 'learning_rate': 9.527179590873859e-05, 'epoch': 4.28}
{'loss': 4.7735, 'grad_norm': 1.2590422630310059, 'learning_rate': 9.525494557341692e-05, 'epoch': 4.28}
{'loss': 4.7795, 'grad_norm': 1.2236528396606445, 'learning_rate': 9.523809523809524e-05, 'epoch': 4.29}
{'loss': 4.7839, 'grad_norm': 1.2633724212646484, 'learning_rate': 9.522124490277356e-05, 'epoch': 4.29}
{'loss': 4.7732, 'grad_norm': 1.4361108541488647, 'learning_rate': 9.520439456745189e-05, 'epoch': 4.29}
{'loss': 4.7791, 'grad_norm': 1.2503238916397095, 'learning_rate': 9.518754423213022e-05, 'epoch': 4.3}
{'loss': 4.8007, 'grad_norm': 1.2354148626327515, 'learning_rate': 9.517069389680855e-05, 'epoch': 4.3}
{'loss': 4.7915, 'grad_norm': 1.1715198755264282, 'learning_rate': 9.515384356148687e-05, 'epoch': 4.31}
{'loss': 4.7611, 'grad_norm': 1.5001883506774902, 'learning_rate': 9.51369932261652e-05, 'epoch': 4.31}
{'loss': 4.7997, 'grad_norm': 1.3092634677886963, 'learning_rate': 9.512014289084354e-05, 'epoch': 4.32}
{'loss': 4.7802, 'grad_norm': 1.165077805519104, 'learning_rate': 9.510329255552186e-05, 'epoch': 4.32}
{'loss': 4.7686, 'grad_norm': 1.290335774421692, 'learning_rate': 9.508644222020019e-05, 'epoch': 4.33}
{'loss': 4.7942, 'grad_norm': 1.1506401300430298, 'learning_rate': 9.506959188487852e-05, 'epoch': 4.33}
{'loss': 4.7823, 'grad_norm': 1.258763074874878, 'learning_rate': 9.505274154955685e-05, 'epoch': 4.34}
{'loss': 4.7579, 'grad_norm': 1.5210062265396118, 'learning_rate': 9.503589121423517e-05, 'epoch': 4.34}
{'loss': 4.7902, 'grad_norm': 1.3056179285049438, 'learning_rate': 9.501904087891349e-05, 'epoch': 4.34}
{'loss': 4.7761, 'grad_norm': 1.1821261644363403, 'learning_rate': 9.500219054359182e-05, 'epoch': 4.35}
{'loss': 4.7905, 'grad_norm': 1.2773027420043945, 'learning_rate': 9.498534020827015e-05, 'epoch': 4.35}
{'loss': 4.7825, 'grad_norm': 1.2433160543441772, 'learning_rate': 9.496848987294847e-05, 'epoch': 4.36}
{'loss': 4.7811, 'grad_norm': 1.3537532091140747, 'learning_rate': 9.49516395376268e-05, 'epoch': 4.36}
{'loss': 4.8023, 'grad_norm': 1.2830088138580322, 'learning_rate': 9.493478920230513e-05, 'epoch': 4.37}
{'loss': 4.7977, 'grad_norm': 1.2826088666915894, 'learning_rate': 9.491793886698345e-05, 'epoch': 4.37}
{'loss': 4.8071, 'grad_norm': 1.1937894821166992, 'learning_rate': 9.490108853166178e-05, 'epoch': 4.38}
{'loss': 4.7717, 'grad_norm': 1.4908192157745361, 'learning_rate': 9.488423819634012e-05, 'epoch': 4.38}
{'loss': 4.7834, 'grad_norm': 1.3117138147354126, 'learning_rate': 9.486738786101845e-05, 'epoch': 4.39}
{'loss': 4.7606, 'grad_norm': 1.2001157999038696, 'learning_rate': 9.485053752569677e-05, 'epoch': 4.39}
{'loss': 4.7771, 'grad_norm': 1.2554829120635986, 'learning_rate': 9.48336871903751e-05, 'epoch': 4.39}
{'loss': 4.7924, 'grad_norm': 1.142128348350525, 'learning_rate': 9.481683685505342e-05, 'epoch': 4.4}
{'loss': 4.8081, 'grad_norm': 1.4722256660461426, 'learning_rate': 9.479998651973175e-05, 'epoch': 4.4}
{'loss': 4.7814, 'grad_norm': 1.1784781217575073, 'learning_rate': 9.478313618441007e-05, 'epoch': 4.41}
{'loss': 4.8041, 'grad_norm': 1.2557430267333984, 'learning_rate': 9.47662858490884e-05, 'epoch': 4.41}
{'loss': 4.7872, 'grad_norm': 1.313929557800293, 'learning_rate': 9.474943551376673e-05, 'epoch': 4.42}
{'loss': 4.8044, 'grad_norm': 1.667047381401062, 'learning_rate': 9.473258517844505e-05, 'epoch': 4.42}
{'loss': 4.7752, 'grad_norm': 1.3471968173980713, 'learning_rate': 9.471573484312338e-05, 'epoch': 4.43}
{'loss': 4.7842, 'grad_norm': 1.177083134651184, 'learning_rate': 9.469888450780171e-05, 'epoch': 4.43}
{'loss': 4.7695, 'grad_norm': 1.5976142883300781, 'learning_rate': 9.468203417248004e-05, 'epoch': 4.44}
{'loss': 4.7739, 'grad_norm': 1.6163052320480347, 'learning_rate': 9.466518383715836e-05, 'epoch': 4.44}
{'loss': 4.7823, 'grad_norm': 1.7146965265274048, 'learning_rate': 9.46483335018367e-05, 'epoch': 4.44}
{'loss': 4.7944, 'grad_norm': 1.4213507175445557, 'learning_rate': 9.463148316651503e-05, 'epoch': 4.45}
{'loss': 4.7902, 'grad_norm': 1.23208749294281, 'learning_rate': 9.461463283119334e-05, 'epoch': 4.45}
{'loss': 4.7927, 'grad_norm': 1.3585875034332275, 'learning_rate': 9.459778249587166e-05, 'epoch': 4.46}
{'loss': 4.7646, 'grad_norm': 1.1725637912750244, 'learning_rate': 9.458093216055e-05, 'epoch': 4.46}
{'loss': 4.8009, 'grad_norm': 1.1998189687728882, 'learning_rate': 9.456408182522833e-05, 'epoch': 4.47}
{'loss': 4.7834, 'grad_norm': 1.2383571863174438, 'learning_rate': 9.454723148990664e-05, 'epoch': 4.47}
{'loss': 4.8084, 'grad_norm': 1.1987298727035522, 'learning_rate': 9.453038115458498e-05, 'epoch': 4.48}
{'loss': 4.7897, 'grad_norm': 1.179604411125183, 'learning_rate': 9.451353081926331e-05, 'epoch': 4.48}
{'loss': 4.7966, 'grad_norm': 1.4841759204864502, 'learning_rate': 9.449668048394164e-05, 'epoch': 4.49}
{'loss': 4.7689, 'grad_norm': 1.2700263261795044, 'learning_rate': 9.447983014861996e-05, 'epoch': 4.49}
{'loss': 4.7877, 'grad_norm': 1.4561614990234375, 'learning_rate': 9.446297981329829e-05, 'epoch': 4.49}
{'loss': 4.7945, 'grad_norm': 1.348453164100647, 'learning_rate': 9.444612947797662e-05, 'epoch': 4.5}
{'loss': 4.7762, 'grad_norm': 1.2290598154067993, 'learning_rate': 9.442927914265494e-05, 'epoch': 4.5}
{'loss': 4.7741, 'grad_norm': 1.2169137001037598, 'learning_rate': 9.441242880733327e-05, 'epoch': 4.51}
{'loss': 4.7807, 'grad_norm': 1.111276626586914, 'learning_rate': 9.439557847201159e-05, 'epoch': 4.51}
{'loss': 4.773, 'grad_norm': 1.491122841835022, 'learning_rate': 9.437872813668992e-05, 'epoch': 4.52}
{'loss': 4.8075, 'grad_norm': 1.187434196472168, 'learning_rate': 9.436187780136824e-05, 'epoch': 4.52}
{'loss': 4.7996, 'grad_norm': 1.2749124765396118, 'learning_rate': 9.434502746604657e-05, 'epoch': 4.53}
{'loss': 4.7703, 'grad_norm': 1.1830248832702637, 'learning_rate': 9.43281771307249e-05, 'epoch': 4.53}
{'loss': 4.797, 'grad_norm': 1.3490700721740723, 'learning_rate': 9.431132679540324e-05, 'epoch': 4.54}
{'loss': 4.7889, 'grad_norm': 1.3832660913467407, 'learning_rate': 9.429447646008156e-05, 'epoch': 4.54}
{'loss': 4.7964, 'grad_norm': 1.1069200038909912, 'learning_rate': 9.427762612475989e-05, 'epoch': 4.55}
{'loss': 4.8031, 'grad_norm': 1.161597728729248, 'learning_rate': 9.426077578943822e-05, 'epoch': 4.55}
pred : he said to himself
label: ardent in the prosecution of heresy cyril auspiciously opened his reign by oppressing the novatians the most innocent and harmless of the sectaries
pred : he said to himself
label: without any legal sentence without any royal mandate the patriarch at the dawn of day led a seditious multitude to the attack of the synagogues
pred : he said to himself
label: such crimes would have deserved the animadversion of the magistrate but in this promiscuous outrage the innocent were confounded with the guilty and alexandria was impoverished by the loss of a wealthy and industrious colony
pred : he said to himself
label: ardent in the prosecution of heresy cyril auspiciously opened his reign by oppressing the novatians the most innocent and harmless of the sectaries
pred : he said to himself
label: without any legal sentence without any royal mandate the patriarch at the dawn of day led a seditious multitude to the attack of the synagogues
pred : he said to himself
label: such crimes would have deserved the animadversion of the magistrate but in this promiscuous outrage the innocent were confounded with the guilty and alexandria was impoverished by the loss of a wealthy and industrious colony
pred : he said to himself
label: ardent in the prosecution of heresy cyril auspiciously opened his reign by oppressing the novatians the most innocent and harmless of the sectaries
pred : he said to himself
label: without any legal sentence without any royal mandate the patriarch at the dawn of day led a seditious multitude to the attack of the synagogues
pred : he said to himself
label: such crimes would have deserved the animadversion of the magistrate but in this promiscuous outrage the innocent were confounded with the guilty and alexandria was impoverished by the loss of a wealthy and industrious colony
pred : he said to himself
label: ardent in the prosecution of heresy cyril auspiciously opened his reign by oppressing the novatians the most innocent and harmless of the sectaries
pred : he said to himself
label: without any legal sentence without any royal mandate the patriarch at the dawn of day led a seditious multitude to the attack of the synagogues
pred : he said to himself
label: such crimes would have deserved the animadversion of the magistrate but in this promiscuous outrage the innocent were confounded with the guilty and alexandria was impoverished by the loss of a wealthy and industrious colony
{'eval_loss': 5.532510757446289, 'eval_bleu': 0.004710145861276112, 'eval_wer': 0.9709982633122337, 'eval_cer': 0.8753592977419692, 'eval_rouge1': 0.05778416684989093, 'eval_rouge2': 0.0014046811144231047, 'eval_rougeL': 0.05498993324396758, 'eval_runtime': 23.1508, 'eval_samples_per_second': 240.467, 'eval_steps_per_second': 1.253, 'epoch': 4.55}
{'loss': 4.7945, 'grad_norm': 1.134482979774475, 'learning_rate': 9.424392545411654e-05, 'epoch': 4.55}
{'loss': 4.788, 'grad_norm': 1.2796000242233276, 'learning_rate': 9.422707511879487e-05, 'epoch': 4.56}
{'loss': 4.7809, 'grad_norm': 1.3808469772338867, 'learning_rate': 9.42102247834732e-05, 'epoch': 4.56}
{'loss': 4.7994, 'grad_norm': 1.2754549980163574, 'learning_rate': 9.419337444815153e-05, 'epoch': 4.57}
{'loss': 4.7949, 'grad_norm': 1.2090939283370972, 'learning_rate': 9.417652411282985e-05, 'epoch': 4.57}
{'loss': 4.807, 'grad_norm': 1.257386326789856, 'learning_rate': 9.415967377750817e-05, 'epoch': 4.58}
{'loss': 4.795, 'grad_norm': 1.162955403327942, 'learning_rate': 9.41428234421865e-05, 'epoch': 4.58}
{'loss': 4.8016, 'grad_norm': 1.1613105535507202, 'learning_rate': 9.412597310686483e-05, 'epoch': 4.59}
{'loss': 4.787, 'grad_norm': 1.2190840244293213, 'learning_rate': 9.410912277154315e-05, 'epoch': 4.59}
{'loss': 4.7986, 'grad_norm': 1.2381168603897095, 'learning_rate': 9.409227243622148e-05, 'epoch': 4.6}
{'loss': 4.7911, 'grad_norm': 1.72818922996521, 'learning_rate': 9.407542210089982e-05, 'epoch': 4.6}
{'loss': 4.7903, 'grad_norm': 1.2423722743988037, 'learning_rate': 9.405857176557813e-05, 'epoch': 4.6}
{'loss': 4.7914, 'grad_norm': 1.2719502449035645, 'learning_rate': 9.404172143025647e-05, 'epoch': 4.61}
{'loss': 4.8035, 'grad_norm': 1.1411534547805786, 'learning_rate': 9.40248710949348e-05, 'epoch': 4.61}
{'loss': 4.8011, 'grad_norm': 1.1626079082489014, 'learning_rate': 9.400802075961313e-05, 'epoch': 4.62}
{'loss': 4.7865, 'grad_norm': 1.2671916484832764, 'learning_rate': 9.399117042429145e-05, 'epoch': 4.62}
{'loss': 4.7857, 'grad_norm': 1.2597976922988892, 'learning_rate': 9.397432008896977e-05, 'epoch': 4.63}
{'loss': 4.8077, 'grad_norm': 1.1859869956970215, 'learning_rate': 9.39574697536481e-05, 'epoch': 4.63}
{'loss': 4.7561, 'grad_norm': 1.4247313737869263, 'learning_rate': 9.394061941832643e-05, 'epoch': 4.64}
{'loss': 4.7823, 'grad_norm': 1.3021427392959595, 'learning_rate': 9.392376908300475e-05, 'epoch': 4.64}
{'loss': 4.7849, 'grad_norm': 1.3348853588104248, 'learning_rate': 9.390691874768308e-05, 'epoch': 4.65}
{'loss': 4.7996, 'grad_norm': 1.2003973722457886, 'learning_rate': 9.389006841236141e-05, 'epoch': 4.65}
{'loss': 4.7907, 'grad_norm': 1.2752761840820312, 'learning_rate': 9.387321807703974e-05, 'epoch': 4.65}
{'loss': 4.7832, 'grad_norm': 1.2370903491973877, 'learning_rate': 9.385636774171806e-05, 'epoch': 4.66}
{'loss': 4.7887, 'grad_norm': 1.323262333869934, 'learning_rate': 9.38395174063964e-05, 'epoch': 4.66}
{'loss': 4.785, 'grad_norm': 1.3309850692749023, 'learning_rate': 9.382266707107473e-05, 'epoch': 4.67}
{'loss': 4.7902, 'grad_norm': 1.279603362083435, 'learning_rate': 9.380581673575304e-05, 'epoch': 4.67}
{'loss': 4.7849, 'grad_norm': 1.3123546838760376, 'learning_rate': 9.378896640043138e-05, 'epoch': 4.68}
{'loss': 4.8211, 'grad_norm': 1.470385193824768, 'learning_rate': 9.377211606510971e-05, 'epoch': 4.68}
{'loss': 4.8037, 'grad_norm': 1.418182611465454, 'learning_rate': 9.375526572978803e-05, 'epoch': 4.69}
{'loss': 4.7976, 'grad_norm': 1.2399930953979492, 'learning_rate': 9.373841539446634e-05, 'epoch': 4.69}
{'loss': 4.7831, 'grad_norm': 1.1214251518249512, 'learning_rate': 9.372156505914468e-05, 'epoch': 4.7}
{'loss': 4.7824, 'grad_norm': 1.1980173587799072, 'learning_rate': 9.370471472382301e-05, 'epoch': 4.7}
{'loss': 4.7864, 'grad_norm': 1.2277207374572754, 'learning_rate': 9.368786438850134e-05, 'epoch': 4.7}
{'loss': 4.807, 'grad_norm': 1.2458068132400513, 'learning_rate': 9.367101405317966e-05, 'epoch': 4.71}
{'loss': 4.7838, 'grad_norm': 1.2998313903808594, 'learning_rate': 9.365416371785799e-05, 'epoch': 4.71}
{'loss': 4.8019, 'grad_norm': 1.2615374326705933, 'learning_rate': 9.363731338253632e-05, 'epoch': 4.72}
{'loss': 4.7921, 'grad_norm': 1.555648922920227, 'learning_rate': 9.362046304721464e-05, 'epoch': 4.72}
{'loss': 4.7953, 'grad_norm': 1.3980759382247925, 'learning_rate': 9.360361271189297e-05, 'epoch': 4.73}
{'loss': 4.8055, 'grad_norm': 1.153835415840149, 'learning_rate': 9.35867623765713e-05, 'epoch': 4.73}
{'loss': 4.7992, 'grad_norm': 1.224136471748352, 'learning_rate': 9.356991204124964e-05, 'epoch': 4.74}
{'loss': 4.8048, 'grad_norm': 1.1932456493377686, 'learning_rate': 9.355306170592796e-05, 'epoch': 4.74}
{'loss': 4.8025, 'grad_norm': 1.4702028036117554, 'learning_rate': 9.353621137060627e-05, 'epoch': 4.75}
{'loss': 4.806, 'grad_norm': 1.2014639377593994, 'learning_rate': 9.35193610352846e-05, 'epoch': 4.75}
{'loss': 4.7833, 'grad_norm': 1.1936049461364746, 'learning_rate': 9.350251069996294e-05, 'epoch': 4.75}
{'loss': 4.7992, 'grad_norm': 1.4596511125564575, 'learning_rate': 9.348566036464126e-05, 'epoch': 4.76}
{'loss': 4.7718, 'grad_norm': 1.2013754844665527, 'learning_rate': 9.346881002931959e-05, 'epoch': 4.76}
{'loss': 4.8059, 'grad_norm': 1.271725058555603, 'learning_rate': 9.345195969399792e-05, 'epoch': 4.77}
{'loss': 4.7948, 'grad_norm': 1.241274118423462, 'learning_rate': 9.343510935867624e-05, 'epoch': 4.77}
{'loss': 4.7886, 'grad_norm': 1.2599775791168213, 'learning_rate': 9.341825902335457e-05, 'epoch': 4.78}
{'loss': 4.7933, 'grad_norm': 1.1456961631774902, 'learning_rate': 9.34014086880329e-05, 'epoch': 4.78}
{'loss': 4.7701, 'grad_norm': 1.2206404209136963, 'learning_rate': 9.338455835271123e-05, 'epoch': 4.79}
{'loss': 4.7676, 'grad_norm': 1.1577101945877075, 'learning_rate': 9.336770801738955e-05, 'epoch': 4.79}
{'loss': 4.7768, 'grad_norm': 1.4864875078201294, 'learning_rate': 9.335085768206788e-05, 'epoch': 4.8}
{'loss': 4.7922, 'grad_norm': 1.1381641626358032, 'learning_rate': 9.33340073467462e-05, 'epoch': 4.8}
{'loss': 4.7979, 'grad_norm': 1.1699087619781494, 'learning_rate': 9.331715701142453e-05, 'epoch': 4.8}
{'loss': 4.802, 'grad_norm': 1.308383584022522, 'learning_rate': 9.330030667610285e-05, 'epoch': 4.81}
{'loss': 4.7694, 'grad_norm': 1.2122687101364136, 'learning_rate': 9.328345634078118e-05, 'epoch': 4.81}
{'loss': 4.7905, 'grad_norm': 1.1736150979995728, 'learning_rate': 9.326660600545952e-05, 'epoch': 4.82}
{'loss': 4.7915, 'grad_norm': 1.3567644357681274, 'learning_rate': 9.324975567013783e-05, 'epoch': 4.82}
{'loss': 4.8192, 'grad_norm': 1.2542855739593506, 'learning_rate': 9.323290533481617e-05, 'epoch': 4.83}
{'loss': 4.7716, 'grad_norm': 1.191368579864502, 'learning_rate': 9.32160549994945e-05, 'epoch': 4.83}
{'loss': 4.8154, 'grad_norm': 1.2321710586547852, 'learning_rate': 9.319920466417283e-05, 'epoch': 4.84}
{'loss': 4.8218, 'grad_norm': 1.2460503578186035, 'learning_rate': 9.318235432885115e-05, 'epoch': 4.84}
{'loss': 4.8031, 'grad_norm': 1.1320383548736572, 'learning_rate': 9.316550399352948e-05, 'epoch': 4.85}
{'loss': 4.7903, 'grad_norm': 1.3286746740341187, 'learning_rate': 9.314865365820781e-05, 'epoch': 4.85}
{'loss': 4.7796, 'grad_norm': 1.3343793153762817, 'learning_rate': 9.313180332288613e-05, 'epoch': 4.85}
{'loss': 4.8048, 'grad_norm': 1.133280873298645, 'learning_rate': 9.311495298756445e-05, 'epoch': 4.86}
{'loss': 4.7989, 'grad_norm': 1.2941546440124512, 'learning_rate': 9.309810265224278e-05, 'epoch': 4.86}
{'loss': 4.7973, 'grad_norm': 1.2077199220657349, 'learning_rate': 9.308125231692111e-05, 'epoch': 4.87}
{'loss': 4.8126, 'grad_norm': 1.5543023347854614, 'learning_rate': 9.306440198159943e-05, 'epoch': 4.87}
{'loss': 4.8083, 'grad_norm': 1.2332509756088257, 'learning_rate': 9.304755164627776e-05, 'epoch': 4.88}
{'loss': 4.7839, 'grad_norm': 1.2006229162216187, 'learning_rate': 9.30307013109561e-05, 'epoch': 4.88}
{'loss': 4.7888, 'grad_norm': 1.1913479566574097, 'learning_rate': 9.301385097563443e-05, 'epoch': 4.89}
{'loss': 4.7796, 'grad_norm': 1.1446987390518188, 'learning_rate': 9.299700064031274e-05, 'epoch': 4.89}
{'loss': 4.8001, 'grad_norm': 1.231347918510437, 'learning_rate': 9.298015030499108e-05, 'epoch': 4.9}
{'loss': 4.7802, 'grad_norm': 1.1800322532653809, 'learning_rate': 9.296329996966941e-05, 'epoch': 4.9}
{'loss': 4.8004, 'grad_norm': 1.2353180646896362, 'learning_rate': 9.294644963434773e-05, 'epoch': 4.9}
{'loss': 4.7904, 'grad_norm': 1.1413735151290894, 'learning_rate': 9.292959929902606e-05, 'epoch': 4.91}
{'loss': 4.7792, 'grad_norm': 1.149135708808899, 'learning_rate': 9.291274896370438e-05, 'epoch': 4.91}
{'loss': 4.7392, 'grad_norm': 1.1925075054168701, 'learning_rate': 9.289589862838271e-05, 'epoch': 4.92}
{'loss': 4.7832, 'grad_norm': 1.1417112350463867, 'learning_rate': 9.287904829306103e-05, 'epoch': 4.92}
{'loss': 4.8072, 'grad_norm': 1.173382043838501, 'learning_rate': 9.286219795773936e-05, 'epoch': 4.93}
{'loss': 4.7772, 'grad_norm': 1.3168519735336304, 'learning_rate': 9.284534762241769e-05, 'epoch': 4.93}
{'loss': 4.7751, 'grad_norm': 1.2061854600906372, 'learning_rate': 9.282849728709602e-05, 'epoch': 4.94}
{'loss': 4.7764, 'grad_norm': 1.2121343612670898, 'learning_rate': 9.281164695177434e-05, 'epoch': 4.94}
{'loss': 4.7773, 'grad_norm': 1.1875249147415161, 'learning_rate': 9.279479661645267e-05, 'epoch': 4.95}
{'loss': 4.7858, 'grad_norm': 1.1965135335922241, 'learning_rate': 9.2777946281131e-05, 'epoch': 4.95}
{'loss': 4.7848, 'grad_norm': 1.1504043340682983, 'learning_rate': 9.276109594580932e-05, 'epoch': 4.95}
{'loss': 4.7927, 'grad_norm': 1.249602198600769, 'learning_rate': 9.274424561048766e-05, 'epoch': 4.96}
{'loss': 4.8089, 'grad_norm': 1.3720803260803223, 'learning_rate': 9.272739527516599e-05, 'epoch': 4.96}
{'loss': 4.7821, 'grad_norm': 1.1787748336791992, 'learning_rate': 9.271054493984432e-05, 'epoch': 4.97}
{'loss': 4.8074, 'grad_norm': 1.1911832094192505, 'learning_rate': 9.269369460452262e-05, 'epoch': 4.97}
{'loss': 4.7915, 'grad_norm': 1.1905795335769653, 'learning_rate': 9.267684426920096e-05, 'epoch': 4.98}
{'loss': 4.783, 'grad_norm': 1.5134743452072144, 'learning_rate': 9.265999393387929e-05, 'epoch': 4.98}
{'loss': 4.8061, 'grad_norm': 1.114461064338684, 'learning_rate': 9.264314359855762e-05, 'epoch': 4.99}
{'loss': 4.7931, 'grad_norm': 1.2286043167114258, 'learning_rate': 9.262629326323594e-05, 'epoch': 4.99}
{'loss': 4.8006, 'grad_norm': 1.299766182899475, 'learning_rate': 9.260944292791427e-05, 'epoch': 5.0}
{'loss': 4.774, 'grad_norm': 1.2688688039779663, 'learning_rate': 9.25925925925926e-05, 'epoch': 5.0}
{'loss': 4.6297, 'grad_norm': 1.2722010612487793, 'learning_rate': 9.257574225727092e-05, 'epoch': 5.0}
{'loss': 4.6414, 'grad_norm': 1.2335888147354126, 'learning_rate': 9.255889192194925e-05, 'epoch': 5.01}
{'loss': 4.6403, 'grad_norm': 1.2128056287765503, 'learning_rate': 9.254204158662758e-05, 'epoch': 5.01}
{'loss': 4.6565, 'grad_norm': 1.300326943397522, 'learning_rate': 9.252519125130592e-05, 'epoch': 5.02}
{'loss': 4.6735, 'grad_norm': 1.6257622241973877, 'learning_rate': 9.250834091598423e-05, 'epoch': 5.02}
{'loss': 4.6431, 'grad_norm': 1.6805546283721924, 'learning_rate': 9.249149058066255e-05, 'epoch': 5.03}
{'loss': 4.6455, 'grad_norm': 1.5462818145751953, 'learning_rate': 9.247464024534088e-05, 'epoch': 5.03}
{'loss': 4.6365, 'grad_norm': 1.4044710397720337, 'learning_rate': 9.245778991001922e-05, 'epoch': 5.04}
{'loss': 4.6526, 'grad_norm': 1.215730905532837, 'learning_rate': 9.244093957469753e-05, 'epoch': 5.04}
{'loss': 4.6607, 'grad_norm': 1.231690526008606, 'learning_rate': 9.242408923937587e-05, 'epoch': 5.05}
{'loss': 4.6484, 'grad_norm': 1.2780314683914185, 'learning_rate': 9.24072389040542e-05, 'epoch': 5.05}
{'loss': 4.6292, 'grad_norm': 1.1159038543701172, 'learning_rate': 9.239038856873252e-05, 'epoch': 5.05}
{'loss': 4.643, 'grad_norm': 1.333943486213684, 'learning_rate': 9.237353823341085e-05, 'epoch': 5.06}
{'loss': 4.6719, 'grad_norm': 1.2499825954437256, 'learning_rate': 9.235668789808918e-05, 'epoch': 5.06}
{'loss': 4.6584, 'grad_norm': 1.2924816608428955, 'learning_rate': 9.233983756276751e-05, 'epoch': 5.07}
{'loss': 4.6419, 'grad_norm': 1.243338942527771, 'learning_rate': 9.232298722744583e-05, 'epoch': 5.07}
{'loss': 4.6567, 'grad_norm': 1.2923386096954346, 'learning_rate': 9.230613689212416e-05, 'epoch': 5.08}
{'loss': 4.6637, 'grad_norm': 1.215727686882019, 'learning_rate': 9.22892865568025e-05, 'epoch': 5.08}
{'loss': 4.6806, 'grad_norm': 1.204761266708374, 'learning_rate': 9.227243622148081e-05, 'epoch': 5.09}
{'loss': 4.6519, 'grad_norm': 1.2679898738861084, 'learning_rate': 9.225558588615913e-05, 'epoch': 5.09}
{'loss': 4.6698, 'grad_norm': 1.2526264190673828, 'learning_rate': 9.223873555083746e-05, 'epoch': 5.1}
{'loss': 4.6812, 'grad_norm': 1.210186243057251, 'learning_rate': 9.22218852155158e-05, 'epoch': 5.1}
{'loss': 4.6498, 'grad_norm': 1.1816927194595337, 'learning_rate': 9.220503488019411e-05, 'epoch': 5.1}
{'loss': 4.6515, 'grad_norm': 1.250236988067627, 'learning_rate': 9.218818454487244e-05, 'epoch': 5.11}
{'loss': 4.6511, 'grad_norm': 1.2666434049606323, 'learning_rate': 9.217133420955078e-05, 'epoch': 5.11}
{'loss': 4.6583, 'grad_norm': 1.2815673351287842, 'learning_rate': 9.215448387422911e-05, 'epoch': 5.12}
{'loss': 4.64, 'grad_norm': 1.2349916696548462, 'learning_rate': 9.213763353890743e-05, 'epoch': 5.12}
{'loss': 4.6572, 'grad_norm': 1.3878288269042969, 'learning_rate': 9.212078320358576e-05, 'epoch': 5.13}
{'loss': 4.6459, 'grad_norm': 1.5506316423416138, 'learning_rate': 9.210393286826409e-05, 'epoch': 5.13}
{'loss': 4.6571, 'grad_norm': 1.2733502388000488, 'learning_rate': 9.208708253294241e-05, 'epoch': 5.14}
{'loss': 4.6426, 'grad_norm': 1.2117809057235718, 'learning_rate': 9.207023219762073e-05, 'epoch': 5.14}
{'loss': 4.6573, 'grad_norm': 1.2437752485275269, 'learning_rate': 9.205338186229906e-05, 'epoch': 5.15}
{'loss': 4.6648, 'grad_norm': 1.3152073621749878, 'learning_rate': 9.203653152697739e-05, 'epoch': 5.15}
{'loss': 4.6796, 'grad_norm': 1.207147240638733, 'learning_rate': 9.201968119165571e-05, 'epoch': 5.15}
{'loss': 4.6497, 'grad_norm': 1.2338409423828125, 'learning_rate': 9.200283085633404e-05, 'epoch': 5.16}
{'loss': 4.6908, 'grad_norm': 1.300919532775879, 'learning_rate': 9.198598052101237e-05, 'epoch': 5.16}
{'loss': 4.6709, 'grad_norm': 1.2320668697357178, 'learning_rate': 9.19691301856907e-05, 'epoch': 5.17}
{'loss': 4.6819, 'grad_norm': 1.3980594873428345, 'learning_rate': 9.195227985036902e-05, 'epoch': 5.17}
{'loss': 4.6668, 'grad_norm': 1.5338823795318604, 'learning_rate': 9.193542951504736e-05, 'epoch': 5.18}
{'loss': 4.6667, 'grad_norm': 1.2146750688552856, 'learning_rate': 9.191857917972569e-05, 'epoch': 5.18}
{'loss': 4.6699, 'grad_norm': 1.1954705715179443, 'learning_rate': 9.1901728844404e-05, 'epoch': 5.19}
{'loss': 4.6559, 'grad_norm': 1.4020817279815674, 'learning_rate': 9.188487850908234e-05, 'epoch': 5.19}
{'loss': 4.6659, 'grad_norm': 1.2675734758377075, 'learning_rate': 9.186802817376067e-05, 'epoch': 5.2}
{'loss': 4.6867, 'grad_norm': 1.5871580839157104, 'learning_rate': 9.185117783843899e-05, 'epoch': 5.2}
{'loss': 4.6778, 'grad_norm': 1.5631948709487915, 'learning_rate': 9.18343275031173e-05, 'epoch': 5.2}
{'loss': 4.6478, 'grad_norm': 1.2429121732711792, 'learning_rate': 9.181747716779564e-05, 'epoch': 5.21}
{'loss': 4.6839, 'grad_norm': 1.2912087440490723, 'learning_rate': 9.180062683247397e-05, 'epoch': 5.21}
{'loss': 4.6583, 'grad_norm': 1.2685682773590088, 'learning_rate': 9.17837764971523e-05, 'epoch': 5.22}
{'loss': 4.6669, 'grad_norm': 1.3673515319824219, 'learning_rate': 9.176692616183062e-05, 'epoch': 5.22}
{'loss': 4.6609, 'grad_norm': 1.2774256467819214, 'learning_rate': 9.175007582650895e-05, 'epoch': 5.23}
{'loss': 4.697, 'grad_norm': 1.2994188070297241, 'learning_rate': 9.173322549118728e-05, 'epoch': 5.23}
{'loss': 4.6744, 'grad_norm': 1.3851603269577026, 'learning_rate': 9.17163751558656e-05, 'epoch': 5.24}
{'loss': 4.6938, 'grad_norm': 1.4964619874954224, 'learning_rate': 9.169952482054393e-05, 'epoch': 5.24}
{'loss': 4.6729, 'grad_norm': 1.2906038761138916, 'learning_rate': 9.168267448522227e-05, 'epoch': 5.25}
{'loss': 4.6691, 'grad_norm': 1.3133841753005981, 'learning_rate': 9.16658241499006e-05, 'epoch': 5.25}
{'loss': 4.6771, 'grad_norm': 1.1832531690597534, 'learning_rate': 9.16489738145789e-05, 'epoch': 5.25}
{'loss': 4.6849, 'grad_norm': 1.2787262201309204, 'learning_rate': 9.163212347925723e-05, 'epoch': 5.26}
{'loss': 4.6839, 'grad_norm': 1.3727773427963257, 'learning_rate': 9.161527314393557e-05, 'epoch': 5.26}
{'loss': 4.6954, 'grad_norm': 1.2471734285354614, 'learning_rate': 9.15984228086139e-05, 'epoch': 5.27}
{'loss': 4.6785, 'grad_norm': 1.3795300722122192, 'learning_rate': 9.158157247329222e-05, 'epoch': 5.27}
{'loss': 4.6668, 'grad_norm': 1.2651852369308472, 'learning_rate': 9.156472213797055e-05, 'epoch': 5.28}
{'loss': 4.6881, 'grad_norm': 1.2809275388717651, 'learning_rate': 9.154787180264888e-05, 'epoch': 5.28}
{'loss': 4.6929, 'grad_norm': 1.2518150806427002, 'learning_rate': 9.15310214673272e-05, 'epoch': 5.29}
{'loss': 4.6464, 'grad_norm': 1.4557522535324097, 'learning_rate': 9.151417113200553e-05, 'epoch': 5.29}
{'loss': 4.6562, 'grad_norm': 1.2775583267211914, 'learning_rate': 9.149732079668386e-05, 'epoch': 5.3}
{'loss': 4.6574, 'grad_norm': 1.164765477180481, 'learning_rate': 9.14804704613622e-05, 'epoch': 5.3}
{'loss': 4.6836, 'grad_norm': 1.240970253944397, 'learning_rate': 9.146362012604051e-05, 'epoch': 5.3}
{'loss': 4.6393, 'grad_norm': 1.2093021869659424, 'learning_rate': 9.144676979071884e-05, 'epoch': 5.31}
{'loss': 4.661, 'grad_norm': 1.3138221502304077, 'learning_rate': 9.142991945539716e-05, 'epoch': 5.31}
{'loss': 4.6684, 'grad_norm': 1.4795055389404297, 'learning_rate': 9.14130691200755e-05, 'epoch': 5.32}
{'loss': 4.6607, 'grad_norm': 1.24617338180542, 'learning_rate': 9.139621878475381e-05, 'epoch': 5.32}
{'loss': 4.6934, 'grad_norm': 1.243978500366211, 'learning_rate': 9.137936844943215e-05, 'epoch': 5.33}
{'loss': 4.6813, 'grad_norm': 1.2457674741744995, 'learning_rate': 9.136251811411048e-05, 'epoch': 5.33}
{'loss': 4.6855, 'grad_norm': 1.1665128469467163, 'learning_rate': 9.13456677787888e-05, 'epoch': 5.34}
{'loss': 4.6948, 'grad_norm': 1.2087202072143555, 'learning_rate': 9.132881744346713e-05, 'epoch': 5.34}
{'loss': 4.6884, 'grad_norm': 1.7753827571868896, 'learning_rate': 9.131196710814546e-05, 'epoch': 5.35}
{'loss': 4.6806, 'grad_norm': 1.305540919303894, 'learning_rate': 9.129511677282379e-05, 'epoch': 5.35}
{'loss': 4.6678, 'grad_norm': 1.3771687746047974, 'learning_rate': 9.127826643750211e-05, 'epoch': 5.35}
{'loss': 4.7035, 'grad_norm': 1.7104803323745728, 'learning_rate': 9.126141610218044e-05, 'epoch': 5.36}
{'loss': 4.696, 'grad_norm': 1.273094892501831, 'learning_rate': 9.124456576685877e-05, 'epoch': 5.36}
{'loss': 4.6993, 'grad_norm': 1.2082672119140625, 'learning_rate': 9.122771543153709e-05, 'epoch': 5.37}
{'loss': 4.6751, 'grad_norm': 1.2689459323883057, 'learning_rate': 9.121086509621541e-05, 'epoch': 5.37}
{'loss': 4.7027, 'grad_norm': 1.235702633857727, 'learning_rate': 9.119401476089374e-05, 'epoch': 5.38}
{'loss': 4.7181, 'grad_norm': 1.4042468070983887, 'learning_rate': 9.117716442557207e-05, 'epoch': 5.38}
{'loss': 4.6786, 'grad_norm': 1.4359912872314453, 'learning_rate': 9.116031409025039e-05, 'epoch': 5.39}
{'loss': 4.7144, 'grad_norm': 1.3000781536102295, 'learning_rate': 9.114346375492872e-05, 'epoch': 5.39}
{'loss': 4.681, 'grad_norm': 1.2309991121292114, 'learning_rate': 9.112661341960706e-05, 'epoch': 5.4}
{'loss': 4.7008, 'grad_norm': 1.543940544128418, 'learning_rate': 9.110976308428539e-05, 'epoch': 5.4}
{'loss': 4.6899, 'grad_norm': 1.351690411567688, 'learning_rate': 9.10929127489637e-05, 'epoch': 5.4}
{'loss': 4.6837, 'grad_norm': 1.2395230531692505, 'learning_rate': 9.107606241364204e-05, 'epoch': 5.41}
{'loss': 4.7355, 'grad_norm': 1.3567616939544678, 'learning_rate': 9.105921207832037e-05, 'epoch': 5.41}
{'loss': 4.7374, 'grad_norm': 1.2993086576461792, 'learning_rate': 9.104236174299869e-05, 'epoch': 5.42}
{'loss': 4.7183, 'grad_norm': 1.2753586769104004, 'learning_rate': 9.102551140767702e-05, 'epoch': 5.42}
{'loss': 4.7069, 'grad_norm': 1.2003934383392334, 'learning_rate': 9.100866107235534e-05, 'epoch': 5.43}
{'loss': 4.7075, 'grad_norm': 1.305482268333435, 'learning_rate': 9.099181073703367e-05, 'epoch': 5.43}
{'loss': 4.6988, 'grad_norm': 1.2745425701141357, 'learning_rate': 9.097496040171199e-05, 'epoch': 5.44}
{'loss': 4.6992, 'grad_norm': 1.157535433769226, 'learning_rate': 9.095811006639032e-05, 'epoch': 5.44}
{'loss': 4.7312, 'grad_norm': 1.2053710222244263, 'learning_rate': 9.094125973106865e-05, 'epoch': 5.45}
{'loss': 4.7, 'grad_norm': 1.6323750019073486, 'learning_rate': 9.092440939574698e-05, 'epoch': 5.45}
{'loss': 4.7204, 'grad_norm': 1.1457690000534058, 'learning_rate': 9.09075590604253e-05, 'epoch': 5.45}
{'loss': 4.714, 'grad_norm': 1.1665040254592896, 'learning_rate': 9.089070872510363e-05, 'epoch': 5.46}
pred : and
label: ardent in the prosecution of heresy cyril auspiciously opened his reign by oppressing the novatians the most innocent and harmless of the sectaries
pred : and
label: without any legal sentence without any royal mandate the patriarch at the dawn of day led a seditious multitude to the attack of the synagogues
pred : and
label: such crimes would have deserved the animadversion of the magistrate but in this promiscuous outrage the innocent were confounded with the guilty and alexandria was impoverished by the loss of a wealthy and industrious colony
pred : and
label: ardent in the prosecution of heresy cyril auspiciously opened his reign by oppressing the novatians the most innocent and harmless of the sectaries
pred : and
label: without any legal sentence without any royal mandate the patriarch at the dawn of day led a seditious multitude to the attack of the synagogues
pred : and
label: such crimes would have deserved the animadversion of the magistrate but in this promiscuous outrage the innocent were confounded with the guilty and alexandria was impoverished by the loss of a wealthy and industrious colony
pred : and
label: ardent in the prosecution of heresy cyril auspiciously opened his reign by oppressing the novatians the most innocent and harmless of the sectaries
pred : and
label: without any legal sentence without any royal mandate the patriarch at the dawn of day led a seditious multitude to the attack of the synagogues
pred : and
label: such crimes would have deserved the animadversion of the magistrate but in this promiscuous outrage the innocent were confounded with the guilty and alexandria was impoverished by the loss of a wealthy and industrious colony
pred : and
label: ardent in the prosecution of heresy cyril auspiciously opened his reign by oppressing the novatians the most innocent and harmless of the sectaries
pred : and
label: without any legal sentence without any royal mandate the patriarch at the dawn of day led a seditious multitude to the attack of the synagogues
pred : and
label: such crimes would have deserved the animadversion of the magistrate but in this promiscuous outrage the innocent were confounded with the guilty and alexandria was impoverished by the loss of a wealthy and industrious colony
{'eval_loss': 6.007120609283447, 'eval_bleu': 0.0, 'eval_wer': 0.9771383561253831, 'eval_cer': 0.972805173166184, 'eval_rouge1': 0.04111535144076195, 'eval_rouge2': 0.0, 'eval_rougeL': 0.04108149647954991, 'eval_runtime': 18.825, 'eval_samples_per_second': 295.723, 'eval_steps_per_second': 1.541, 'epoch': 5.46}
{'loss': 4.7131, 'grad_norm': 1.6503512859344482, 'learning_rate': 9.087385838978197e-05, 'epoch': 5.46}
{'loss': 4.6899, 'grad_norm': 1.2059555053710938, 'learning_rate': 9.085700805446028e-05, 'epoch': 5.47}
{'loss': 4.6957, 'grad_norm': 1.308502435684204, 'learning_rate': 9.084015771913862e-05, 'epoch': 5.47}
{'loss': 4.6908, 'grad_norm': 1.2439805269241333, 'learning_rate': 9.082330738381695e-05, 'epoch': 5.48}
{'loss': 4.6917, 'grad_norm': 1.2120072841644287, 'learning_rate': 9.080645704849528e-05, 'epoch': 5.48}
{'loss': 4.7216, 'grad_norm': 1.22886061668396, 'learning_rate': 9.07896067131736e-05, 'epoch': 5.49}
{'loss': 4.6984, 'grad_norm': 1.1840680837631226, 'learning_rate': 9.077275637785192e-05, 'epoch': 5.49}
{'loss': 4.7113, 'grad_norm': 1.534553050994873, 'learning_rate': 9.075590604253025e-05, 'epoch': 5.5}
{'loss': 4.7093, 'grad_norm': 1.2774938344955444, 'learning_rate': 9.073905570720858e-05, 'epoch': 5.5}
{'loss': 4.6843, 'grad_norm': 1.264919638633728, 'learning_rate': 9.07222053718869e-05, 'epoch': 5.51}
{'loss': 4.6939, 'grad_norm': 1.169891595840454, 'learning_rate': 9.070535503656523e-05, 'epoch': 5.51}
{'loss': 4.7094, 'grad_norm': 1.4233016967773438, 'learning_rate': 9.068850470124356e-05, 'epoch': 5.51}
{'loss': 4.7165, 'grad_norm': 1.239927887916565, 'learning_rate': 9.067165436592188e-05, 'epoch': 5.52}
{'loss': 4.695, 'grad_norm': 1.2479153871536255, 'learning_rate': 9.065480403060021e-05, 'epoch': 5.52}
{'loss': 4.6888, 'grad_norm': 1.3250788450241089, 'learning_rate': 9.063795369527854e-05, 'epoch': 5.53}
{'loss': 4.6985, 'grad_norm': 1.4926456212997437, 'learning_rate': 9.062110335995688e-05, 'epoch': 5.53}
{'loss': 4.6858, 'grad_norm': 1.2589696645736694, 'learning_rate': 9.06042530246352e-05, 'epoch': 5.54}
{'loss': 4.7096, 'grad_norm': 1.2623519897460938, 'learning_rate': 9.058740268931351e-05, 'epoch': 5.54}
{'loss': 4.6935, 'grad_norm': 1.2345259189605713, 'learning_rate': 9.057055235399185e-05, 'epoch': 5.55}
{'loss': 4.6891, 'grad_norm': 1.2636164426803589, 'learning_rate': 9.055370201867018e-05, 'epoch': 5.55}
{'loss': 4.7185, 'grad_norm': 1.4074156284332275, 'learning_rate': 9.05368516833485e-05, 'epoch': 5.56}
{'loss': 4.6958, 'grad_norm': 1.2633731365203857, 'learning_rate': 9.052000134802683e-05, 'epoch': 5.56}
{'loss': 4.6901, 'grad_norm': 1.1846818923950195, 'learning_rate': 9.050315101270516e-05, 'epoch': 5.56}
{'loss': 4.7296, 'grad_norm': 1.3137176036834717, 'learning_rate': 9.048630067738348e-05, 'epoch': 5.57}
{'loss': 4.692, 'grad_norm': 1.226900577545166, 'learning_rate': 9.046945034206181e-05, 'epoch': 5.57}
{'loss': 4.7224, 'grad_norm': 1.2666727304458618, 'learning_rate': 9.045260000674014e-05, 'epoch': 5.58}
{'loss': 4.6982, 'grad_norm': 1.2319416999816895, 'learning_rate': 9.043574967141847e-05, 'epoch': 5.58}
{'loss': 4.6988, 'grad_norm': 1.3729400634765625, 'learning_rate': 9.041889933609679e-05, 'epoch': 5.59}
{'loss': 4.7085, 'grad_norm': 1.2034794092178345, 'learning_rate': 9.040204900077512e-05, 'epoch': 5.59}
{'loss': 4.6983, 'grad_norm': 1.3803411722183228, 'learning_rate': 9.038519866545346e-05, 'epoch': 5.6}
{'loss': 4.7013, 'grad_norm': 1.2592679262161255, 'learning_rate': 9.036834833013177e-05, 'epoch': 5.6}
{'loss': 4.687, 'grad_norm': 1.2183003425598145, 'learning_rate': 9.035149799481009e-05, 'epoch': 5.61}
{'loss': 4.691, 'grad_norm': 1.5444238185882568, 'learning_rate': 9.033464765948842e-05, 'epoch': 5.61}
{'loss': 4.6829, 'grad_norm': 1.2935956716537476, 'learning_rate': 9.031779732416676e-05, 'epoch': 5.61}
{'loss': 4.6961, 'grad_norm': 1.3064837455749512, 'learning_rate': 9.030094698884509e-05, 'epoch': 5.62}
{'loss': 4.7036, 'grad_norm': 1.424343228340149, 'learning_rate': 9.02840966535234e-05, 'epoch': 5.62}
{'loss': 4.7017, 'grad_norm': 1.3992679119110107, 'learning_rate': 9.026724631820174e-05, 'epoch': 5.63}
{'loss': 4.7039, 'grad_norm': 1.2719666957855225, 'learning_rate': 9.025039598288007e-05, 'epoch': 5.63}
{'loss': 4.71, 'grad_norm': 1.1984549760818481, 'learning_rate': 9.023354564755839e-05, 'epoch': 5.64}
{'loss': 4.7149, 'grad_norm': 1.2817599773406982, 'learning_rate': 9.021669531223672e-05, 'epoch': 5.64}
{'loss': 4.717, 'grad_norm': 1.2429050207138062, 'learning_rate': 9.019984497691505e-05, 'epoch': 5.65}
{'loss': 4.6893, 'grad_norm': 1.3481471538543701, 'learning_rate': 9.018299464159337e-05, 'epoch': 5.65}
{'loss': 4.6958, 'grad_norm': 1.1984138488769531, 'learning_rate': 9.016614430627169e-05, 'epoch': 5.66}
{'loss': 4.7136, 'grad_norm': 1.4006879329681396, 'learning_rate': 9.014929397095002e-05, 'epoch': 5.66}
{'loss': 4.7296, 'grad_norm': 1.2759220600128174, 'learning_rate': 9.013244363562835e-05, 'epoch': 5.66}
{'loss': 4.6879, 'grad_norm': 1.3594979047775269, 'learning_rate': 9.011559330030668e-05, 'epoch': 5.67}
{'loss': 4.7166, 'grad_norm': 1.321207046508789, 'learning_rate': 9.0098742964985e-05, 'epoch': 5.67}
{'loss': 4.686, 'grad_norm': 1.4448946714401245, 'learning_rate': 9.008189262966333e-05, 'epoch': 5.68}
{'loss': 4.7019, 'grad_norm': 1.2328507900238037, 'learning_rate': 9.006504229434167e-05, 'epoch': 5.68}
{'loss': 4.7139, 'grad_norm': 1.1805006265640259, 'learning_rate': 9.004819195901998e-05, 'epoch': 5.69}
{'loss': 4.7039, 'grad_norm': 1.3795918226242065, 'learning_rate': 9.003134162369832e-05, 'epoch': 5.69}
{'loss': 4.6941, 'grad_norm': 1.3525804281234741, 'learning_rate': 9.001449128837665e-05, 'epoch': 5.7}
{'loss': 4.7092, 'grad_norm': 1.344780683517456, 'learning_rate': 8.999764095305498e-05, 'epoch': 5.7}
{'loss': 4.7096, 'grad_norm': 1.1763383150100708, 'learning_rate': 8.99807906177333e-05, 'epoch': 5.71}
{'loss': 4.6771, 'grad_norm': 1.185500144958496, 'learning_rate': 8.996394028241163e-05, 'epoch': 5.71}
{'loss': 4.7196, 'grad_norm': 1.2039858102798462, 'learning_rate': 8.994708994708995e-05, 'epoch': 5.71}
{'loss': 4.6983, 'grad_norm': 1.1848323345184326, 'learning_rate': 8.993023961176828e-05, 'epoch': 5.72}
{'loss': 4.7079, 'grad_norm': 1.574491262435913, 'learning_rate': 8.99133892764466e-05, 'epoch': 5.72}
{'loss': 4.7, 'grad_norm': 1.2660048007965088, 'learning_rate': 8.989653894112493e-05, 'epoch': 5.73}
{'loss': 4.7168, 'grad_norm': 1.2280908823013306, 'learning_rate': 8.987968860580326e-05, 'epoch': 5.73}
{'loss': 4.691, 'grad_norm': 1.195789098739624, 'learning_rate': 8.986283827048158e-05, 'epoch': 5.74}
{'loss': 4.7101, 'grad_norm': 1.1836758852005005, 'learning_rate': 8.984598793515991e-05, 'epoch': 5.74}
{'loss': 4.7097, 'grad_norm': 1.3477052450180054, 'learning_rate': 8.982913759983824e-05, 'epoch': 5.75}
{'loss': 4.7171, 'grad_norm': 1.3810955286026, 'learning_rate': 8.981228726451658e-05, 'epoch': 5.75}
{'loss': 4.6889, 'grad_norm': 1.203694462776184, 'learning_rate': 8.97954369291949e-05, 'epoch': 5.76}
{'loss': 4.7071, 'grad_norm': 1.3457494974136353, 'learning_rate': 8.977858659387323e-05, 'epoch': 5.76}
{'loss': 4.7005, 'grad_norm': 1.3001288175582886, 'learning_rate': 8.976173625855156e-05, 'epoch': 5.76}
{'loss': 4.7282, 'grad_norm': 1.3078662157058716, 'learning_rate': 8.974488592322988e-05, 'epoch': 5.77}
{'loss': 4.716, 'grad_norm': 1.1873670816421509, 'learning_rate': 8.97280355879082e-05, 'epoch': 5.77}
{'loss': 4.6975, 'grad_norm': 1.3196821212768555, 'learning_rate': 8.971118525258653e-05, 'epoch': 5.78}
{'loss': 4.7152, 'grad_norm': 1.1874966621398926, 'learning_rate': 8.969433491726486e-05, 'epoch': 5.78}
{'loss': 4.6941, 'grad_norm': 1.250794768333435, 'learning_rate': 8.967748458194318e-05, 'epoch': 5.79}
{'loss': 4.7198, 'grad_norm': 1.2026766538619995, 'learning_rate': 8.966063424662151e-05, 'epoch': 5.79}
{'loss': 4.7256, 'grad_norm': 1.3261539936065674, 'learning_rate': 8.964378391129984e-05, 'epoch': 5.8}
{'loss': 4.7136, 'grad_norm': 1.203315019607544, 'learning_rate': 8.962693357597817e-05, 'epoch': 5.8}
{'loss': 4.7096, 'grad_norm': 1.162102460861206, 'learning_rate': 8.961008324065649e-05, 'epoch': 5.81}
{'loss': 4.7201, 'grad_norm': 1.1691858768463135, 'learning_rate': 8.959323290533482e-05, 'epoch': 5.81}
{'loss': 4.6906, 'grad_norm': 1.4021683931350708, 'learning_rate': 8.957638257001316e-05, 'epoch': 5.81}
{'loss': 4.7168, 'grad_norm': 1.1679930686950684, 'learning_rate': 8.955953223469147e-05, 'epoch': 5.82}
{'loss': 4.7077, 'grad_norm': 1.2197452783584595, 'learning_rate': 8.95426818993698e-05, 'epoch': 5.82}
{'loss': 4.7139, 'grad_norm': 1.252814531326294, 'learning_rate': 8.952583156404812e-05, 'epoch': 5.83}
{'loss': 4.7158, 'grad_norm': 1.276212215423584, 'learning_rate': 8.950898122872646e-05, 'epoch': 5.83}
{'loss': 4.6942, 'grad_norm': 1.3958450555801392, 'learning_rate': 8.949213089340477e-05, 'epoch': 5.84}
{'loss': 4.708, 'grad_norm': 1.8318160772323608, 'learning_rate': 8.94752805580831e-05, 'epoch': 5.84}
{'loss': 4.6884, 'grad_norm': 1.3346647024154663, 'learning_rate': 8.945843022276144e-05, 'epoch': 5.85}
{'loss': 4.7026, 'grad_norm': 1.1760262250900269, 'learning_rate': 8.944157988743977e-05, 'epoch': 5.85}
{'loss': 4.6974, 'grad_norm': 1.182820200920105, 'learning_rate': 8.942472955211809e-05, 'epoch': 5.86}
{'loss': 4.6914, 'grad_norm': 1.273822546005249, 'learning_rate': 8.940787921679642e-05, 'epoch': 5.86}
{'loss': 4.7113, 'grad_norm': 1.4386348724365234, 'learning_rate': 8.939102888147475e-05, 'epoch': 5.86}
{'loss': 4.7189, 'grad_norm': 1.1998984813690186, 'learning_rate': 8.937417854615307e-05, 'epoch': 5.87}
{'loss': 4.7173, 'grad_norm': 1.2558120489120483, 'learning_rate': 8.93573282108314e-05, 'epoch': 5.87}
{'loss': 4.7032, 'grad_norm': 1.499178409576416, 'learning_rate': 8.934047787550973e-05, 'epoch': 5.88}
{'loss': 4.7211, 'grad_norm': 1.306302547454834, 'learning_rate': 8.932362754018807e-05, 'epoch': 5.88}
{'loss': 4.7154, 'grad_norm': 1.1976665258407593, 'learning_rate': 8.930677720486637e-05, 'epoch': 5.89}
{'loss': 4.702, 'grad_norm': 1.2149258852005005, 'learning_rate': 8.92899268695447e-05, 'epoch': 5.89}
{'loss': 4.7258, 'grad_norm': 1.3449045419692993, 'learning_rate': 8.927307653422303e-05, 'epoch': 5.9}
{'loss': 4.7181, 'grad_norm': 1.2667604684829712, 'learning_rate': 8.925622619890137e-05, 'epoch': 5.9}
{'loss': 4.7196, 'grad_norm': 1.1912590265274048, 'learning_rate': 8.923937586357968e-05, 'epoch': 5.91}
{'loss': 4.7079, 'grad_norm': 1.1732522249221802, 'learning_rate': 8.922252552825802e-05, 'epoch': 5.91}
{'loss': 4.727, 'grad_norm': 1.4378138780593872, 'learning_rate': 8.920567519293635e-05, 'epoch': 5.91}
{'loss': 4.6988, 'grad_norm': 1.175796389579773, 'learning_rate': 8.918882485761467e-05, 'epoch': 5.92}
{'loss': 4.7006, 'grad_norm': 1.3986670970916748, 'learning_rate': 8.9171974522293e-05, 'epoch': 5.92}
{'loss': 4.6816, 'grad_norm': 1.5888715982437134, 'learning_rate': 8.915512418697133e-05, 'epoch': 5.93}
{'loss': 4.6966, 'grad_norm': 1.1677027940750122, 'learning_rate': 8.913827385164966e-05, 'epoch': 5.93}
{'loss': 4.7152, 'grad_norm': 1.3163740634918213, 'learning_rate': 8.912142351632798e-05, 'epoch': 5.94}
{'loss': 4.694, 'grad_norm': 1.4358887672424316, 'learning_rate': 8.91045731810063e-05, 'epoch': 5.94}
{'loss': 4.7162, 'grad_norm': 1.2193801403045654, 'learning_rate': 8.908772284568463e-05, 'epoch': 5.95}
{'loss': 4.7119, 'grad_norm': 1.3553723096847534, 'learning_rate': 8.907087251036296e-05, 'epoch': 5.95}
{'loss': 4.7107, 'grad_norm': 1.22983717918396, 'learning_rate': 8.905402217504128e-05, 'epoch': 5.96}
{'loss': 4.7134, 'grad_norm': 1.1920698881149292, 'learning_rate': 8.903717183971961e-05, 'epoch': 5.96}
{'loss': 4.7329, 'grad_norm': 1.313668131828308, 'learning_rate': 8.902032150439795e-05, 'epoch': 5.96}
{'loss': 4.7132, 'grad_norm': 1.2105555534362793, 'learning_rate': 8.900347116907626e-05, 'epoch': 5.97}
{'loss': 4.7045, 'grad_norm': 1.2358561754226685, 'learning_rate': 8.89866208337546e-05, 'epoch': 5.97}
{'loss': 4.7076, 'grad_norm': 1.27449369430542, 'learning_rate': 8.896977049843293e-05, 'epoch': 5.98}
{'loss': 4.7084, 'grad_norm': 1.1102627515792847, 'learning_rate': 8.895292016311126e-05, 'epoch': 5.98}
{'loss': 4.6994, 'grad_norm': 1.3119653463363647, 'learning_rate': 8.893606982778958e-05, 'epoch': 5.99}
{'loss': 4.6902, 'grad_norm': 1.3374968767166138, 'learning_rate': 8.891921949246791e-05, 'epoch': 5.99}
{'loss': 4.6949, 'grad_norm': 1.2471673488616943, 'learning_rate': 8.890236915714624e-05, 'epoch': 6.0}
{'loss': 4.6569, 'grad_norm': 1.2276719808578491, 'learning_rate': 8.888551882182456e-05, 'epoch': 6.0}
{'loss': 4.5588, 'grad_norm': 1.265546202659607, 'learning_rate': 8.886866848650288e-05, 'epoch': 6.01}
{'loss': 4.5498, 'grad_norm': 1.2339199781417847, 'learning_rate': 8.885181815118121e-05, 'epoch': 6.01}
{'loss': 4.5593, 'grad_norm': 1.6488170623779297, 'learning_rate': 8.883496781585954e-05, 'epoch': 6.01}
{'loss': 4.5757, 'grad_norm': 1.4557713270187378, 'learning_rate': 8.881811748053786e-05, 'epoch': 6.02}
{'loss': 4.5501, 'grad_norm': 1.2985445261001587, 'learning_rate': 8.880126714521619e-05, 'epoch': 6.02}
{'loss': 4.5742, 'grad_norm': 1.2252113819122314, 'learning_rate': 8.878441680989452e-05, 'epoch': 6.03}
{'loss': 4.5589, 'grad_norm': 1.2431319952011108, 'learning_rate': 8.876756647457286e-05, 'epoch': 6.03}
{'loss': 4.5741, 'grad_norm': 1.2229171991348267, 'learning_rate': 8.875071613925117e-05, 'epoch': 6.04}
{'loss': 4.5459, 'grad_norm': 1.3083994388580322, 'learning_rate': 8.87338658039295e-05, 'epoch': 6.04}
{'loss': 4.5548, 'grad_norm': 1.329816222190857, 'learning_rate': 8.871701546860784e-05, 'epoch': 6.05}
{'loss': 4.5726, 'grad_norm': 1.4122798442840576, 'learning_rate': 8.870016513328616e-05, 'epoch': 6.05}
{'loss': 4.597, 'grad_norm': 1.2582316398620605, 'learning_rate': 8.868331479796447e-05, 'epoch': 6.06}
{'loss': 4.5587, 'grad_norm': 1.3394831418991089, 'learning_rate': 8.86664644626428e-05, 'epoch': 6.06}
{'loss': 4.5746, 'grad_norm': 1.245713472366333, 'learning_rate': 8.864961412732114e-05, 'epoch': 6.06}
{'loss': 4.5748, 'grad_norm': 1.4653542041778564, 'learning_rate': 8.863276379199946e-05, 'epoch': 6.07}
{'loss': 4.5811, 'grad_norm': 1.2579103708267212, 'learning_rate': 8.861591345667779e-05, 'epoch': 6.07}
{'loss': 4.5831, 'grad_norm': 1.2339184284210205, 'learning_rate': 8.859906312135612e-05, 'epoch': 6.08}
{'loss': 4.5832, 'grad_norm': 1.3873603343963623, 'learning_rate': 8.858221278603445e-05, 'epoch': 6.08}
{'loss': 4.5884, 'grad_norm': 1.3351167440414429, 'learning_rate': 8.856536245071277e-05, 'epoch': 6.09}
{'loss': 4.5825, 'grad_norm': 1.5527387857437134, 'learning_rate': 8.85485121153911e-05, 'epoch': 6.09}
{'loss': 4.571, 'grad_norm': 1.3016972541809082, 'learning_rate': 8.853166178006943e-05, 'epoch': 6.1}
{'loss': 4.5589, 'grad_norm': 1.4723399877548218, 'learning_rate': 8.851481144474775e-05, 'epoch': 6.1}
{'loss': 4.57, 'grad_norm': 1.260539174079895, 'learning_rate': 8.849796110942608e-05, 'epoch': 6.11}
{'loss': 4.5445, 'grad_norm': 1.273025393486023, 'learning_rate': 8.848111077410442e-05, 'epoch': 6.11}
{'loss': 4.5822, 'grad_norm': 1.269903302192688, 'learning_rate': 8.846426043878273e-05, 'epoch': 6.11}
{'loss': 4.6032, 'grad_norm': 1.482898235321045, 'learning_rate': 8.844741010346105e-05, 'epoch': 6.12}
{'loss': 4.5755, 'grad_norm': 1.3994594812393188, 'learning_rate': 8.843055976813938e-05, 'epoch': 6.12}
{'loss': 4.5645, 'grad_norm': 1.2278281450271606, 'learning_rate': 8.841370943281772e-05, 'epoch': 6.13}
{'loss': 4.574, 'grad_norm': 1.2705281972885132, 'learning_rate': 8.839685909749605e-05, 'epoch': 6.13}
{'loss': 4.5592, 'grad_norm': 1.2610526084899902, 'learning_rate': 8.838000876217437e-05, 'epoch': 6.14}
{'loss': 4.5968, 'grad_norm': 1.3001586198806763, 'learning_rate': 8.83631584268527e-05, 'epoch': 6.14}
{'loss': 4.5922, 'grad_norm': 1.6841063499450684, 'learning_rate': 8.834630809153103e-05, 'epoch': 6.15}
{'loss': 4.5768, 'grad_norm': 1.2309575080871582, 'learning_rate': 8.832945775620935e-05, 'epoch': 6.15}
{'loss': 4.5897, 'grad_norm': 1.2814128398895264, 'learning_rate': 8.831260742088768e-05, 'epoch': 6.16}
{'loss': 4.5546, 'grad_norm': 1.2761460542678833, 'learning_rate': 8.829575708556601e-05, 'epoch': 6.16}
{'loss': 4.5983, 'grad_norm': 1.3779940605163574, 'learning_rate': 8.827890675024434e-05, 'epoch': 6.16}
{'loss': 4.5728, 'grad_norm': 1.3072458505630493, 'learning_rate': 8.826205641492265e-05, 'epoch': 6.17}
{'loss': 4.6113, 'grad_norm': 1.3310506343841553, 'learning_rate': 8.824520607960098e-05, 'epoch': 6.17}
{'loss': 4.5871, 'grad_norm': 1.2145800590515137, 'learning_rate': 8.822835574427931e-05, 'epoch': 6.18}
{'loss': 4.5839, 'grad_norm': 1.2672011852264404, 'learning_rate': 8.821150540895765e-05, 'epoch': 6.18}
{'loss': 4.5728, 'grad_norm': 1.3050943613052368, 'learning_rate': 8.819465507363596e-05, 'epoch': 6.19}
{'loss': 4.5712, 'grad_norm': 1.2201300859451294, 'learning_rate': 8.81778047383143e-05, 'epoch': 6.19}
{'loss': 4.579, 'grad_norm': 1.437130093574524, 'learning_rate': 8.816095440299263e-05, 'epoch': 6.2}
{'loss': 4.5973, 'grad_norm': 1.6261934041976929, 'learning_rate': 8.814410406767095e-05, 'epoch': 6.2}
{'loss': 4.6, 'grad_norm': 1.2826207876205444, 'learning_rate': 8.812725373234928e-05, 'epoch': 6.21}
{'loss': 4.5777, 'grad_norm': 1.2531805038452148, 'learning_rate': 8.811040339702761e-05, 'epoch': 6.21}
{'loss': 4.5935, 'grad_norm': 1.2660746574401855, 'learning_rate': 8.809355306170594e-05, 'epoch': 6.21}
{'loss': 4.5723, 'grad_norm': 1.3734135627746582, 'learning_rate': 8.807670272638426e-05, 'epoch': 6.22}
{'loss': 4.5576, 'grad_norm': 1.2655080556869507, 'learning_rate': 8.805985239106259e-05, 'epoch': 6.22}
{'loss': 4.5739, 'grad_norm': 1.4835996627807617, 'learning_rate': 8.804300205574091e-05, 'epoch': 6.23}
{'loss': 4.5937, 'grad_norm': 1.2335554361343384, 'learning_rate': 8.802615172041924e-05, 'epoch': 6.23}
{'loss': 4.5734, 'grad_norm': 1.3237946033477783, 'learning_rate': 8.800930138509756e-05, 'epoch': 6.24}
{'loss': 4.5825, 'grad_norm': 1.3027088642120361, 'learning_rate': 8.799245104977589e-05, 'epoch': 6.24}
{'loss': 4.605, 'grad_norm': 1.3954980373382568, 'learning_rate': 8.797560071445422e-05, 'epoch': 6.25}
{'loss': 4.5893, 'grad_norm': 1.355219841003418, 'learning_rate': 8.795875037913254e-05, 'epoch': 6.25}
{'loss': 4.5949, 'grad_norm': 1.3366608619689941, 'learning_rate': 8.794190004381087e-05, 'epoch': 6.26}
{'loss': 4.6002, 'grad_norm': 1.237013339996338, 'learning_rate': 8.79250497084892e-05, 'epoch': 6.26}
{'loss': 4.5927, 'grad_norm': 1.252567172050476, 'learning_rate': 8.790819937316754e-05, 'epoch': 6.26}
{'loss': 4.6195, 'grad_norm': 1.2868835926055908, 'learning_rate': 8.789134903784586e-05, 'epoch': 6.27}
{'loss': 4.608, 'grad_norm': 1.2387518882751465, 'learning_rate': 8.787449870252419e-05, 'epoch': 6.27}
{'loss': 4.5858, 'grad_norm': 1.2517869472503662, 'learning_rate': 8.785764836720252e-05, 'epoch': 6.28}
{'loss': 4.594, 'grad_norm': 1.3575866222381592, 'learning_rate': 8.784079803188084e-05, 'epoch': 6.28}
{'loss': 4.6091, 'grad_norm': 1.6263346672058105, 'learning_rate': 8.782394769655916e-05, 'epoch': 6.29}
{'loss': 4.5837, 'grad_norm': 1.2446585893630981, 'learning_rate': 8.780709736123749e-05, 'epoch': 6.29}
{'loss': 4.6046, 'grad_norm': 1.426637053489685, 'learning_rate': 8.779024702591582e-05, 'epoch': 6.3}
{'loss': 4.599, 'grad_norm': 1.4619464874267578, 'learning_rate': 8.777339669059414e-05, 'epoch': 6.3}
{'loss': 4.6057, 'grad_norm': 1.2367351055145264, 'learning_rate': 8.775654635527247e-05, 'epoch': 6.31}
{'loss': 4.6084, 'grad_norm': 1.5118199586868286, 'learning_rate': 8.77396960199508e-05, 'epoch': 6.31}
{'loss': 4.5975, 'grad_norm': 1.3266772031784058, 'learning_rate': 8.772284568462913e-05, 'epoch': 6.31}
{'loss': 4.5855, 'grad_norm': 1.2609823942184448, 'learning_rate': 8.770599534930745e-05, 'epoch': 6.32}
{'loss': 4.5826, 'grad_norm': 1.2668145895004272, 'learning_rate': 8.768914501398578e-05, 'epoch': 6.32}
{'loss': 4.5965, 'grad_norm': 1.2457940578460693, 'learning_rate': 8.767229467866412e-05, 'epoch': 6.33}
{'loss': 4.5872, 'grad_norm': 1.4270366430282593, 'learning_rate': 8.765544434334243e-05, 'epoch': 6.33}
{'loss': 4.5751, 'grad_norm': 1.225712776184082, 'learning_rate': 8.763859400802077e-05, 'epoch': 6.34}
{'loss': 4.6071, 'grad_norm': 1.311478853225708, 'learning_rate': 8.762174367269909e-05, 'epoch': 6.34}
{'loss': 4.5971, 'grad_norm': 1.2605743408203125, 'learning_rate': 8.760489333737742e-05, 'epoch': 6.35}
{'loss': 4.5885, 'grad_norm': 1.3864063024520874, 'learning_rate': 8.758804300205574e-05, 'epoch': 6.35}
{'loss': 4.5966, 'grad_norm': 1.2665766477584839, 'learning_rate': 8.757119266673407e-05, 'epoch': 6.36}
{'loss': 4.618, 'grad_norm': 1.6805959939956665, 'learning_rate': 8.75543423314124e-05, 'epoch': 6.36}
{'loss': 4.5909, 'grad_norm': 1.379149079322815, 'learning_rate': 8.753749199609073e-05, 'epoch': 6.36}
{'loss': 4.6055, 'grad_norm': 1.2508963346481323, 'learning_rate': 8.752064166076905e-05, 'epoch': 6.37}
pred : i
label: ardent in the prosecution of heresy cyril auspiciously opened his reign by oppressing the novatians the most innocent and harmless of the sectaries
pred : oh
label: without any legal sentence without any royal mandate the patriarch at the dawn of day led a seditious multitude to the attack of the synagogues
pred : oh
label: such crimes would have deserved the animadversion of the magistrate but in this promiscuous outrage the innocent were confounded with the guilty and alexandria was impoverished by the loss of a wealthy and industrious colony
pred : i
label: ardent in the prosecution of heresy cyril auspiciously opened his reign by oppressing the novatians the most innocent and harmless of the sectaries
pred : oh
label: without any legal sentence without any royal mandate the patriarch at the dawn of day led a seditious multitude to the attack of the synagogues
pred : oh
label: such crimes would have deserved the animadversion of the magistrate but in this promiscuous outrage the innocent were confounded with the guilty and alexandria was impoverished by the loss of a wealthy and industrious colony
pred : i
label: ardent in the prosecution of heresy cyril auspiciously opened his reign by oppressing the novatians the most innocent and harmless of the sectaries
pred : oh
label: without any legal sentence without any royal mandate the patriarch at the dawn of day led a seditious multitude to the attack of the synagogues
pred : oh
label: such crimes would have deserved the animadversion of the magistrate but in this promiscuous outrage the innocent were confounded with the guilty and alexandria was impoverished by the loss of a wealthy and industrious colony
pred : i
label: ardent in the prosecution of heresy cyril auspiciously opened his reign by oppressing the novatians the most innocent and harmless of the sectaries
pred : oh
label: without any legal sentence without any royal mandate the patriarch at the dawn of day led a seditious multitude to the attack of the synagogues
pred : oh
label: such crimes would have deserved the animadversion of the magistrate but in this promiscuous outrage the innocent were confounded with the guilty and alexandria was impoverished by the loss of a wealthy and industrious colony
{'eval_loss': 6.5071024894714355, 'eval_bleu': 0.0, 'eval_wer': 0.9929203875755649, 'eval_cer': 0.9872636388881876, 'eval_rouge1': 0.017276664269674665, 'eval_rouge2': 0.0, 'eval_rougeL': 0.01724628097349925, 'eval_runtime': 19.242, 'eval_samples_per_second': 289.314, 'eval_steps_per_second': 1.507, 'epoch': 6.37}
{'loss': 4.6164, 'grad_norm': 1.2593251466751099, 'learning_rate': 8.750379132544738e-05, 'epoch': 6.37}
{'loss': 4.6125, 'grad_norm': 1.433666706085205, 'learning_rate': 8.748694099012571e-05, 'epoch': 6.38}
{'loss': 4.6069, 'grad_norm': 1.183058261871338, 'learning_rate': 8.747009065480403e-05, 'epoch': 6.38}
{'loss': 4.5872, 'grad_norm': 1.2021032571792603, 'learning_rate': 8.745324031948236e-05, 'epoch': 6.39}
{'loss': 4.5849, 'grad_norm': 1.2611114978790283, 'learning_rate': 8.74363899841607e-05, 'epoch': 6.39}
{'loss': 4.6019, 'grad_norm': 1.2023768424987793, 'learning_rate': 8.741953964883901e-05, 'epoch': 6.4}
{'loss': 4.5844, 'grad_norm': 1.229508399963379, 'learning_rate': 8.740268931351733e-05, 'epoch': 6.4}
{'loss': 4.5786, 'grad_norm': 1.3226925134658813, 'learning_rate': 8.738583897819566e-05, 'epoch': 6.41}
{'loss': 4.5928, 'grad_norm': 1.3171343803405762, 'learning_rate': 8.7368988642874e-05, 'epoch': 6.41}
{'loss': 4.6137, 'grad_norm': 1.487585186958313, 'learning_rate': 8.735213830755233e-05, 'epoch': 6.41}
{'loss': 4.6, 'grad_norm': 1.2300797700881958, 'learning_rate': 8.733528797223065e-05, 'epoch': 6.42}
{'loss': 4.5832, 'grad_norm': 1.2017267942428589, 'learning_rate': 8.731843763690898e-05, 'epoch': 6.42}
{'loss': 4.6121, 'grad_norm': 1.5970184803009033, 'learning_rate': 8.730158730158731e-05, 'epoch': 6.43}
{'loss': 4.6114, 'grad_norm': 1.2773528099060059, 'learning_rate': 8.728473696626563e-05, 'epoch': 6.43}
{'loss': 4.5995, 'grad_norm': 1.2107834815979004, 'learning_rate': 8.726788663094396e-05, 'epoch': 6.44}
{'loss': 4.6075, 'grad_norm': 1.2846572399139404, 'learning_rate': 8.725103629562229e-05, 'epoch': 6.44}
{'loss': 4.5902, 'grad_norm': 1.2085775136947632, 'learning_rate': 8.723418596030062e-05, 'epoch': 6.45}
{'loss': 4.5982, 'grad_norm': 1.1967600584030151, 'learning_rate': 8.721733562497894e-05, 'epoch': 6.45}
{'loss': 4.6365, 'grad_norm': 1.53086519241333, 'learning_rate': 8.720048528965726e-05, 'epoch': 6.46}
{'loss': 4.5872, 'grad_norm': 1.2685819864273071, 'learning_rate': 8.718363495433559e-05, 'epoch': 6.46}
{'loss': 4.6254, 'grad_norm': 1.225829005241394, 'learning_rate': 8.716678461901392e-05, 'epoch': 6.46}
{'loss': 4.6027, 'grad_norm': 1.1919541358947754, 'learning_rate': 8.714993428369224e-05, 'epoch': 6.47}
{'loss': 4.6045, 'grad_norm': 1.2515959739685059, 'learning_rate': 8.713308394837057e-05, 'epoch': 6.47}
{'loss': 4.6106, 'grad_norm': 1.226698875427246, 'learning_rate': 8.71162336130489e-05, 'epoch': 6.48}
{'loss': 4.6046, 'grad_norm': 1.619320034980774, 'learning_rate': 8.709938327772722e-05, 'epoch': 6.48}
{'loss': 4.6255, 'grad_norm': 1.3638060092926025, 'learning_rate': 8.708253294240556e-05, 'epoch': 6.49}
{'loss': 4.6137, 'grad_norm': 1.2285791635513306, 'learning_rate': 8.706568260708389e-05, 'epoch': 6.49}
{'loss': 4.6306, 'grad_norm': 1.2274028062820435, 'learning_rate': 8.704883227176222e-05, 'epoch': 6.5}
{'loss': 4.6309, 'grad_norm': 1.2241674661636353, 'learning_rate': 8.703198193644054e-05, 'epoch': 6.5}
{'loss': 4.6109, 'grad_norm': 1.2724103927612305, 'learning_rate': 8.701513160111887e-05, 'epoch': 6.51}
{'loss': 4.5783, 'grad_norm': 1.5035396814346313, 'learning_rate': 8.69982812657972e-05, 'epoch': 6.51}
{'loss': 4.6027, 'grad_norm': 1.3229631185531616, 'learning_rate': 8.698143093047552e-05, 'epoch': 6.52}
{'loss': 4.6169, 'grad_norm': 1.2912712097167969, 'learning_rate': 8.696458059515384e-05, 'epoch': 6.52}
{'loss': 4.6194, 'grad_norm': 1.221781611442566, 'learning_rate': 8.694773025983217e-05, 'epoch': 6.52}
{'loss': 4.6162, 'grad_norm': 1.3243123292922974, 'learning_rate': 8.69308799245105e-05, 'epoch': 6.53}
{'loss': 4.602, 'grad_norm': 1.1863441467285156, 'learning_rate': 8.691402958918883e-05, 'epoch': 6.53}
{'loss': 4.6139, 'grad_norm': 1.3026268482208252, 'learning_rate': 8.689717925386715e-05, 'epoch': 6.54}
{'loss': 4.5916, 'grad_norm': 1.3476868867874146, 'learning_rate': 8.688032891854548e-05, 'epoch': 6.54}
{'loss': 4.6159, 'grad_norm': 1.3685216903686523, 'learning_rate': 8.686347858322382e-05, 'epoch': 6.55}
{'loss': 4.6191, 'grad_norm': 1.172903060913086, 'learning_rate': 8.684662824790214e-05, 'epoch': 6.55}
{'loss': 4.626, 'grad_norm': 1.3854291439056396, 'learning_rate': 8.682977791258047e-05, 'epoch': 6.56}
{'loss': 4.604, 'grad_norm': 1.3269519805908203, 'learning_rate': 8.68129275772588e-05, 'epoch': 6.56}
{'loss': 4.603, 'grad_norm': 1.355941653251648, 'learning_rate': 8.679607724193712e-05, 'epoch': 6.57}
{'loss': 4.6026, 'grad_norm': 1.1964521408081055, 'learning_rate': 8.677922690661544e-05, 'epoch': 6.57}
{'loss': 4.6384, 'grad_norm': 1.230351209640503, 'learning_rate': 8.676237657129377e-05, 'epoch': 6.57}
{'loss': 4.6402, 'grad_norm': 1.2633512020111084, 'learning_rate': 8.67455262359721e-05, 'epoch': 6.58}
{'loss': 4.6072, 'grad_norm': 1.3025541305541992, 'learning_rate': 8.672867590065043e-05, 'epoch': 6.58}
{'loss': 4.6138, 'grad_norm': 1.3165720701217651, 'learning_rate': 8.671182556532875e-05, 'epoch': 6.59}
{'loss': 4.6385, 'grad_norm': 1.3043837547302246, 'learning_rate': 8.669497523000708e-05, 'epoch': 6.59}
{'loss': 4.6003, 'grad_norm': 1.2409451007843018, 'learning_rate': 8.667812489468541e-05, 'epoch': 6.6}
{'loss': 4.5966, 'grad_norm': 1.2682642936706543, 'learning_rate': 8.666127455936373e-05, 'epoch': 6.6}
{'loss': 4.6206, 'grad_norm': 1.4135509729385376, 'learning_rate': 8.664442422404206e-05, 'epoch': 6.61}
{'loss': 4.6103, 'grad_norm': 1.301253318786621, 'learning_rate': 8.66275738887204e-05, 'epoch': 6.61}
{'loss': 4.6126, 'grad_norm': 1.403174877166748, 'learning_rate': 8.661072355339871e-05, 'epoch': 6.62}
{'loss': 4.6393, 'grad_norm': 1.3395742177963257, 'learning_rate': 8.659387321807705e-05, 'epoch': 6.62}
{'loss': 4.6217, 'grad_norm': 1.230242371559143, 'learning_rate': 8.657702288275538e-05, 'epoch': 6.62}
{'loss': 4.6327, 'grad_norm': 1.2042945623397827, 'learning_rate': 8.65601725474337e-05, 'epoch': 6.63}
{'loss': 4.6311, 'grad_norm': 1.2216557264328003, 'learning_rate': 8.654332221211203e-05, 'epoch': 6.63}
{'loss': 4.5971, 'grad_norm': 1.3544694185256958, 'learning_rate': 8.652647187679035e-05, 'epoch': 6.64}
{'loss': 4.6267, 'grad_norm': 1.880052924156189, 'learning_rate': 8.650962154146868e-05, 'epoch': 6.64}
{'loss': 4.6231, 'grad_norm': 1.3342350721359253, 'learning_rate': 8.649277120614701e-05, 'epoch': 6.65}
{'loss': 4.6262, 'grad_norm': 1.3367000818252563, 'learning_rate': 8.647592087082533e-05, 'epoch': 6.65}
{'loss': 4.6214, 'grad_norm': 1.4501888751983643, 'learning_rate': 8.645907053550366e-05, 'epoch': 6.66}
{'loss': 4.6373, 'grad_norm': 1.2782505750656128, 'learning_rate': 8.644222020018199e-05, 'epoch': 6.66}
{'loss': 4.6226, 'grad_norm': 1.3334165811538696, 'learning_rate': 8.642536986486032e-05, 'epoch': 6.67}
{'loss': 4.6022, 'grad_norm': 1.2571563720703125, 'learning_rate': 8.640851952953864e-05, 'epoch': 6.67}
{'loss': 4.6162, 'grad_norm': 1.387787938117981, 'learning_rate': 8.639166919421697e-05, 'epoch': 6.67}
{'loss': 4.6129, 'grad_norm': 1.7964130640029907, 'learning_rate': 8.63748188588953e-05, 'epoch': 6.68}
{'loss': 4.6291, 'grad_norm': 1.3191888332366943, 'learning_rate': 8.635796852357362e-05, 'epoch': 6.68}
{'loss': 4.6352, 'grad_norm': 1.4776577949523926, 'learning_rate': 8.634111818825194e-05, 'epoch': 6.69}
{'loss': 4.6396, 'grad_norm': 1.374149203300476, 'learning_rate': 8.632426785293027e-05, 'epoch': 6.69}
{'loss': 4.6217, 'grad_norm': 1.4829826354980469, 'learning_rate': 8.63074175176086e-05, 'epoch': 6.7}
{'loss': 4.6106, 'grad_norm': 1.834040880203247, 'learning_rate': 8.629056718228692e-05, 'epoch': 6.7}
{'loss': 4.6129, 'grad_norm': 1.249138355255127, 'learning_rate': 8.627371684696526e-05, 'epoch': 6.71}
{'loss': 4.6256, 'grad_norm': 1.4978399276733398, 'learning_rate': 8.625686651164359e-05, 'epoch': 6.71}
{'loss': 4.6165, 'grad_norm': 1.2503159046173096, 'learning_rate': 8.624001617632192e-05, 'epoch': 6.72}
{'loss': 4.6126, 'grad_norm': 1.2108736038208008, 'learning_rate': 8.622316584100024e-05, 'epoch': 6.72}
{'loss': 4.6354, 'grad_norm': 1.5691016912460327, 'learning_rate': 8.620631550567857e-05, 'epoch': 6.72}
{'loss': 4.615, 'grad_norm': 1.202903151512146, 'learning_rate': 8.61894651703569e-05, 'epoch': 6.73}
{'loss': 4.6222, 'grad_norm': 1.1882115602493286, 'learning_rate': 8.617261483503522e-05, 'epoch': 6.73}
{'loss': 4.605, 'grad_norm': 1.3684594631195068, 'learning_rate': 8.615576449971355e-05, 'epoch': 6.74}
{'loss': 4.6234, 'grad_norm': 1.232828140258789, 'learning_rate': 8.613891416439187e-05, 'epoch': 6.74}
{'loss': 4.6262, 'grad_norm': 1.4540002346038818, 'learning_rate': 8.61220638290702e-05, 'epoch': 6.75}
{'loss': 4.6087, 'grad_norm': 1.43780517578125, 'learning_rate': 8.610521349374852e-05, 'epoch': 6.75}
{'loss': 4.6332, 'grad_norm': 1.4632861614227295, 'learning_rate': 8.608836315842685e-05, 'epoch': 6.76}
{'loss': 4.6258, 'grad_norm': 1.3198528289794922, 'learning_rate': 8.607151282310519e-05, 'epoch': 6.76}
{'loss': 4.6161, 'grad_norm': 1.2526441812515259, 'learning_rate': 8.605466248778352e-05, 'epoch': 6.77}
{'loss': 4.6401, 'grad_norm': 1.210928201675415, 'learning_rate': 8.603781215246184e-05, 'epoch': 6.77}
{'loss': 4.6055, 'grad_norm': 1.5719114542007446, 'learning_rate': 8.602096181714017e-05, 'epoch': 6.77}
{'loss': 4.6185, 'grad_norm': 1.218810796737671, 'learning_rate': 8.60041114818185e-05, 'epoch': 6.78}
{'loss': 4.609, 'grad_norm': 1.203835368156433, 'learning_rate': 8.598726114649682e-05, 'epoch': 6.78}
{'loss': 4.6323, 'grad_norm': 1.3374594449996948, 'learning_rate': 8.597041081117515e-05, 'epoch': 6.79}
{'loss': 4.626, 'grad_norm': 1.2820696830749512, 'learning_rate': 8.595356047585348e-05, 'epoch': 6.79}
{'loss': 4.6323, 'grad_norm': 1.4106086492538452, 'learning_rate': 8.59367101405318e-05, 'epoch': 6.8}
{'loss': 4.6472, 'grad_norm': 1.2188596725463867, 'learning_rate': 8.591985980521012e-05, 'epoch': 6.8}
{'loss': 4.6142, 'grad_norm': 1.3064491748809814, 'learning_rate': 8.590300946988845e-05, 'epoch': 6.81}
{'loss': 4.6101, 'grad_norm': 1.33539879322052, 'learning_rate': 8.588615913456678e-05, 'epoch': 6.81}
{'loss': 4.6382, 'grad_norm': 1.2492049932479858, 'learning_rate': 8.586930879924511e-05, 'epoch': 6.82}
{'loss': 4.6345, 'grad_norm': 1.2632248401641846, 'learning_rate': 8.585245846392343e-05, 'epoch': 6.82}
{'loss': 4.6392, 'grad_norm': 1.2986218929290771, 'learning_rate': 8.583560812860176e-05, 'epoch': 6.82}
{'loss': 4.6422, 'grad_norm': 1.6279982328414917, 'learning_rate': 8.58187577932801e-05, 'epoch': 6.83}
{'loss': 4.6312, 'grad_norm': 1.2861653566360474, 'learning_rate': 8.580190745795841e-05, 'epoch': 6.83}
{'loss': 4.6158, 'grad_norm': 1.378247618675232, 'learning_rate': 8.578505712263675e-05, 'epoch': 6.84}
{'loss': 4.6304, 'grad_norm': 1.2154735326766968, 'learning_rate': 8.576820678731508e-05, 'epoch': 6.84}
{'loss': 4.6196, 'grad_norm': 1.253615140914917, 'learning_rate': 8.575135645199341e-05, 'epoch': 6.85}
{'loss': 4.6303, 'grad_norm': 1.3227590322494507, 'learning_rate': 8.573450611667173e-05, 'epoch': 6.85}
{'loss': 4.6357, 'grad_norm': 1.359119176864624, 'learning_rate': 8.571765578135005e-05, 'epoch': 6.86}
{'loss': 4.634, 'grad_norm': 1.2770013809204102, 'learning_rate': 8.570080544602838e-05, 'epoch': 6.86}
{'loss': 4.6356, 'grad_norm': 1.8305872678756714, 'learning_rate': 8.568395511070671e-05, 'epoch': 6.87}
{'loss': 4.5914, 'grad_norm': 1.3539695739746094, 'learning_rate': 8.566710477538503e-05, 'epoch': 6.87}
{'loss': 4.6369, 'grad_norm': 1.2109652757644653, 'learning_rate': 8.565025444006336e-05, 'epoch': 6.87}
{'loss': 4.64, 'grad_norm': 1.218234658241272, 'learning_rate': 8.563340410474169e-05, 'epoch': 6.88}
{'loss': 4.644, 'grad_norm': 1.5606775283813477, 'learning_rate': 8.561655376942001e-05, 'epoch': 6.88}
{'loss': 4.6149, 'grad_norm': 1.314740538597107, 'learning_rate': 8.559970343409834e-05, 'epoch': 6.89}
{'loss': 4.6282, 'grad_norm': 1.1939449310302734, 'learning_rate': 8.558285309877667e-05, 'epoch': 6.89}
{'loss': 4.632, 'grad_norm': 1.3636282682418823, 'learning_rate': 8.5566002763455e-05, 'epoch': 6.9}
{'loss': 4.6335, 'grad_norm': 1.2649949789047241, 'learning_rate': 8.554915242813332e-05, 'epoch': 6.9}
{'loss': 4.616, 'grad_norm': 1.4055814743041992, 'learning_rate': 8.553230209281166e-05, 'epoch': 6.91}
{'loss': 4.6357, 'grad_norm': 1.2124643325805664, 'learning_rate': 8.551545175748997e-05, 'epoch': 6.91}
{'loss': 4.6307, 'grad_norm': 1.2353453636169434, 'learning_rate': 8.54986014221683e-05, 'epoch': 6.92}
{'loss': 4.6362, 'grad_norm': 1.6470001935958862, 'learning_rate': 8.548175108684662e-05, 'epoch': 6.92}
{'loss': 4.6458, 'grad_norm': 1.2148933410644531, 'learning_rate': 8.546490075152496e-05, 'epoch': 6.92}
{'loss': 4.6162, 'grad_norm': 1.1909328699111938, 'learning_rate': 8.544805041620329e-05, 'epoch': 6.93}
{'loss': 4.6283, 'grad_norm': 1.183250069618225, 'learning_rate': 8.543120008088161e-05, 'epoch': 6.93}
{'loss': 4.6237, 'grad_norm': 1.2221873998641968, 'learning_rate': 8.541434974555994e-05, 'epoch': 6.94}
{'loss': 4.628, 'grad_norm': 1.3153319358825684, 'learning_rate': 8.539749941023827e-05, 'epoch': 6.94}
{'loss': 4.6253, 'grad_norm': 1.3897260427474976, 'learning_rate': 8.53806490749166e-05, 'epoch': 6.95}
{'loss': 4.6355, 'grad_norm': 1.2079449892044067, 'learning_rate': 8.536379873959492e-05, 'epoch': 6.95}
{'loss': 4.6067, 'grad_norm': 1.2646547555923462, 'learning_rate': 8.534694840427325e-05, 'epoch': 6.96}
{'loss': 4.6085, 'grad_norm': 1.3371564149856567, 'learning_rate': 8.533009806895158e-05, 'epoch': 6.96}
{'loss': 4.615, 'grad_norm': 1.2470886707305908, 'learning_rate': 8.53132477336299e-05, 'epoch': 6.97}
{'loss': 4.6296, 'grad_norm': 1.2745425701141357, 'learning_rate': 8.529639739830822e-05, 'epoch': 6.97}
{'loss': 4.6316, 'grad_norm': 1.5779807567596436, 'learning_rate': 8.527954706298655e-05, 'epoch': 6.97}
{'loss': 4.6151, 'grad_norm': 1.2731008529663086, 'learning_rate': 8.526269672766489e-05, 'epoch': 6.98}
{'loss': 4.6192, 'grad_norm': 1.2079658508300781, 'learning_rate': 8.52458463923432e-05, 'epoch': 6.98}
{'loss': 4.6319, 'grad_norm': 1.6657812595367432, 'learning_rate': 8.522899605702154e-05, 'epoch': 6.99}
{'loss': 4.6429, 'grad_norm': 1.2322782278060913, 'learning_rate': 8.521214572169987e-05, 'epoch': 6.99}
{'loss': 4.6209, 'grad_norm': 1.225232720375061, 'learning_rate': 8.51952953863782e-05, 'epoch': 7.0}
{'loss': 4.5639, 'grad_norm': 1.3595008850097656, 'learning_rate': 8.517844505105652e-05, 'epoch': 7.0}
{'loss': 4.4735, 'grad_norm': 1.2788878679275513, 'learning_rate': 8.516159471573485e-05, 'epoch': 7.01}
{'loss': 4.4831, 'grad_norm': 1.3275768756866455, 'learning_rate': 8.514474438041318e-05, 'epoch': 7.01}
{'loss': 4.4725, 'grad_norm': 1.3061710596084595, 'learning_rate': 8.51278940450915e-05, 'epoch': 7.02}
{'loss': 4.4823, 'grad_norm': 1.424768090248108, 'learning_rate': 8.511104370976983e-05, 'epoch': 7.02}
{'loss': 4.4593, 'grad_norm': 1.2562874555587769, 'learning_rate': 8.509419337444815e-05, 'epoch': 7.02}
{'loss': 4.4868, 'grad_norm': 1.3217508792877197, 'learning_rate': 8.507734303912648e-05, 'epoch': 7.03}
{'loss': 4.4749, 'grad_norm': 1.3062818050384521, 'learning_rate': 8.50604927038048e-05, 'epoch': 7.03}
{'loss': 4.487, 'grad_norm': 1.2581473588943481, 'learning_rate': 8.504364236848313e-05, 'epoch': 7.04}
{'loss': 4.4995, 'grad_norm': 1.515180230140686, 'learning_rate': 8.502679203316146e-05, 'epoch': 7.04}
{'loss': 4.4976, 'grad_norm': 1.2680405378341675, 'learning_rate': 8.50099416978398e-05, 'epoch': 7.05}
{'loss': 4.4824, 'grad_norm': 1.5414026975631714, 'learning_rate': 8.499309136251811e-05, 'epoch': 7.05}
{'loss': 4.4844, 'grad_norm': 1.327639102935791, 'learning_rate': 8.497624102719645e-05, 'epoch': 7.06}
{'loss': 4.505, 'grad_norm': 1.3352175951004028, 'learning_rate': 8.495939069187478e-05, 'epoch': 7.06}
{'loss': 4.4979, 'grad_norm': 1.2798614501953125, 'learning_rate': 8.49425403565531e-05, 'epoch': 7.07}
{'loss': 4.493, 'grad_norm': 1.4673582315444946, 'learning_rate': 8.492569002123143e-05, 'epoch': 7.07}
{'loss': 4.4754, 'grad_norm': 1.3028404712677002, 'learning_rate': 8.490883968590976e-05, 'epoch': 7.07}
{'loss': 4.4937, 'grad_norm': 1.3421710729599, 'learning_rate': 8.489198935058809e-05, 'epoch': 7.08}
{'loss': 4.494, 'grad_norm': 1.2693943977355957, 'learning_rate': 8.48751390152664e-05, 'epoch': 7.08}
{'loss': 4.482, 'grad_norm': 1.3204838037490845, 'learning_rate': 8.485828867994473e-05, 'epoch': 7.09}
{'loss': 4.4855, 'grad_norm': 1.5013707876205444, 'learning_rate': 8.484143834462306e-05, 'epoch': 7.09}
{'loss': 4.4821, 'grad_norm': 1.3831723928451538, 'learning_rate': 8.482458800930139e-05, 'epoch': 7.1}
{'loss': 4.4917, 'grad_norm': 1.325664758682251, 'learning_rate': 8.480773767397971e-05, 'epoch': 7.1}
{'loss': 4.4878, 'grad_norm': 1.4679391384124756, 'learning_rate': 8.479088733865804e-05, 'epoch': 7.11}
{'loss': 4.4813, 'grad_norm': 1.412962555885315, 'learning_rate': 8.477403700333637e-05, 'epoch': 7.11}
{'loss': 4.4884, 'grad_norm': 1.4747564792633057, 'learning_rate': 8.475718666801469e-05, 'epoch': 7.12}
{'loss': 4.4832, 'grad_norm': 1.5046050548553467, 'learning_rate': 8.474033633269302e-05, 'epoch': 7.12}
{'loss': 4.4997, 'grad_norm': 1.3277955055236816, 'learning_rate': 8.472348599737136e-05, 'epoch': 7.12}
{'loss': 4.4747, 'grad_norm': 1.3368030786514282, 'learning_rate': 8.470663566204969e-05, 'epoch': 7.13}
{'loss': 4.486, 'grad_norm': 1.6381654739379883, 'learning_rate': 8.4689785326728e-05, 'epoch': 7.13}
{'loss': 4.5183, 'grad_norm': 1.243131399154663, 'learning_rate': 8.467293499140634e-05, 'epoch': 7.14}
{'loss': 4.5017, 'grad_norm': 1.212851881980896, 'learning_rate': 8.465608465608466e-05, 'epoch': 7.14}
{'loss': 4.5021, 'grad_norm': 1.3989487886428833, 'learning_rate': 8.463923432076299e-05, 'epoch': 7.15}
{'loss': 4.5174, 'grad_norm': 1.4722765684127808, 'learning_rate': 8.462238398544131e-05, 'epoch': 7.15}
{'loss': 4.5085, 'grad_norm': 1.3797755241394043, 'learning_rate': 8.460553365011964e-05, 'epoch': 7.16}
{'loss': 4.5021, 'grad_norm': 1.2821913957595825, 'learning_rate': 8.458868331479797e-05, 'epoch': 7.16}
{'loss': 4.4965, 'grad_norm': 1.4457287788391113, 'learning_rate': 8.457183297947629e-05, 'epoch': 7.17}
{'loss': 4.5315, 'grad_norm': 1.560528039932251, 'learning_rate': 8.455498264415462e-05, 'epoch': 7.17}
{'loss': 4.53, 'grad_norm': 1.444920539855957, 'learning_rate': 8.453813230883295e-05, 'epoch': 7.17}
{'loss': 4.5184, 'grad_norm': 1.3048597574234009, 'learning_rate': 8.452128197351128e-05, 'epoch': 7.18}
{'loss': 4.4871, 'grad_norm': 1.4880791902542114, 'learning_rate': 8.45044316381896e-05, 'epoch': 7.18}
{'loss': 4.5087, 'grad_norm': 1.2689858675003052, 'learning_rate': 8.448758130286794e-05, 'epoch': 7.19}
{'loss': 4.5182, 'grad_norm': 1.3113070726394653, 'learning_rate': 8.447073096754627e-05, 'epoch': 7.19}
{'loss': 4.4887, 'grad_norm': 1.2872858047485352, 'learning_rate': 8.445388063222459e-05, 'epoch': 7.2}
{'loss': 4.5228, 'grad_norm': 1.2993347644805908, 'learning_rate': 8.44370302969029e-05, 'epoch': 7.2}
{'loss': 4.5051, 'grad_norm': 1.343864917755127, 'learning_rate': 8.442017996158124e-05, 'epoch': 7.21}
{'loss': 4.5253, 'grad_norm': 1.3129867315292358, 'learning_rate': 8.440332962625957e-05, 'epoch': 7.21}
{'loss': 4.4845, 'grad_norm': 1.3418340682983398, 'learning_rate': 8.438647929093789e-05, 'epoch': 7.22}
{'loss': 4.5213, 'grad_norm': 1.4192105531692505, 'learning_rate': 8.436962895561622e-05, 'epoch': 7.22}
{'loss': 4.5234, 'grad_norm': 1.575055480003357, 'learning_rate': 8.435277862029455e-05, 'epoch': 7.22}
{'loss': 4.519, 'grad_norm': 1.2376017570495605, 'learning_rate': 8.433592828497288e-05, 'epoch': 7.23}
{'loss': 4.5008, 'grad_norm': 1.3510857820510864, 'learning_rate': 8.43190779496512e-05, 'epoch': 7.23}
{'loss': 4.5177, 'grad_norm': 1.342319130897522, 'learning_rate': 8.430222761432953e-05, 'epoch': 7.24}
{'loss': 4.5045, 'grad_norm': 1.218947172164917, 'learning_rate': 8.428537727900786e-05, 'epoch': 7.24}
{'loss': 4.5045, 'grad_norm': 1.2977856397628784, 'learning_rate': 8.426852694368618e-05, 'epoch': 7.25}
{'loss': 4.5142, 'grad_norm': 1.5611191987991333, 'learning_rate': 8.425167660836451e-05, 'epoch': 7.25}
{'loss': 4.5287, 'grad_norm': 1.488842248916626, 'learning_rate': 8.423482627304283e-05, 'epoch': 7.26}
{'loss': 4.531, 'grad_norm': 1.3578094244003296, 'learning_rate': 8.421797593772116e-05, 'epoch': 7.26}
{'loss': 4.4943, 'grad_norm': 1.4088996648788452, 'learning_rate': 8.420112560239948e-05, 'epoch': 7.27}
{'loss': 4.4962, 'grad_norm': 1.2531051635742188, 'learning_rate': 8.418427526707781e-05, 'epoch': 7.27}
{'loss': 4.5405, 'grad_norm': 1.2587028741836548, 'learning_rate': 8.416742493175615e-05, 'epoch': 7.27}
{'loss': 4.4764, 'grad_norm': 1.3187201023101807, 'learning_rate': 8.415057459643448e-05, 'epoch': 7.28}
pred : i
label: ardent in the prosecution of heresy cyril auspiciously opened his reign by oppressing the novatians the most innocent and harmless of the sectaries
pred : i
label: without any legal sentence without any royal mandate the patriarch at the dawn of day led a seditious multitude to the attack of the synagogues
pred : i
label: such crimes would have deserved the animadversion of the magistrate but in this promiscuous outrage the innocent were confounded with the guilty and alexandria was impoverished by the loss of a wealthy and industrious colony
pred : i
label: ardent in the prosecution of heresy cyril auspiciously opened his reign by oppressing the novatians the most innocent and harmless of the sectaries
pred : i
label: without any legal sentence without any royal mandate the patriarch at the dawn of day led a seditious multitude to the attack of the synagogues
pred : i
label: such crimes would have deserved the animadversion of the magistrate but in this promiscuous outrage the innocent were confounded with the guilty and alexandria was impoverished by the loss of a wealthy and industrious colony
pred : i
label: ardent in the prosecution of heresy cyril auspiciously opened his reign by oppressing the novatians the most innocent and harmless of the sectaries
pred : i
label: without any legal sentence without any royal mandate the patriarch at the dawn of day led a seditious multitude to the attack of the synagogues
pred : i
label: such crimes would have deserved the animadversion of the magistrate but in this promiscuous outrage the innocent were confounded with the guilty and alexandria was impoverished by the loss of a wealthy and industrious colony
pred : i
label: ardent in the prosecution of heresy cyril auspiciously opened his reign by oppressing the novatians the most innocent and harmless of the sectaries
pred : i
label: without any legal sentence without any royal mandate the patriarch at the dawn of day led a seditious multitude to the attack of the synagogues
pred : i
label: such crimes would have deserved the animadversion of the magistrate but in this promiscuous outrage the innocent were confounded with the guilty and alexandria was impoverished by the loss of a wealthy and industrious colony
{'eval_loss': 6.0313568115234375, 'eval_bleu': 0.0, 'eval_wer': 0.9899215168971178, 'eval_cer': 0.9883546056831255, 'eval_rouge1': 0.0253704434419994, 'eval_rouge2': 0.0, 'eval_rougeL': 0.025313452821551133, 'eval_runtime': 20.5066, 'eval_samples_per_second': 271.474, 'eval_steps_per_second': 1.414, 'epoch': 7.28}
{'loss': 4.5349, 'grad_norm': 1.3420066833496094, 'learning_rate': 8.41337242611128e-05, 'epoch': 7.28}
{'loss': 4.5159, 'grad_norm': 1.3757134675979614, 'learning_rate': 8.411687392579113e-05, 'epoch': 7.29}
{'loss': 4.507, 'grad_norm': 1.4330110549926758, 'learning_rate': 8.410002359046946e-05, 'epoch': 7.29}
{'loss': 4.5102, 'grad_norm': 1.2439254522323608, 'learning_rate': 8.408317325514778e-05, 'epoch': 7.3}
{'loss': 4.5239, 'grad_norm': 1.3049867153167725, 'learning_rate': 8.406632291982611e-05, 'epoch': 7.3}
{'loss': 4.5279, 'grad_norm': 1.2370383739471436, 'learning_rate': 8.404947258450444e-05, 'epoch': 7.31}
{'loss': 4.509, 'grad_norm': 1.3448612689971924, 'learning_rate': 8.403262224918276e-05, 'epoch': 7.31}
{'loss': 4.5255, 'grad_norm': 1.3223105669021606, 'learning_rate': 8.401577191386108e-05, 'epoch': 7.32}
{'loss': 4.5219, 'grad_norm': 1.3932167291641235, 'learning_rate': 8.399892157853941e-05, 'epoch': 7.32}
{'loss': 4.5002, 'grad_norm': 1.2668302059173584, 'learning_rate': 8.398207124321774e-05, 'epoch': 7.32}
{'loss': 4.4917, 'grad_norm': 1.263615369796753, 'learning_rate': 8.396522090789607e-05, 'epoch': 7.33}
{'loss': 4.5343, 'grad_norm': 1.3980913162231445, 'learning_rate': 8.394837057257439e-05, 'epoch': 7.33}
{'loss': 4.5442, 'grad_norm': 1.397611379623413, 'learning_rate': 8.393152023725272e-05, 'epoch': 7.34}
{'loss': 4.5214, 'grad_norm': 1.3354418277740479, 'learning_rate': 8.391466990193106e-05, 'epoch': 7.34}
{'loss': 4.5173, 'grad_norm': 1.333456039428711, 'learning_rate': 8.389781956660937e-05, 'epoch': 7.35}
{'loss': 4.5065, 'grad_norm': 1.2628189325332642, 'learning_rate': 8.388096923128771e-05, 'epoch': 7.35}
{'loss': 4.5189, 'grad_norm': 1.251509189605713, 'learning_rate': 8.386411889596604e-05, 'epoch': 7.36}
{'loss': 4.5158, 'grad_norm': 1.3251022100448608, 'learning_rate': 8.384726856064437e-05, 'epoch': 7.36}
{'loss': 4.5128, 'grad_norm': 1.4067555665969849, 'learning_rate': 8.383041822532269e-05, 'epoch': 7.37}
{'loss': 4.5318, 'grad_norm': 1.4756762981414795, 'learning_rate': 8.381356789000101e-05, 'epoch': 7.37}
{'loss': 4.4964, 'grad_norm': 1.4815454483032227, 'learning_rate': 8.379671755467934e-05, 'epoch': 7.37}
{'loss': 4.5409, 'grad_norm': 1.353958249092102, 'learning_rate': 8.377986721935767e-05, 'epoch': 7.38}
{'loss': 4.5216, 'grad_norm': 1.475822925567627, 'learning_rate': 8.376301688403599e-05, 'epoch': 7.38}
{'loss': 4.5349, 'grad_norm': 1.2880617380142212, 'learning_rate': 8.374616654871432e-05, 'epoch': 7.39}
{'loss': 4.4983, 'grad_norm': 1.397660732269287, 'learning_rate': 8.372931621339265e-05, 'epoch': 7.39}
{'loss': 4.5017, 'grad_norm': 1.3091816902160645, 'learning_rate': 8.371246587807097e-05, 'epoch': 7.4}
{'loss': 4.5274, 'grad_norm': 1.307225227355957, 'learning_rate': 8.36956155427493e-05, 'epoch': 7.4}
{'loss': 4.5225, 'grad_norm': 1.3057630062103271, 'learning_rate': 8.367876520742764e-05, 'epoch': 7.41}
{'loss': 4.5151, 'grad_norm': 1.3597395420074463, 'learning_rate': 8.366191487210597e-05, 'epoch': 7.41}
{'loss': 4.5172, 'grad_norm': 1.3166391849517822, 'learning_rate': 8.364506453678429e-05, 'epoch': 7.42}
{'loss': 4.5474, 'grad_norm': 1.309140682220459, 'learning_rate': 8.362821420146262e-05, 'epoch': 7.42}
{'loss': 4.5228, 'grad_norm': 1.3523756265640259, 'learning_rate': 8.361136386614094e-05, 'epoch': 7.42}
{'loss': 4.5399, 'grad_norm': 1.5834547281265259, 'learning_rate': 8.359451353081927e-05, 'epoch': 7.43}
{'loss': 4.5427, 'grad_norm': 1.381232738494873, 'learning_rate': 8.357766319549759e-05, 'epoch': 7.43}
{'loss': 4.5135, 'grad_norm': 1.2653170824050903, 'learning_rate': 8.356081286017592e-05, 'epoch': 7.44}
{'loss': 4.5394, 'grad_norm': 1.2930983304977417, 'learning_rate': 8.354396252485425e-05, 'epoch': 7.44}
{'loss': 4.5468, 'grad_norm': 1.2042385339736938, 'learning_rate': 8.352711218953257e-05, 'epoch': 7.45}
{'loss': 4.5276, 'grad_norm': 1.309791088104248, 'learning_rate': 8.35102618542109e-05, 'epoch': 7.45}
{'loss': 4.5396, 'grad_norm': 1.6704477071762085, 'learning_rate': 8.349341151888923e-05, 'epoch': 7.46}
{'loss': 4.5372, 'grad_norm': 1.8312016725540161, 'learning_rate': 8.347656118356756e-05, 'epoch': 7.46}
{'loss': 4.5552, 'grad_norm': 1.3660211563110352, 'learning_rate': 8.345971084824588e-05, 'epoch': 7.47}
{'loss': 4.5378, 'grad_norm': 1.2967315912246704, 'learning_rate': 8.344286051292421e-05, 'epoch': 7.47}
{'loss': 4.5391, 'grad_norm': 1.2860430479049683, 'learning_rate': 8.342601017760255e-05, 'epoch': 7.47}
{'loss': 4.5479, 'grad_norm': 1.2625131607055664, 'learning_rate': 8.340915984228086e-05, 'epoch': 7.48}
{'loss': 4.5537, 'grad_norm': 1.3455322980880737, 'learning_rate': 8.339230950695918e-05, 'epoch': 7.48}
{'loss': 4.5265, 'grad_norm': 1.3067947626113892, 'learning_rate': 8.337545917163751e-05, 'epoch': 7.49}
{'loss': 4.5422, 'grad_norm': 1.4803916215896606, 'learning_rate': 8.335860883631585e-05, 'epoch': 7.49}
{'loss': 4.519, 'grad_norm': 1.2583554983139038, 'learning_rate': 8.334175850099418e-05, 'epoch': 7.5}
{'loss': 4.5109, 'grad_norm': 1.2538858652114868, 'learning_rate': 8.33249081656725e-05, 'epoch': 7.5}
{'loss': 4.5353, 'grad_norm': 1.272661566734314, 'learning_rate': 8.330805783035083e-05, 'epoch': 7.51}
{'loss': 4.5292, 'grad_norm': 1.3521989583969116, 'learning_rate': 8.329120749502916e-05, 'epoch': 7.51}
{'loss': 4.516, 'grad_norm': 1.2392959594726562, 'learning_rate': 8.327435715970748e-05, 'epoch': 7.52}
{'loss': 4.5126, 'grad_norm': 1.2951793670654297, 'learning_rate': 8.325750682438581e-05, 'epoch': 7.52}
{'loss': 4.5418, 'grad_norm': 1.646536946296692, 'learning_rate': 8.324065648906414e-05, 'epoch': 7.53}
{'loss': 4.5381, 'grad_norm': 1.3679016828536987, 'learning_rate': 8.322380615374246e-05, 'epoch': 7.53}
{'loss': 4.5342, 'grad_norm': 1.6305620670318604, 'learning_rate': 8.320695581842079e-05, 'epoch': 7.53}
{'loss': 4.5164, 'grad_norm': 1.262550711631775, 'learning_rate': 8.319010548309911e-05, 'epoch': 7.54}
{'loss': 4.5251, 'grad_norm': 1.234100103378296, 'learning_rate': 8.317325514777744e-05, 'epoch': 7.54}
{'loss': 4.5415, 'grad_norm': 1.3916146755218506, 'learning_rate': 8.315640481245577e-05, 'epoch': 7.55}
{'loss': 4.5375, 'grad_norm': 1.2400093078613281, 'learning_rate': 8.313955447713409e-05, 'epoch': 7.55}
{'loss': 4.5246, 'grad_norm': 1.4365227222442627, 'learning_rate': 8.312270414181242e-05, 'epoch': 7.56}
{'loss': 4.5397, 'grad_norm': 1.284907341003418, 'learning_rate': 8.310585380649076e-05, 'epoch': 7.56}
{'loss': 4.5633, 'grad_norm': 1.2624138593673706, 'learning_rate': 8.308900347116908e-05, 'epoch': 7.57}
{'loss': 4.552, 'grad_norm': 1.2614433765411377, 'learning_rate': 8.307215313584741e-05, 'epoch': 7.57}
{'loss': 4.5387, 'grad_norm': 1.4343512058258057, 'learning_rate': 8.305530280052574e-05, 'epoch': 7.58}
{'loss': 4.5528, 'grad_norm': 1.2600613832473755, 'learning_rate': 8.303845246520407e-05, 'epoch': 7.58}
{'loss': 4.5415, 'grad_norm': 1.4945275783538818, 'learning_rate': 8.302160212988239e-05, 'epoch': 7.58}
{'loss': 4.545, 'grad_norm': 1.5460071563720703, 'learning_rate': 8.300475179456072e-05, 'epoch': 7.59}
{'loss': 4.554, 'grad_norm': 1.3173085451126099, 'learning_rate': 8.298790145923905e-05, 'epoch': 7.59}
{'loss': 4.5152, 'grad_norm': 1.4830074310302734, 'learning_rate': 8.297105112391737e-05, 'epoch': 7.6}
{'loss': 4.5283, 'grad_norm': 1.2387531995773315, 'learning_rate': 8.295420078859569e-05, 'epoch': 7.6}
{'loss': 4.5551, 'grad_norm': 1.4416699409484863, 'learning_rate': 8.293735045327402e-05, 'epoch': 7.61}
{'loss': 4.5419, 'grad_norm': 1.2382653951644897, 'learning_rate': 8.292050011795235e-05, 'epoch': 7.61}
{'loss': 4.5487, 'grad_norm': 1.5906057357788086, 'learning_rate': 8.290364978263067e-05, 'epoch': 7.62}
{'loss': 4.5431, 'grad_norm': 1.3549000024795532, 'learning_rate': 8.2886799447309e-05, 'epoch': 7.62}
{'loss': 4.5148, 'grad_norm': 1.2759978771209717, 'learning_rate': 8.286994911198734e-05, 'epoch': 7.63}
{'loss': 4.5268, 'grad_norm': 1.5318273305892944, 'learning_rate': 8.285309877666567e-05, 'epoch': 7.63}
{'loss': 4.5374, 'grad_norm': 1.2343757152557373, 'learning_rate': 8.283624844134399e-05, 'epoch': 7.63}
{'loss': 4.547, 'grad_norm': 1.2563283443450928, 'learning_rate': 8.281939810602232e-05, 'epoch': 7.64}
{'loss': 4.5649, 'grad_norm': 1.2212681770324707, 'learning_rate': 8.280254777070065e-05, 'epoch': 7.64}
{'loss': 4.5456, 'grad_norm': 1.3067654371261597, 'learning_rate': 8.278569743537897e-05, 'epoch': 7.65}
{'loss': 4.5516, 'grad_norm': 1.2789150476455688, 'learning_rate': 8.276884710005729e-05, 'epoch': 7.65}
{'loss': 4.5499, 'grad_norm': 1.3599110841751099, 'learning_rate': 8.275199676473562e-05, 'epoch': 7.66}
{'loss': 4.5211, 'grad_norm': 1.5191986560821533, 'learning_rate': 8.273514642941395e-05, 'epoch': 7.66}
{'loss': 4.5245, 'grad_norm': 1.334370732307434, 'learning_rate': 8.271829609409227e-05, 'epoch': 7.67}
{'loss': 4.5434, 'grad_norm': 1.4783847332000732, 'learning_rate': 8.27014457587706e-05, 'epoch': 7.67}
{'loss': 4.5451, 'grad_norm': 1.4070559740066528, 'learning_rate': 8.268459542344893e-05, 'epoch': 7.68}
{'loss': 4.56, 'grad_norm': 1.62260103225708, 'learning_rate': 8.266774508812726e-05, 'epoch': 7.68}
{'loss': 4.5599, 'grad_norm': 1.4199035167694092, 'learning_rate': 8.265089475280558e-05, 'epoch': 7.68}
{'loss': 4.5409, 'grad_norm': 1.4873805046081543, 'learning_rate': 8.263404441748391e-05, 'epoch': 7.69}
{'loss': 4.5438, 'grad_norm': 1.4226036071777344, 'learning_rate': 8.261719408216225e-05, 'epoch': 7.69}
{'loss': 4.5353, 'grad_norm': 1.280424952507019, 'learning_rate': 8.260034374684056e-05, 'epoch': 7.7}
{'loss': 4.5415, 'grad_norm': 1.4581737518310547, 'learning_rate': 8.25834934115189e-05, 'epoch': 7.7}
{'loss': 4.5476, 'grad_norm': 1.275678038597107, 'learning_rate': 8.256664307619723e-05, 'epoch': 7.71}
{'loss': 4.5377, 'grad_norm': 1.229990839958191, 'learning_rate': 8.254979274087555e-05, 'epoch': 7.71}
{'loss': 4.5362, 'grad_norm': 1.4615296125411987, 'learning_rate': 8.253294240555386e-05, 'epoch': 7.72}
{'loss': 4.5393, 'grad_norm': 1.3013584613800049, 'learning_rate': 8.25160920702322e-05, 'epoch': 7.72}
{'loss': 4.5188, 'grad_norm': 1.3307021856307983, 'learning_rate': 8.249924173491053e-05, 'epoch': 7.73}
{'loss': 4.5192, 'grad_norm': 1.4584463834762573, 'learning_rate': 8.248239139958886e-05, 'epoch': 7.73}
{'loss': 4.5357, 'grad_norm': 1.2629480361938477, 'learning_rate': 8.246554106426718e-05, 'epoch': 7.73}
{'loss': 4.5292, 'grad_norm': 1.3886741399765015, 'learning_rate': 8.244869072894551e-05, 'epoch': 7.74}
{'loss': 4.5397, 'grad_norm': 1.4136571884155273, 'learning_rate': 8.243184039362384e-05, 'epoch': 7.74}
{'loss': 4.561, 'grad_norm': 1.4770740270614624, 'learning_rate': 8.241499005830216e-05, 'epoch': 7.75}
{'loss': 4.5607, 'grad_norm': 1.5428277254104614, 'learning_rate': 8.239813972298049e-05, 'epoch': 7.75}
{'loss': 4.5414, 'grad_norm': 1.3845064640045166, 'learning_rate': 8.238128938765882e-05, 'epoch': 7.76}
{'loss': 4.556, 'grad_norm': 1.4781379699707031, 'learning_rate': 8.236443905233716e-05, 'epoch': 7.76}
{'loss': 4.5405, 'grad_norm': 1.3921258449554443, 'learning_rate': 8.234758871701547e-05, 'epoch': 7.77}
{'loss': 4.5328, 'grad_norm': 1.308080792427063, 'learning_rate': 8.233073838169379e-05, 'epoch': 7.77}
{'loss': 4.5481, 'grad_norm': 1.2994402647018433, 'learning_rate': 8.231388804637213e-05, 'epoch': 7.78}
{'loss': 4.5278, 'grad_norm': 1.3301326036453247, 'learning_rate': 8.229703771105046e-05, 'epoch': 7.78}
{'loss': 4.5498, 'grad_norm': 1.3259717226028442, 'learning_rate': 8.228018737572878e-05, 'epoch': 7.78}
{'loss': 4.5336, 'grad_norm': 1.4672895669937134, 'learning_rate': 8.226333704040711e-05, 'epoch': 7.79}
{'loss': 4.5284, 'grad_norm': 1.50028657913208, 'learning_rate': 8.224648670508544e-05, 'epoch': 7.79}
{'loss': 4.5279, 'grad_norm': 1.3641266822814941, 'learning_rate': 8.222963636976376e-05, 'epoch': 7.8}
{'loss': 4.5206, 'grad_norm': 1.5575411319732666, 'learning_rate': 8.221278603444209e-05, 'epoch': 7.8}
{'loss': 4.5408, 'grad_norm': 1.2357200384140015, 'learning_rate': 8.219593569912042e-05, 'epoch': 7.81}
{'loss': 4.5189, 'grad_norm': 1.517627477645874, 'learning_rate': 8.217908536379875e-05, 'epoch': 7.81}
{'loss': 4.5253, 'grad_norm': 1.3543468713760376, 'learning_rate': 8.216223502847707e-05, 'epoch': 7.82}
{'loss': 4.5351, 'grad_norm': 1.314998984336853, 'learning_rate': 8.21453846931554e-05, 'epoch': 7.82}
{'loss': 4.534, 'grad_norm': 1.3004225492477417, 'learning_rate': 8.212853435783372e-05, 'epoch': 7.83}
{'loss': 4.5597, 'grad_norm': 1.2007015943527222, 'learning_rate': 8.211168402251205e-05, 'epoch': 7.83}
{'loss': 4.5298, 'grad_norm': 1.2577807903289795, 'learning_rate': 8.209483368719037e-05, 'epoch': 7.83}
{'loss': 4.5546, 'grad_norm': 1.4407907724380493, 'learning_rate': 8.20779833518687e-05, 'epoch': 7.84}
{'loss': 4.549, 'grad_norm': 1.2964205741882324, 'learning_rate': 8.206113301654704e-05, 'epoch': 7.84}
{'loss': 4.5408, 'grad_norm': 1.218316674232483, 'learning_rate': 8.204428268122535e-05, 'epoch': 7.85}
{'loss': 4.5405, 'grad_norm': 1.3919235467910767, 'learning_rate': 8.202743234590369e-05, 'epoch': 7.85}
{'loss': 4.5503, 'grad_norm': 1.354480266571045, 'learning_rate': 8.201058201058202e-05, 'epoch': 7.86}
{'loss': 4.5385, 'grad_norm': 1.359899640083313, 'learning_rate': 8.199373167526035e-05, 'epoch': 7.86}
{'loss': 4.5285, 'grad_norm': 1.2925282716751099, 'learning_rate': 8.197688133993867e-05, 'epoch': 7.87}
{'loss': 4.558, 'grad_norm': 1.2489105463027954, 'learning_rate': 8.1960031004617e-05, 'epoch': 7.87}
{'loss': 4.5504, 'grad_norm': 1.446804404258728, 'learning_rate': 8.194318066929533e-05, 'epoch': 7.88}
{'loss': 4.5599, 'grad_norm': 1.271303653717041, 'learning_rate': 8.192633033397365e-05, 'epoch': 7.88}
{'loss': 4.5562, 'grad_norm': 1.2412775754928589, 'learning_rate': 8.190947999865197e-05, 'epoch': 7.88}
{'loss': 4.5305, 'grad_norm': 1.3382158279418945, 'learning_rate': 8.18926296633303e-05, 'epoch': 7.89}
{'loss': 4.5212, 'grad_norm': 1.4541808366775513, 'learning_rate': 8.187577932800863e-05, 'epoch': 7.89}
{'loss': 4.5735, 'grad_norm': 1.7282910346984863, 'learning_rate': 8.185892899268695e-05, 'epoch': 7.9}
{'loss': 4.5494, 'grad_norm': 1.4454169273376465, 'learning_rate': 8.184207865736528e-05, 'epoch': 7.9}
{'loss': 4.5532, 'grad_norm': 1.4831087589263916, 'learning_rate': 8.182522832204361e-05, 'epoch': 7.91}
{'loss': 4.5355, 'grad_norm': 1.2629395723342896, 'learning_rate': 8.180837798672195e-05, 'epoch': 7.91}
{'loss': 4.5698, 'grad_norm': 1.3013484477996826, 'learning_rate': 8.179152765140026e-05, 'epoch': 7.92}
{'loss': 4.5718, 'grad_norm': 1.3236202001571655, 'learning_rate': 8.17746773160786e-05, 'epoch': 7.92}
{'loss': 4.5241, 'grad_norm': 1.2227975130081177, 'learning_rate': 8.175782698075693e-05, 'epoch': 7.93}
{'loss': 4.5242, 'grad_norm': 1.3508572578430176, 'learning_rate': 8.174097664543525e-05, 'epoch': 7.93}
{'loss': 4.5699, 'grad_norm': 1.2504887580871582, 'learning_rate': 8.172412631011358e-05, 'epoch': 7.93}
{'loss': 4.5327, 'grad_norm': 1.2744405269622803, 'learning_rate': 8.17072759747919e-05, 'epoch': 7.94}
{'loss': 4.57, 'grad_norm': 1.4793777465820312, 'learning_rate': 8.169042563947023e-05, 'epoch': 7.94}
{'loss': 4.5457, 'grad_norm': 1.3438423871994019, 'learning_rate': 8.167357530414855e-05, 'epoch': 7.95}
{'loss': 4.5826, 'grad_norm': 1.3613712787628174, 'learning_rate': 8.165672496882688e-05, 'epoch': 7.95}
{'loss': 4.5286, 'grad_norm': 1.3083256483078003, 'learning_rate': 8.163987463350521e-05, 'epoch': 7.96}
{'loss': 4.5521, 'grad_norm': 1.2355992794036865, 'learning_rate': 8.162302429818354e-05, 'epoch': 7.96}
{'loss': 4.5513, 'grad_norm': 1.292298674583435, 'learning_rate': 8.160617396286186e-05, 'epoch': 7.97}
{'loss': 4.5617, 'grad_norm': 1.4063342809677124, 'learning_rate': 8.158932362754019e-05, 'epoch': 7.97}
{'loss': 4.5671, 'grad_norm': 1.3240717649459839, 'learning_rate': 8.157247329221852e-05, 'epoch': 7.98}
{'loss': 4.5442, 'grad_norm': 1.216723084449768, 'learning_rate': 8.155562295689684e-05, 'epoch': 7.98}
{'loss': 4.5426, 'grad_norm': 1.1993428468704224, 'learning_rate': 8.153877262157518e-05, 'epoch': 7.98}
{'loss': 4.5221, 'grad_norm': 1.3957476615905762, 'learning_rate': 8.152192228625351e-05, 'epoch': 7.99}
{'loss': 4.5676, 'grad_norm': 1.4243413209915161, 'learning_rate': 8.150507195093184e-05, 'epoch': 7.99}
{'loss': 4.5492, 'grad_norm': 1.362728238105774, 'learning_rate': 8.148822161561014e-05, 'epoch': 8.0}
{'loss': 4.4369, 'grad_norm': 1.3721004724502563, 'learning_rate': 8.147137128028848e-05, 'epoch': 8.0}
{'loss': 4.3919, 'grad_norm': 1.2711988687515259, 'learning_rate': 8.145452094496681e-05, 'epoch': 8.01}
{'loss': 4.4067, 'grad_norm': 1.389360785484314, 'learning_rate': 8.143767060964514e-05, 'epoch': 8.01}
{'loss': 4.3811, 'grad_norm': 1.3521499633789062, 'learning_rate': 8.142082027432346e-05, 'epoch': 8.02}
{'loss': 4.4162, 'grad_norm': 1.374889850616455, 'learning_rate': 8.140396993900179e-05, 'epoch': 8.02}
{'loss': 4.3905, 'grad_norm': 1.5927931070327759, 'learning_rate': 8.138711960368012e-05, 'epoch': 8.03}
{'loss': 4.3968, 'grad_norm': 1.4852362871170044, 'learning_rate': 8.137026926835844e-05, 'epoch': 8.03}
{'loss': 4.4249, 'grad_norm': 1.2830116748809814, 'learning_rate': 8.135341893303677e-05, 'epoch': 8.03}
{'loss': 4.3981, 'grad_norm': 1.2901592254638672, 'learning_rate': 8.13365685977151e-05, 'epoch': 8.04}
{'loss': 4.4153, 'grad_norm': 1.3117200136184692, 'learning_rate': 8.131971826239344e-05, 'epoch': 8.04}
{'loss': 4.3959, 'grad_norm': 1.2505382299423218, 'learning_rate': 8.130286792707175e-05, 'epoch': 8.05}
{'loss': 4.37, 'grad_norm': 1.3555407524108887, 'learning_rate': 8.128601759175007e-05, 'epoch': 8.05}
{'loss': 4.3843, 'grad_norm': 1.3625407218933105, 'learning_rate': 8.12691672564284e-05, 'epoch': 8.06}
{'loss': 4.3851, 'grad_norm': 1.329085111618042, 'learning_rate': 8.125231692110674e-05, 'epoch': 8.06}
{'loss': 4.3978, 'grad_norm': 1.3221198320388794, 'learning_rate': 8.123546658578505e-05, 'epoch': 8.07}
{'loss': 4.3854, 'grad_norm': 1.4961669445037842, 'learning_rate': 8.121861625046339e-05, 'epoch': 8.07}
{'loss': 4.4012, 'grad_norm': 1.414315104484558, 'learning_rate': 8.120176591514172e-05, 'epoch': 8.08}
{'loss': 4.3867, 'grad_norm': 1.2998933792114258, 'learning_rate': 8.118491557982004e-05, 'epoch': 8.08}
{'loss': 4.4284, 'grad_norm': 1.4450081586837769, 'learning_rate': 8.116806524449837e-05, 'epoch': 8.08}
{'loss': 4.4247, 'grad_norm': 1.523500919342041, 'learning_rate': 8.11512149091767e-05, 'epoch': 8.09}
{'loss': 4.4152, 'grad_norm': 1.5753490924835205, 'learning_rate': 8.113436457385503e-05, 'epoch': 8.09}
{'loss': 4.3855, 'grad_norm': 1.5367904901504517, 'learning_rate': 8.111751423853335e-05, 'epoch': 8.1}
{'loss': 4.4252, 'grad_norm': 1.3462170362472534, 'learning_rate': 8.110066390321168e-05, 'epoch': 8.1}
{'loss': 4.4221, 'grad_norm': 1.3342390060424805, 'learning_rate': 8.108381356789001e-05, 'epoch': 8.11}
{'loss': 4.4133, 'grad_norm': 1.3328742980957031, 'learning_rate': 8.106696323256833e-05, 'epoch': 8.11}
{'loss': 4.4199, 'grad_norm': 1.310781478881836, 'learning_rate': 8.105011289724665e-05, 'epoch': 8.12}
{'loss': 4.4052, 'grad_norm': 1.435386300086975, 'learning_rate': 8.103326256192498e-05, 'epoch': 8.12}
{'loss': 4.4183, 'grad_norm': 1.3858826160430908, 'learning_rate': 8.101641222660331e-05, 'epoch': 8.13}
{'loss': 4.4339, 'grad_norm': 1.4126746654510498, 'learning_rate': 8.099956189128163e-05, 'epoch': 8.13}
{'loss': 4.3898, 'grad_norm': 1.4287174940109253, 'learning_rate': 8.098271155595996e-05, 'epoch': 8.13}
{'loss': 4.4228, 'grad_norm': 1.3184796571731567, 'learning_rate': 8.09658612206383e-05, 'epoch': 8.14}
{'loss': 4.4115, 'grad_norm': 1.343022108078003, 'learning_rate': 8.094901088531663e-05, 'epoch': 8.14}
{'loss': 4.4026, 'grad_norm': 1.3393136262893677, 'learning_rate': 8.093216054999495e-05, 'epoch': 8.15}
{'loss': 4.4123, 'grad_norm': 1.311456561088562, 'learning_rate': 8.091531021467328e-05, 'epoch': 8.15}
{'loss': 4.4385, 'grad_norm': 1.4314899444580078, 'learning_rate': 8.089845987935161e-05, 'epoch': 8.16}
{'loss': 4.4511, 'grad_norm': 1.2829890251159668, 'learning_rate': 8.088160954402993e-05, 'epoch': 8.16}
{'loss': 4.4008, 'grad_norm': 1.3249316215515137, 'learning_rate': 8.086475920870825e-05, 'epoch': 8.17}
{'loss': 4.3886, 'grad_norm': 1.3462263345718384, 'learning_rate': 8.084790887338658e-05, 'epoch': 8.17}
{'loss': 4.4193, 'grad_norm': 1.4043149948120117, 'learning_rate': 8.083105853806491e-05, 'epoch': 8.18}
{'loss': 4.4265, 'grad_norm': 1.575180172920227, 'learning_rate': 8.081420820274323e-05, 'epoch': 8.18}
{'loss': 4.4011, 'grad_norm': 1.391445517539978, 'learning_rate': 8.079735786742156e-05, 'epoch': 8.18}
{'loss': 4.4255, 'grad_norm': 1.3951992988586426, 'learning_rate': 8.078050753209989e-05, 'epoch': 8.19}
pred : and so on
label: ardent in the prosecution of heresy cyril auspiciously opened his reign by oppressing the novatians the most innocent and harmless of the sectaries
pred : and so on
label: without any legal sentence without any royal mandate the patriarch at the dawn of day led a seditious multitude to the attack of the synagogues
pred : and so on
label: such crimes would have deserved the animadversion of the magistrate but in this promiscuous outrage the innocent were confounded with the guilty and alexandria was impoverished by the loss of a wealthy and industrious colony
pred : and so on
label: ardent in the prosecution of heresy cyril auspiciously opened his reign by oppressing the novatians the most innocent and harmless of the sectaries
pred : and so on
label: without any legal sentence without any royal mandate the patriarch at the dawn of day led a seditious multitude to the attack of the synagogues
pred : and so on
label: such crimes would have deserved the animadversion of the magistrate but in this promiscuous outrage the innocent were confounded with the guilty and alexandria was impoverished by the loss of a wealthy and industrious colony
pred : and so on
label: ardent in the prosecution of heresy cyril auspiciously opened his reign by oppressing the novatians the most innocent and harmless of the sectaries
pred : and so on
label: without any legal sentence without any royal mandate the patriarch at the dawn of day led a seditious multitude to the attack of the synagogues
pred : and so on
label: such crimes would have deserved the animadversion of the magistrate but in this promiscuous outrage the innocent were confounded with the guilty and alexandria was impoverished by the loss of a wealthy and industrious colony
pred : and so on
label: ardent in the prosecution of heresy cyril auspiciously opened his reign by oppressing the novatians the most innocent and harmless of the sectaries
pred : and so on
label: without any legal sentence without any royal mandate the patriarch at the dawn of day led a seditious multitude to the attack of the synagogues
pred : and so on
label: such crimes would have deserved the animadversion of the magistrate but in this promiscuous outrage the innocent were confounded with the guilty and alexandria was impoverished by the loss of a wealthy and industrious colony
{'eval_loss': 5.741503715515137, 'eval_bleu': 0.0, 'eval_wer': 0.9933948924297495, 'eval_cer': 0.974979893752457, 'eval_rouge1': 0.016780499666244224, 'eval_rouge2': 1.669337606837607e-05, 'eval_rougeL': 0.016682188913030145, 'eval_runtime': 25.6768, 'eval_samples_per_second': 216.81, 'eval_steps_per_second': 1.129, 'epoch': 8.19}
{'loss': 4.4464, 'grad_norm': 1.696522831916809, 'learning_rate': 8.076365719677822e-05, 'epoch': 8.19}
{'loss': 4.4271, 'grad_norm': 1.3917866945266724, 'learning_rate': 8.074680686145654e-05, 'epoch': 8.2}
{'loss': 4.4211, 'grad_norm': 1.4536300897598267, 'learning_rate': 8.072995652613488e-05, 'epoch': 8.2}
{'loss': 4.4498, 'grad_norm': 1.3314151763916016, 'learning_rate': 8.071310619081321e-05, 'epoch': 8.21}
{'loss': 4.4487, 'grad_norm': 1.335482120513916, 'learning_rate': 8.069625585549153e-05, 'epoch': 8.21}
{'loss': 4.4468, 'grad_norm': 1.3067291975021362, 'learning_rate': 8.067940552016986e-05, 'epoch': 8.22}
{'loss': 4.4169, 'grad_norm': 2.353407621383667, 'learning_rate': 8.066255518484819e-05, 'epoch': 8.22}
{'loss': 4.4263, 'grad_norm': 1.8591948747634888, 'learning_rate': 8.064570484952651e-05, 'epoch': 8.23}
{'loss': 4.4331, 'grad_norm': 1.4656685590744019, 'learning_rate': 8.062885451420483e-05, 'epoch': 8.23}
{'loss': 4.4233, 'grad_norm': 1.3835052251815796, 'learning_rate': 8.061200417888316e-05, 'epoch': 8.23}
{'loss': 4.4598, 'grad_norm': 1.4767483472824097, 'learning_rate': 8.059515384356149e-05, 'epoch': 8.24}
{'loss': 4.4448, 'grad_norm': 1.4532825946807861, 'learning_rate': 8.057830350823982e-05, 'epoch': 8.24}
{'loss': 4.4133, 'grad_norm': 1.3414850234985352, 'learning_rate': 8.056145317291814e-05, 'epoch': 8.25}
{'loss': 4.4193, 'grad_norm': 1.4915705919265747, 'learning_rate': 8.054460283759647e-05, 'epoch': 8.25}
{'loss': 4.4275, 'grad_norm': 1.370050072669983, 'learning_rate': 8.05277525022748e-05, 'epoch': 8.26}
{'loss': 4.4154, 'grad_norm': 1.3010377883911133, 'learning_rate': 8.051090216695312e-05, 'epoch': 8.26}
{'loss': 4.4141, 'grad_norm': 1.2869187593460083, 'learning_rate': 8.049405183163145e-05, 'epoch': 8.27}
{'loss': 4.436, 'grad_norm': 1.2934387922286987, 'learning_rate': 8.047720149630979e-05, 'epoch': 8.27}
{'loss': 4.4426, 'grad_norm': 1.3240745067596436, 'learning_rate': 8.046035116098812e-05, 'epoch': 8.28}
{'loss': 4.4296, 'grad_norm': 1.353799819946289, 'learning_rate': 8.044350082566642e-05, 'epoch': 8.28}
{'loss': 4.4266, 'grad_norm': 1.3713374137878418, 'learning_rate': 8.042665049034475e-05, 'epoch': 8.28}
{'loss': 4.4378, 'grad_norm': 1.2846444845199585, 'learning_rate': 8.040980015502309e-05, 'epoch': 8.29}
{'loss': 4.4308, 'grad_norm': 1.339582085609436, 'learning_rate': 8.039294981970142e-05, 'epoch': 8.29}
{'loss': 4.4345, 'grad_norm': 1.258841872215271, 'learning_rate': 8.037609948437974e-05, 'epoch': 8.3}
{'loss': 4.418, 'grad_norm': 1.4740304946899414, 'learning_rate': 8.035924914905807e-05, 'epoch': 8.3}
{'loss': 4.4135, 'grad_norm': 1.455519199371338, 'learning_rate': 8.03423988137364e-05, 'epoch': 8.31}
{'loss': 4.4257, 'grad_norm': 1.4798455238342285, 'learning_rate': 8.032554847841472e-05, 'epoch': 8.31}
{'loss': 4.4428, 'grad_norm': 1.3270957469940186, 'learning_rate': 8.030869814309305e-05, 'epoch': 8.32}
{'loss': 4.4258, 'grad_norm': 1.5722979307174683, 'learning_rate': 8.029184780777138e-05, 'epoch': 8.32}
{'loss': 4.4527, 'grad_norm': 1.330377221107483, 'learning_rate': 8.027499747244971e-05, 'epoch': 8.33}
{'loss': 4.4354, 'grad_norm': 1.3368819952011108, 'learning_rate': 8.025814713712803e-05, 'epoch': 8.33}
{'loss': 4.4393, 'grad_norm': 1.2789689302444458, 'learning_rate': 8.024129680180636e-05, 'epoch': 8.33}
{'loss': 4.4203, 'grad_norm': 1.434108853340149, 'learning_rate': 8.022444646648468e-05, 'epoch': 8.34}
{'loss': 4.4339, 'grad_norm': 1.4206146001815796, 'learning_rate': 8.020759613116301e-05, 'epoch': 8.34}
{'loss': 4.4367, 'grad_norm': 1.4973084926605225, 'learning_rate': 8.019074579584133e-05, 'epoch': 8.35}
{'loss': 4.4482, 'grad_norm': 1.3106921911239624, 'learning_rate': 8.017389546051966e-05, 'epoch': 8.35}
{'loss': 4.4278, 'grad_norm': 1.4378280639648438, 'learning_rate': 8.0157045125198e-05, 'epoch': 8.36}
{'loss': 4.4143, 'grad_norm': 1.3150395154953003, 'learning_rate': 8.014019478987632e-05, 'epoch': 8.36}
{'loss': 4.437, 'grad_norm': 1.4623862504959106, 'learning_rate': 8.012334445455465e-05, 'epoch': 8.37}
{'loss': 4.4403, 'grad_norm': 1.34410560131073, 'learning_rate': 8.010649411923298e-05, 'epoch': 8.37}
{'loss': 4.4425, 'grad_norm': 1.4482176303863525, 'learning_rate': 8.008964378391131e-05, 'epoch': 8.38}
{'loss': 4.4408, 'grad_norm': 1.264251708984375, 'learning_rate': 8.007279344858963e-05, 'epoch': 8.38}
{'loss': 4.4538, 'grad_norm': 1.3609784841537476, 'learning_rate': 8.005594311326796e-05, 'epoch': 8.38}
{'loss': 4.4381, 'grad_norm': 1.4835923910140991, 'learning_rate': 8.003909277794629e-05, 'epoch': 8.39}
{'loss': 4.4405, 'grad_norm': 1.5142689943313599, 'learning_rate': 8.002224244262461e-05, 'epoch': 8.39}
{'loss': 4.4384, 'grad_norm': 1.3183879852294922, 'learning_rate': 8.000539210730293e-05, 'epoch': 8.4}
{'loss': 4.4438, 'grad_norm': 1.4905422925949097, 'learning_rate': 7.998854177198126e-05, 'epoch': 8.4}
{'loss': 4.4345, 'grad_norm': 1.4551910161972046, 'learning_rate': 7.99716914366596e-05, 'epoch': 8.41}
{'loss': 4.4464, 'grad_norm': 1.4610260725021362, 'learning_rate': 7.995484110133793e-05, 'epoch': 8.41}
{'loss': 4.4232, 'grad_norm': 1.380219578742981, 'learning_rate': 7.993799076601624e-05, 'epoch': 8.42}
{'loss': 4.4307, 'grad_norm': 1.3180071115493774, 'learning_rate': 7.992114043069458e-05, 'epoch': 8.42}
{'loss': 4.4401, 'grad_norm': 1.6476006507873535, 'learning_rate': 7.990429009537291e-05, 'epoch': 8.43}
{'loss': 4.4279, 'grad_norm': 1.321376085281372, 'learning_rate': 7.988743976005123e-05, 'epoch': 8.43}
{'loss': 4.4457, 'grad_norm': 1.3106316328048706, 'learning_rate': 7.987058942472956e-05, 'epoch': 8.43}
{'loss': 4.4421, 'grad_norm': 1.518905758857727, 'learning_rate': 7.985373908940789e-05, 'epoch': 8.44}
{'loss': 4.4438, 'grad_norm': 1.5036112070083618, 'learning_rate': 7.983688875408621e-05, 'epoch': 8.44}
{'loss': 4.4422, 'grad_norm': 1.433389663696289, 'learning_rate': 7.982003841876454e-05, 'epoch': 8.45}
{'loss': 4.4436, 'grad_norm': 1.374540090560913, 'learning_rate': 7.980318808344286e-05, 'epoch': 8.45}
{'loss': 4.4514, 'grad_norm': 1.5217156410217285, 'learning_rate': 7.978633774812119e-05, 'epoch': 8.46}
{'loss': 4.4186, 'grad_norm': 1.4487816095352173, 'learning_rate': 7.976948741279952e-05, 'epoch': 8.46}
{'loss': 4.447, 'grad_norm': 1.3726822137832642, 'learning_rate': 7.975263707747784e-05, 'epoch': 8.47}
{'loss': 4.4265, 'grad_norm': 1.4533292055130005, 'learning_rate': 7.973578674215617e-05, 'epoch': 8.47}
{'loss': 4.4494, 'grad_norm': 1.5551490783691406, 'learning_rate': 7.97189364068345e-05, 'epoch': 8.48}
{'loss': 4.4479, 'grad_norm': 1.4144667387008667, 'learning_rate': 7.970208607151282e-05, 'epoch': 8.48}
{'loss': 4.4244, 'grad_norm': 1.3037136793136597, 'learning_rate': 7.968523573619115e-05, 'epoch': 8.48}
{'loss': 4.4387, 'grad_norm': 1.3609223365783691, 'learning_rate': 7.966838540086949e-05, 'epoch': 8.49}
{'loss': 4.4233, 'grad_norm': 1.3103145360946655, 'learning_rate': 7.96515350655478e-05, 'epoch': 8.49}
{'loss': 4.4507, 'grad_norm': 1.6181083917617798, 'learning_rate': 7.963468473022614e-05, 'epoch': 8.5}
{'loss': 4.459, 'grad_norm': 1.6123985052108765, 'learning_rate': 7.961783439490447e-05, 'epoch': 8.5}
{'loss': 4.4619, 'grad_norm': 1.405177354812622, 'learning_rate': 7.96009840595828e-05, 'epoch': 8.51}
{'loss': 4.439, 'grad_norm': 1.5908982753753662, 'learning_rate': 7.958413372426112e-05, 'epoch': 8.51}
{'loss': 4.4373, 'grad_norm': 1.4040086269378662, 'learning_rate': 7.956728338893944e-05, 'epoch': 8.52}
{'loss': 4.4447, 'grad_norm': 1.9567744731903076, 'learning_rate': 7.955043305361777e-05, 'epoch': 8.52}
{'loss': 4.453, 'grad_norm': 1.348166823387146, 'learning_rate': 7.95335827182961e-05, 'epoch': 8.53}
{'loss': 4.4596, 'grad_norm': 1.5534666776657104, 'learning_rate': 7.951673238297442e-05, 'epoch': 8.53}
{'loss': 4.4582, 'grad_norm': 1.6272778511047363, 'learning_rate': 7.949988204765275e-05, 'epoch': 8.54}
{'loss': 4.4122, 'grad_norm': 1.3192760944366455, 'learning_rate': 7.948303171233108e-05, 'epoch': 8.54}
{'loss': 4.4273, 'grad_norm': 1.6548070907592773, 'learning_rate': 7.946618137700941e-05, 'epoch': 8.54}
{'loss': 4.467, 'grad_norm': 1.293099284172058, 'learning_rate': 7.944933104168773e-05, 'epoch': 8.55}
{'loss': 4.4415, 'grad_norm': 1.311792254447937, 'learning_rate': 7.943248070636606e-05, 'epoch': 8.55}
{'loss': 4.437, 'grad_norm': 1.3097268342971802, 'learning_rate': 7.94156303710444e-05, 'epoch': 8.56}
{'loss': 4.4484, 'grad_norm': 1.3575609922409058, 'learning_rate': 7.939878003572271e-05, 'epoch': 8.56}
{'loss': 4.4412, 'grad_norm': 1.4025588035583496, 'learning_rate': 7.938192970040103e-05, 'epoch': 8.57}
{'loss': 4.436, 'grad_norm': 1.4078892469406128, 'learning_rate': 7.936507936507937e-05, 'epoch': 8.57}
{'loss': 4.467, 'grad_norm': 1.4491926431655884, 'learning_rate': 7.93482290297577e-05, 'epoch': 8.58}
{'loss': 4.4802, 'grad_norm': 1.597775936126709, 'learning_rate': 7.933137869443602e-05, 'epoch': 8.58}
{'loss': 4.4549, 'grad_norm': 1.3939796686172485, 'learning_rate': 7.931452835911435e-05, 'epoch': 8.59}
{'loss': 4.4389, 'grad_norm': 1.5324827432632446, 'learning_rate': 7.929767802379268e-05, 'epoch': 8.59}
{'loss': 4.4352, 'grad_norm': 1.3762245178222656, 'learning_rate': 7.928082768847101e-05, 'epoch': 8.59}
{'loss': 4.4542, 'grad_norm': 1.3162803649902344, 'learning_rate': 7.926397735314933e-05, 'epoch': 8.6}
{'loss': 4.4674, 'grad_norm': 1.5080146789550781, 'learning_rate': 7.924712701782766e-05, 'epoch': 8.6}
{'loss': 4.4622, 'grad_norm': 1.3907798528671265, 'learning_rate': 7.923027668250599e-05, 'epoch': 8.61}
{'loss': 4.4753, 'grad_norm': 1.3451683521270752, 'learning_rate': 7.921342634718431e-05, 'epoch': 8.61}
{'loss': 4.464, 'grad_norm': 1.3955488204956055, 'learning_rate': 7.919657601186264e-05, 'epoch': 8.62}
{'loss': 4.4463, 'grad_norm': 1.2871907949447632, 'learning_rate': 7.917972567654098e-05, 'epoch': 8.62}
{'loss': 4.4695, 'grad_norm': 1.4732654094696045, 'learning_rate': 7.91628753412193e-05, 'epoch': 8.63}
{'loss': 4.4486, 'grad_norm': 1.3129550218582153, 'learning_rate': 7.914602500589761e-05, 'epoch': 8.63}
{'loss': 4.4385, 'grad_norm': 1.5044435262680054, 'learning_rate': 7.912917467057594e-05, 'epoch': 8.64}
{'loss': 4.4756, 'grad_norm': 1.2988156080245972, 'learning_rate': 7.911232433525428e-05, 'epoch': 8.64}
{'loss': 4.4605, 'grad_norm': 1.7854982614517212, 'learning_rate': 7.909547399993261e-05, 'epoch': 8.64}
{'loss': 4.456, 'grad_norm': 1.9262909889221191, 'learning_rate': 7.907862366461093e-05, 'epoch': 8.65}
{'loss': 4.4407, 'grad_norm': 1.4926947355270386, 'learning_rate': 7.906177332928926e-05, 'epoch': 8.65}
{'loss': 4.464, 'grad_norm': 1.3651779890060425, 'learning_rate': 7.904492299396759e-05, 'epoch': 8.66}
{'loss': 4.4643, 'grad_norm': 1.368736743927002, 'learning_rate': 7.902807265864591e-05, 'epoch': 8.66}
{'loss': 4.459, 'grad_norm': 1.5153502225875854, 'learning_rate': 7.901122232332424e-05, 'epoch': 8.67}
{'loss': 4.4359, 'grad_norm': 1.3537654876708984, 'learning_rate': 7.899437198800257e-05, 'epoch': 8.67}
{'loss': 4.4542, 'grad_norm': 3.111846923828125, 'learning_rate': 7.89775216526809e-05, 'epoch': 8.68}
{'loss': 4.4455, 'grad_norm': 1.2916878461837769, 'learning_rate': 7.896067131735921e-05, 'epoch': 8.68}
{'loss': 4.4678, 'grad_norm': 1.2901110649108887, 'learning_rate': 7.894382098203754e-05, 'epoch': 8.69}
{'loss': 4.4511, 'grad_norm': 1.403577208518982, 'learning_rate': 7.892697064671587e-05, 'epoch': 8.69}
{'loss': 4.468, 'grad_norm': 1.6212681531906128, 'learning_rate': 7.89101203113942e-05, 'epoch': 8.69}
{'loss': 4.4337, 'grad_norm': 1.4957953691482544, 'learning_rate': 7.889326997607252e-05, 'epoch': 8.7}
{'loss': 4.4601, 'grad_norm': 1.3089112043380737, 'learning_rate': 7.887641964075085e-05, 'epoch': 8.7}
{'loss': 4.4758, 'grad_norm': 1.668936848640442, 'learning_rate': 7.885956930542919e-05, 'epoch': 8.71}
{'loss': 4.4585, 'grad_norm': 1.4467352628707886, 'learning_rate': 7.88427189701075e-05, 'epoch': 8.71}
{'loss': 4.4617, 'grad_norm': 1.3560141324996948, 'learning_rate': 7.882586863478584e-05, 'epoch': 8.72}
{'loss': 4.4641, 'grad_norm': 1.5267759561538696, 'learning_rate': 7.880901829946417e-05, 'epoch': 8.72}
{'loss': 4.4498, 'grad_norm': 1.5884504318237305, 'learning_rate': 7.87921679641425e-05, 'epoch': 8.73}
{'loss': 4.4574, 'grad_norm': 1.705308437347412, 'learning_rate': 7.877531762882082e-05, 'epoch': 8.73}
{'loss': 4.4953, 'grad_norm': 1.5218368768692017, 'learning_rate': 7.875846729349915e-05, 'epoch': 8.74}
{'loss': 4.4757, 'grad_norm': 1.323235034942627, 'learning_rate': 7.874161695817747e-05, 'epoch': 8.74}
{'loss': 4.4676, 'grad_norm': 1.3304884433746338, 'learning_rate': 7.87247666228558e-05, 'epoch': 8.74}
{'loss': 4.4967, 'grad_norm': 1.4580509662628174, 'learning_rate': 7.870791628753412e-05, 'epoch': 8.75}
{'loss': 4.4489, 'grad_norm': 1.5719517469406128, 'learning_rate': 7.869106595221245e-05, 'epoch': 8.75}
{'loss': 4.4493, 'grad_norm': 1.3489634990692139, 'learning_rate': 7.867421561689078e-05, 'epoch': 8.76}
{'loss': 4.4644, 'grad_norm': 1.6784416437149048, 'learning_rate': 7.86573652815691e-05, 'epoch': 8.76}
{'loss': 4.4577, 'grad_norm': 1.5028948783874512, 'learning_rate': 7.864051494624743e-05, 'epoch': 8.77}
{'loss': 4.468, 'grad_norm': 2.0171821117401123, 'learning_rate': 7.862366461092576e-05, 'epoch': 8.77}
{'loss': 4.4501, 'grad_norm': 1.4530783891677856, 'learning_rate': 7.86068142756041e-05, 'epoch': 8.78}
{'loss': 4.4552, 'grad_norm': 1.329267978668213, 'learning_rate': 7.858996394028241e-05, 'epoch': 8.78}
{'loss': 4.4488, 'grad_norm': 1.3004142045974731, 'learning_rate': 7.857311360496075e-05, 'epoch': 8.79}
{'loss': 4.4486, 'grad_norm': 1.3861808776855469, 'learning_rate': 7.855626326963908e-05, 'epoch': 8.79}
{'loss': 4.4665, 'grad_norm': 1.3540853261947632, 'learning_rate': 7.85394129343174e-05, 'epoch': 8.79}
{'loss': 4.4775, 'grad_norm': 1.2867680788040161, 'learning_rate': 7.852256259899572e-05, 'epoch': 8.8}
{'loss': 4.4532, 'grad_norm': 2.3121490478515625, 'learning_rate': 7.850571226367405e-05, 'epoch': 8.8}
{'loss': 4.4611, 'grad_norm': 1.7571210861206055, 'learning_rate': 7.848886192835238e-05, 'epoch': 8.81}
{'loss': 4.4616, 'grad_norm': 1.742978811264038, 'learning_rate': 7.84720115930307e-05, 'epoch': 8.81}
{'loss': 4.4538, 'grad_norm': 1.530765414237976, 'learning_rate': 7.845516125770903e-05, 'epoch': 8.82}
{'loss': 4.4616, 'grad_norm': 1.3519141674041748, 'learning_rate': 7.843831092238736e-05, 'epoch': 8.82}
{'loss': 4.4762, 'grad_norm': 1.714404821395874, 'learning_rate': 7.842146058706569e-05, 'epoch': 8.83}
{'loss': 4.4461, 'grad_norm': 1.6428805589675903, 'learning_rate': 7.840461025174401e-05, 'epoch': 8.83}
{'loss': 4.434, 'grad_norm': 1.503750205039978, 'learning_rate': 7.838775991642234e-05, 'epoch': 8.84}
{'loss': 4.4628, 'grad_norm': 1.337701678276062, 'learning_rate': 7.837090958110068e-05, 'epoch': 8.84}
{'loss': 4.4644, 'grad_norm': 1.357302188873291, 'learning_rate': 7.8354059245779e-05, 'epoch': 8.84}
{'loss': 4.4494, 'grad_norm': 1.5257519483566284, 'learning_rate': 7.833720891045733e-05, 'epoch': 8.85}
{'loss': 4.45, 'grad_norm': 1.8642207384109497, 'learning_rate': 7.832035857513564e-05, 'epoch': 8.85}
{'loss': 4.4735, 'grad_norm': 1.448433518409729, 'learning_rate': 7.830350823981398e-05, 'epoch': 8.86}
{'loss': 4.4519, 'grad_norm': 1.838192343711853, 'learning_rate': 7.82866579044923e-05, 'epoch': 8.86}
{'loss': 4.4739, 'grad_norm': 1.274888277053833, 'learning_rate': 7.826980756917063e-05, 'epoch': 8.87}
{'loss': 4.4662, 'grad_norm': 1.6628601551055908, 'learning_rate': 7.825295723384896e-05, 'epoch': 8.87}
{'loss': 4.4643, 'grad_norm': 1.4885061979293823, 'learning_rate': 7.823610689852729e-05, 'epoch': 8.88}
{'loss': 4.4663, 'grad_norm': 1.4692695140838623, 'learning_rate': 7.821925656320561e-05, 'epoch': 8.88}
{'loss': 4.4597, 'grad_norm': 1.2957760095596313, 'learning_rate': 7.820240622788394e-05, 'epoch': 8.89}
{'loss': 4.4438, 'grad_norm': 1.4200286865234375, 'learning_rate': 7.818555589256227e-05, 'epoch': 8.89}
{'loss': 4.4532, 'grad_norm': 1.4831678867340088, 'learning_rate': 7.816870555724059e-05, 'epoch': 8.89}
{'loss': 4.4672, 'grad_norm': 1.7628389596939087, 'learning_rate': 7.815185522191892e-05, 'epoch': 8.9}
{'loss': 4.4519, 'grad_norm': 1.3161838054656982, 'learning_rate': 7.813500488659725e-05, 'epoch': 8.9}
{'loss': 4.4544, 'grad_norm': 1.5674301385879517, 'learning_rate': 7.811815455127557e-05, 'epoch': 8.91}
{'loss': 4.4759, 'grad_norm': 1.8287681341171265, 'learning_rate': 7.810130421595389e-05, 'epoch': 8.91}
{'loss': 4.4846, 'grad_norm': 1.5454493761062622, 'learning_rate': 7.808445388063222e-05, 'epoch': 8.92}
{'loss': 4.4543, 'grad_norm': 1.6235462427139282, 'learning_rate': 7.806760354531055e-05, 'epoch': 8.92}
{'loss': 4.4696, 'grad_norm': 2.2629213333129883, 'learning_rate': 7.805075320998889e-05, 'epoch': 8.93}
{'loss': 4.448, 'grad_norm': 1.4804514646530151, 'learning_rate': 7.80339028746672e-05, 'epoch': 8.93}
{'loss': 4.4656, 'grad_norm': 1.4524998664855957, 'learning_rate': 7.801705253934554e-05, 'epoch': 8.94}
{'loss': 4.4608, 'grad_norm': 1.353464961051941, 'learning_rate': 7.800020220402387e-05, 'epoch': 8.94}
{'loss': 4.4769, 'grad_norm': 1.4350719451904297, 'learning_rate': 7.798335186870219e-05, 'epoch': 8.94}
{'loss': 4.4573, 'grad_norm': 1.5701833963394165, 'learning_rate': 7.796650153338052e-05, 'epoch': 8.95}
{'loss': 4.4635, 'grad_norm': 1.3464529514312744, 'learning_rate': 7.794965119805885e-05, 'epoch': 8.95}
{'loss': 4.475, 'grad_norm': 1.4193788766860962, 'learning_rate': 7.793280086273718e-05, 'epoch': 8.96}
{'loss': 4.475, 'grad_norm': 1.638237476348877, 'learning_rate': 7.79159505274155e-05, 'epoch': 8.96}
{'loss': 4.4483, 'grad_norm': 1.4427242279052734, 'learning_rate': 7.789910019209382e-05, 'epoch': 8.97}
{'loss': 4.4631, 'grad_norm': 1.3506379127502441, 'learning_rate': 7.788224985677215e-05, 'epoch': 8.97}
{'loss': 4.4848, 'grad_norm': 2.0444815158843994, 'learning_rate': 7.786539952145048e-05, 'epoch': 8.98}
{'loss': 4.4796, 'grad_norm': 1.5977782011032104, 'learning_rate': 7.78485491861288e-05, 'epoch': 8.98}
{'loss': 4.4657, 'grad_norm': 1.5985913276672363, 'learning_rate': 7.783169885080713e-05, 'epoch': 8.99}
{'loss': 4.4619, 'grad_norm': 1.3709365129470825, 'learning_rate': 7.781484851548546e-05, 'epoch': 8.99}
{'loss': 4.4732, 'grad_norm': 1.9018467664718628, 'learning_rate': 7.779799818016378e-05, 'epoch': 8.99}
{'loss': 4.4679, 'grad_norm': 1.6073188781738281, 'learning_rate': 7.778114784484212e-05, 'epoch': 9.0}
{'loss': 4.3699, 'grad_norm': 1.5370975732803345, 'learning_rate': 7.776429750952045e-05, 'epoch': 9.0}
{'loss': 4.3016, 'grad_norm': 1.8460332155227661, 'learning_rate': 7.774744717419878e-05, 'epoch': 9.01}
{'loss': 4.3257, 'grad_norm': 1.600142240524292, 'learning_rate': 7.77305968388771e-05, 'epoch': 9.01}
{'loss': 4.3105, 'grad_norm': 1.3911932706832886, 'learning_rate': 7.771374650355543e-05, 'epoch': 9.02}
{'loss': 4.2998, 'grad_norm': 1.5737401247024536, 'learning_rate': 7.769689616823376e-05, 'epoch': 9.02}
{'loss': 4.3118, 'grad_norm': 1.458186149597168, 'learning_rate': 7.768004583291208e-05, 'epoch': 9.03}
{'loss': 4.3228, 'grad_norm': 1.3091717958450317, 'learning_rate': 7.76631954975904e-05, 'epoch': 9.03}
{'loss': 4.3059, 'grad_norm': 2.2560312747955322, 'learning_rate': 7.764634516226873e-05, 'epoch': 9.04}
{'loss': 4.3217, 'grad_norm': 1.3787659406661987, 'learning_rate': 7.762949482694706e-05, 'epoch': 9.04}
{'loss': 4.3019, 'grad_norm': 1.673649549484253, 'learning_rate': 7.761264449162538e-05, 'epoch': 9.04}
{'loss': 4.3259, 'grad_norm': 1.7676243782043457, 'learning_rate': 7.759579415630371e-05, 'epoch': 9.05}
{'loss': 4.3464, 'grad_norm': 1.555890679359436, 'learning_rate': 7.757894382098204e-05, 'epoch': 9.05}
{'loss': 4.347, 'grad_norm': 2.0722053050994873, 'learning_rate': 7.756209348566038e-05, 'epoch': 9.06}
{'loss': 4.3207, 'grad_norm': 1.5787855386734009, 'learning_rate': 7.75452431503387e-05, 'epoch': 9.06}
{'loss': 4.308, 'grad_norm': 1.450871229171753, 'learning_rate': 7.752839281501703e-05, 'epoch': 9.07}
{'loss': 4.3267, 'grad_norm': 1.3985037803649902, 'learning_rate': 7.751154247969536e-05, 'epoch': 9.07}
{'loss': 4.3054, 'grad_norm': 1.3892228603363037, 'learning_rate': 7.749469214437368e-05, 'epoch': 9.08}
{'loss': 4.3328, 'grad_norm': 1.6103565692901611, 'learning_rate': 7.7477841809052e-05, 'epoch': 9.08}
{'loss': 4.3521, 'grad_norm': 1.6195518970489502, 'learning_rate': 7.746099147373033e-05, 'epoch': 9.09}
{'loss': 4.3444, 'grad_norm': 1.6302891969680786, 'learning_rate': 7.744414113840866e-05, 'epoch': 9.09}
{'loss': 4.3437, 'grad_norm': 2.7005083560943604, 'learning_rate': 7.742729080308698e-05, 'epoch': 9.09}
{'loss': 4.3268, 'grad_norm': 1.4853804111480713, 'learning_rate': 7.741044046776531e-05, 'epoch': 9.1}
pred : i
label: ardent in the prosecution of heresy cyril auspiciously opened his reign by oppressing the novatians the most innocent and harmless of the sectaries
pred : i
label: without any legal sentence without any royal mandate the patriarch at the dawn of day led a seditious multitude to the attack of the synagogues
pred : i
label: such crimes would have deserved the animadversion of the magistrate but in this promiscuous outrage the innocent were confounded with the guilty and alexandria was impoverished by the loss of a wealthy and industrious colony
pred : i
label: ardent in the prosecution of heresy cyril auspiciously opened his reign by oppressing the novatians the most innocent and harmless of the sectaries
pred : i
label: without any legal sentence without any royal mandate the patriarch at the dawn of day led a seditious multitude to the attack of the synagogues
pred : i
label: such crimes would have deserved the animadversion of the magistrate but in this promiscuous outrage the innocent were confounded with the guilty and alexandria was impoverished by the loss of a wealthy and industrious colony
pred : i
label: ardent in the prosecution of heresy cyril auspiciously opened his reign by oppressing the novatians the most innocent and harmless of the sectaries
pred : i
label: without any legal sentence without any royal mandate the patriarch at the dawn of day led a seditious multitude to the attack of the synagogues
pred : i
label: such crimes would have deserved the animadversion of the magistrate but in this promiscuous outrage the innocent were confounded with the guilty and alexandria was impoverished by the loss of a wealthy and industrious colony
pred : i
label: ardent in the prosecution of heresy cyril auspiciously opened his reign by oppressing the novatians the most innocent and harmless of the sectaries
pred : i
label: without any legal sentence without any royal mandate the patriarch at the dawn of day led a seditious multitude to the attack of the synagogues
pred : i
label: such crimes would have deserved the animadversion of the magistrate but in this promiscuous outrage the innocent were confounded with the guilty and alexandria was impoverished by the loss of a wealthy and industrious colony
{'eval_loss': 6.885270595550537, 'eval_bleu': 0.0, 'eval_wer': 0.9897412050525277, 'eval_cer': 0.9903634271865319, 'eval_rouge1': 0.026247220489751217, 'eval_rouge2': 0.0, 'eval_rougeL': 0.026234474258369396, 'eval_runtime': 18.1964, 'eval_samples_per_second': 305.94, 'eval_steps_per_second': 1.594, 'epoch': 9.1}
{'loss': 4.3017, 'grad_norm': 1.483362078666687, 'learning_rate': 7.739359013244364e-05, 'epoch': 9.1}
{'loss': 4.3356, 'grad_norm': 1.3946613073349, 'learning_rate': 7.737673979712197e-05, 'epoch': 9.11}
{'loss': 4.3307, 'grad_norm': 2.0360336303710938, 'learning_rate': 7.735988946180029e-05, 'epoch': 9.11}
{'loss': 4.3324, 'grad_norm': 1.6421303749084473, 'learning_rate': 7.734303912647862e-05, 'epoch': 9.12}
{'loss': 4.326, 'grad_norm': 1.4025201797485352, 'learning_rate': 7.732618879115695e-05, 'epoch': 9.12}
{'loss': 4.3453, 'grad_norm': 1.515621304512024, 'learning_rate': 7.730933845583527e-05, 'epoch': 9.13}
{'loss': 4.3142, 'grad_norm': 1.8598562479019165, 'learning_rate': 7.72924881205136e-05, 'epoch': 9.13}
{'loss': 4.3457, 'grad_norm': 1.4368233680725098, 'learning_rate': 7.727563778519194e-05, 'epoch': 9.14}
{'loss': 4.3293, 'grad_norm': 1.52210533618927, 'learning_rate': 7.725878744987025e-05, 'epoch': 9.14}
{'loss': 4.3112, 'grad_norm': 1.3376054763793945, 'learning_rate': 7.724193711454857e-05, 'epoch': 9.14}
{'loss': 4.3323, 'grad_norm': 2.08559250831604, 'learning_rate': 7.72250867792269e-05, 'epoch': 9.15}
{'loss': 4.3222, 'grad_norm': 1.6443748474121094, 'learning_rate': 7.720823644390524e-05, 'epoch': 9.15}
{'loss': 4.3348, 'grad_norm': 1.5887504816055298, 'learning_rate': 7.719138610858357e-05, 'epoch': 9.16}
{'loss': 4.3502, 'grad_norm': 1.5841622352600098, 'learning_rate': 7.717453577326189e-05, 'epoch': 9.16}
{'loss': 4.3474, 'grad_norm': 1.7186744213104248, 'learning_rate': 7.715768543794022e-05, 'epoch': 9.17}
{'loss': 4.3235, 'grad_norm': 1.4574649333953857, 'learning_rate': 7.714083510261855e-05, 'epoch': 9.17}
{'loss': 4.3297, 'grad_norm': 1.466551423072815, 'learning_rate': 7.712398476729687e-05, 'epoch': 9.18}
{'loss': 4.3229, 'grad_norm': 1.6096874475479126, 'learning_rate': 7.71071344319752e-05, 'epoch': 9.18}
{'loss': 4.3509, 'grad_norm': 1.413175106048584, 'learning_rate': 7.709028409665353e-05, 'epoch': 9.19}
{'loss': 4.3544, 'grad_norm': 1.6129515171051025, 'learning_rate': 7.707343376133186e-05, 'epoch': 9.19}
{'loss': 4.3441, 'grad_norm': 1.4050393104553223, 'learning_rate': 7.705658342601017e-05, 'epoch': 9.19}
{'loss': 4.3635, 'grad_norm': 1.413714051246643, 'learning_rate': 7.70397330906885e-05, 'epoch': 9.2}
{'loss': 4.3396, 'grad_norm': 1.4151136875152588, 'learning_rate': 7.702288275536683e-05, 'epoch': 9.2}
{'loss': 4.3404, 'grad_norm': 1.5335907936096191, 'learning_rate': 7.700603242004517e-05, 'epoch': 9.21}
{'loss': 4.3376, 'grad_norm': 1.3878182172775269, 'learning_rate': 7.698918208472348e-05, 'epoch': 9.21}
{'loss': 4.3618, 'grad_norm': 1.4498738050460815, 'learning_rate': 7.697233174940182e-05, 'epoch': 9.22}
{'loss': 4.335, 'grad_norm': 1.5859549045562744, 'learning_rate': 7.695548141408015e-05, 'epoch': 9.22}
{'loss': 4.339, 'grad_norm': 1.9650089740753174, 'learning_rate': 7.693863107875847e-05, 'epoch': 9.23}
{'loss': 4.3497, 'grad_norm': 1.9484779834747314, 'learning_rate': 7.69217807434368e-05, 'epoch': 9.23}
{'loss': 4.3513, 'grad_norm': 1.6959394216537476, 'learning_rate': 7.690493040811513e-05, 'epoch': 9.24}
{'loss': 4.3528, 'grad_norm': 1.3657982349395752, 'learning_rate': 7.688808007279346e-05, 'epoch': 9.24}
{'loss': 4.3404, 'grad_norm': 1.728140115737915, 'learning_rate': 7.687122973747178e-05, 'epoch': 9.24}
{'loss': 4.3694, 'grad_norm': 1.8419334888458252, 'learning_rate': 7.685437940215011e-05, 'epoch': 9.25}
{'loss': 4.3325, 'grad_norm': 1.5483895540237427, 'learning_rate': 7.683752906682843e-05, 'epoch': 9.25}
{'loss': 4.3636, 'grad_norm': 1.6440515518188477, 'learning_rate': 7.682067873150676e-05, 'epoch': 9.26}
{'loss': 4.3693, 'grad_norm': 1.3703051805496216, 'learning_rate': 7.680382839618508e-05, 'epoch': 9.26}
{'loss': 4.3596, 'grad_norm': 1.6970651149749756, 'learning_rate': 7.678697806086341e-05, 'epoch': 9.27}
{'loss': 4.3639, 'grad_norm': 1.4291224479675293, 'learning_rate': 7.677012772554174e-05, 'epoch': 9.27}
{'loss': 4.3438, 'grad_norm': 1.8520457744598389, 'learning_rate': 7.675327739022006e-05, 'epoch': 9.28}
{'loss': 4.346, 'grad_norm': 2.12282657623291, 'learning_rate': 7.67364270548984e-05, 'epoch': 9.28}
{'loss': 4.3548, 'grad_norm': 1.6012440919876099, 'learning_rate': 7.671957671957673e-05, 'epoch': 9.29}
{'loss': 4.3647, 'grad_norm': 1.5121612548828125, 'learning_rate': 7.670272638425506e-05, 'epoch': 9.29}
{'loss': 4.3446, 'grad_norm': 1.5842666625976562, 'learning_rate': 7.668587604893338e-05, 'epoch': 9.29}
{'loss': 4.3518, 'grad_norm': 1.5932689905166626, 'learning_rate': 7.666902571361171e-05, 'epoch': 9.3}
{'loss': 4.3673, 'grad_norm': 1.4670841693878174, 'learning_rate': 7.665217537829004e-05, 'epoch': 9.3}
{'loss': 4.3583, 'grad_norm': 1.707068920135498, 'learning_rate': 7.663532504296836e-05, 'epoch': 9.31}
{'loss': 4.3581, 'grad_norm': 2.2947998046875, 'learning_rate': 7.661847470764668e-05, 'epoch': 9.31}
{'loss': 4.3583, 'grad_norm': 1.4038960933685303, 'learning_rate': 7.660162437232501e-05, 'epoch': 9.32}
{'loss': 4.3568, 'grad_norm': 1.5258501768112183, 'learning_rate': 7.658477403700334e-05, 'epoch': 9.32}
{'loss': 4.3522, 'grad_norm': 1.7084096670150757, 'learning_rate': 7.656792370168166e-05, 'epoch': 9.33}
{'loss': 4.3646, 'grad_norm': 1.4590734243392944, 'learning_rate': 7.655107336635999e-05, 'epoch': 9.33}
{'loss': 4.3517, 'grad_norm': 1.6929259300231934, 'learning_rate': 7.653422303103832e-05, 'epoch': 9.34}
{'loss': 4.3622, 'grad_norm': 1.5927412509918213, 'learning_rate': 7.651737269571665e-05, 'epoch': 9.34}
{'loss': 4.3366, 'grad_norm': 1.3764886856079102, 'learning_rate': 7.650052236039497e-05, 'epoch': 9.34}
{'loss': 4.3449, 'grad_norm': 1.3828918933868408, 'learning_rate': 7.64836720250733e-05, 'epoch': 9.35}
{'loss': 4.3464, 'grad_norm': 1.5942697525024414, 'learning_rate': 7.646682168975164e-05, 'epoch': 9.35}
{'loss': 4.3522, 'grad_norm': 1.5883179903030396, 'learning_rate': 7.644997135442995e-05, 'epoch': 9.36}
{'loss': 4.3409, 'grad_norm': 1.4361127614974976, 'learning_rate': 7.643312101910829e-05, 'epoch': 9.36}
{'loss': 4.3565, 'grad_norm': 1.6309479475021362, 'learning_rate': 7.64162706837866e-05, 'epoch': 9.37}
{'loss': 4.3682, 'grad_norm': 1.4068820476531982, 'learning_rate': 7.639942034846494e-05, 'epoch': 9.37}
{'loss': 4.3465, 'grad_norm': 1.7218201160430908, 'learning_rate': 7.638257001314327e-05, 'epoch': 9.38}
{'loss': 4.3499, 'grad_norm': 1.678640604019165, 'learning_rate': 7.636571967782159e-05, 'epoch': 9.38}
{'loss': 4.3524, 'grad_norm': 1.7854926586151123, 'learning_rate': 7.634886934249992e-05, 'epoch': 9.39}
{'loss': 4.3574, 'grad_norm': 1.3735756874084473, 'learning_rate': 7.633201900717825e-05, 'epoch': 9.39}
{'loss': 4.3757, 'grad_norm': 1.9825260639190674, 'learning_rate': 7.631516867185657e-05, 'epoch': 9.39}
{'loss': 4.3669, 'grad_norm': 1.6091516017913818, 'learning_rate': 7.62983183365349e-05, 'epoch': 9.4}
{'loss': 4.3643, 'grad_norm': 2.0517172813415527, 'learning_rate': 7.628146800121323e-05, 'epoch': 9.4}
{'loss': 4.3753, 'grad_norm': 1.4343374967575073, 'learning_rate': 7.626461766589155e-05, 'epoch': 9.41}
{'loss': 4.3638, 'grad_norm': 1.491284728050232, 'learning_rate': 7.624776733056988e-05, 'epoch': 9.41}
{'loss': 4.3633, 'grad_norm': 1.5374248027801514, 'learning_rate': 7.623091699524822e-05, 'epoch': 9.42}
{'loss': 4.3584, 'grad_norm': 1.6000505685806274, 'learning_rate': 7.621406665992653e-05, 'epoch': 9.42}
{'loss': 4.3662, 'grad_norm': 1.662187099456787, 'learning_rate': 7.619721632460487e-05, 'epoch': 9.43}
{'loss': 4.3541, 'grad_norm': 1.6390843391418457, 'learning_rate': 7.618036598928318e-05, 'epoch': 9.43}
{'loss': 4.3693, 'grad_norm': 2.6247754096984863, 'learning_rate': 7.616351565396152e-05, 'epoch': 9.44}
{'loss': 4.3634, 'grad_norm': 1.80037522315979, 'learning_rate': 7.614666531863985e-05, 'epoch': 9.44}
{'loss': 4.3509, 'grad_norm': 1.3832871913909912, 'learning_rate': 7.612981498331817e-05, 'epoch': 9.44}
{'loss': 4.3733, 'grad_norm': 1.811379313468933, 'learning_rate': 7.61129646479965e-05, 'epoch': 9.45}
{'loss': 4.3738, 'grad_norm': 1.4425673484802246, 'learning_rate': 7.609611431267483e-05, 'epoch': 9.45}
{'loss': 4.377, 'grad_norm': 1.3622701168060303, 'learning_rate': 7.607926397735316e-05, 'epoch': 9.46}
{'loss': 4.3472, 'grad_norm': 1.3906121253967285, 'learning_rate': 7.606241364203148e-05, 'epoch': 9.46}
{'loss': 4.3673, 'grad_norm': 1.510849952697754, 'learning_rate': 7.604556330670981e-05, 'epoch': 9.47}
{'loss': 4.3693, 'grad_norm': 1.5402052402496338, 'learning_rate': 7.602871297138814e-05, 'epoch': 9.47}
{'loss': 4.3659, 'grad_norm': 1.8571271896362305, 'learning_rate': 7.601186263606646e-05, 'epoch': 9.48}
{'loss': 4.3624, 'grad_norm': 1.372167706489563, 'learning_rate': 7.599501230074478e-05, 'epoch': 9.48}
{'loss': 4.3708, 'grad_norm': 1.3792740106582642, 'learning_rate': 7.597816196542311e-05, 'epoch': 9.49}
{'loss': 4.3658, 'grad_norm': 1.385270595550537, 'learning_rate': 7.596131163010144e-05, 'epoch': 9.49}
{'loss': 4.3637, 'grad_norm': 1.9132932424545288, 'learning_rate': 7.594446129477976e-05, 'epoch': 9.49}
{'loss': 4.355, 'grad_norm': 2.025881290435791, 'learning_rate': 7.59276109594581e-05, 'epoch': 9.5}
{'loss': 4.3765, 'grad_norm': 1.5138046741485596, 'learning_rate': 7.591076062413643e-05, 'epoch': 9.5}
{'loss': 4.3552, 'grad_norm': 1.4686212539672852, 'learning_rate': 7.589391028881476e-05, 'epoch': 9.51}
{'loss': 4.3566, 'grad_norm': 1.422295331954956, 'learning_rate': 7.587705995349308e-05, 'epoch': 9.51}
{'loss': 4.3808, 'grad_norm': 1.7803066968917847, 'learning_rate': 7.586020961817141e-05, 'epoch': 9.52}
{'loss': 4.388, 'grad_norm': 1.9262199401855469, 'learning_rate': 7.584335928284974e-05, 'epoch': 9.52}
{'loss': 4.3755, 'grad_norm': 1.7346227169036865, 'learning_rate': 7.582650894752806e-05, 'epoch': 9.53}
{'loss': 4.3511, 'grad_norm': 1.532865285873413, 'learning_rate': 7.580965861220639e-05, 'epoch': 9.53}
{'loss': 4.3657, 'grad_norm': 1.6270475387573242, 'learning_rate': 7.579280827688471e-05, 'epoch': 9.54}
{'loss': 4.3821, 'grad_norm': 1.720167636871338, 'learning_rate': 7.577595794156304e-05, 'epoch': 9.54}
{'loss': 4.3554, 'grad_norm': 1.438395380973816, 'learning_rate': 7.575910760624136e-05, 'epoch': 9.55}
{'loss': 4.3615, 'grad_norm': 1.481418490409851, 'learning_rate': 7.574225727091969e-05, 'epoch': 9.55}
{'loss': 4.3663, 'grad_norm': 1.5134283304214478, 'learning_rate': 7.572540693559802e-05, 'epoch': 9.55}
{'loss': 4.3424, 'grad_norm': 1.500465989112854, 'learning_rate': 7.570855660027635e-05, 'epoch': 9.56}
{'loss': 4.3751, 'grad_norm': 1.4611272811889648, 'learning_rate': 7.569170626495467e-05, 'epoch': 9.56}
{'loss': 4.3812, 'grad_norm': 1.5326374769210815, 'learning_rate': 7.5674855929633e-05, 'epoch': 9.57}
{'loss': 4.3743, 'grad_norm': 1.5179468393325806, 'learning_rate': 7.565800559431134e-05, 'epoch': 9.57}
{'loss': 4.3893, 'grad_norm': 1.4757827520370483, 'learning_rate': 7.564115525898965e-05, 'epoch': 9.58}
{'loss': 4.3724, 'grad_norm': 1.370905876159668, 'learning_rate': 7.562430492366799e-05, 'epoch': 9.58}
{'loss': 4.3842, 'grad_norm': 2.4613616466522217, 'learning_rate': 7.560745458834632e-05, 'epoch': 9.59}
{'loss': 4.365, 'grad_norm': 2.266855001449585, 'learning_rate': 7.559060425302465e-05, 'epoch': 9.59}
{'loss': 4.376, 'grad_norm': 1.5756845474243164, 'learning_rate': 7.557375391770296e-05, 'epoch': 9.6}
{'loss': 4.3971, 'grad_norm': 1.6894595623016357, 'learning_rate': 7.555690358238129e-05, 'epoch': 9.6}
{'loss': 4.3849, 'grad_norm': 1.4323011636734009, 'learning_rate': 7.554005324705962e-05, 'epoch': 9.6}
{'loss': 4.37, 'grad_norm': 1.414312481880188, 'learning_rate': 7.552320291173795e-05, 'epoch': 9.61}
{'loss': 4.3792, 'grad_norm': 1.701784610748291, 'learning_rate': 7.550635257641627e-05, 'epoch': 9.61}
{'loss': 4.3766, 'grad_norm': 1.3544394969940186, 'learning_rate': 7.54895022410946e-05, 'epoch': 9.62}
{'loss': 4.3815, 'grad_norm': 2.212655544281006, 'learning_rate': 7.547265190577293e-05, 'epoch': 9.62}
{'loss': 4.3714, 'grad_norm': 2.028557300567627, 'learning_rate': 7.545580157045125e-05, 'epoch': 9.63}
{'loss': 4.3804, 'grad_norm': 1.7637027502059937, 'learning_rate': 7.543895123512958e-05, 'epoch': 9.63}
{'loss': 4.3571, 'grad_norm': 1.3816231489181519, 'learning_rate': 7.542210089980792e-05, 'epoch': 9.64}
{'loss': 4.3522, 'grad_norm': 1.5253866910934448, 'learning_rate': 7.540525056448625e-05, 'epoch': 9.64}
{'loss': 4.3563, 'grad_norm': 1.5132532119750977, 'learning_rate': 7.538840022916457e-05, 'epoch': 9.65}
{'loss': 4.3755, 'grad_norm': 1.6527785062789917, 'learning_rate': 7.53715498938429e-05, 'epoch': 9.65}
{'loss': 4.3992, 'grad_norm': 1.4999890327453613, 'learning_rate': 7.535469955852122e-05, 'epoch': 9.65}
{'loss': 4.3776, 'grad_norm': 1.5972915887832642, 'learning_rate': 7.533784922319955e-05, 'epoch': 9.66}
{'loss': 4.3858, 'grad_norm': 1.6315947771072388, 'learning_rate': 7.532099888787787e-05, 'epoch': 9.66}
{'loss': 4.3796, 'grad_norm': 1.3821673393249512, 'learning_rate': 7.53041485525562e-05, 'epoch': 9.67}
{'loss': 4.358, 'grad_norm': 1.6160175800323486, 'learning_rate': 7.528729821723453e-05, 'epoch': 9.67}
{'loss': 4.3879, 'grad_norm': 1.4015436172485352, 'learning_rate': 7.527044788191285e-05, 'epoch': 9.68}
{'loss': 4.3821, 'grad_norm': 1.4584184885025024, 'learning_rate': 7.525359754659118e-05, 'epoch': 9.68}
{'loss': 4.3939, 'grad_norm': 1.4497774839401245, 'learning_rate': 7.523674721126951e-05, 'epoch': 9.69}
{'loss': 4.3841, 'grad_norm': 2.1682934761047363, 'learning_rate': 7.521989687594784e-05, 'epoch': 9.69}
{'loss': 4.375, 'grad_norm': 1.4769068956375122, 'learning_rate': 7.520304654062616e-05, 'epoch': 9.7}
{'loss': 4.3913, 'grad_norm': 1.51589035987854, 'learning_rate': 7.51861962053045e-05, 'epoch': 9.7}
{'loss': 4.3999, 'grad_norm': 1.8150564432144165, 'learning_rate': 7.516934586998283e-05, 'epoch': 9.7}
{'loss': 4.3859, 'grad_norm': 1.4567737579345703, 'learning_rate': 7.515249553466114e-05, 'epoch': 9.71}
{'loss': 4.3562, 'grad_norm': 1.3839300870895386, 'learning_rate': 7.513564519933946e-05, 'epoch': 9.71}
{'loss': 4.3873, 'grad_norm': 1.576703667640686, 'learning_rate': 7.51187948640178e-05, 'epoch': 9.72}
{'loss': 4.4127, 'grad_norm': 1.5112755298614502, 'learning_rate': 7.510194452869613e-05, 'epoch': 9.72}
{'loss': 4.3889, 'grad_norm': 2.0817172527313232, 'learning_rate': 7.508509419337444e-05, 'epoch': 9.73}
{'loss': 4.3857, 'grad_norm': 2.271256446838379, 'learning_rate': 7.506824385805278e-05, 'epoch': 9.73}
{'loss': 4.3735, 'grad_norm': 1.3995280265808105, 'learning_rate': 7.505139352273111e-05, 'epoch': 9.74}
{'loss': 4.3833, 'grad_norm': 1.6520270109176636, 'learning_rate': 7.503454318740944e-05, 'epoch': 9.74}
{'loss': 4.387, 'grad_norm': 1.4342026710510254, 'learning_rate': 7.501769285208776e-05, 'epoch': 9.75}
{'loss': 4.4008, 'grad_norm': 1.9686983823776245, 'learning_rate': 7.500084251676609e-05, 'epoch': 9.75}
{'loss': 4.3876, 'grad_norm': 1.4180468320846558, 'learning_rate': 7.498399218144442e-05, 'epoch': 9.75}
{'loss': 4.3718, 'grad_norm': 1.9834493398666382, 'learning_rate': 7.496714184612274e-05, 'epoch': 9.76}
{'loss': 4.3724, 'grad_norm': 1.5126513242721558, 'learning_rate': 7.495029151080107e-05, 'epoch': 9.76}
{'loss': 4.4001, 'grad_norm': 2.361001968383789, 'learning_rate': 7.493344117547939e-05, 'epoch': 9.77}
{'loss': 4.3852, 'grad_norm': 1.3676754236221313, 'learning_rate': 7.491659084015772e-05, 'epoch': 9.77}
{'loss': 4.3809, 'grad_norm': 1.7658642530441284, 'learning_rate': 7.489974050483604e-05, 'epoch': 9.78}
{'loss': 4.3709, 'grad_norm': 1.4144686460494995, 'learning_rate': 7.488289016951437e-05, 'epoch': 9.78}
{'loss': 4.4076, 'grad_norm': 1.8770229816436768, 'learning_rate': 7.48660398341927e-05, 'epoch': 9.79}
{'loss': 4.4068, 'grad_norm': 1.547789216041565, 'learning_rate': 7.484918949887104e-05, 'epoch': 9.79}
{'loss': 4.3946, 'grad_norm': 1.5479137897491455, 'learning_rate': 7.483233916354936e-05, 'epoch': 9.8}
{'loss': 4.3511, 'grad_norm': 2.4021658897399902, 'learning_rate': 7.481548882822769e-05, 'epoch': 9.8}
{'loss': 4.3897, 'grad_norm': 1.4655667543411255, 'learning_rate': 7.479863849290602e-05, 'epoch': 9.8}
{'loss': 4.3756, 'grad_norm': 1.4759808778762817, 'learning_rate': 7.478178815758434e-05, 'epoch': 9.81}
{'loss': 4.3736, 'grad_norm': 1.5440208911895752, 'learning_rate': 7.476493782226267e-05, 'epoch': 9.81}
{'loss': 4.3697, 'grad_norm': 1.4275884628295898, 'learning_rate': 7.4748087486941e-05, 'epoch': 9.82}
{'loss': 4.3804, 'grad_norm': 1.4561164379119873, 'learning_rate': 7.473123715161932e-05, 'epoch': 9.82}
{'loss': 4.4007, 'grad_norm': 1.525478720664978, 'learning_rate': 7.471438681629764e-05, 'epoch': 9.83}
{'loss': 4.397, 'grad_norm': 1.7256380319595337, 'learning_rate': 7.469753648097597e-05, 'epoch': 9.83}
{'loss': 4.3959, 'grad_norm': 2.0645148754119873, 'learning_rate': 7.46806861456543e-05, 'epoch': 9.84}
{'loss': 4.3975, 'grad_norm': 1.9966763257980347, 'learning_rate': 7.466383581033263e-05, 'epoch': 9.84}
{'loss': 4.3888, 'grad_norm': 1.3741445541381836, 'learning_rate': 7.464698547501095e-05, 'epoch': 9.85}
{'loss': 4.3906, 'grad_norm': 2.0560786724090576, 'learning_rate': 7.463013513968928e-05, 'epoch': 9.85}
{'loss': 4.382, 'grad_norm': 1.993077039718628, 'learning_rate': 7.461328480436762e-05, 'epoch': 9.85}
{'loss': 4.4014, 'grad_norm': 1.5647777318954468, 'learning_rate': 7.459643446904593e-05, 'epoch': 9.86}
{'loss': 4.3963, 'grad_norm': 1.4036705493927002, 'learning_rate': 7.457958413372427e-05, 'epoch': 9.86}
{'loss': 4.3773, 'grad_norm': 1.5667859315872192, 'learning_rate': 7.45627337984026e-05, 'epoch': 9.87}
{'loss': 4.3933, 'grad_norm': 1.8911114931106567, 'learning_rate': 7.454588346308093e-05, 'epoch': 9.87}
{'loss': 4.3953, 'grad_norm': 1.9570246934890747, 'learning_rate': 7.452903312775925e-05, 'epoch': 9.88}
{'loss': 4.3962, 'grad_norm': 1.4506230354309082, 'learning_rate': 7.451218279243757e-05, 'epoch': 9.88}
{'loss': 4.3901, 'grad_norm': 1.3502641916275024, 'learning_rate': 7.44953324571159e-05, 'epoch': 9.89}
{'loss': 4.3997, 'grad_norm': 1.66605544090271, 'learning_rate': 7.447848212179423e-05, 'epoch': 9.89}
{'loss': 4.3848, 'grad_norm': 1.5888510942459106, 'learning_rate': 7.446163178647255e-05, 'epoch': 9.9}
{'loss': 4.3851, 'grad_norm': 1.4897820949554443, 'learning_rate': 7.444478145115088e-05, 'epoch': 9.9}
{'loss': 4.4001, 'grad_norm': 1.9677799940109253, 'learning_rate': 7.442793111582921e-05, 'epoch': 9.9}
{'loss': 4.3858, 'grad_norm': 1.4113801717758179, 'learning_rate': 7.441108078050753e-05, 'epoch': 9.91}
{'loss': 4.3954, 'grad_norm': 2.4978220462799072, 'learning_rate': 7.439423044518586e-05, 'epoch': 9.91}
{'loss': 4.4007, 'grad_norm': 1.4204514026641846, 'learning_rate': 7.43773801098642e-05, 'epoch': 9.92}
{'loss': 4.4005, 'grad_norm': 1.6107686758041382, 'learning_rate': 7.436052977454253e-05, 'epoch': 9.92}
{'loss': 4.3965, 'grad_norm': 1.543387770652771, 'learning_rate': 7.434367943922084e-05, 'epoch': 9.93}
{'loss': 4.3929, 'grad_norm': 1.428877353668213, 'learning_rate': 7.432682910389918e-05, 'epoch': 9.93}
{'loss': 4.4072, 'grad_norm': 2.373875379562378, 'learning_rate': 7.43099787685775e-05, 'epoch': 9.94}
{'loss': 4.3978, 'grad_norm': 1.3819210529327393, 'learning_rate': 7.429312843325583e-05, 'epoch': 9.94}
{'loss': 4.4158, 'grad_norm': 1.5125501155853271, 'learning_rate': 7.427627809793414e-05, 'epoch': 9.95}
{'loss': 4.4184, 'grad_norm': 2.3489291667938232, 'learning_rate': 7.425942776261248e-05, 'epoch': 9.95}
{'loss': 4.3832, 'grad_norm': 1.8687456846237183, 'learning_rate': 7.424257742729081e-05, 'epoch': 9.95}
{'loss': 4.4007, 'grad_norm': 2.084049940109253, 'learning_rate': 7.422572709196913e-05, 'epoch': 9.96}
{'loss': 4.4068, 'grad_norm': 2.436943292617798, 'learning_rate': 7.420887675664746e-05, 'epoch': 9.96}
{'loss': 4.3827, 'grad_norm': 2.197312355041504, 'learning_rate': 7.419202642132579e-05, 'epoch': 9.97}
{'loss': 4.3758, 'grad_norm': 1.3342869281768799, 'learning_rate': 7.417517608600412e-05, 'epoch': 9.97}
{'loss': 4.3956, 'grad_norm': 1.4109104871749878, 'learning_rate': 7.415832575068244e-05, 'epoch': 9.98}
{'loss': 4.3976, 'grad_norm': 1.3664801120758057, 'learning_rate': 7.414147541536077e-05, 'epoch': 9.98}
{'loss': 4.3924, 'grad_norm': 1.3226922750473022, 'learning_rate': 7.41246250800391e-05, 'epoch': 9.99}
{'loss': 4.4096, 'grad_norm': 1.471868872642517, 'learning_rate': 7.410777474471742e-05, 'epoch': 9.99}
{'loss': 4.4107, 'grad_norm': 1.7121065855026245, 'learning_rate': 7.409092440939574e-05, 'epoch': 10.0}
{'loss': 4.3815, 'grad_norm': 1.961246371269226, 'learning_rate': 7.407407407407407e-05, 'epoch': 10.0}
{'loss': 4.265, 'grad_norm': 2.409543752670288, 'learning_rate': 7.40572237387524e-05, 'epoch': 10.0}
{'loss': 4.2477, 'grad_norm': 1.7521989345550537, 'learning_rate': 7.404037340343072e-05, 'epoch': 10.01}
pred : i
label: ardent in the prosecution of heresy cyril auspiciously opened his reign by oppressing the novatians the most innocent and harmless of the sectaries
pred : i
label: without any legal sentence without any royal mandate the patriarch at the dawn of day led a seditious multitude to the attack of the synagogues
pred : i
label: such crimes would have deserved the animadversion of the magistrate but in this promiscuous outrage the innocent were confounded with the guilty and alexandria was impoverished by the loss of a wealthy and industrious colony
pred : i
label: ardent in the prosecution of heresy cyril auspiciously opened his reign by oppressing the novatians the most innocent and harmless of the sectaries
pred : i
label: without any legal sentence without any royal mandate the patriarch at the dawn of day led a seditious multitude to the attack of the synagogues
pred : i
label: such crimes would have deserved the animadversion of the magistrate but in this promiscuous outrage the innocent were confounded with the guilty and alexandria was impoverished by the loss of a wealthy and industrious colony
pred : i
label: ardent in the prosecution of heresy cyril auspiciously opened his reign by oppressing the novatians the most innocent and harmless of the sectaries
pred : i
label: without any legal sentence without any royal mandate the patriarch at the dawn of day led a seditious multitude to the attack of the synagogues
pred : i
label: such crimes would have deserved the animadversion of the magistrate but in this promiscuous outrage the innocent were confounded with the guilty and alexandria was impoverished by the loss of a wealthy and industrious colony
pred : i
label: ardent in the prosecution of heresy cyril auspiciously opened his reign by oppressing the novatians the most innocent and harmless of the sectaries
pred : i
label: without any legal sentence without any royal mandate the patriarch at the dawn of day led a seditious multitude to the attack of the synagogues
pred : i
label: such crimes would have deserved the animadversion of the magistrate but in this promiscuous outrage the innocent were confounded with the guilty and alexandria was impoverished by the loss of a wealthy and industrious colony
{'eval_loss': 5.817274570465088, 'eval_bleu': 0.0, 'eval_wer': 0.9898930466058667, 'eval_cer': 0.9897376991239807, 'eval_rouge1': 0.025815814680436495, 'eval_rouge2': 0.0, 'eval_rougeL': 0.025774885325462925, 'eval_runtime': 20.0635, 'eval_samples_per_second': 277.469, 'eval_steps_per_second': 1.445, 'epoch': 10.01}
{'loss': 4.2254, 'grad_norm': 1.6419670581817627, 'learning_rate': 7.402352306810906e-05, 'epoch': 10.01}
{'loss': 4.2445, 'grad_norm': 1.5920740365982056, 'learning_rate': 7.400667273278739e-05, 'epoch': 10.02}
{'loss': 4.2326, 'grad_norm': 1.4932096004486084, 'learning_rate': 7.398982239746572e-05, 'epoch': 10.02}
{'loss': 4.2568, 'grad_norm': 2.4420058727264404, 'learning_rate': 7.397297206214404e-05, 'epoch': 10.03}
{'loss': 4.2405, 'grad_norm': 2.122246026992798, 'learning_rate': 7.395612172682237e-05, 'epoch': 10.03}
{'loss': 4.2532, 'grad_norm': 2.0337088108062744, 'learning_rate': 7.39392713915007e-05, 'epoch': 10.04}
{'loss': 4.2664, 'grad_norm': 1.56922447681427, 'learning_rate': 7.392242105617902e-05, 'epoch': 10.04}
{'loss': 4.2595, 'grad_norm': 1.702246904373169, 'learning_rate': 7.390557072085735e-05, 'epoch': 10.05}
{'loss': 4.274, 'grad_norm': 1.8243322372436523, 'learning_rate': 7.388872038553567e-05, 'epoch': 10.05}
{'loss': 4.2755, 'grad_norm': 2.1880605220794678, 'learning_rate': 7.3871870050214e-05, 'epoch': 10.05}
{'loss': 4.2445, 'grad_norm': 1.3967268466949463, 'learning_rate': 7.385501971489232e-05, 'epoch': 10.06}
{'loss': 4.2567, 'grad_norm': 1.5905205011367798, 'learning_rate': 7.383816937957065e-05, 'epoch': 10.06}
{'loss': 4.2478, 'grad_norm': 1.5745185613632202, 'learning_rate': 7.382131904424898e-05, 'epoch': 10.07}
{'loss': 4.2849, 'grad_norm': 3.3810982704162598, 'learning_rate': 7.380446870892732e-05, 'epoch': 10.07}
{'loss': 4.262, 'grad_norm': 2.656323194503784, 'learning_rate': 7.378761837360563e-05, 'epoch': 10.08}
{'loss': 4.2635, 'grad_norm': 1.4622031450271606, 'learning_rate': 7.377076803828397e-05, 'epoch': 10.08}
{'loss': 4.2537, 'grad_norm': 1.7217808961868286, 'learning_rate': 7.37539177029623e-05, 'epoch': 10.09}
{'loss': 4.2831, 'grad_norm': 1.5243538618087769, 'learning_rate': 7.373706736764062e-05, 'epoch': 10.09}
{'loss': 4.2509, 'grad_norm': 1.4388234615325928, 'learning_rate': 7.372021703231895e-05, 'epoch': 10.1}
{'loss': 4.2607, 'grad_norm': 2.0017337799072266, 'learning_rate': 7.370336669699728e-05, 'epoch': 10.1}
{'loss': 4.2502, 'grad_norm': 1.9113861322402954, 'learning_rate': 7.368651636167561e-05, 'epoch': 10.1}
{'loss': 4.2628, 'grad_norm': 2.0552961826324463, 'learning_rate': 7.366966602635392e-05, 'epoch': 10.11}
{'loss': 4.2825, 'grad_norm': 1.4048147201538086, 'learning_rate': 7.365281569103225e-05, 'epoch': 10.11}
{'loss': 4.2857, 'grad_norm': 1.4134730100631714, 'learning_rate': 7.363596535571058e-05, 'epoch': 10.12}
{'loss': 4.2492, 'grad_norm': 2.025876998901367, 'learning_rate': 7.361911502038891e-05, 'epoch': 10.12}
{'loss': 4.2749, 'grad_norm': 1.5499610900878906, 'learning_rate': 7.360226468506723e-05, 'epoch': 10.13}
{'loss': 4.2453, 'grad_norm': 1.485427975654602, 'learning_rate': 7.358541434974556e-05, 'epoch': 10.13}
{'loss': 4.2741, 'grad_norm': 1.9314457178115845, 'learning_rate': 7.35685640144239e-05, 'epoch': 10.14}
{'loss': 4.2916, 'grad_norm': 1.7942358255386353, 'learning_rate': 7.355171367910221e-05, 'epoch': 10.14}
{'loss': 4.2514, 'grad_norm': 1.6431065797805786, 'learning_rate': 7.353486334378054e-05, 'epoch': 10.15}
{'loss': 4.272, 'grad_norm': 1.3957315683364868, 'learning_rate': 7.351801300845888e-05, 'epoch': 10.15}
{'loss': 4.2677, 'grad_norm': 1.6026097536087036, 'learning_rate': 7.350116267313721e-05, 'epoch': 10.15}
{'loss': 4.2611, 'grad_norm': 1.9349477291107178, 'learning_rate': 7.348431233781553e-05, 'epoch': 10.16}
{'loss': 4.2572, 'grad_norm': 2.218642234802246, 'learning_rate': 7.346746200249386e-05, 'epoch': 10.16}
{'loss': 4.236, 'grad_norm': 2.334167718887329, 'learning_rate': 7.345061166717218e-05, 'epoch': 10.17}
{'loss': 4.2628, 'grad_norm': 1.6853171586990356, 'learning_rate': 7.343376133185051e-05, 'epoch': 10.17}
{'loss': 4.2538, 'grad_norm': 1.6398684978485107, 'learning_rate': 7.341691099652883e-05, 'epoch': 10.18}
{'loss': 4.2821, 'grad_norm': 1.5529686212539673, 'learning_rate': 7.340006066120716e-05, 'epoch': 10.18}
{'loss': 4.2357, 'grad_norm': 2.184300661087036, 'learning_rate': 7.338321032588549e-05, 'epoch': 10.19}
{'loss': 4.2811, 'grad_norm': 2.8181514739990234, 'learning_rate': 7.336635999056381e-05, 'epoch': 10.19}
{'loss': 4.2709, 'grad_norm': 1.6365267038345337, 'learning_rate': 7.334950965524214e-05, 'epoch': 10.2}
{'loss': 4.2604, 'grad_norm': 1.8626517057418823, 'learning_rate': 7.333265931992047e-05, 'epoch': 10.2}
{'loss': 4.2902, 'grad_norm': 1.3964030742645264, 'learning_rate': 7.33158089845988e-05, 'epoch': 10.2}
{'loss': 4.2671, 'grad_norm': 1.443994402885437, 'learning_rate': 7.329895864927712e-05, 'epoch': 10.21}
{'loss': 4.2849, 'grad_norm': 1.605635166168213, 'learning_rate': 7.328210831395545e-05, 'epoch': 10.21}
{'loss': 4.2908, 'grad_norm': 1.710848331451416, 'learning_rate': 7.326525797863379e-05, 'epoch': 10.22}
{'loss': 4.2764, 'grad_norm': 1.536189079284668, 'learning_rate': 7.32484076433121e-05, 'epoch': 10.22}
{'loss': 4.2726, 'grad_norm': 1.4079885482788086, 'learning_rate': 7.323155730799042e-05, 'epoch': 10.23}
{'loss': 4.2729, 'grad_norm': 1.8143014907836914, 'learning_rate': 7.321470697266876e-05, 'epoch': 10.23}
{'loss': 4.2808, 'grad_norm': 1.6102120876312256, 'learning_rate': 7.319785663734709e-05, 'epoch': 10.24}
{'loss': 4.2551, 'grad_norm': 1.4607762098312378, 'learning_rate': 7.31810063020254e-05, 'epoch': 10.24}
{'loss': 4.3118, 'grad_norm': 1.8609158992767334, 'learning_rate': 7.316415596670374e-05, 'epoch': 10.25}
{'loss': 4.2692, 'grad_norm': 1.4768649339675903, 'learning_rate': 7.314730563138207e-05, 'epoch': 10.25}
{'loss': 4.2992, 'grad_norm': 2.2097902297973633, 'learning_rate': 7.31304552960604e-05, 'epoch': 10.25}
{'loss': 4.2733, 'grad_norm': 1.4687259197235107, 'learning_rate': 7.311360496073872e-05, 'epoch': 10.26}
{'loss': 4.2713, 'grad_norm': 2.3374195098876953, 'learning_rate': 7.309675462541705e-05, 'epoch': 10.26}
{'loss': 4.2805, 'grad_norm': 2.069310426712036, 'learning_rate': 7.307990429009538e-05, 'epoch': 10.27}
{'loss': 4.2939, 'grad_norm': 1.503287672996521, 'learning_rate': 7.30630539547737e-05, 'epoch': 10.27}
{'loss': 4.2893, 'grad_norm': 1.678521990776062, 'learning_rate': 7.304620361945203e-05, 'epoch': 10.28}
{'loss': 4.2948, 'grad_norm': 1.7967549562454224, 'learning_rate': 7.302935328413035e-05, 'epoch': 10.28}
{'loss': 4.2908, 'grad_norm': 2.1059932708740234, 'learning_rate': 7.301250294880868e-05, 'epoch': 10.29}
{'loss': 4.2767, 'grad_norm': 1.9387308359146118, 'learning_rate': 7.2995652613487e-05, 'epoch': 10.29}
{'loss': 4.2913, 'grad_norm': 1.8344749212265015, 'learning_rate': 7.297880227816533e-05, 'epoch': 10.3}
{'loss': 4.3002, 'grad_norm': 2.4994640350341797, 'learning_rate': 7.296195194284367e-05, 'epoch': 10.3}
{'loss': 4.3018, 'grad_norm': 1.8445160388946533, 'learning_rate': 7.2945101607522e-05, 'epoch': 10.3}
{'loss': 4.3016, 'grad_norm': 1.4118729829788208, 'learning_rate': 7.292825127220032e-05, 'epoch': 10.31}
{'loss': 4.2965, 'grad_norm': 1.9178154468536377, 'learning_rate': 7.291140093687865e-05, 'epoch': 10.31}
{'loss': 4.2872, 'grad_norm': 1.3884773254394531, 'learning_rate': 7.289455060155698e-05, 'epoch': 10.32}
{'loss': 4.2983, 'grad_norm': 1.4955551624298096, 'learning_rate': 7.28777002662353e-05, 'epoch': 10.32}
{'loss': 4.2739, 'grad_norm': 2.140582323074341, 'learning_rate': 7.286084993091363e-05, 'epoch': 10.33}
{'loss': 4.2971, 'grad_norm': 1.5953871011734009, 'learning_rate': 7.284399959559196e-05, 'epoch': 10.33}
{'loss': 4.3052, 'grad_norm': 1.5434041023254395, 'learning_rate': 7.282714926027028e-05, 'epoch': 10.34}
{'loss': 4.3154, 'grad_norm': 1.9741225242614746, 'learning_rate': 7.281029892494861e-05, 'epoch': 10.34}
{'loss': 4.2964, 'grad_norm': 1.5251091718673706, 'learning_rate': 7.279344858962693e-05, 'epoch': 10.35}
{'loss': 4.2954, 'grad_norm': 1.4922469854354858, 'learning_rate': 7.277659825430526e-05, 'epoch': 10.35}
{'loss': 4.3086, 'grad_norm': 1.439141035079956, 'learning_rate': 7.27597479189836e-05, 'epoch': 10.35}
{'loss': 4.2834, 'grad_norm': 2.0120694637298584, 'learning_rate': 7.274289758366191e-05, 'epoch': 10.36}
{'loss': 4.289, 'grad_norm': 2.3106772899627686, 'learning_rate': 7.272604724834024e-05, 'epoch': 10.36}
{'loss': 4.3253, 'grad_norm': 1.539059042930603, 'learning_rate': 7.270919691301858e-05, 'epoch': 10.37}
{'loss': 4.2767, 'grad_norm': 2.359882116317749, 'learning_rate': 7.26923465776969e-05, 'epoch': 10.37}
{'loss': 4.3061, 'grad_norm': 1.5169647932052612, 'learning_rate': 7.267549624237523e-05, 'epoch': 10.38}
{'loss': 4.2741, 'grad_norm': 2.6042826175689697, 'learning_rate': 7.265864590705356e-05, 'epoch': 10.38}
{'loss': 4.2838, 'grad_norm': 1.6265506744384766, 'learning_rate': 7.264179557173189e-05, 'epoch': 10.39}
{'loss': 4.3057, 'grad_norm': 1.4256335496902466, 'learning_rate': 7.262494523641021e-05, 'epoch': 10.39}
{'loss': 4.2879, 'grad_norm': 1.785525918006897, 'learning_rate': 7.260809490108853e-05, 'epoch': 10.4}
{'loss': 4.2833, 'grad_norm': 1.950386643409729, 'learning_rate': 7.259124456576686e-05, 'epoch': 10.4}
{'loss': 4.2863, 'grad_norm': 1.5924586057662964, 'learning_rate': 7.257439423044519e-05, 'epoch': 10.4}
{'loss': 4.2795, 'grad_norm': 1.6974029541015625, 'learning_rate': 7.255754389512351e-05, 'epoch': 10.41}
{'loss': 4.2914, 'grad_norm': 1.357809066772461, 'learning_rate': 7.254069355980184e-05, 'epoch': 10.41}
{'loss': 4.276, 'grad_norm': 2.148437738418579, 'learning_rate': 7.252384322448017e-05, 'epoch': 10.42}
{'loss': 4.2714, 'grad_norm': 1.6781712770462036, 'learning_rate': 7.25069928891585e-05, 'epoch': 10.42}
{'loss': 4.2819, 'grad_norm': 1.496738314628601, 'learning_rate': 7.249014255383682e-05, 'epoch': 10.43}
{'loss': 4.3013, 'grad_norm': 1.5225284099578857, 'learning_rate': 7.247329221851516e-05, 'epoch': 10.43}
{'loss': 4.3073, 'grad_norm': 1.9924262762069702, 'learning_rate': 7.245644188319349e-05, 'epoch': 10.44}
{'loss': 4.2915, 'grad_norm': 2.1416351795196533, 'learning_rate': 7.24395915478718e-05, 'epoch': 10.44}
{'loss': 4.3116, 'grad_norm': 2.0172791481018066, 'learning_rate': 7.242274121255014e-05, 'epoch': 10.45}
{'loss': 4.3173, 'grad_norm': 2.0811524391174316, 'learning_rate': 7.240589087722846e-05, 'epoch': 10.45}
{'loss': 4.303, 'grad_norm': 1.4536852836608887, 'learning_rate': 7.238904054190679e-05, 'epoch': 10.45}
{'loss': 4.2982, 'grad_norm': 1.6460332870483398, 'learning_rate': 7.23721902065851e-05, 'epoch': 10.46}
{'loss': 4.3003, 'grad_norm': 2.2055506706237793, 'learning_rate': 7.235533987126344e-05, 'epoch': 10.46}
{'loss': 4.3134, 'grad_norm': 1.643624186515808, 'learning_rate': 7.233848953594177e-05, 'epoch': 10.47}
{'loss': 4.2957, 'grad_norm': 1.4253246784210205, 'learning_rate': 7.23216392006201e-05, 'epoch': 10.47}
{'loss': 4.2985, 'grad_norm': 1.580775499343872, 'learning_rate': 7.230478886529842e-05, 'epoch': 10.48}
{'loss': 4.2953, 'grad_norm': 1.397968053817749, 'learning_rate': 7.228793852997675e-05, 'epoch': 10.48}
{'loss': 4.2929, 'grad_norm': 1.8359349966049194, 'learning_rate': 7.227108819465508e-05, 'epoch': 10.49}
{'loss': 4.3212, 'grad_norm': 1.5554834604263306, 'learning_rate': 7.22542378593334e-05, 'epoch': 10.49}
{'loss': 4.3029, 'grad_norm': 2.0604288578033447, 'learning_rate': 7.223738752401173e-05, 'epoch': 10.5}
{'loss': 4.3092, 'grad_norm': 2.003880023956299, 'learning_rate': 7.222053718869007e-05, 'epoch': 10.5}
{'loss': 4.2986, 'grad_norm': 1.889871597290039, 'learning_rate': 7.22036868533684e-05, 'epoch': 10.51}
{'loss': 4.3034, 'grad_norm': 1.8790990114212036, 'learning_rate': 7.21868365180467e-05, 'epoch': 10.51}
{'loss': 4.3071, 'grad_norm': 1.6945866346359253, 'learning_rate': 7.216998618272503e-05, 'epoch': 10.51}
{'loss': 4.3164, 'grad_norm': 1.4121838808059692, 'learning_rate': 7.215313584740337e-05, 'epoch': 10.52}
{'loss': 4.2697, 'grad_norm': 1.4600545167922974, 'learning_rate': 7.21362855120817e-05, 'epoch': 10.52}
{'loss': 4.296, 'grad_norm': 1.5509895086288452, 'learning_rate': 7.211943517676002e-05, 'epoch': 10.53}
{'loss': 4.3298, 'grad_norm': 2.0948030948638916, 'learning_rate': 7.210258484143835e-05, 'epoch': 10.53}
{'loss': 4.3054, 'grad_norm': 1.4502955675125122, 'learning_rate': 7.208573450611668e-05, 'epoch': 10.54}
{'loss': 4.2954, 'grad_norm': 1.4920669794082642, 'learning_rate': 7.2068884170795e-05, 'epoch': 10.54}
{'loss': 4.3287, 'grad_norm': 2.516444206237793, 'learning_rate': 7.205203383547333e-05, 'epoch': 10.55}
{'loss': 4.3239, 'grad_norm': 2.200489044189453, 'learning_rate': 7.203518350015166e-05, 'epoch': 10.55}
{'loss': 4.3139, 'grad_norm': 2.682497978210449, 'learning_rate': 7.201833316483e-05, 'epoch': 10.56}
{'loss': 4.3168, 'grad_norm': 2.135540723800659, 'learning_rate': 7.200148282950831e-05, 'epoch': 10.56}
{'loss': 4.3043, 'grad_norm': 2.248579978942871, 'learning_rate': 7.198463249418663e-05, 'epoch': 10.56}
{'loss': 4.3332, 'grad_norm': 1.902610182762146, 'learning_rate': 7.196778215886496e-05, 'epoch': 10.57}
{'loss': 4.3027, 'grad_norm': 1.4780269861221313, 'learning_rate': 7.19509318235433e-05, 'epoch': 10.57}
{'loss': 4.279, 'grad_norm': 1.648935079574585, 'learning_rate': 7.193408148822161e-05, 'epoch': 10.58}
{'loss': 4.3087, 'grad_norm': 1.6489588022232056, 'learning_rate': 7.191723115289994e-05, 'epoch': 10.58}
{'loss': 4.3101, 'grad_norm': 2.1133387088775635, 'learning_rate': 7.190038081757828e-05, 'epoch': 10.59}
{'loss': 4.3139, 'grad_norm': 1.888107180595398, 'learning_rate': 7.18835304822566e-05, 'epoch': 10.59}
{'loss': 4.3063, 'grad_norm': 1.7353843450546265, 'learning_rate': 7.186668014693493e-05, 'epoch': 10.6}
{'loss': 4.3033, 'grad_norm': 1.9034249782562256, 'learning_rate': 7.184982981161326e-05, 'epoch': 10.6}
{'loss': 4.315, 'grad_norm': 1.4309234619140625, 'learning_rate': 7.183297947629159e-05, 'epoch': 10.61}
{'loss': 4.314, 'grad_norm': 1.472480297088623, 'learning_rate': 7.181612914096991e-05, 'epoch': 10.61}
{'loss': 4.3163, 'grad_norm': 1.5683737993240356, 'learning_rate': 7.179927880564824e-05, 'epoch': 10.61}
{'loss': 4.3046, 'grad_norm': 1.9378129243850708, 'learning_rate': 7.178242847032657e-05, 'epoch': 10.62}
{'loss': 4.3035, 'grad_norm': 1.8424581289291382, 'learning_rate': 7.176557813500489e-05, 'epoch': 10.62}
{'loss': 4.3061, 'grad_norm': 1.3949276208877563, 'learning_rate': 7.174872779968321e-05, 'epoch': 10.63}
{'loss': 4.3034, 'grad_norm': 1.470131516456604, 'learning_rate': 7.173187746436154e-05, 'epoch': 10.63}
{'loss': 4.3285, 'grad_norm': 1.4451996088027954, 'learning_rate': 7.171502712903987e-05, 'epoch': 10.64}
{'loss': 4.3207, 'grad_norm': 1.564295768737793, 'learning_rate': 7.169817679371819e-05, 'epoch': 10.64}
{'loss': 4.305, 'grad_norm': 2.2548117637634277, 'learning_rate': 7.168132645839652e-05, 'epoch': 10.65}
{'loss': 4.304, 'grad_norm': 1.6931757926940918, 'learning_rate': 7.166447612307486e-05, 'epoch': 10.65}
{'loss': 4.3169, 'grad_norm': 1.4908140897750854, 'learning_rate': 7.164762578775319e-05, 'epoch': 10.66}
{'loss': 4.3118, 'grad_norm': 2.391958475112915, 'learning_rate': 7.16307754524315e-05, 'epoch': 10.66}
{'loss': 4.3328, 'grad_norm': 1.5624829530715942, 'learning_rate': 7.161392511710984e-05, 'epoch': 10.66}
{'loss': 4.3119, 'grad_norm': 1.920369029045105, 'learning_rate': 7.159707478178817e-05, 'epoch': 10.67}
{'loss': 4.2926, 'grad_norm': 2.951508045196533, 'learning_rate': 7.158022444646649e-05, 'epoch': 10.67}
{'loss': 4.3228, 'grad_norm': 2.8748786449432373, 'learning_rate': 7.15633741111448e-05, 'epoch': 10.68}
{'loss': 4.3148, 'grad_norm': 2.0020413398742676, 'learning_rate': 7.154652377582314e-05, 'epoch': 10.68}
{'loss': 4.3267, 'grad_norm': 2.545649528503418, 'learning_rate': 7.152967344050147e-05, 'epoch': 10.69}
{'loss': 4.2966, 'grad_norm': 1.4505112171173096, 'learning_rate': 7.151282310517979e-05, 'epoch': 10.69}
{'loss': 4.3054, 'grad_norm': 1.6352200508117676, 'learning_rate': 7.149597276985812e-05, 'epoch': 10.7}
{'loss': 4.3246, 'grad_norm': 1.5711220502853394, 'learning_rate': 7.147912243453645e-05, 'epoch': 10.7}
{'loss': 4.319, 'grad_norm': 1.9772162437438965, 'learning_rate': 7.146227209921478e-05, 'epoch': 10.71}
{'loss': 4.3135, 'grad_norm': 1.5945857763290405, 'learning_rate': 7.14454217638931e-05, 'epoch': 10.71}
{'loss': 4.3251, 'grad_norm': 2.112976312637329, 'learning_rate': 7.142857142857143e-05, 'epoch': 10.71}
{'loss': 4.3181, 'grad_norm': 2.26421856880188, 'learning_rate': 7.141172109324977e-05, 'epoch': 10.72}
{'loss': 4.3061, 'grad_norm': 1.3837833404541016, 'learning_rate': 7.139487075792808e-05, 'epoch': 10.72}
{'loss': 4.3122, 'grad_norm': 2.304975986480713, 'learning_rate': 7.137802042260642e-05, 'epoch': 10.73}
{'loss': 4.3106, 'grad_norm': 2.086282253265381, 'learning_rate': 7.136117008728475e-05, 'epoch': 10.73}
{'loss': 4.3224, 'grad_norm': 1.977901816368103, 'learning_rate': 7.134431975196307e-05, 'epoch': 10.74}
{'loss': 4.3021, 'grad_norm': 2.0149121284484863, 'learning_rate': 7.132746941664138e-05, 'epoch': 10.74}
{'loss': 4.3186, 'grad_norm': 1.961121916770935, 'learning_rate': 7.131061908131972e-05, 'epoch': 10.75}
{'loss': 4.2893, 'grad_norm': 1.8174469470977783, 'learning_rate': 7.129376874599805e-05, 'epoch': 10.75}
{'loss': 4.3265, 'grad_norm': 1.5784801244735718, 'learning_rate': 7.127691841067638e-05, 'epoch': 10.76}
{'loss': 4.2848, 'grad_norm': 1.4554283618927002, 'learning_rate': 7.12600680753547e-05, 'epoch': 10.76}
{'loss': 4.3051, 'grad_norm': 2.36769700050354, 'learning_rate': 7.124321774003303e-05, 'epoch': 10.76}
{'loss': 4.2999, 'grad_norm': 1.451482892036438, 'learning_rate': 7.122636740471136e-05, 'epoch': 10.77}
{'loss': 4.3155, 'grad_norm': 2.200308322906494, 'learning_rate': 7.120951706938968e-05, 'epoch': 10.77}
{'loss': 4.3157, 'grad_norm': 1.594042420387268, 'learning_rate': 7.119266673406801e-05, 'epoch': 10.78}
{'loss': 4.3359, 'grad_norm': 1.9200983047485352, 'learning_rate': 7.117581639874634e-05, 'epoch': 10.78}
{'loss': 4.341, 'grad_norm': 2.574908971786499, 'learning_rate': 7.115896606342468e-05, 'epoch': 10.79}
{'loss': 4.3511, 'grad_norm': 1.7783793210983276, 'learning_rate': 7.1142115728103e-05, 'epoch': 10.79}
{'loss': 4.3034, 'grad_norm': 1.528767704963684, 'learning_rate': 7.112526539278131e-05, 'epoch': 10.8}
{'loss': 4.3087, 'grad_norm': 1.892501950263977, 'learning_rate': 7.110841505745964e-05, 'epoch': 10.8}
{'loss': 4.2884, 'grad_norm': 1.6621493101119995, 'learning_rate': 7.109156472213798e-05, 'epoch': 10.81}
{'loss': 4.3328, 'grad_norm': 1.9000427722930908, 'learning_rate': 7.10747143868163e-05, 'epoch': 10.81}
{'loss': 4.3128, 'grad_norm': 1.4041247367858887, 'learning_rate': 7.105786405149463e-05, 'epoch': 10.81}
{'loss': 4.3391, 'grad_norm': 2.2603297233581543, 'learning_rate': 7.104101371617296e-05, 'epoch': 10.82}
{'loss': 4.3215, 'grad_norm': 1.5297874212265015, 'learning_rate': 7.102416338085128e-05, 'epoch': 10.82}
{'loss': 4.3066, 'grad_norm': 1.4470559358596802, 'learning_rate': 7.100731304552961e-05, 'epoch': 10.83}
{'loss': 4.3159, 'grad_norm': 2.078794002532959, 'learning_rate': 7.099046271020794e-05, 'epoch': 10.83}
{'loss': 4.3259, 'grad_norm': 1.6997483968734741, 'learning_rate': 7.097361237488627e-05, 'epoch': 10.84}
{'loss': 4.3083, 'grad_norm': 1.70363187789917, 'learning_rate': 7.095676203956459e-05, 'epoch': 10.84}
{'loss': 4.3129, 'grad_norm': 1.698639154434204, 'learning_rate': 7.093991170424292e-05, 'epoch': 10.85}
{'loss': 4.3033, 'grad_norm': 1.6111685037612915, 'learning_rate': 7.092306136892124e-05, 'epoch': 10.85}
{'loss': 4.2989, 'grad_norm': 1.7752671241760254, 'learning_rate': 7.090621103359957e-05, 'epoch': 10.86}
{'loss': 4.3038, 'grad_norm': 1.8009785413742065, 'learning_rate': 7.088936069827789e-05, 'epoch': 10.86}
{'loss': 4.3011, 'grad_norm': 2.0605735778808594, 'learning_rate': 7.087251036295622e-05, 'epoch': 10.86}
{'loss': 4.313, 'grad_norm': 1.7167727947235107, 'learning_rate': 7.085566002763456e-05, 'epoch': 10.87}
{'loss': 4.3072, 'grad_norm': 1.5865756273269653, 'learning_rate': 7.083880969231287e-05, 'epoch': 10.87}
{'loss': 4.3137, 'grad_norm': 2.593069553375244, 'learning_rate': 7.08219593569912e-05, 'epoch': 10.88}
{'loss': 4.3326, 'grad_norm': 2.2632648944854736, 'learning_rate': 7.080510902166954e-05, 'epoch': 10.88}
{'loss': 4.3157, 'grad_norm': 2.246476411819458, 'learning_rate': 7.078825868634787e-05, 'epoch': 10.89}
{'loss': 4.3257, 'grad_norm': 1.7653368711471558, 'learning_rate': 7.077140835102619e-05, 'epoch': 10.89}
{'loss': 4.2995, 'grad_norm': 1.4236488342285156, 'learning_rate': 7.075455801570452e-05, 'epoch': 10.9}
{'loss': 4.3033, 'grad_norm': 2.4943392276763916, 'learning_rate': 7.073770768038285e-05, 'epoch': 10.9}
{'loss': 4.334, 'grad_norm': 1.644913911819458, 'learning_rate': 7.072085734506117e-05, 'epoch': 10.91}
{'loss': 4.3062, 'grad_norm': 1.860182285308838, 'learning_rate': 7.070400700973949e-05, 'epoch': 10.91}
{'loss': 4.3315, 'grad_norm': 3.6546382904052734, 'learning_rate': 7.068715667441782e-05, 'epoch': 10.91}
{'loss': 4.3236, 'grad_norm': 1.4453588724136353, 'learning_rate': 7.067030633909615e-05, 'epoch': 10.92}
pred : but
label: ardent in the prosecution of heresy cyril auspiciously opened his reign by oppressing the novatians the most innocent and harmless of the sectaries
pred : but
label: without any legal sentence without any royal mandate the patriarch at the dawn of day led a seditious multitude to the attack of the synagogues
pred : but
label: such crimes would have deserved the animadversion of the magistrate but in this promiscuous outrage the innocent were confounded with the guilty and alexandria was impoverished by the loss of a wealthy and industrious colony
pred : but
label: ardent in the prosecution of heresy cyril auspiciously opened his reign by oppressing the novatians the most innocent and harmless of the sectaries
pred : but
label: without any legal sentence without any royal mandate the patriarch at the dawn of day led a seditious multitude to the attack of the synagogues
pred : but
label: such crimes would have deserved the animadversion of the magistrate but in this promiscuous outrage the innocent were confounded with the guilty and alexandria was impoverished by the loss of a wealthy and industrious colony
pred : but
label: ardent in the prosecution of heresy cyril auspiciously opened his reign by oppressing the novatians the most innocent and harmless of the sectaries
pred : but
label: without any legal sentence without any royal mandate the patriarch at the dawn of day led a seditious multitude to the attack of the synagogues
pred : but
label: such crimes would have deserved the animadversion of the magistrate but in this promiscuous outrage the innocent were confounded with the guilty and alexandria was impoverished by the loss of a wealthy and industrious colony
pred : but
label: ardent in the prosecution of heresy cyril auspiciously opened his reign by oppressing the novatians the most innocent and harmless of the sectaries
pred : but
label: without any legal sentence without any royal mandate the patriarch at the dawn of day led a seditious multitude to the attack of the synagogues
pred : but
label: such crimes would have deserved the animadversion of the magistrate but in this promiscuous outrage the innocent were confounded with the guilty and alexandria was impoverished by the loss of a wealthy and industrious colony
{'eval_loss': 5.925442218780518, 'eval_bleu': 2.41543022654699e-08, 'eval_wer': 0.9940781794197755, 'eval_cer': 0.9772051053639501, 'eval_rouge1': 0.011097711163848868, 'eval_rouge2': 0.0, 'eval_rougeL': 0.011096860826721906, 'eval_runtime': 20.5806, 'eval_samples_per_second': 270.497, 'eval_steps_per_second': 1.409, 'epoch': 10.92}
{'loss': 4.309, 'grad_norm': 2.1563429832458496, 'learning_rate': 7.065345600377447e-05, 'epoch': 10.92}
{'loss': 4.3202, 'grad_norm': 1.886637806892395, 'learning_rate': 7.06366056684528e-05, 'epoch': 10.93}
{'loss': 4.3051, 'grad_norm': 1.68069589138031, 'learning_rate': 7.061975533313113e-05, 'epoch': 10.93}
{'loss': 4.2954, 'grad_norm': 1.5827269554138184, 'learning_rate': 7.060290499780947e-05, 'epoch': 10.94}
{'loss': 4.3249, 'grad_norm': 1.6038025617599487, 'learning_rate': 7.058605466248778e-05, 'epoch': 10.94}
{'loss': 4.3121, 'grad_norm': 2.6873958110809326, 'learning_rate': 7.056920432716612e-05, 'epoch': 10.95}
{'loss': 4.3078, 'grad_norm': 1.8289192914962769, 'learning_rate': 7.055235399184445e-05, 'epoch': 10.95}
{'loss': 4.3096, 'grad_norm': 1.4617408514022827, 'learning_rate': 7.053550365652277e-05, 'epoch': 10.96}
{'loss': 4.3234, 'grad_norm': 1.6273913383483887, 'learning_rate': 7.05186533212011e-05, 'epoch': 10.96}
{'loss': 4.3165, 'grad_norm': 1.4453259706497192, 'learning_rate': 7.050180298587942e-05, 'epoch': 10.96}
{'loss': 4.3129, 'grad_norm': 1.4788167476654053, 'learning_rate': 7.048495265055775e-05, 'epoch': 10.97}
{'loss': 4.3174, 'grad_norm': 1.6953870058059692, 'learning_rate': 7.046810231523607e-05, 'epoch': 10.97}
{'loss': 4.318, 'grad_norm': 1.5681767463684082, 'learning_rate': 7.04512519799144e-05, 'epoch': 10.98}
{'loss': 4.3309, 'grad_norm': 2.0181570053100586, 'learning_rate': 7.043440164459273e-05, 'epoch': 10.98}
{'loss': 4.3146, 'grad_norm': 2.052603006362915, 'learning_rate': 7.041755130927106e-05, 'epoch': 10.99}
{'loss': 4.3196, 'grad_norm': 1.9035369157791138, 'learning_rate': 7.040070097394938e-05, 'epoch': 10.99}
{'loss': 4.3177, 'grad_norm': 1.5025508403778076, 'learning_rate': 7.038385063862771e-05, 'epoch': 11.0}
{'loss': 4.2897, 'grad_norm': 1.8419162034988403, 'learning_rate': 7.036700030330604e-05, 'epoch': 11.0}
{'loss': 4.1736, 'grad_norm': 2.94271183013916, 'learning_rate': 7.035014996798436e-05, 'epoch': 11.01}
{'loss': 4.1834, 'grad_norm': 1.6793514490127563, 'learning_rate': 7.03332996326627e-05, 'epoch': 11.01}
{'loss': 4.1456, 'grad_norm': 1.690332055091858, 'learning_rate': 7.031644929734103e-05, 'epoch': 11.01}
{'loss': 4.1513, 'grad_norm': 1.4776629209518433, 'learning_rate': 7.029959896201936e-05, 'epoch': 11.02}
{'loss': 4.1816, 'grad_norm': 2.25240159034729, 'learning_rate': 7.028274862669766e-05, 'epoch': 11.02}
{'loss': 4.1549, 'grad_norm': 2.0438671112060547, 'learning_rate': 7.0265898291376e-05, 'epoch': 11.03}
{'loss': 4.1547, 'grad_norm': 1.6918123960494995, 'learning_rate': 7.024904795605433e-05, 'epoch': 11.03}
{'loss': 4.166, 'grad_norm': 1.634420394897461, 'learning_rate': 7.023219762073266e-05, 'epoch': 11.04}
{'loss': 4.182, 'grad_norm': 1.692184567451477, 'learning_rate': 7.021534728541098e-05, 'epoch': 11.04}
{'loss': 4.1842, 'grad_norm': 2.2183430194854736, 'learning_rate': 7.019849695008931e-05, 'epoch': 11.05}
{'loss': 4.1712, 'grad_norm': 2.213193655014038, 'learning_rate': 7.018164661476764e-05, 'epoch': 11.05}
{'loss': 4.1762, 'grad_norm': 2.1001932621002197, 'learning_rate': 7.016479627944596e-05, 'epoch': 11.06}
{'loss': 4.1635, 'grad_norm': 1.4982311725616455, 'learning_rate': 7.014794594412429e-05, 'epoch': 11.06}
{'loss': 4.1615, 'grad_norm': 1.6913604736328125, 'learning_rate': 7.013109560880262e-05, 'epoch': 11.06}
{'loss': 4.1856, 'grad_norm': 1.8862979412078857, 'learning_rate': 7.011424527348096e-05, 'epoch': 11.07}
{'loss': 4.1906, 'grad_norm': 1.5381581783294678, 'learning_rate': 7.009739493815927e-05, 'epoch': 11.07}
{'loss': 4.1605, 'grad_norm': 2.215707302093506, 'learning_rate': 7.008054460283759e-05, 'epoch': 11.08}
{'loss': 4.1973, 'grad_norm': 1.8884786367416382, 'learning_rate': 7.006369426751592e-05, 'epoch': 11.08}
{'loss': 4.1825, 'grad_norm': 2.1588573455810547, 'learning_rate': 7.004684393219426e-05, 'epoch': 11.09}
{'loss': 4.1635, 'grad_norm': 2.0781166553497314, 'learning_rate': 7.002999359687257e-05, 'epoch': 11.09}
{'loss': 4.1929, 'grad_norm': 1.4402053356170654, 'learning_rate': 7.00131432615509e-05, 'epoch': 11.1}
{'loss': 4.1806, 'grad_norm': 2.472719192504883, 'learning_rate': 6.999629292622924e-05, 'epoch': 11.1}
{'loss': 4.1763, 'grad_norm': 1.5515114068984985, 'learning_rate': 6.997944259090756e-05, 'epoch': 11.11}
{'loss': 4.1663, 'grad_norm': 2.0778183937072754, 'learning_rate': 6.996259225558589e-05, 'epoch': 11.11}
{'loss': 4.1704, 'grad_norm': 1.512041687965393, 'learning_rate': 6.994574192026422e-05, 'epoch': 11.11}
{'loss': 4.1975, 'grad_norm': 1.7855879068374634, 'learning_rate': 6.992889158494255e-05, 'epoch': 11.12}
{'loss': 4.1813, 'grad_norm': 1.7825381755828857, 'learning_rate': 6.991204124962087e-05, 'epoch': 11.12}
{'loss': 4.1773, 'grad_norm': 2.021538734436035, 'learning_rate': 6.98951909142992e-05, 'epoch': 11.13}
{'loss': 4.1942, 'grad_norm': 2.1567323207855225, 'learning_rate': 6.987834057897753e-05, 'epoch': 11.13}
{'loss': 4.1927, 'grad_norm': 1.5525134801864624, 'learning_rate': 6.986149024365585e-05, 'epoch': 11.14}
{'loss': 4.167, 'grad_norm': 2.0187160968780518, 'learning_rate': 6.984463990833417e-05, 'epoch': 11.14}
{'loss': 4.181, 'grad_norm': 1.6465052366256714, 'learning_rate': 6.98277895730125e-05, 'epoch': 11.15}
{'loss': 4.1829, 'grad_norm': 1.5080440044403076, 'learning_rate': 6.981093923769083e-05, 'epoch': 11.15}
{'loss': 4.1844, 'grad_norm': 1.9006507396697998, 'learning_rate': 6.979408890236915e-05, 'epoch': 11.16}
{'loss': 4.1641, 'grad_norm': 2.0956459045410156, 'learning_rate': 6.977723856704748e-05, 'epoch': 11.16}
{'loss': 4.1932, 'grad_norm': 1.5620746612548828, 'learning_rate': 6.976038823172582e-05, 'epoch': 11.16}
{'loss': 4.1839, 'grad_norm': 1.6565479040145874, 'learning_rate': 6.974353789640415e-05, 'epoch': 11.17}
{'loss': 4.1801, 'grad_norm': 1.6174343824386597, 'learning_rate': 6.972668756108247e-05, 'epoch': 11.17}
{'loss': 4.1737, 'grad_norm': 2.6488678455352783, 'learning_rate': 6.97098372257608e-05, 'epoch': 11.18}
{'loss': 4.2083, 'grad_norm': 1.5171533823013306, 'learning_rate': 6.969298689043913e-05, 'epoch': 11.18}
{'loss': 4.193, 'grad_norm': 1.662997841835022, 'learning_rate': 6.967613655511745e-05, 'epoch': 11.19}
{'loss': 4.1905, 'grad_norm': 1.6762452125549316, 'learning_rate': 6.965928621979577e-05, 'epoch': 11.19}
{'loss': 4.1836, 'grad_norm': 1.5853230953216553, 'learning_rate': 6.96424358844741e-05, 'epoch': 11.2}
{'loss': 4.1831, 'grad_norm': 2.5166919231414795, 'learning_rate': 6.962558554915243e-05, 'epoch': 11.2}
{'loss': 4.2164, 'grad_norm': 2.619370937347412, 'learning_rate': 6.960873521383075e-05, 'epoch': 11.21}
{'loss': 4.1999, 'grad_norm': 4.014919281005859, 'learning_rate': 6.959188487850908e-05, 'epoch': 11.21}
{'loss': 4.202, 'grad_norm': 1.8452074527740479, 'learning_rate': 6.957503454318741e-05, 'epoch': 11.21}
{'loss': 4.1795, 'grad_norm': 1.5645396709442139, 'learning_rate': 6.955818420786574e-05, 'epoch': 11.22}
{'loss': 4.1767, 'grad_norm': 1.91256582736969, 'learning_rate': 6.954133387254406e-05, 'epoch': 11.22}
{'loss': 4.1863, 'grad_norm': 1.7790703773498535, 'learning_rate': 6.95244835372224e-05, 'epoch': 11.23}
{'loss': 4.2039, 'grad_norm': 1.5979056358337402, 'learning_rate': 6.950763320190073e-05, 'epoch': 11.23}
{'loss': 4.183, 'grad_norm': 1.9947267770767212, 'learning_rate': 6.949078286657905e-05, 'epoch': 11.24}
{'loss': 4.1785, 'grad_norm': 1.66822350025177, 'learning_rate': 6.947393253125738e-05, 'epoch': 11.24}
{'loss': 4.1997, 'grad_norm': 2.966585159301758, 'learning_rate': 6.945708219593571e-05, 'epoch': 11.25}
{'loss': 4.2056, 'grad_norm': 1.6903717517852783, 'learning_rate': 6.944023186061403e-05, 'epoch': 11.25}
{'loss': 4.2107, 'grad_norm': 1.5776950120925903, 'learning_rate': 6.942338152529236e-05, 'epoch': 11.26}
{'loss': 4.1921, 'grad_norm': 1.5038886070251465, 'learning_rate': 6.940653118997068e-05, 'epoch': 11.26}
{'loss': 4.2069, 'grad_norm': 1.9207086563110352, 'learning_rate': 6.938968085464901e-05, 'epoch': 11.26}
{'loss': 4.2038, 'grad_norm': 1.6647261381149292, 'learning_rate': 6.937283051932734e-05, 'epoch': 11.27}
{'loss': 4.2097, 'grad_norm': 1.7013216018676758, 'learning_rate': 6.935598018400566e-05, 'epoch': 11.27}
{'loss': 4.1886, 'grad_norm': 2.701533555984497, 'learning_rate': 6.933912984868399e-05, 'epoch': 11.28}
{'loss': 4.2129, 'grad_norm': 1.8139094114303589, 'learning_rate': 6.932227951336232e-05, 'epoch': 11.28}
{'loss': 4.1981, 'grad_norm': 1.672049641609192, 'learning_rate': 6.930542917804064e-05, 'epoch': 11.29}
{'loss': 4.206, 'grad_norm': 2.3008275032043457, 'learning_rate': 6.928857884271897e-05, 'epoch': 11.29}
{'loss': 4.2023, 'grad_norm': 1.639802098274231, 'learning_rate': 6.92717285073973e-05, 'epoch': 11.3}
{'loss': 4.1962, 'grad_norm': 1.431862711906433, 'learning_rate': 6.925487817207564e-05, 'epoch': 11.3}
{'loss': 4.2005, 'grad_norm': 1.6574480533599854, 'learning_rate': 6.923802783675396e-05, 'epoch': 11.31}
{'loss': 4.1763, 'grad_norm': 1.5746426582336426, 'learning_rate': 6.922117750143227e-05, 'epoch': 11.31}
{'loss': 4.2094, 'grad_norm': 1.566085696220398, 'learning_rate': 6.92043271661106e-05, 'epoch': 11.31}
{'loss': 4.204, 'grad_norm': 1.7521439790725708, 'learning_rate': 6.918747683078894e-05, 'epoch': 11.32}
{'loss': 4.195, 'grad_norm': 1.5709251165390015, 'learning_rate': 6.917062649546726e-05, 'epoch': 11.32}
{'loss': 4.1854, 'grad_norm': 1.878196358680725, 'learning_rate': 6.915377616014559e-05, 'epoch': 11.33}
{'loss': 4.1894, 'grad_norm': 3.2201967239379883, 'learning_rate': 6.913692582482392e-05, 'epoch': 11.33}
{'loss': 4.2078, 'grad_norm': 2.1857917308807373, 'learning_rate': 6.912007548950224e-05, 'epoch': 11.34}
{'loss': 4.171, 'grad_norm': 1.4493768215179443, 'learning_rate': 6.910322515418057e-05, 'epoch': 11.34}
{'loss': 4.1834, 'grad_norm': 2.064441442489624, 'learning_rate': 6.90863748188589e-05, 'epoch': 11.35}
{'loss': 4.2247, 'grad_norm': 2.513575553894043, 'learning_rate': 6.906952448353723e-05, 'epoch': 11.35}
{'loss': 4.2272, 'grad_norm': 1.7216085195541382, 'learning_rate': 6.905267414821555e-05, 'epoch': 11.36}
{'loss': 4.215, 'grad_norm': 1.6732138395309448, 'learning_rate': 6.903582381289388e-05, 'epoch': 11.36}
{'loss': 4.2033, 'grad_norm': 1.6493757963180542, 'learning_rate': 6.90189734775722e-05, 'epoch': 11.36}
{'loss': 4.2074, 'grad_norm': 2.3339855670928955, 'learning_rate': 6.900212314225053e-05, 'epoch': 11.37}
{'loss': 4.1957, 'grad_norm': 1.485917329788208, 'learning_rate': 6.898527280692885e-05, 'epoch': 11.37}
{'loss': 4.2159, 'grad_norm': 1.8234033584594727, 'learning_rate': 6.896842247160718e-05, 'epoch': 11.38}
{'loss': 4.2004, 'grad_norm': 1.8910231590270996, 'learning_rate': 6.895157213628552e-05, 'epoch': 11.38}
{'loss': 4.2308, 'grad_norm': 1.593503475189209, 'learning_rate': 6.893472180096385e-05, 'epoch': 11.39}
{'loss': 4.2137, 'grad_norm': 1.8885835409164429, 'learning_rate': 6.891787146564217e-05, 'epoch': 11.39}
{'loss': 4.1909, 'grad_norm': 1.482098937034607, 'learning_rate': 6.89010211303205e-05, 'epoch': 11.4}
{'loss': 4.201, 'grad_norm': 1.9411152601242065, 'learning_rate': 6.888417079499883e-05, 'epoch': 11.4}
{'loss': 4.1937, 'grad_norm': 1.7172490358352661, 'learning_rate': 6.886732045967715e-05, 'epoch': 11.41}
{'loss': 4.2105, 'grad_norm': 2.473633289337158, 'learning_rate': 6.885047012435548e-05, 'epoch': 11.41}
{'loss': 4.2096, 'grad_norm': 1.7556408643722534, 'learning_rate': 6.883361978903381e-05, 'epoch': 11.41}
{'loss': 4.241, 'grad_norm': 1.9268771409988403, 'learning_rate': 6.881676945371213e-05, 'epoch': 11.42}
{'loss': 4.1979, 'grad_norm': 1.6201422214508057, 'learning_rate': 6.879991911839045e-05, 'epoch': 11.42}
{'loss': 4.1899, 'grad_norm': 1.5122663974761963, 'learning_rate': 6.878306878306878e-05, 'epoch': 11.43}
{'loss': 4.2084, 'grad_norm': 1.4542814493179321, 'learning_rate': 6.876621844774711e-05, 'epoch': 11.43}
{'loss': 4.2097, 'grad_norm': 1.8572020530700684, 'learning_rate': 6.874936811242544e-05, 'epoch': 11.44}
{'loss': 4.2293, 'grad_norm': 1.6450306177139282, 'learning_rate': 6.873251777710376e-05, 'epoch': 11.44}
{'loss': 4.2162, 'grad_norm': 1.6071643829345703, 'learning_rate': 6.87156674417821e-05, 'epoch': 11.45}
{'loss': 4.1968, 'grad_norm': 1.7340315580368042, 'learning_rate': 6.869881710646043e-05, 'epoch': 11.45}
{'loss': 4.1918, 'grad_norm': 2.4152538776397705, 'learning_rate': 6.868196677113875e-05, 'epoch': 11.46}
{'loss': 4.2176, 'grad_norm': 1.4860948324203491, 'learning_rate': 6.866511643581708e-05, 'epoch': 11.46}
{'loss': 4.2137, 'grad_norm': 1.6449158191680908, 'learning_rate': 6.864826610049541e-05, 'epoch': 11.46}
{'loss': 4.202, 'grad_norm': 1.850527048110962, 'learning_rate': 6.863141576517374e-05, 'epoch': 11.47}
{'loss': 4.208, 'grad_norm': 2.297492265701294, 'learning_rate': 6.861456542985206e-05, 'epoch': 11.47}
{'loss': 4.2073, 'grad_norm': 1.586609125137329, 'learning_rate': 6.859771509453038e-05, 'epoch': 11.48}
{'loss': 4.2223, 'grad_norm': 2.241244077682495, 'learning_rate': 6.858086475920871e-05, 'epoch': 11.48}
{'loss': 4.2219, 'grad_norm': 1.7697328329086304, 'learning_rate': 6.856401442388704e-05, 'epoch': 11.49}
{'loss': 4.2287, 'grad_norm': 1.5402590036392212, 'learning_rate': 6.854716408856536e-05, 'epoch': 11.49}
{'loss': 4.211, 'grad_norm': 1.5244300365447998, 'learning_rate': 6.853031375324369e-05, 'epoch': 11.5}
{'loss': 4.2056, 'grad_norm': 2.097857713699341, 'learning_rate': 6.851346341792202e-05, 'epoch': 11.5}
{'loss': 4.2336, 'grad_norm': 1.6233502626419067, 'learning_rate': 6.849661308260034e-05, 'epoch': 11.51}
{'loss': 4.2339, 'grad_norm': 1.9588505029678345, 'learning_rate': 6.847976274727867e-05, 'epoch': 11.51}
{'loss': 4.2246, 'grad_norm': 1.6197583675384521, 'learning_rate': 6.8462912411957e-05, 'epoch': 11.52}
{'loss': 4.226, 'grad_norm': 1.5676677227020264, 'learning_rate': 6.844606207663534e-05, 'epoch': 11.52}
{'loss': 4.2082, 'grad_norm': 2.020947217941284, 'learning_rate': 6.842921174131366e-05, 'epoch': 11.52}
{'loss': 4.2246, 'grad_norm': 1.5571244955062866, 'learning_rate': 6.841236140599199e-05, 'epoch': 11.53}
{'loss': 4.225, 'grad_norm': 1.5253491401672363, 'learning_rate': 6.839551107067032e-05, 'epoch': 11.53}
{'loss': 4.2271, 'grad_norm': 2.668072462081909, 'learning_rate': 6.837866073534864e-05, 'epoch': 11.54}
{'loss': 4.1939, 'grad_norm': 2.5001583099365234, 'learning_rate': 6.836181040002696e-05, 'epoch': 11.54}
{'loss': 4.226, 'grad_norm': 2.170842409133911, 'learning_rate': 6.834496006470529e-05, 'epoch': 11.55}
{'loss': 4.2067, 'grad_norm': 2.141436815261841, 'learning_rate': 6.832810972938362e-05, 'epoch': 11.55}
{'loss': 4.2055, 'grad_norm': 1.5150643587112427, 'learning_rate': 6.831125939406194e-05, 'epoch': 11.56}
{'loss': 4.2152, 'grad_norm': 2.2693490982055664, 'learning_rate': 6.829440905874027e-05, 'epoch': 11.56}
{'loss': 4.2166, 'grad_norm': 1.7794972658157349, 'learning_rate': 6.82775587234186e-05, 'epoch': 11.57}
{'loss': 4.216, 'grad_norm': 1.5004328489303589, 'learning_rate': 6.826070838809693e-05, 'epoch': 11.57}
{'loss': 4.2008, 'grad_norm': 1.978617548942566, 'learning_rate': 6.824385805277525e-05, 'epoch': 11.57}
{'loss': 4.2037, 'grad_norm': 1.9088233709335327, 'learning_rate': 6.822700771745358e-05, 'epoch': 11.58}
{'loss': 4.2275, 'grad_norm': 2.6346874237060547, 'learning_rate': 6.821015738213192e-05, 'epoch': 11.58}
{'loss': 4.2295, 'grad_norm': 1.7038549184799194, 'learning_rate': 6.819330704681023e-05, 'epoch': 11.59}
{'loss': 4.2474, 'grad_norm': 1.4651508331298828, 'learning_rate': 6.817645671148855e-05, 'epoch': 11.59}
{'loss': 4.2342, 'grad_norm': 1.82512629032135, 'learning_rate': 6.815960637616688e-05, 'epoch': 11.6}
{'loss': 4.2259, 'grad_norm': 1.6335175037384033, 'learning_rate': 6.814275604084522e-05, 'epoch': 11.6}
{'loss': 4.2345, 'grad_norm': 1.5519415140151978, 'learning_rate': 6.812590570552354e-05, 'epoch': 11.61}
{'loss': 4.2228, 'grad_norm': 1.726597785949707, 'learning_rate': 6.810905537020187e-05, 'epoch': 11.61}
{'loss': 4.2251, 'grad_norm': 1.597680926322937, 'learning_rate': 6.80922050348802e-05, 'epoch': 11.62}
{'loss': 4.2346, 'grad_norm': 1.5068368911743164, 'learning_rate': 6.807535469955853e-05, 'epoch': 11.62}
{'loss': 4.2375, 'grad_norm': 2.00665283203125, 'learning_rate': 6.805850436423685e-05, 'epoch': 11.62}
{'loss': 4.2048, 'grad_norm': 2.287060022354126, 'learning_rate': 6.804165402891518e-05, 'epoch': 11.63}
{'loss': 4.232, 'grad_norm': 1.49212646484375, 'learning_rate': 6.802480369359351e-05, 'epoch': 11.63}
{'loss': 4.2261, 'grad_norm': 1.7551653385162354, 'learning_rate': 6.800795335827183e-05, 'epoch': 11.64}
{'loss': 4.2386, 'grad_norm': 1.6523170471191406, 'learning_rate': 6.799110302295016e-05, 'epoch': 11.64}
{'loss': 4.2262, 'grad_norm': 2.310999870300293, 'learning_rate': 6.79742526876285e-05, 'epoch': 11.65}
{'loss': 4.2222, 'grad_norm': 1.9257221221923828, 'learning_rate': 6.795740235230681e-05, 'epoch': 11.65}
{'loss': 4.2284, 'grad_norm': 1.5332632064819336, 'learning_rate': 6.794055201698513e-05, 'epoch': 11.66}
{'loss': 4.2412, 'grad_norm': 1.7681936025619507, 'learning_rate': 6.792370168166346e-05, 'epoch': 11.66}
{'loss': 4.2362, 'grad_norm': 1.554222583770752, 'learning_rate': 6.79068513463418e-05, 'epoch': 11.67}
{'loss': 4.2187, 'grad_norm': 1.5023362636566162, 'learning_rate': 6.789000101102013e-05, 'epoch': 11.67}
{'loss': 4.2295, 'grad_norm': 1.9142937660217285, 'learning_rate': 6.787315067569845e-05, 'epoch': 11.67}
{'loss': 4.2189, 'grad_norm': 1.857335090637207, 'learning_rate': 6.785630034037678e-05, 'epoch': 11.68}
{'loss': 4.2427, 'grad_norm': 1.5593743324279785, 'learning_rate': 6.783945000505511e-05, 'epoch': 11.68}
{'loss': 4.2048, 'grad_norm': 1.9722785949707031, 'learning_rate': 6.782259966973343e-05, 'epoch': 11.69}
{'loss': 4.2236, 'grad_norm': 1.5841562747955322, 'learning_rate': 6.780574933441176e-05, 'epoch': 11.69}
{'loss': 4.216, 'grad_norm': 1.658410906791687, 'learning_rate': 6.778889899909009e-05, 'epoch': 11.7}
{'loss': 4.2001, 'grad_norm': 1.6351217031478882, 'learning_rate': 6.777204866376842e-05, 'epoch': 11.7}
{'loss': 4.2126, 'grad_norm': 1.876973032951355, 'learning_rate': 6.775519832844673e-05, 'epoch': 11.71}
{'loss': 4.2305, 'grad_norm': 2.151442766189575, 'learning_rate': 6.773834799312506e-05, 'epoch': 11.71}
{'loss': 4.2452, 'grad_norm': 1.9807002544403076, 'learning_rate': 6.772149765780339e-05, 'epoch': 11.72}
{'loss': 4.2278, 'grad_norm': 2.1009905338287354, 'learning_rate': 6.770464732248172e-05, 'epoch': 11.72}
{'loss': 4.1991, 'grad_norm': 2.0310678482055664, 'learning_rate': 6.768779698716004e-05, 'epoch': 11.72}
{'loss': 4.2339, 'grad_norm': 1.5969231128692627, 'learning_rate': 6.767094665183837e-05, 'epoch': 11.73}
{'loss': 4.239, 'grad_norm': 2.651130437850952, 'learning_rate': 6.76540963165167e-05, 'epoch': 11.73}
{'loss': 4.2055, 'grad_norm': 1.6364117860794067, 'learning_rate': 6.763724598119502e-05, 'epoch': 11.74}
{'loss': 4.2162, 'grad_norm': 1.594394564628601, 'learning_rate': 6.762039564587336e-05, 'epoch': 11.74}
{'loss': 4.2479, 'grad_norm': 1.6026736497879028, 'learning_rate': 6.760354531055169e-05, 'epoch': 11.75}
{'loss': 4.2426, 'grad_norm': 1.5230690240859985, 'learning_rate': 6.758669497523002e-05, 'epoch': 11.75}
{'loss': 4.2254, 'grad_norm': 1.6986942291259766, 'learning_rate': 6.756984463990834e-05, 'epoch': 11.76}
{'loss': 4.2418, 'grad_norm': 1.8396918773651123, 'learning_rate': 6.755299430458667e-05, 'epoch': 11.76}
{'loss': 4.228, 'grad_norm': 1.8655445575714111, 'learning_rate': 6.753614396926499e-05, 'epoch': 11.77}
{'loss': 4.2654, 'grad_norm': 2.106814384460449, 'learning_rate': 6.751929363394332e-05, 'epoch': 11.77}
{'loss': 4.2226, 'grad_norm': 1.5092902183532715, 'learning_rate': 6.750244329862164e-05, 'epoch': 11.77}
{'loss': 4.2216, 'grad_norm': 2.2763662338256836, 'learning_rate': 6.748559296329997e-05, 'epoch': 11.78}
{'loss': 4.2177, 'grad_norm': 1.4797873497009277, 'learning_rate': 6.74687426279783e-05, 'epoch': 11.78}
{'loss': 4.2323, 'grad_norm': 1.6527299880981445, 'learning_rate': 6.745189229265662e-05, 'epoch': 11.79}
{'loss': 4.262, 'grad_norm': 1.6127644777297974, 'learning_rate': 6.743504195733495e-05, 'epoch': 11.79}
{'loss': 4.2262, 'grad_norm': 1.9550870656967163, 'learning_rate': 6.741819162201328e-05, 'epoch': 11.8}
{'loss': 4.2504, 'grad_norm': 1.9786499738693237, 'learning_rate': 6.740134128669162e-05, 'epoch': 11.8}
{'loss': 4.2307, 'grad_norm': 1.8763468265533447, 'learning_rate': 6.738449095136993e-05, 'epoch': 11.81}
{'loss': 4.2351, 'grad_norm': 2.1420321464538574, 'learning_rate': 6.736764061604827e-05, 'epoch': 11.81}
{'loss': 4.2397, 'grad_norm': 1.7828105688095093, 'learning_rate': 6.73507902807266e-05, 'epoch': 11.82}
{'loss': 4.2463, 'grad_norm': 2.4766650199890137, 'learning_rate': 6.733393994540492e-05, 'epoch': 11.82}
{'loss': 4.2322, 'grad_norm': 1.5090370178222656, 'learning_rate': 6.731708961008324e-05, 'epoch': 11.82}
{'loss': 4.238, 'grad_norm': 1.7320632934570312, 'learning_rate': 6.730023927476157e-05, 'epoch': 11.83}
pred : i
label: ardent in the prosecution of heresy cyril auspiciously opened his reign by oppressing the novatians the most innocent and harmless of the sectaries
pred : i
label: without any legal sentence without any royal mandate the patriarch at the dawn of day led a seditious multitude to the attack of the synagogues
pred : i
label: such crimes would have deserved the animadversion of the magistrate but in this promiscuous outrage the innocent were confounded with the guilty and alexandria was impoverished by the loss of a wealthy and industrious colony
pred : i
label: ardent in the prosecution of heresy cyril auspiciously opened his reign by oppressing the novatians the most innocent and harmless of the sectaries
pred : i
label: without any legal sentence without any royal mandate the patriarch at the dawn of day led a seditious multitude to the attack of the synagogues
pred : i
label: such crimes would have deserved the animadversion of the magistrate but in this promiscuous outrage the innocent were confounded with the guilty and alexandria was impoverished by the loss of a wealthy and industrious colony
pred : i
label: ardent in the prosecution of heresy cyril auspiciously opened his reign by oppressing the novatians the most innocent and harmless of the sectaries
pred : i
label: without any legal sentence without any royal mandate the patriarch at the dawn of day led a seditious multitude to the attack of the synagogues
pred : i
label: such crimes would have deserved the animadversion of the magistrate but in this promiscuous outrage the innocent were confounded with the guilty and alexandria was impoverished by the loss of a wealthy and industrious colony
pred : i
label: ardent in the prosecution of heresy cyril auspiciously opened his reign by oppressing the novatians the most innocent and harmless of the sectaries
pred : i
label: without any legal sentence without any royal mandate the patriarch at the dawn of day led a seditious multitude to the attack of the synagogues
pred : i
label: such crimes would have deserved the animadversion of the magistrate but in this promiscuous outrage the innocent were confounded with the guilty and alexandria was impoverished by the loss of a wealthy and industrious colony
{'eval_loss': 6.338582515716553, 'eval_bleu': 0.0, 'eval_wer': 0.9897601852466951, 'eval_cer': 0.9903345751721203, 'eval_rouge1': 0.02618400982107468, 'eval_rouge2': 0.0, 'eval_rougeL': 0.026158707331652264, 'eval_runtime': 19.0797, 'eval_samples_per_second': 291.776, 'eval_steps_per_second': 1.52, 'epoch': 11.83}
{'loss': 4.2288, 'grad_norm': 1.5485793352127075, 'learning_rate': 6.72833889394399e-05, 'epoch': 11.83}
{'loss': 4.2177, 'grad_norm': 1.8259280920028687, 'learning_rate': 6.726653860411822e-05, 'epoch': 11.84}
{'loss': 4.2316, 'grad_norm': 2.1695446968078613, 'learning_rate': 6.724968826879655e-05, 'epoch': 11.84}
{'loss': 4.2531, 'grad_norm': 1.4499298334121704, 'learning_rate': 6.723283793347488e-05, 'epoch': 11.85}
{'loss': 4.2303, 'grad_norm': 1.5573838949203491, 'learning_rate': 6.721598759815321e-05, 'epoch': 11.85}
{'loss': 4.2435, 'grad_norm': 1.5010558366775513, 'learning_rate': 6.719913726283153e-05, 'epoch': 11.86}
{'loss': 4.2395, 'grad_norm': 1.441850185394287, 'learning_rate': 6.718228692750986e-05, 'epoch': 11.86}
{'loss': 4.2356, 'grad_norm': 1.8720073699951172, 'learning_rate': 6.71654365921882e-05, 'epoch': 11.87}
{'loss': 4.2235, 'grad_norm': 2.1184780597686768, 'learning_rate': 6.714858625686651e-05, 'epoch': 11.87}
{'loss': 4.2328, 'grad_norm': 2.4835166931152344, 'learning_rate': 6.713173592154485e-05, 'epoch': 11.87}
{'loss': 4.2342, 'grad_norm': 2.4117932319641113, 'learning_rate': 6.711488558622316e-05, 'epoch': 11.88}
{'loss': 4.2568, 'grad_norm': 2.0729362964630127, 'learning_rate': 6.70980352509015e-05, 'epoch': 11.88}
{'loss': 4.2208, 'grad_norm': 1.9785737991333008, 'learning_rate': 6.708118491557981e-05, 'epoch': 11.89}
{'loss': 4.23, 'grad_norm': 1.6633418798446655, 'learning_rate': 6.706433458025815e-05, 'epoch': 11.89}
{'loss': 4.2644, 'grad_norm': 1.6815006732940674, 'learning_rate': 6.704748424493648e-05, 'epoch': 11.9}
{'loss': 4.2675, 'grad_norm': 1.7657192945480347, 'learning_rate': 6.703063390961481e-05, 'epoch': 11.9}
{'loss': 4.2073, 'grad_norm': 2.1623992919921875, 'learning_rate': 6.701378357429313e-05, 'epoch': 11.91}
{'loss': 4.2366, 'grad_norm': 1.4470313787460327, 'learning_rate': 6.699693323897146e-05, 'epoch': 11.91}
{'loss': 4.2399, 'grad_norm': 2.5302720069885254, 'learning_rate': 6.698008290364979e-05, 'epoch': 11.92}
{'loss': 4.2261, 'grad_norm': 1.6350650787353516, 'learning_rate': 6.696323256832811e-05, 'epoch': 11.92}
{'loss': 4.2458, 'grad_norm': 1.645219326019287, 'learning_rate': 6.694638223300644e-05, 'epoch': 11.92}
{'loss': 4.2129, 'grad_norm': 1.6225146055221558, 'learning_rate': 6.692953189768477e-05, 'epoch': 11.93}
{'loss': 4.2461, 'grad_norm': 1.8237378597259521, 'learning_rate': 6.691268156236309e-05, 'epoch': 11.93}
{'loss': 4.2576, 'grad_norm': 1.941068410873413, 'learning_rate': 6.689583122704141e-05, 'epoch': 11.94}
{'loss': 4.2468, 'grad_norm': 1.596045970916748, 'learning_rate': 6.687898089171974e-05, 'epoch': 11.94}
{'loss': 4.2331, 'grad_norm': 3.3960189819335938, 'learning_rate': 6.686213055639807e-05, 'epoch': 11.95}
{'loss': 4.269, 'grad_norm': 2.816542863845825, 'learning_rate': 6.68452802210764e-05, 'epoch': 11.95}
{'loss': 4.252, 'grad_norm': 1.5485477447509766, 'learning_rate': 6.682842988575472e-05, 'epoch': 11.96}
{'loss': 4.2536, 'grad_norm': 1.7318153381347656, 'learning_rate': 6.681157955043306e-05, 'epoch': 11.96}
{'loss': 4.2227, 'grad_norm': 1.4948192834854126, 'learning_rate': 6.679472921511139e-05, 'epoch': 11.97}
{'loss': 4.2304, 'grad_norm': 1.9253239631652832, 'learning_rate': 6.67778788797897e-05, 'epoch': 11.97}
{'loss': 4.2404, 'grad_norm': 1.8155733346939087, 'learning_rate': 6.676102854446804e-05, 'epoch': 11.97}
{'loss': 4.2358, 'grad_norm': 2.212239980697632, 'learning_rate': 6.674417820914637e-05, 'epoch': 11.98}
{'loss': 4.2257, 'grad_norm': 1.5180679559707642, 'learning_rate': 6.67273278738247e-05, 'epoch': 11.98}
{'loss': 4.2612, 'grad_norm': 2.2620465755462646, 'learning_rate': 6.671047753850302e-05, 'epoch': 11.99}
{'loss': 4.2362, 'grad_norm': 1.6862999200820923, 'learning_rate': 6.669362720318134e-05, 'epoch': 11.99}
{'loss': 4.258, 'grad_norm': 1.6747636795043945, 'learning_rate': 6.667677686785967e-05, 'epoch': 12.0}
{'loss': 4.1691, 'grad_norm': 1.908318042755127, 'learning_rate': 6.6659926532538e-05, 'epoch': 12.0}
{'loss': 4.0898, 'grad_norm': 1.6377933025360107, 'learning_rate': 6.664307619721632e-05, 'epoch': 12.01}
{'loss': 4.1057, 'grad_norm': 1.6256555318832397, 'learning_rate': 6.662622586189465e-05, 'epoch': 12.01}
{'loss': 4.0936, 'grad_norm': 1.5491191148757935, 'learning_rate': 6.660937552657298e-05, 'epoch': 12.02}
{'loss': 4.1151, 'grad_norm': 2.342863082885742, 'learning_rate': 6.65925251912513e-05, 'epoch': 12.02}
{'loss': 4.0997, 'grad_norm': 1.683428168296814, 'learning_rate': 6.657567485592963e-05, 'epoch': 12.02}
{'loss': 4.1053, 'grad_norm': 2.2927565574645996, 'learning_rate': 6.655882452060797e-05, 'epoch': 12.03}
{'loss': 4.0973, 'grad_norm': 2.445225477218628, 'learning_rate': 6.65419741852863e-05, 'epoch': 12.03}
{'loss': 4.107, 'grad_norm': 1.6064589023590088, 'learning_rate': 6.652512384996462e-05, 'epoch': 12.04}
{'loss': 4.1097, 'grad_norm': 1.829077959060669, 'learning_rate': 6.650827351464295e-05, 'epoch': 12.04}
{'loss': 4.106, 'grad_norm': 1.5529184341430664, 'learning_rate': 6.649142317932128e-05, 'epoch': 12.05}
{'loss': 4.1085, 'grad_norm': 2.0004355907440186, 'learning_rate': 6.64745728439996e-05, 'epoch': 12.05}
{'loss': 4.1115, 'grad_norm': 1.6264950037002563, 'learning_rate': 6.645772250867792e-05, 'epoch': 12.06}
{'loss': 4.1067, 'grad_norm': 2.0680408477783203, 'learning_rate': 6.644087217335625e-05, 'epoch': 12.06}
{'loss': 4.0896, 'grad_norm': 1.9582734107971191, 'learning_rate': 6.642402183803458e-05, 'epoch': 12.07}
{'loss': 4.0955, 'grad_norm': 2.0108184814453125, 'learning_rate': 6.64071715027129e-05, 'epoch': 12.07}
{'loss': 4.0863, 'grad_norm': 1.6256908178329468, 'learning_rate': 6.639032116739123e-05, 'epoch': 12.07}
{'loss': 4.0952, 'grad_norm': 1.5214488506317139, 'learning_rate': 6.637347083206956e-05, 'epoch': 12.08}
{'loss': 4.1039, 'grad_norm': 1.7489300966262817, 'learning_rate': 6.63566204967479e-05, 'epoch': 12.08}
{'loss': 4.0846, 'grad_norm': 1.6723430156707764, 'learning_rate': 6.633977016142621e-05, 'epoch': 12.09}
{'loss': 4.1383, 'grad_norm': 1.6107195615768433, 'learning_rate': 6.632291982610455e-05, 'epoch': 12.09}
{'loss': 4.1088, 'grad_norm': 2.2138290405273438, 'learning_rate': 6.630606949078288e-05, 'epoch': 12.1}
{'loss': 4.1031, 'grad_norm': 2.1288363933563232, 'learning_rate': 6.62892191554612e-05, 'epoch': 12.1}
{'loss': 4.1068, 'grad_norm': 2.5483505725860596, 'learning_rate': 6.627236882013951e-05, 'epoch': 12.11}
{'loss': 4.121, 'grad_norm': 1.8765593767166138, 'learning_rate': 6.625551848481785e-05, 'epoch': 12.11}
{'loss': 4.102, 'grad_norm': 1.5157711505889893, 'learning_rate': 6.623866814949618e-05, 'epoch': 12.12}
{'loss': 4.1331, 'grad_norm': 1.6381206512451172, 'learning_rate': 6.62218178141745e-05, 'epoch': 12.12}
{'loss': 4.0854, 'grad_norm': 1.8586974143981934, 'learning_rate': 6.620496747885283e-05, 'epoch': 12.12}
{'loss': 4.1184, 'grad_norm': 1.894370675086975, 'learning_rate': 6.618811714353116e-05, 'epoch': 12.13}
{'loss': 4.1261, 'grad_norm': 1.9836738109588623, 'learning_rate': 6.617126680820949e-05, 'epoch': 12.13}
{'loss': 4.1291, 'grad_norm': 2.370532512664795, 'learning_rate': 6.615441647288781e-05, 'epoch': 12.14}
{'loss': 4.0971, 'grad_norm': 1.5878487825393677, 'learning_rate': 6.613756613756614e-05, 'epoch': 12.14}
{'loss': 4.0978, 'grad_norm': 2.092956781387329, 'learning_rate': 6.612071580224447e-05, 'epoch': 12.15}
{'loss': 4.0841, 'grad_norm': 2.090277910232544, 'learning_rate': 6.610386546692279e-05, 'epoch': 12.15}
{'loss': 4.1353, 'grad_norm': 1.8063914775848389, 'learning_rate': 6.608701513160112e-05, 'epoch': 12.16}
{'loss': 4.1147, 'grad_norm': 1.8448165655136108, 'learning_rate': 6.607016479627946e-05, 'epoch': 12.16}
{'loss': 4.1187, 'grad_norm': 1.8459348678588867, 'learning_rate': 6.605331446095777e-05, 'epoch': 12.17}
{'loss': 4.1004, 'grad_norm': 1.5477927923202515, 'learning_rate': 6.603646412563609e-05, 'epoch': 12.17}
{'loss': 4.1251, 'grad_norm': 2.9856483936309814, 'learning_rate': 6.601961379031442e-05, 'epoch': 12.17}
{'loss': 4.1096, 'grad_norm': 2.066086530685425, 'learning_rate': 6.600276345499276e-05, 'epoch': 12.18}
{'loss': 4.1231, 'grad_norm': 1.6453734636306763, 'learning_rate': 6.598591311967109e-05, 'epoch': 12.18}
{'loss': 4.1263, 'grad_norm': 1.8317914009094238, 'learning_rate': 6.59690627843494e-05, 'epoch': 12.19}
{'loss': 4.1166, 'grad_norm': 1.5068730115890503, 'learning_rate': 6.595221244902774e-05, 'epoch': 12.19}
{'loss': 4.1213, 'grad_norm': 2.402871608734131, 'learning_rate': 6.593536211370607e-05, 'epoch': 12.2}
{'loss': 4.1118, 'grad_norm': 1.487783432006836, 'learning_rate': 6.591851177838439e-05, 'epoch': 12.2}
{'loss': 4.1037, 'grad_norm': 1.6491669416427612, 'learning_rate': 6.590166144306272e-05, 'epoch': 12.21}
{'loss': 4.1124, 'grad_norm': 3.6451103687286377, 'learning_rate': 6.588481110774105e-05, 'epoch': 12.21}
{'loss': 4.1179, 'grad_norm': 1.717854619026184, 'learning_rate': 6.586796077241938e-05, 'epoch': 12.22}
{'loss': 4.1171, 'grad_norm': 2.0933454036712646, 'learning_rate': 6.58511104370977e-05, 'epoch': 12.22}
{'loss': 4.1393, 'grad_norm': 2.2635555267333984, 'learning_rate': 6.583426010177602e-05, 'epoch': 12.22}
{'loss': 4.137, 'grad_norm': 1.8524188995361328, 'learning_rate': 6.581740976645435e-05, 'epoch': 12.23}
{'loss': 4.116, 'grad_norm': 2.536046266555786, 'learning_rate': 6.580055943113268e-05, 'epoch': 12.23}
{'loss': 4.1256, 'grad_norm': 1.5464757680892944, 'learning_rate': 6.5783709095811e-05, 'epoch': 12.24}
{'loss': 4.1312, 'grad_norm': 1.8457320928573608, 'learning_rate': 6.576685876048934e-05, 'epoch': 12.24}
{'loss': 4.1277, 'grad_norm': 1.926974892616272, 'learning_rate': 6.575000842516767e-05, 'epoch': 12.25}
{'loss': 4.1449, 'grad_norm': 1.847807765007019, 'learning_rate': 6.573315808984599e-05, 'epoch': 12.25}
{'loss': 4.1235, 'grad_norm': 1.9077696800231934, 'learning_rate': 6.571630775452432e-05, 'epoch': 12.26}
{'loss': 4.1259, 'grad_norm': 1.7007015943527222, 'learning_rate': 6.569945741920265e-05, 'epoch': 12.26}
{'loss': 4.138, 'grad_norm': 1.6967825889587402, 'learning_rate': 6.568260708388098e-05, 'epoch': 12.27}
{'loss': 4.1218, 'grad_norm': 2.1494030952453613, 'learning_rate': 6.56657567485593e-05, 'epoch': 12.27}
{'loss': 4.1356, 'grad_norm': 1.7353793382644653, 'learning_rate': 6.564890641323763e-05, 'epoch': 12.27}
{'loss': 4.1254, 'grad_norm': 1.4878100156784058, 'learning_rate': 6.563205607791595e-05, 'epoch': 12.28}
{'loss': 4.1535, 'grad_norm': 1.5611629486083984, 'learning_rate': 6.561520574259428e-05, 'epoch': 12.28}
{'loss': 4.1379, 'grad_norm': 2.3251473903656006, 'learning_rate': 6.55983554072726e-05, 'epoch': 12.29}
{'loss': 4.1449, 'grad_norm': 2.524014949798584, 'learning_rate': 6.558150507195093e-05, 'epoch': 12.29}
{'loss': 4.1113, 'grad_norm': 1.9491925239562988, 'learning_rate': 6.556465473662926e-05, 'epoch': 12.3}
{'loss': 4.1078, 'grad_norm': 2.583359718322754, 'learning_rate': 6.55478044013076e-05, 'epoch': 12.3}
{'loss': 4.1348, 'grad_norm': 2.0607502460479736, 'learning_rate': 6.553095406598591e-05, 'epoch': 12.31}
{'loss': 4.1238, 'grad_norm': 1.7454179525375366, 'learning_rate': 6.551410373066425e-05, 'epoch': 12.31}
{'loss': 4.1375, 'grad_norm': 1.9357354640960693, 'learning_rate': 6.549725339534258e-05, 'epoch': 12.32}
{'loss': 4.1415, 'grad_norm': 1.5400665998458862, 'learning_rate': 6.54804030600209e-05, 'epoch': 12.32}
{'loss': 4.1338, 'grad_norm': 2.5079782009124756, 'learning_rate': 6.546355272469923e-05, 'epoch': 12.32}
{'loss': 4.1287, 'grad_norm': 1.9456623792648315, 'learning_rate': 6.544670238937756e-05, 'epoch': 12.33}
{'loss': 4.1641, 'grad_norm': 2.016235113143921, 'learning_rate': 6.542985205405588e-05, 'epoch': 12.33}
{'loss': 4.1491, 'grad_norm': 1.7927559614181519, 'learning_rate': 6.54130017187342e-05, 'epoch': 12.34}
{'loss': 4.1187, 'grad_norm': 1.7163941860198975, 'learning_rate': 6.539615138341253e-05, 'epoch': 12.34}
{'loss': 4.145, 'grad_norm': 1.5296176671981812, 'learning_rate': 6.537930104809086e-05, 'epoch': 12.35}
{'loss': 4.1497, 'grad_norm': 1.9740415811538696, 'learning_rate': 6.536245071276919e-05, 'epoch': 12.35}
{'loss': 4.1382, 'grad_norm': 1.546912431716919, 'learning_rate': 6.534560037744751e-05, 'epoch': 12.36}
{'loss': 4.1513, 'grad_norm': 2.5860707759857178, 'learning_rate': 6.532875004212584e-05, 'epoch': 12.36}
{'loss': 4.1305, 'grad_norm': 1.8397655487060547, 'learning_rate': 6.531189970680417e-05, 'epoch': 12.37}
{'loss': 4.1403, 'grad_norm': 1.7796927690505981, 'learning_rate': 6.529504937148249e-05, 'epoch': 12.37}
{'loss': 4.1429, 'grad_norm': 1.9003146886825562, 'learning_rate': 6.527819903616082e-05, 'epoch': 12.37}
{'loss': 4.1354, 'grad_norm': 1.800567865371704, 'learning_rate': 6.526134870083916e-05, 'epoch': 12.38}
{'loss': 4.1523, 'grad_norm': 2.044741630554199, 'learning_rate': 6.524449836551747e-05, 'epoch': 12.38}
{'loss': 4.1356, 'grad_norm': 1.9639129638671875, 'learning_rate': 6.52276480301958e-05, 'epoch': 12.39}
{'loss': 4.1324, 'grad_norm': 2.656541347503662, 'learning_rate': 6.521079769487412e-05, 'epoch': 12.39}
{'loss': 4.1518, 'grad_norm': 2.1800649166107178, 'learning_rate': 6.519394735955246e-05, 'epoch': 12.4}
{'loss': 4.1502, 'grad_norm': 1.9132096767425537, 'learning_rate': 6.517709702423079e-05, 'epoch': 12.4}
{'loss': 4.1351, 'grad_norm': 1.7407054901123047, 'learning_rate': 6.516024668890911e-05, 'epoch': 12.41}
{'loss': 4.1395, 'grad_norm': 2.135344982147217, 'learning_rate': 6.514339635358744e-05, 'epoch': 12.41}
{'loss': 4.1475, 'grad_norm': 2.36885142326355, 'learning_rate': 6.512654601826577e-05, 'epoch': 12.42}
{'loss': 4.179, 'grad_norm': 2.147552728652954, 'learning_rate': 6.510969568294409e-05, 'epoch': 12.42}
{'loss': 4.1355, 'grad_norm': 1.4827320575714111, 'learning_rate': 6.509284534762242e-05, 'epoch': 12.42}
{'loss': 4.154, 'grad_norm': 1.5973039865493774, 'learning_rate': 6.507599501230075e-05, 'epoch': 12.43}
{'loss': 4.1305, 'grad_norm': 2.569173812866211, 'learning_rate': 6.505914467697908e-05, 'epoch': 12.43}
{'loss': 4.1466, 'grad_norm': 1.733599066734314, 'learning_rate': 6.50422943416574e-05, 'epoch': 12.44}
{'loss': 4.1353, 'grad_norm': 1.8168792724609375, 'learning_rate': 6.502544400633573e-05, 'epoch': 12.44}
{'loss': 4.1335, 'grad_norm': 1.7689802646636963, 'learning_rate': 6.500859367101405e-05, 'epoch': 12.45}
{'loss': 4.1613, 'grad_norm': 1.527958631515503, 'learning_rate': 6.499174333569239e-05, 'epoch': 12.45}
{'loss': 4.1442, 'grad_norm': 1.8509025573730469, 'learning_rate': 6.49748930003707e-05, 'epoch': 12.46}
{'loss': 4.1318, 'grad_norm': 1.8376469612121582, 'learning_rate': 6.495804266504904e-05, 'epoch': 12.46}
{'loss': 4.1563, 'grad_norm': 2.3438456058502197, 'learning_rate': 6.494119232972737e-05, 'epoch': 12.47}
{'loss': 4.1678, 'grad_norm': 1.6851470470428467, 'learning_rate': 6.492434199440569e-05, 'epoch': 12.47}
{'loss': 4.1247, 'grad_norm': 2.1045420169830322, 'learning_rate': 6.490749165908402e-05, 'epoch': 12.47}
{'loss': 4.148, 'grad_norm': 2.7915074825286865, 'learning_rate': 6.489064132376235e-05, 'epoch': 12.48}
{'loss': 4.1586, 'grad_norm': 1.9638680219650269, 'learning_rate': 6.487379098844068e-05, 'epoch': 12.48}
{'loss': 4.1533, 'grad_norm': 1.5236154794692993, 'learning_rate': 6.4856940653119e-05, 'epoch': 12.49}
{'loss': 4.1473, 'grad_norm': 1.9777717590332031, 'learning_rate': 6.484009031779733e-05, 'epoch': 12.49}
{'loss': 4.1478, 'grad_norm': 1.6657969951629639, 'learning_rate': 6.482323998247566e-05, 'epoch': 12.5}
{'loss': 4.1406, 'grad_norm': 1.5245593786239624, 'learning_rate': 6.480638964715398e-05, 'epoch': 12.5}
{'loss': 4.1502, 'grad_norm': 2.05202054977417, 'learning_rate': 6.47895393118323e-05, 'epoch': 12.51}
{'loss': 4.1706, 'grad_norm': 1.4836546182632446, 'learning_rate': 6.477268897651063e-05, 'epoch': 12.51}
{'loss': 4.1354, 'grad_norm': 2.2114646434783936, 'learning_rate': 6.475583864118896e-05, 'epoch': 12.52}
{'loss': 4.1444, 'grad_norm': 1.4890135526657104, 'learning_rate': 6.473898830586728e-05, 'epoch': 12.52}
{'loss': 4.1299, 'grad_norm': 2.0806944370269775, 'learning_rate': 6.472213797054561e-05, 'epoch': 12.53}
{'loss': 4.1483, 'grad_norm': 1.6494758129119873, 'learning_rate': 6.470528763522395e-05, 'epoch': 12.53}
{'loss': 4.1418, 'grad_norm': 1.9817098379135132, 'learning_rate': 6.468843729990228e-05, 'epoch': 12.53}
{'loss': 4.1311, 'grad_norm': 1.5207107067108154, 'learning_rate': 6.46715869645806e-05, 'epoch': 12.54}
{'loss': 4.1452, 'grad_norm': 1.8663380146026611, 'learning_rate': 6.465473662925893e-05, 'epoch': 12.54}
{'loss': 4.1549, 'grad_norm': 2.4481732845306396, 'learning_rate': 6.463788629393726e-05, 'epoch': 12.55}
{'loss': 4.1474, 'grad_norm': 2.4541561603546143, 'learning_rate': 6.462103595861558e-05, 'epoch': 12.55}
{'loss': 4.1559, 'grad_norm': 1.56485915184021, 'learning_rate': 6.460418562329391e-05, 'epoch': 12.56}
{'loss': 4.1649, 'grad_norm': 1.730407953262329, 'learning_rate': 6.458733528797223e-05, 'epoch': 12.56}
{'loss': 4.1654, 'grad_norm': 2.4337189197540283, 'learning_rate': 6.457048495265056e-05, 'epoch': 12.57}
{'loss': 4.1626, 'grad_norm': 2.0973470211029053, 'learning_rate': 6.455363461732888e-05, 'epoch': 12.57}
{'loss': 4.1452, 'grad_norm': 2.3461287021636963, 'learning_rate': 6.453678428200721e-05, 'epoch': 12.58}
{'loss': 4.1726, 'grad_norm': 1.5408079624176025, 'learning_rate': 6.451993394668554e-05, 'epoch': 12.58}
{'loss': 4.1666, 'grad_norm': 2.019788980484009, 'learning_rate': 6.450308361136387e-05, 'epoch': 12.58}
{'loss': 4.163, 'grad_norm': 2.707242727279663, 'learning_rate': 6.448623327604219e-05, 'epoch': 12.59}
{'loss': 4.127, 'grad_norm': 1.6672813892364502, 'learning_rate': 6.446938294072052e-05, 'epoch': 12.59}
{'loss': 4.1396, 'grad_norm': 1.8318942785263062, 'learning_rate': 6.445253260539886e-05, 'epoch': 12.6}
{'loss': 4.1502, 'grad_norm': 1.8512035608291626, 'learning_rate': 6.443568227007717e-05, 'epoch': 12.6}
{'loss': 4.1615, 'grad_norm': 1.6063776016235352, 'learning_rate': 6.44188319347555e-05, 'epoch': 12.61}
{'loss': 4.1623, 'grad_norm': 1.8581689596176147, 'learning_rate': 6.440198159943384e-05, 'epoch': 12.61}
{'loss': 4.1294, 'grad_norm': 2.6435039043426514, 'learning_rate': 6.438513126411217e-05, 'epoch': 12.62}
{'loss': 4.1496, 'grad_norm': 1.8198277950286865, 'learning_rate': 6.436828092879048e-05, 'epoch': 12.62}
{'loss': 4.1494, 'grad_norm': 1.9903826713562012, 'learning_rate': 6.435143059346881e-05, 'epoch': 12.63}
{'loss': 4.1624, 'grad_norm': 1.6717808246612549, 'learning_rate': 6.433458025814714e-05, 'epoch': 12.63}
{'loss': 4.1454, 'grad_norm': 1.5450540781021118, 'learning_rate': 6.431772992282547e-05, 'epoch': 12.63}
{'loss': 4.1197, 'grad_norm': 1.5986346006393433, 'learning_rate': 6.430087958750379e-05, 'epoch': 12.64}
{'loss': 4.1653, 'grad_norm': 1.6942440271377563, 'learning_rate': 6.428402925218212e-05, 'epoch': 12.64}
{'loss': 4.1533, 'grad_norm': 1.9556834697723389, 'learning_rate': 6.426717891686045e-05, 'epoch': 12.65}
{'loss': 4.1442, 'grad_norm': 1.7717067003250122, 'learning_rate': 6.425032858153877e-05, 'epoch': 12.65}
{'loss': 4.1609, 'grad_norm': 2.2547569274902344, 'learning_rate': 6.42334782462171e-05, 'epoch': 12.66}
{'loss': 4.1534, 'grad_norm': 2.014941930770874, 'learning_rate': 6.421662791089544e-05, 'epoch': 12.66}
{'loss': 4.1782, 'grad_norm': 1.8431435823440552, 'learning_rate': 6.419977757557377e-05, 'epoch': 12.67}
{'loss': 4.1473, 'grad_norm': 1.5229597091674805, 'learning_rate': 6.418292724025209e-05, 'epoch': 12.67}
{'loss': 4.1768, 'grad_norm': 1.824867606163025, 'learning_rate': 6.416607690493042e-05, 'epoch': 12.68}
{'loss': 4.1691, 'grad_norm': 1.6912016868591309, 'learning_rate': 6.414922656960874e-05, 'epoch': 12.68}
{'loss': 4.1695, 'grad_norm': 2.4446358680725098, 'learning_rate': 6.413237623428707e-05, 'epoch': 12.68}
{'loss': 4.1621, 'grad_norm': 1.5752136707305908, 'learning_rate': 6.411552589896539e-05, 'epoch': 12.69}
{'loss': 4.1467, 'grad_norm': 2.0512006282806396, 'learning_rate': 6.409867556364372e-05, 'epoch': 12.69}
{'loss': 4.1435, 'grad_norm': 1.8513578176498413, 'learning_rate': 6.408182522832205e-05, 'epoch': 12.7}
{'loss': 4.1902, 'grad_norm': 2.179353713989258, 'learning_rate': 6.406497489300037e-05, 'epoch': 12.7}
{'loss': 4.1799, 'grad_norm': 1.6855524778366089, 'learning_rate': 6.40481245576787e-05, 'epoch': 12.71}
{'loss': 4.162, 'grad_norm': 2.2811636924743652, 'learning_rate': 6.403127422235703e-05, 'epoch': 12.71}
{'loss': 4.1602, 'grad_norm': 2.761608362197876, 'learning_rate': 6.401442388703536e-05, 'epoch': 12.72}
{'loss': 4.1596, 'grad_norm': 1.415131688117981, 'learning_rate': 6.399757355171368e-05, 'epoch': 12.72}
{'loss': 4.1615, 'grad_norm': 2.4894566535949707, 'learning_rate': 6.398072321639201e-05, 'epoch': 12.73}
{'loss': 4.1548, 'grad_norm': 1.669579029083252, 'learning_rate': 6.396387288107035e-05, 'epoch': 12.73}
{'loss': 4.1682, 'grad_norm': 1.9897280931472778, 'learning_rate': 6.394702254574866e-05, 'epoch': 12.73}
{'loss': 4.1677, 'grad_norm': 2.3464415073394775, 'learning_rate': 6.393017221042698e-05, 'epoch': 12.74}
pred : i
label: ardent in the prosecution of heresy cyril auspiciously opened his reign by oppressing the novatians the most innocent and harmless of the sectaries
pred : i
label: without any legal sentence without any royal mandate the patriarch at the dawn of day led a seditious multitude to the attack of the synagogues
pred : i
label: such crimes would have deserved the animadversion of the magistrate but in this promiscuous outrage the innocent were confounded with the guilty and alexandria was impoverished by the loss of a wealthy and industrious colony
pred : i
label: ardent in the prosecution of heresy cyril auspiciously opened his reign by oppressing the novatians the most innocent and harmless of the sectaries
pred : i
label: without any legal sentence without any royal mandate the patriarch at the dawn of day led a seditious multitude to the attack of the synagogues
pred : i
label: such crimes would have deserved the animadversion of the magistrate but in this promiscuous outrage the innocent were confounded with the guilty and alexandria was impoverished by the loss of a wealthy and industrious colony
pred : i
label: ardent in the prosecution of heresy cyril auspiciously opened his reign by oppressing the novatians the most innocent and harmless of the sectaries
pred : i
label: without any legal sentence without any royal mandate the patriarch at the dawn of day led a seditious multitude to the attack of the synagogues
pred : i
label: such crimes would have deserved the animadversion of the magistrate but in this promiscuous outrage the innocent were confounded with the guilty and alexandria was impoverished by the loss of a wealthy and industrious colony
pred : i
label: ardent in the prosecution of heresy cyril auspiciously opened his reign by oppressing the novatians the most innocent and harmless of the sectaries
pred : i
label: without any legal sentence without any royal mandate the patriarch at the dawn of day led a seditious multitude to the attack of the synagogues
pred : i
label: such crimes would have deserved the animadversion of the magistrate but in this promiscuous outrage the innocent were confounded with the guilty and alexandria was impoverished by the loss of a wealthy and industrious colony
{'eval_loss': 6.591392993927002, 'eval_bleu': 0.0, 'eval_wer': 0.9897412050525277, 'eval_cer': 0.9903634271865319, 'eval_rouge1': 0.026247220489751217, 'eval_rouge2': 0.0, 'eval_rougeL': 0.026234474258369396, 'eval_runtime': 19.1393, 'eval_samples_per_second': 290.868, 'eval_steps_per_second': 1.515, 'epoch': 12.74}
{'loss': 4.1569, 'grad_norm': 1.597307801246643, 'learning_rate': 6.391332187510531e-05, 'epoch': 12.74}
{'loss': 4.164, 'grad_norm': 1.8570103645324707, 'learning_rate': 6.389647153978365e-05, 'epoch': 12.75}
{'loss': 4.172, 'grad_norm': 1.904259204864502, 'learning_rate': 6.387962120446196e-05, 'epoch': 12.75}
{'loss': 4.1816, 'grad_norm': 1.5745474100112915, 'learning_rate': 6.38627708691403e-05, 'epoch': 12.76}
{'loss': 4.182, 'grad_norm': 1.757777214050293, 'learning_rate': 6.384592053381863e-05, 'epoch': 12.76}
{'loss': 4.1918, 'grad_norm': 2.058286190032959, 'learning_rate': 6.382907019849696e-05, 'epoch': 12.77}
{'loss': 4.167, 'grad_norm': 1.9010035991668701, 'learning_rate': 6.381221986317528e-05, 'epoch': 12.77}
{'loss': 4.1605, 'grad_norm': 2.1643762588500977, 'learning_rate': 6.379536952785361e-05, 'epoch': 12.78}
{'loss': 4.1577, 'grad_norm': 1.4879536628723145, 'learning_rate': 6.377851919253194e-05, 'epoch': 12.78}
{'loss': 4.1604, 'grad_norm': 1.5936070680618286, 'learning_rate': 6.376166885721026e-05, 'epoch': 12.78}
{'loss': 4.1697, 'grad_norm': 1.7906016111373901, 'learning_rate': 6.374481852188859e-05, 'epoch': 12.79}
{'loss': 4.182, 'grad_norm': 1.7101422548294067, 'learning_rate': 6.372796818656691e-05, 'epoch': 12.79}
{'loss': 4.16, 'grad_norm': 2.5461204051971436, 'learning_rate': 6.371111785124524e-05, 'epoch': 12.8}
{'loss': 4.1532, 'grad_norm': 1.5167723894119263, 'learning_rate': 6.369426751592356e-05, 'epoch': 12.8}
{'loss': 4.1734, 'grad_norm': 2.063349723815918, 'learning_rate': 6.367741718060189e-05, 'epoch': 12.81}
{'loss': 4.1773, 'grad_norm': 1.9975088834762573, 'learning_rate': 6.366056684528022e-05, 'epoch': 12.81}
{'loss': 4.1612, 'grad_norm': 3.621947765350342, 'learning_rate': 6.364371650995856e-05, 'epoch': 12.82}
{'loss': 4.1587, 'grad_norm': 3.4188621044158936, 'learning_rate': 6.362686617463687e-05, 'epoch': 12.82}
{'loss': 4.1713, 'grad_norm': 2.240346908569336, 'learning_rate': 6.36100158393152e-05, 'epoch': 12.83}
{'loss': 4.1442, 'grad_norm': 1.536896824836731, 'learning_rate': 6.359316550399354e-05, 'epoch': 12.83}
{'loss': 4.1818, 'grad_norm': 1.7514463663101196, 'learning_rate': 6.357631516867186e-05, 'epoch': 12.83}
{'loss': 4.1641, 'grad_norm': 1.6869254112243652, 'learning_rate': 6.355946483335019e-05, 'epoch': 12.84}
{'loss': 4.1706, 'grad_norm': 2.4217123985290527, 'learning_rate': 6.354261449802852e-05, 'epoch': 12.84}
{'loss': 4.1505, 'grad_norm': 1.9375689029693604, 'learning_rate': 6.352576416270684e-05, 'epoch': 12.85}
{'loss': 4.1586, 'grad_norm': 1.7663331031799316, 'learning_rate': 6.350891382738516e-05, 'epoch': 12.85}
{'loss': 4.1688, 'grad_norm': 1.8567131757736206, 'learning_rate': 6.349206349206349e-05, 'epoch': 12.86}
{'loss': 4.177, 'grad_norm': 2.4771900177001953, 'learning_rate': 6.347521315674182e-05, 'epoch': 12.86}
{'loss': 4.1701, 'grad_norm': 2.3313162326812744, 'learning_rate': 6.345836282142015e-05, 'epoch': 12.87}
{'loss': 4.1369, 'grad_norm': 3.4242537021636963, 'learning_rate': 6.344151248609847e-05, 'epoch': 12.87}
{'loss': 4.1761, 'grad_norm': 3.024843454360962, 'learning_rate': 6.34246621507768e-05, 'epoch': 12.88}
{'loss': 4.1975, 'grad_norm': 2.222412347793579, 'learning_rate': 6.340781181545514e-05, 'epoch': 12.88}
{'loss': 4.1603, 'grad_norm': 1.796768069267273, 'learning_rate': 6.339096148013345e-05, 'epoch': 12.88}
{'loss': 4.1581, 'grad_norm': 1.80986487865448, 'learning_rate': 6.337411114481179e-05, 'epoch': 12.89}
{'loss': 4.1597, 'grad_norm': 3.365950345993042, 'learning_rate': 6.335726080949012e-05, 'epoch': 12.89}
{'loss': 4.1628, 'grad_norm': 2.3160154819488525, 'learning_rate': 6.334041047416845e-05, 'epoch': 12.9}
{'loss': 4.1965, 'grad_norm': 1.8083171844482422, 'learning_rate': 6.332356013884677e-05, 'epoch': 12.9}
{'loss': 4.1787, 'grad_norm': 2.442486524581909, 'learning_rate': 6.330670980352509e-05, 'epoch': 12.91}
{'loss': 4.1773, 'grad_norm': 3.014728546142578, 'learning_rate': 6.328985946820342e-05, 'epoch': 12.91}
{'loss': 4.1674, 'grad_norm': 1.7693997621536255, 'learning_rate': 6.327300913288175e-05, 'epoch': 12.92}
{'loss': 4.1604, 'grad_norm': 1.6960617303848267, 'learning_rate': 6.325615879756007e-05, 'epoch': 12.92}
{'loss': 4.2009, 'grad_norm': 1.6205527782440186, 'learning_rate': 6.32393084622384e-05, 'epoch': 12.93}
{'loss': 4.1579, 'grad_norm': 1.4995225667953491, 'learning_rate': 6.322245812691673e-05, 'epoch': 12.93}
{'loss': 4.1735, 'grad_norm': 1.5836366415023804, 'learning_rate': 6.320560779159505e-05, 'epoch': 12.93}
{'loss': 4.1716, 'grad_norm': 2.1232454776763916, 'learning_rate': 6.318875745627338e-05, 'epoch': 12.94}
{'loss': 4.1672, 'grad_norm': 1.987350344657898, 'learning_rate': 6.317190712095171e-05, 'epoch': 12.94}
{'loss': 4.1853, 'grad_norm': 1.7502588033676147, 'learning_rate': 6.315505678563005e-05, 'epoch': 12.95}
{'loss': 4.1688, 'grad_norm': 1.934081792831421, 'learning_rate': 6.313820645030836e-05, 'epoch': 12.95}
{'loss': 4.1893, 'grad_norm': 1.5238689184188843, 'learning_rate': 6.31213561149867e-05, 'epoch': 12.96}
{'loss': 4.1801, 'grad_norm': 1.6275897026062012, 'learning_rate': 6.310450577966501e-05, 'epoch': 12.96}
{'loss': 4.1728, 'grad_norm': 1.8004831075668335, 'learning_rate': 6.308765544434335e-05, 'epoch': 12.97}
{'loss': 4.1733, 'grad_norm': 2.058460235595703, 'learning_rate': 6.307080510902166e-05, 'epoch': 12.97}
{'loss': 4.1747, 'grad_norm': 2.1481640338897705, 'learning_rate': 6.30539547737e-05, 'epoch': 12.98}
{'loss': 4.1732, 'grad_norm': 1.4959088563919067, 'learning_rate': 6.303710443837833e-05, 'epoch': 12.98}
{'loss': 4.1996, 'grad_norm': 2.2338812351226807, 'learning_rate': 6.302025410305665e-05, 'epoch': 12.98}
{'loss': 4.1488, 'grad_norm': 1.7057479619979858, 'learning_rate': 6.300340376773498e-05, 'epoch': 12.99}
{'loss': 4.1773, 'grad_norm': 1.663674235343933, 'learning_rate': 6.298655343241331e-05, 'epoch': 12.99}
{'loss': 4.1681, 'grad_norm': 2.293713092803955, 'learning_rate': 6.296970309709164e-05, 'epoch': 13.0}
{'loss': 4.0789, 'grad_norm': 2.3264567852020264, 'learning_rate': 6.295285276176996e-05, 'epoch': 13.0}
{'loss': 4.0271, 'grad_norm': 1.5846257209777832, 'learning_rate': 6.293600242644829e-05, 'epoch': 13.01}
{'loss': 4.0178, 'grad_norm': 2.9463183879852295, 'learning_rate': 6.291915209112662e-05, 'epoch': 13.01}
{'loss': 4.0226, 'grad_norm': 3.0276336669921875, 'learning_rate': 6.290230175580494e-05, 'epoch': 13.02}
{'loss': 4.0417, 'grad_norm': 1.7044771909713745, 'learning_rate': 6.288545142048326e-05, 'epoch': 13.02}
{'loss': 4.0312, 'grad_norm': 1.9134944677352905, 'learning_rate': 6.286860108516159e-05, 'epoch': 13.03}
{'loss': 4.0219, 'grad_norm': 1.6613291501998901, 'learning_rate': 6.285175074983992e-05, 'epoch': 13.03}
{'loss': 4.0337, 'grad_norm': 1.8594388961791992, 'learning_rate': 6.283490041451824e-05, 'epoch': 13.03}
{'loss': 4.0376, 'grad_norm': 1.8986303806304932, 'learning_rate': 6.281805007919658e-05, 'epoch': 13.04}
{'loss': 4.0247, 'grad_norm': 2.120788335800171, 'learning_rate': 6.280119974387491e-05, 'epoch': 13.04}
{'loss': 4.0475, 'grad_norm': 2.3025636672973633, 'learning_rate': 6.278434940855324e-05, 'epoch': 13.05}
{'loss': 4.0355, 'grad_norm': 1.6793628931045532, 'learning_rate': 6.276749907323156e-05, 'epoch': 13.05}
{'loss': 4.0346, 'grad_norm': 1.5710242986679077, 'learning_rate': 6.275064873790989e-05, 'epoch': 13.06}
{'loss': 4.0482, 'grad_norm': 1.8247424364089966, 'learning_rate': 6.273379840258822e-05, 'epoch': 13.06}
{'loss': 4.035, 'grad_norm': 1.673750877380371, 'learning_rate': 6.271694806726654e-05, 'epoch': 13.07}
{'loss': 4.0223, 'grad_norm': 1.7525166273117065, 'learning_rate': 6.270009773194487e-05, 'epoch': 13.07}
{'loss': 4.0347, 'grad_norm': 2.2455224990844727, 'learning_rate': 6.268324739662319e-05, 'epoch': 13.08}
{'loss': 4.0384, 'grad_norm': 2.0161008834838867, 'learning_rate': 6.266639706130152e-05, 'epoch': 13.08}
{'loss': 4.0449, 'grad_norm': 1.6045386791229248, 'learning_rate': 6.264954672597984e-05, 'epoch': 13.08}
{'loss': 4.0386, 'grad_norm': 2.9270553588867188, 'learning_rate': 6.263269639065817e-05, 'epoch': 13.09}
{'loss': 4.0557, 'grad_norm': 2.98254656791687, 'learning_rate': 6.26158460553365e-05, 'epoch': 13.09}
{'loss': 4.0294, 'grad_norm': 4.118011474609375, 'learning_rate': 6.259899572001484e-05, 'epoch': 13.1}
{'loss': 4.0346, 'grad_norm': 3.8117825984954834, 'learning_rate': 6.258214538469315e-05, 'epoch': 13.1}
{'loss': 4.0321, 'grad_norm': 1.817996621131897, 'learning_rate': 6.256529504937149e-05, 'epoch': 13.11}
{'loss': 4.0221, 'grad_norm': 2.660083770751953, 'learning_rate': 6.254844471404982e-05, 'epoch': 13.11}
{'loss': 4.0389, 'grad_norm': 1.5655643939971924, 'learning_rate': 6.253159437872814e-05, 'epoch': 13.12}
{'loss': 4.054, 'grad_norm': 1.8534141778945923, 'learning_rate': 6.251474404340647e-05, 'epoch': 13.12}
{'loss': 4.0386, 'grad_norm': 2.196176528930664, 'learning_rate': 6.24978937080848e-05, 'epoch': 13.13}
{'loss': 4.0427, 'grad_norm': 1.8974586725234985, 'learning_rate': 6.248104337276313e-05, 'epoch': 13.13}
{'loss': 4.0341, 'grad_norm': 1.6018245220184326, 'learning_rate': 6.246419303744145e-05, 'epoch': 13.13}
{'loss': 4.0362, 'grad_norm': 2.153655529022217, 'learning_rate': 6.244734270211977e-05, 'epoch': 13.14}
{'loss': 4.0476, 'grad_norm': 2.5851056575775146, 'learning_rate': 6.24304923667981e-05, 'epoch': 13.14}
{'loss': 4.0435, 'grad_norm': 1.684733510017395, 'learning_rate': 6.241364203147643e-05, 'epoch': 13.15}
{'loss': 4.0597, 'grad_norm': 1.7786290645599365, 'learning_rate': 6.239679169615475e-05, 'epoch': 13.15}
{'loss': 4.0398, 'grad_norm': 2.3349711894989014, 'learning_rate': 6.237994136083308e-05, 'epoch': 13.16}
{'loss': 4.0397, 'grad_norm': 1.6128342151641846, 'learning_rate': 6.236309102551141e-05, 'epoch': 13.16}
{'loss': 4.0467, 'grad_norm': 1.892508864402771, 'learning_rate': 6.234624069018973e-05, 'epoch': 13.17}
{'loss': 4.0491, 'grad_norm': 2.712261438369751, 'learning_rate': 6.232939035486806e-05, 'epoch': 13.17}
{'loss': 4.0483, 'grad_norm': 2.05682110786438, 'learning_rate': 6.23125400195464e-05, 'epoch': 13.18}
{'loss': 4.0398, 'grad_norm': 2.470740795135498, 'learning_rate': 6.229568968422473e-05, 'epoch': 13.18}
{'loss': 4.0451, 'grad_norm': 2.5559957027435303, 'learning_rate': 6.227883934890305e-05, 'epoch': 13.18}
{'loss': 4.0422, 'grad_norm': 2.061699867248535, 'learning_rate': 6.226198901358136e-05, 'epoch': 13.19}
{'loss': 4.0432, 'grad_norm': 1.8222228288650513, 'learning_rate': 6.22451386782597e-05, 'epoch': 13.19}
{'loss': 4.0451, 'grad_norm': 1.9935909509658813, 'learning_rate': 6.222828834293803e-05, 'epoch': 13.2}
{'loss': 4.0668, 'grad_norm': 2.4067840576171875, 'learning_rate': 6.221143800761635e-05, 'epoch': 13.2}
{'loss': 4.0724, 'grad_norm': 1.7573076486587524, 'learning_rate': 6.219458767229468e-05, 'epoch': 13.21}
{'loss': 4.0702, 'grad_norm': 2.2984793186187744, 'learning_rate': 6.217773733697301e-05, 'epoch': 13.21}
{'loss': 4.0476, 'grad_norm': 2.135627269744873, 'learning_rate': 6.216088700165133e-05, 'epoch': 13.22}
{'loss': 4.0632, 'grad_norm': 1.554316520690918, 'learning_rate': 6.214403666632966e-05, 'epoch': 13.22}
{'loss': 4.0614, 'grad_norm': 2.250016689300537, 'learning_rate': 6.212718633100799e-05, 'epoch': 13.23}
{'loss': 4.0753, 'grad_norm': 1.983280062675476, 'learning_rate': 6.211033599568632e-05, 'epoch': 13.23}
{'loss': 4.0574, 'grad_norm': 1.6412147283554077, 'learning_rate': 6.209348566036464e-05, 'epoch': 13.23}
{'loss': 4.0415, 'grad_norm': 1.8169150352478027, 'learning_rate': 6.207663532504297e-05, 'epoch': 13.24}
{'loss': 4.0817, 'grad_norm': 1.6179736852645874, 'learning_rate': 6.20597849897213e-05, 'epoch': 13.24}
{'loss': 4.0398, 'grad_norm': 2.4542102813720703, 'learning_rate': 6.204293465439962e-05, 'epoch': 13.25}
{'loss': 4.0445, 'grad_norm': 2.847637891769409, 'learning_rate': 6.202608431907794e-05, 'epoch': 13.25}
{'loss': 4.0438, 'grad_norm': 2.485018014907837, 'learning_rate': 6.200923398375628e-05, 'epoch': 13.26}
{'loss': 4.0368, 'grad_norm': 2.3242950439453125, 'learning_rate': 6.199238364843461e-05, 'epoch': 13.26}
{'loss': 4.0424, 'grad_norm': 1.9974570274353027, 'learning_rate': 6.197553331311294e-05, 'epoch': 13.27}
{'loss': 4.0666, 'grad_norm': 2.134403944015503, 'learning_rate': 6.195868297779126e-05, 'epoch': 13.27}
{'loss': 4.0467, 'grad_norm': 2.28901743888855, 'learning_rate': 6.194183264246959e-05, 'epoch': 13.28}
{'loss': 4.0805, 'grad_norm': 2.4763166904449463, 'learning_rate': 6.192498230714792e-05, 'epoch': 13.28}
{'loss': 4.0487, 'grad_norm': 1.807539463043213, 'learning_rate': 6.190813197182624e-05, 'epoch': 13.28}
{'loss': 4.0587, 'grad_norm': 2.3521718978881836, 'learning_rate': 6.189128163650457e-05, 'epoch': 13.29}
{'loss': 4.0449, 'grad_norm': 2.912611961364746, 'learning_rate': 6.18744313011829e-05, 'epoch': 13.29}
{'loss': 4.0697, 'grad_norm': 1.7131538391113281, 'learning_rate': 6.185758096586122e-05, 'epoch': 13.3}
{'loss': 4.0581, 'grad_norm': 1.7100335359573364, 'learning_rate': 6.184073063053955e-05, 'epoch': 13.3}
{'loss': 4.0759, 'grad_norm': 1.4894185066223145, 'learning_rate': 6.182388029521787e-05, 'epoch': 13.31}
{'loss': 4.0746, 'grad_norm': 2.2228097915649414, 'learning_rate': 6.18070299598962e-05, 'epoch': 13.31}
{'loss': 4.0696, 'grad_norm': 2.276226043701172, 'learning_rate': 6.179017962457454e-05, 'epoch': 13.32}
{'loss': 4.0782, 'grad_norm': 1.6011193990707397, 'learning_rate': 6.177332928925285e-05, 'epoch': 13.32}
{'loss': 4.0574, 'grad_norm': 2.7023091316223145, 'learning_rate': 6.175647895393119e-05, 'epoch': 13.33}
{'loss': 4.0598, 'grad_norm': 1.7051770687103271, 'learning_rate': 6.173962861860952e-05, 'epoch': 13.33}
{'loss': 4.0816, 'grad_norm': 2.877119779586792, 'learning_rate': 6.172277828328784e-05, 'epoch': 13.33}
{'loss': 4.0613, 'grad_norm': 2.5996458530426025, 'learning_rate': 6.170592794796617e-05, 'epoch': 13.34}
{'loss': 4.0582, 'grad_norm': 1.5789709091186523, 'learning_rate': 6.16890776126445e-05, 'epoch': 13.34}
{'loss': 4.0718, 'grad_norm': 1.6462671756744385, 'learning_rate': 6.167222727732283e-05, 'epoch': 13.35}
{'loss': 4.0657, 'grad_norm': 1.8627160787582397, 'learning_rate': 6.165537694200115e-05, 'epoch': 13.35}
{'loss': 4.0576, 'grad_norm': 2.4899070262908936, 'learning_rate': 6.163852660667948e-05, 'epoch': 13.36}
{'loss': 4.08, 'grad_norm': 1.7417676448822021, 'learning_rate': 6.16216762713578e-05, 'epoch': 13.36}
{'loss': 4.0919, 'grad_norm': 1.896439790725708, 'learning_rate': 6.160482593603613e-05, 'epoch': 13.37}
{'loss': 4.0684, 'grad_norm': 2.9203310012817383, 'learning_rate': 6.158797560071445e-05, 'epoch': 13.37}
{'loss': 4.0777, 'grad_norm': 1.6611456871032715, 'learning_rate': 6.157112526539278e-05, 'epoch': 13.38}
{'loss': 4.0793, 'grad_norm': 2.307274580001831, 'learning_rate': 6.155427493007111e-05, 'epoch': 13.38}
{'loss': 4.0638, 'grad_norm': 1.566772222518921, 'learning_rate': 6.153742459474943e-05, 'epoch': 13.38}
{'loss': 4.0654, 'grad_norm': 2.252809762954712, 'learning_rate': 6.152057425942776e-05, 'epoch': 13.39}
{'loss': 4.067, 'grad_norm': 3.9297263622283936, 'learning_rate': 6.15037239241061e-05, 'epoch': 13.39}
{'loss': 4.0539, 'grad_norm': 2.761000871658325, 'learning_rate': 6.148687358878443e-05, 'epoch': 13.4}
{'loss': 4.0731, 'grad_norm': 2.1445343494415283, 'learning_rate': 6.147002325346275e-05, 'epoch': 13.4}
{'loss': 4.0642, 'grad_norm': 2.4452197551727295, 'learning_rate': 6.145317291814108e-05, 'epoch': 13.41}
{'loss': 4.0637, 'grad_norm': 1.8350610733032227, 'learning_rate': 6.143632258281941e-05, 'epoch': 13.41}
{'loss': 4.0629, 'grad_norm': 2.494654655456543, 'learning_rate': 6.141947224749773e-05, 'epoch': 13.42}
{'loss': 4.0756, 'grad_norm': 2.1707496643066406, 'learning_rate': 6.140262191217605e-05, 'epoch': 13.42}
{'loss': 4.063, 'grad_norm': 2.2615575790405273, 'learning_rate': 6.138577157685438e-05, 'epoch': 13.43}
{'loss': 4.089, 'grad_norm': 1.5304816961288452, 'learning_rate': 6.136892124153271e-05, 'epoch': 13.43}
{'loss': 4.0834, 'grad_norm': 1.650072455406189, 'learning_rate': 6.135207090621103e-05, 'epoch': 13.43}
{'loss': 4.0849, 'grad_norm': 2.425135850906372, 'learning_rate': 6.133522057088936e-05, 'epoch': 13.44}
{'loss': 4.0891, 'grad_norm': 2.9816970825195312, 'learning_rate': 6.131837023556769e-05, 'epoch': 13.44}
{'loss': 4.0927, 'grad_norm': 2.5804781913757324, 'learning_rate': 6.130151990024602e-05, 'epoch': 13.45}
{'loss': 4.057, 'grad_norm': 2.905467987060547, 'learning_rate': 6.128466956492434e-05, 'epoch': 13.45}
{'loss': 4.0648, 'grad_norm': 1.9739021062850952, 'learning_rate': 6.126781922960267e-05, 'epoch': 13.46}
{'loss': 4.0751, 'grad_norm': 1.626179575920105, 'learning_rate': 6.125096889428101e-05, 'epoch': 13.46}
{'loss': 4.0845, 'grad_norm': 2.971257209777832, 'learning_rate': 6.123411855895933e-05, 'epoch': 13.47}
{'loss': 4.0908, 'grad_norm': 1.8168374300003052, 'learning_rate': 6.121726822363766e-05, 'epoch': 13.47}
{'loss': 4.0917, 'grad_norm': 1.5892647504806519, 'learning_rate': 6.120041788831598e-05, 'epoch': 13.48}
{'loss': 4.0916, 'grad_norm': 2.7560603618621826, 'learning_rate': 6.118356755299431e-05, 'epoch': 13.48}
{'loss': 4.069, 'grad_norm': 2.6229629516601562, 'learning_rate': 6.116671721767263e-05, 'epoch': 13.48}
{'loss': 4.0804, 'grad_norm': 2.508167266845703, 'learning_rate': 6.114986688235096e-05, 'epoch': 13.49}
{'loss': 4.0963, 'grad_norm': 1.535627007484436, 'learning_rate': 6.113301654702929e-05, 'epoch': 13.49}
{'loss': 4.0658, 'grad_norm': 1.7098133563995361, 'learning_rate': 6.111616621170762e-05, 'epoch': 13.5}
{'loss': 4.0962, 'grad_norm': 1.6666234731674194, 'learning_rate': 6.109931587638594e-05, 'epoch': 13.5}
{'loss': 4.0683, 'grad_norm': 2.2072367668151855, 'learning_rate': 6.108246554106427e-05, 'epoch': 13.51}
{'loss': 4.0783, 'grad_norm': 2.6167545318603516, 'learning_rate': 6.10656152057426e-05, 'epoch': 13.51}
{'loss': 4.0767, 'grad_norm': 2.0652008056640625, 'learning_rate': 6.104876487042092e-05, 'epoch': 13.52}
{'loss': 4.0748, 'grad_norm': 2.509263038635254, 'learning_rate': 6.1031914535099254e-05, 'epoch': 13.52}
{'loss': 4.0759, 'grad_norm': 1.7140135765075684, 'learning_rate': 6.1015064199777585e-05, 'epoch': 13.53}
{'loss': 4.0905, 'grad_norm': 1.6574801206588745, 'learning_rate': 6.099821386445591e-05, 'epoch': 13.53}
{'loss': 4.1094, 'grad_norm': 1.5499051809310913, 'learning_rate': 6.098136352913423e-05, 'epoch': 13.54}
{'loss': 4.0946, 'grad_norm': 1.6477667093276978, 'learning_rate': 6.0964513193812554e-05, 'epoch': 13.54}
{'loss': 4.082, 'grad_norm': 1.7640938758850098, 'learning_rate': 6.0947662858490886e-05, 'epoch': 13.54}
{'loss': 4.083, 'grad_norm': 2.920032024383545, 'learning_rate': 6.093081252316921e-05, 'epoch': 13.55}
{'loss': 4.0751, 'grad_norm': 1.5696156024932861, 'learning_rate': 6.091396218784754e-05, 'epoch': 13.55}
{'loss': 4.0851, 'grad_norm': 1.9279638528823853, 'learning_rate': 6.089711185252587e-05, 'epoch': 13.56}
{'loss': 4.1077, 'grad_norm': 1.987463355064392, 'learning_rate': 6.088026151720419e-05, 'epoch': 13.56}
{'loss': 4.0923, 'grad_norm': 1.7250078916549683, 'learning_rate': 6.0863411181882525e-05, 'epoch': 13.57}
{'loss': 4.0717, 'grad_norm': 1.7869513034820557, 'learning_rate': 6.084656084656085e-05, 'epoch': 13.57}
{'loss': 4.0929, 'grad_norm': 2.1917920112609863, 'learning_rate': 6.082971051123918e-05, 'epoch': 13.58}
{'loss': 4.0846, 'grad_norm': 2.496323347091675, 'learning_rate': 6.081286017591751e-05, 'epoch': 13.58}
{'loss': 4.0838, 'grad_norm': 1.693934679031372, 'learning_rate': 6.079600984059583e-05, 'epoch': 13.59}
{'loss': 4.061, 'grad_norm': 1.6255801916122437, 'learning_rate': 6.077915950527415e-05, 'epoch': 13.59}
{'loss': 4.1028, 'grad_norm': 2.460301637649536, 'learning_rate': 6.076230916995248e-05, 'epoch': 13.59}
{'loss': 4.1022, 'grad_norm': 2.5335803031921387, 'learning_rate': 6.074545883463081e-05, 'epoch': 13.6}
{'loss': 4.0836, 'grad_norm': 1.6018450260162354, 'learning_rate': 6.072860849930914e-05, 'epoch': 13.6}
{'loss': 4.0778, 'grad_norm': 1.8417608737945557, 'learning_rate': 6.0711758163987465e-05, 'epoch': 13.61}
{'loss': 4.0848, 'grad_norm': 1.6663142442703247, 'learning_rate': 6.069490782866579e-05, 'epoch': 13.61}
{'loss': 4.0832, 'grad_norm': 1.996537208557129, 'learning_rate': 6.067805749334412e-05, 'epoch': 13.62}
{'loss': 4.0883, 'grad_norm': 1.536532998085022, 'learning_rate': 6.066120715802245e-05, 'epoch': 13.62}
{'loss': 4.1118, 'grad_norm': 1.6329058408737183, 'learning_rate': 6.064435682270078e-05, 'epoch': 13.63}
{'loss': 4.0759, 'grad_norm': 1.9590994119644165, 'learning_rate': 6.0627506487379104e-05, 'epoch': 13.63}
{'loss': 4.1038, 'grad_norm': 2.0332486629486084, 'learning_rate': 6.0610656152057436e-05, 'epoch': 13.64}
{'loss': 4.091, 'grad_norm': 2.1013224124908447, 'learning_rate': 6.059380581673576e-05, 'epoch': 13.64}
{'loss': 4.0981, 'grad_norm': 1.8283966779708862, 'learning_rate': 6.0576955481414086e-05, 'epoch': 13.64}
{'loss': 4.0849, 'grad_norm': 2.3104710578918457, 'learning_rate': 6.0560105146092404e-05, 'epoch': 13.65}
pred : and
label: ardent in the prosecution of heresy cyril auspiciously opened his reign by oppressing the novatians the most innocent and harmless of the sectaries
pred : i
label: without any legal sentence without any royal mandate the patriarch at the dawn of day led a seditious multitude to the attack of the synagogues
pred : and
label: such crimes would have deserved the animadversion of the magistrate but in this promiscuous outrage the innocent were confounded with the guilty and alexandria was impoverished by the loss of a wealthy and industrious colony
pred : and
label: ardent in the prosecution of heresy cyril auspiciously opened his reign by oppressing the novatians the most innocent and harmless of the sectaries
pred : i
label: without any legal sentence without any royal mandate the patriarch at the dawn of day led a seditious multitude to the attack of the synagogues
pred : and
label: such crimes would have deserved the animadversion of the magistrate but in this promiscuous outrage the innocent were confounded with the guilty and alexandria was impoverished by the loss of a wealthy and industrious colony
pred : and
label: ardent in the prosecution of heresy cyril auspiciously opened his reign by oppressing the novatians the most innocent and harmless of the sectaries
pred : i
label: without any legal sentence without any royal mandate the patriarch at the dawn of day led a seditious multitude to the attack of the synagogues
pred : and
label: such crimes would have deserved the animadversion of the magistrate but in this promiscuous outrage the innocent were confounded with the guilty and alexandria was impoverished by the loss of a wealthy and industrious colony
pred : and
label: ardent in the prosecution of heresy cyril auspiciously opened his reign by oppressing the novatians the most innocent and harmless of the sectaries
pred : i
label: without any legal sentence without any royal mandate the patriarch at the dawn of day led a seditious multitude to the attack of the synagogues
pred : and
label: such crimes would have deserved the animadversion of the magistrate but in this promiscuous outrage the innocent were confounded with the guilty and alexandria was impoverished by the loss of a wealthy and industrious colony
{'eval_loss': 6.487644195556641, 'eval_bleu': 0.0, 'eval_wer': 0.990936957285073, 'eval_cer': 0.9871987218557615, 'eval_rouge1': 0.02215188501809815, 'eval_rouge2': 0.0, 'eval_rougeL': 0.02212612550058867, 'eval_runtime': 18.0925, 'eval_samples_per_second': 307.696, 'eval_steps_per_second': 1.603, 'epoch': 13.65}
{'loss': 4.0881, 'grad_norm': 2.351139783859253, 'learning_rate': 6.0543254810770736e-05, 'epoch': 13.65}
{'loss': 4.1045, 'grad_norm': 2.3593645095825195, 'learning_rate': 6.052640447544906e-05, 'epoch': 13.66}
{'loss': 4.0988, 'grad_norm': 1.502002477645874, 'learning_rate': 6.0509554140127386e-05, 'epoch': 13.66}
{'loss': 4.0858, 'grad_norm': 1.951511263847351, 'learning_rate': 6.049270380480572e-05, 'epoch': 13.67}
{'loss': 4.1081, 'grad_norm': 1.658364176750183, 'learning_rate': 6.047585346948404e-05, 'epoch': 13.67}
{'loss': 4.1025, 'grad_norm': 1.582003116607666, 'learning_rate': 6.0459003134162375e-05, 'epoch': 13.68}
{'loss': 4.0921, 'grad_norm': 1.5993080139160156, 'learning_rate': 6.04421527988407e-05, 'epoch': 13.68}
{'loss': 4.096, 'grad_norm': 2.0020878314971924, 'learning_rate': 6.042530246351903e-05, 'epoch': 13.69}
{'loss': 4.0962, 'grad_norm': 1.6648939847946167, 'learning_rate': 6.040845212819736e-05, 'epoch': 13.69}
{'loss': 4.0951, 'grad_norm': 1.5044361352920532, 'learning_rate': 6.039160179287568e-05, 'epoch': 13.69}
{'loss': 4.0659, 'grad_norm': 2.851112127304077, 'learning_rate': 6.0374751457554014e-05, 'epoch': 13.7}
{'loss': 4.0936, 'grad_norm': 1.9167697429656982, 'learning_rate': 6.035790112223233e-05, 'epoch': 13.7}
{'loss': 4.0927, 'grad_norm': 2.8230533599853516, 'learning_rate': 6.034105078691066e-05, 'epoch': 13.71}
{'loss': 4.0997, 'grad_norm': 2.1063010692596436, 'learning_rate': 6.032420045158898e-05, 'epoch': 13.71}
{'loss': 4.1042, 'grad_norm': 1.7258480787277222, 'learning_rate': 6.0307350116267315e-05, 'epoch': 13.72}
{'loss': 4.1007, 'grad_norm': 2.0264575481414795, 'learning_rate': 6.029049978094564e-05, 'epoch': 13.72}
{'loss': 4.0892, 'grad_norm': 1.6850146055221558, 'learning_rate': 6.027364944562397e-05, 'epoch': 13.73}
{'loss': 4.0998, 'grad_norm': 1.6387286186218262, 'learning_rate': 6.02567991103023e-05, 'epoch': 13.73}
{'loss': 4.0944, 'grad_norm': 1.5695908069610596, 'learning_rate': 6.023994877498063e-05, 'epoch': 13.74}
{'loss': 4.0964, 'grad_norm': 1.8477199077606201, 'learning_rate': 6.0223098439658954e-05, 'epoch': 13.74}
{'loss': 4.0935, 'grad_norm': 1.912717580795288, 'learning_rate': 6.020624810433728e-05, 'epoch': 13.74}
{'loss': 4.0897, 'grad_norm': 2.1914994716644287, 'learning_rate': 6.018939776901561e-05, 'epoch': 13.75}
{'loss': 4.1022, 'grad_norm': 2.4332823753356934, 'learning_rate': 6.0172547433693936e-05, 'epoch': 13.75}
{'loss': 4.0898, 'grad_norm': 1.6317079067230225, 'learning_rate': 6.015569709837227e-05, 'epoch': 13.76}
{'loss': 4.0927, 'grad_norm': 1.8788137435913086, 'learning_rate': 6.013884676305058e-05, 'epoch': 13.76}
{'loss': 4.0987, 'grad_norm': 1.5678603649139404, 'learning_rate': 6.012199642772891e-05, 'epoch': 13.77}
{'loss': 4.099, 'grad_norm': 1.880276083946228, 'learning_rate': 6.0105146092407236e-05, 'epoch': 13.77}
{'loss': 4.0798, 'grad_norm': 1.8528752326965332, 'learning_rate': 6.008829575708557e-05, 'epoch': 13.78}
{'loss': 4.1164, 'grad_norm': 1.5814940929412842, 'learning_rate': 6.007144542176389e-05, 'epoch': 13.78}
{'loss': 4.088, 'grad_norm': 2.803445816040039, 'learning_rate': 6.0054595086442225e-05, 'epoch': 13.79}
{'loss': 4.1081, 'grad_norm': 1.915523886680603, 'learning_rate': 6.003774475112055e-05, 'epoch': 13.79}
{'loss': 4.0989, 'grad_norm': 1.65177583694458, 'learning_rate': 6.0020894415798875e-05, 'epoch': 13.79}
{'loss': 4.0962, 'grad_norm': 3.0159950256347656, 'learning_rate': 6.000404408047721e-05, 'epoch': 13.8}
{'loss': 4.0855, 'grad_norm': 2.229064464569092, 'learning_rate': 5.998719374515553e-05, 'epoch': 13.8}
{'loss': 4.1093, 'grad_norm': 1.5568493604660034, 'learning_rate': 5.9970343409833864e-05, 'epoch': 13.81}
{'loss': 4.1125, 'grad_norm': 2.9766993522644043, 'learning_rate': 5.995349307451219e-05, 'epoch': 13.81}
{'loss': 4.1109, 'grad_norm': 2.6998684406280518, 'learning_rate': 5.993664273919052e-05, 'epoch': 13.82}
{'loss': 4.1158, 'grad_norm': 1.8802428245544434, 'learning_rate': 5.991979240386883e-05, 'epoch': 13.82}
{'loss': 4.0993, 'grad_norm': 1.6040483713150024, 'learning_rate': 5.9902942068547165e-05, 'epoch': 13.83}
{'loss': 4.1045, 'grad_norm': 1.7832461595535278, 'learning_rate': 5.988609173322549e-05, 'epoch': 13.83}
{'loss': 4.1091, 'grad_norm': 2.3906242847442627, 'learning_rate': 5.986924139790382e-05, 'epoch': 13.84}
{'loss': 4.1006, 'grad_norm': 1.8556902408599854, 'learning_rate': 5.985239106258215e-05, 'epoch': 13.84}
{'loss': 4.0933, 'grad_norm': 2.6998674869537354, 'learning_rate': 5.983554072726047e-05, 'epoch': 13.84}
{'loss': 4.0964, 'grad_norm': 1.6209529638290405, 'learning_rate': 5.9818690391938804e-05, 'epoch': 13.85}
{'loss': 4.099, 'grad_norm': 2.2591562271118164, 'learning_rate': 5.980184005661713e-05, 'epoch': 13.85}
{'loss': 4.1206, 'grad_norm': 2.8763046264648438, 'learning_rate': 5.978498972129546e-05, 'epoch': 13.86}
{'loss': 4.0837, 'grad_norm': 3.410675287246704, 'learning_rate': 5.9768139385973786e-05, 'epoch': 13.86}
{'loss': 4.0924, 'grad_norm': 4.06448221206665, 'learning_rate': 5.975128905065212e-05, 'epoch': 13.87}
{'loss': 4.1055, 'grad_norm': 3.0528981685638428, 'learning_rate': 5.973443871533044e-05, 'epoch': 13.87}
{'loss': 4.0802, 'grad_norm': 2.0908379554748535, 'learning_rate': 5.971758838000876e-05, 'epoch': 13.88}
{'loss': 4.0871, 'grad_norm': 1.6586437225341797, 'learning_rate': 5.9700738044687086e-05, 'epoch': 13.88}
{'loss': 4.0948, 'grad_norm': 2.944512367248535, 'learning_rate': 5.968388770936542e-05, 'epoch': 13.89}
{'loss': 4.1132, 'grad_norm': 1.7727893590927124, 'learning_rate': 5.966703737404374e-05, 'epoch': 13.89}
{'loss': 4.0826, 'grad_norm': 2.1314868927001953, 'learning_rate': 5.965018703872207e-05, 'epoch': 13.89}
{'loss': 4.1012, 'grad_norm': 2.2339279651641846, 'learning_rate': 5.96333367034004e-05, 'epoch': 13.9}
{'loss': 4.0912, 'grad_norm': 1.86501145362854, 'learning_rate': 5.9616486368078725e-05, 'epoch': 13.9}
{'loss': 4.0955, 'grad_norm': 2.60668683052063, 'learning_rate': 5.959963603275706e-05, 'epoch': 13.91}
{'loss': 4.1002, 'grad_norm': 1.8335990905761719, 'learning_rate': 5.958278569743538e-05, 'epoch': 13.91}
{'loss': 4.1141, 'grad_norm': 1.8814332485198975, 'learning_rate': 5.9565935362113714e-05, 'epoch': 13.92}
{'loss': 4.0952, 'grad_norm': 1.6916977167129517, 'learning_rate': 5.954908502679204e-05, 'epoch': 13.92}
{'loss': 4.1005, 'grad_norm': 1.695245623588562, 'learning_rate': 5.9532234691470365e-05, 'epoch': 13.93}
{'loss': 4.0944, 'grad_norm': 1.7368628978729248, 'learning_rate': 5.9515384356148696e-05, 'epoch': 13.93}
{'loss': 4.0957, 'grad_norm': 1.9531999826431274, 'learning_rate': 5.9498534020827015e-05, 'epoch': 13.94}
{'loss': 4.1149, 'grad_norm': 1.9217911958694458, 'learning_rate': 5.948168368550534e-05, 'epoch': 13.94}
{'loss': 4.1141, 'grad_norm': 2.3207852840423584, 'learning_rate': 5.946483335018367e-05, 'epoch': 13.94}
{'loss': 4.0958, 'grad_norm': 3.132378339767456, 'learning_rate': 5.9447983014862e-05, 'epoch': 13.95}
{'loss': 4.1045, 'grad_norm': 1.5299533605575562, 'learning_rate': 5.943113267954032e-05, 'epoch': 13.95}
{'loss': 4.0755, 'grad_norm': 1.6635743379592896, 'learning_rate': 5.9414282344218654e-05, 'epoch': 13.96}
{'loss': 4.1026, 'grad_norm': 1.6033589839935303, 'learning_rate': 5.939743200889698e-05, 'epoch': 13.96}
{'loss': 4.0761, 'grad_norm': 2.352433443069458, 'learning_rate': 5.938058167357531e-05, 'epoch': 13.97}
{'loss': 4.1161, 'grad_norm': 1.6654800176620483, 'learning_rate': 5.9363731338253636e-05, 'epoch': 13.97}
{'loss': 4.1187, 'grad_norm': 2.0219626426696777, 'learning_rate': 5.934688100293196e-05, 'epoch': 13.98}
{'loss': 4.1077, 'grad_norm': 1.8501667976379395, 'learning_rate': 5.933003066761029e-05, 'epoch': 13.98}
{'loss': 4.124, 'grad_norm': 1.6067479848861694, 'learning_rate': 5.931318033228862e-05, 'epoch': 13.99}
{'loss': 4.0937, 'grad_norm': 1.8442374467849731, 'learning_rate': 5.9296329996966936e-05, 'epoch': 13.99}
{'loss': 4.1076, 'grad_norm': 1.6712584495544434, 'learning_rate': 5.927947966164527e-05, 'epoch': 13.99}
{'loss': 4.0845, 'grad_norm': 2.221754789352417, 'learning_rate': 5.9262629326323593e-05, 'epoch': 14.0}
{'loss': 3.994, 'grad_norm': 1.639153003692627, 'learning_rate': 5.924577899100192e-05, 'epoch': 14.0}
{'loss': 3.9748, 'grad_norm': 2.156825065612793, 'learning_rate': 5.922892865568025e-05, 'epoch': 14.01}
{'loss': 3.9587, 'grad_norm': 1.5725072622299194, 'learning_rate': 5.9212078320358576e-05, 'epoch': 14.01}
{'loss': 3.97, 'grad_norm': 2.421684741973877, 'learning_rate': 5.919522798503691e-05, 'epoch': 14.02}
{'loss': 3.9603, 'grad_norm': 2.5824241638183594, 'learning_rate': 5.917837764971523e-05, 'epoch': 14.02}
{'loss': 3.9579, 'grad_norm': 1.781121015548706, 'learning_rate': 5.9161527314393564e-05, 'epoch': 14.03}
{'loss': 3.9642, 'grad_norm': 2.1089274883270264, 'learning_rate': 5.914467697907189e-05, 'epoch': 14.03}
{'loss': 3.9542, 'grad_norm': 2.1898021697998047, 'learning_rate': 5.9127826643750215e-05, 'epoch': 14.04}
{'loss': 3.9658, 'grad_norm': 2.8618249893188477, 'learning_rate': 5.9110976308428547e-05, 'epoch': 14.04}
{'loss': 3.9686, 'grad_norm': 1.8043466806411743, 'learning_rate': 5.909412597310687e-05, 'epoch': 14.04}
{'loss': 3.9824, 'grad_norm': 2.594815731048584, 'learning_rate': 5.907727563778519e-05, 'epoch': 14.05}
{'loss': 4.0132, 'grad_norm': 2.730376958847046, 'learning_rate': 5.9060425302463515e-05, 'epoch': 14.05}
{'loss': 3.9587, 'grad_norm': 2.0850744247436523, 'learning_rate': 5.904357496714185e-05, 'epoch': 14.06}
{'loss': 3.9748, 'grad_norm': 1.7294539213180542, 'learning_rate': 5.902672463182017e-05, 'epoch': 14.06}
{'loss': 3.9772, 'grad_norm': 2.301103115081787, 'learning_rate': 5.9009874296498504e-05, 'epoch': 14.07}
{'loss': 3.9864, 'grad_norm': 2.681612253189087, 'learning_rate': 5.899302396117683e-05, 'epoch': 14.07}
{'loss': 3.9846, 'grad_norm': 2.762073278427124, 'learning_rate': 5.897617362585516e-05, 'epoch': 14.08}
{'loss': 4.0055, 'grad_norm': 1.5616668462753296, 'learning_rate': 5.8959323290533486e-05, 'epoch': 14.08}
{'loss': 3.9839, 'grad_norm': 1.8875490427017212, 'learning_rate': 5.894247295521181e-05, 'epoch': 14.09}
{'loss': 3.982, 'grad_norm': 2.300325632095337, 'learning_rate': 5.892562261989014e-05, 'epoch': 14.09}
{'loss': 3.9916, 'grad_norm': 1.7521394491195679, 'learning_rate': 5.890877228456847e-05, 'epoch': 14.09}
{'loss': 3.9707, 'grad_norm': 2.3888039588928223, 'learning_rate': 5.88919219492468e-05, 'epoch': 14.1}
{'loss': 3.957, 'grad_norm': 1.8115382194519043, 'learning_rate': 5.887507161392511e-05, 'epoch': 14.1}
{'loss': 3.9771, 'grad_norm': 1.6831181049346924, 'learning_rate': 5.8858221278603444e-05, 'epoch': 14.11}
{'loss': 3.9818, 'grad_norm': 2.227144956588745, 'learning_rate': 5.884137094328177e-05, 'epoch': 14.11}
{'loss': 3.973, 'grad_norm': 1.6467838287353516, 'learning_rate': 5.88245206079601e-05, 'epoch': 14.12}
{'loss': 3.9795, 'grad_norm': 1.8016334772109985, 'learning_rate': 5.8807670272638426e-05, 'epoch': 14.12}
{'loss': 3.9622, 'grad_norm': 1.8207781314849854, 'learning_rate': 5.879081993731676e-05, 'epoch': 14.13}
{'loss': 4.0, 'grad_norm': 1.7025469541549683, 'learning_rate': 5.877396960199508e-05, 'epoch': 14.13}
{'loss': 3.9913, 'grad_norm': 2.759237289428711, 'learning_rate': 5.875711926667341e-05, 'epoch': 14.14}
{'loss': 3.9812, 'grad_norm': 1.7504864931106567, 'learning_rate': 5.874026893135174e-05, 'epoch': 14.14}
{'loss': 3.9807, 'grad_norm': 1.6863852739334106, 'learning_rate': 5.8723418596030065e-05, 'epoch': 14.14}
{'loss': 3.9817, 'grad_norm': 1.856735348701477, 'learning_rate': 5.87065682607084e-05, 'epoch': 14.15}
{'loss': 3.9827, 'grad_norm': 2.085602283477783, 'learning_rate': 5.868971792538672e-05, 'epoch': 14.15}
{'loss': 4.0022, 'grad_norm': 1.7425380945205688, 'learning_rate': 5.8672867590065054e-05, 'epoch': 14.16}
{'loss': 3.9949, 'grad_norm': 2.086869955062866, 'learning_rate': 5.8656017254743365e-05, 'epoch': 14.16}
{'loss': 3.9738, 'grad_norm': 1.8275790214538574, 'learning_rate': 5.86391669194217e-05, 'epoch': 14.17}
{'loss': 4.0061, 'grad_norm': 1.8118852376937866, 'learning_rate': 5.862231658410002e-05, 'epoch': 14.17}
{'loss': 3.9754, 'grad_norm': 3.635866641998291, 'learning_rate': 5.8605466248778354e-05, 'epoch': 14.18}
{'loss': 3.9998, 'grad_norm': 1.681371808052063, 'learning_rate': 5.858861591345668e-05, 'epoch': 14.18}
{'loss': 3.985, 'grad_norm': 1.815596580505371, 'learning_rate': 5.8571765578135004e-05, 'epoch': 14.19}
{'loss': 4.0033, 'grad_norm': 2.4952847957611084, 'learning_rate': 5.8554915242813336e-05, 'epoch': 14.19}
{'loss': 3.9964, 'grad_norm': 1.608686089515686, 'learning_rate': 5.853806490749166e-05, 'epoch': 14.19}
{'loss': 3.9822, 'grad_norm': 2.0580623149871826, 'learning_rate': 5.852121457216999e-05, 'epoch': 14.2}
{'loss': 4.0061, 'grad_norm': 1.8560705184936523, 'learning_rate': 5.850436423684832e-05, 'epoch': 14.2}
{'loss': 3.9844, 'grad_norm': 2.1703073978424072, 'learning_rate': 5.848751390152665e-05, 'epoch': 14.21}
{'loss': 4.0062, 'grad_norm': 1.5623834133148193, 'learning_rate': 5.8470663566204975e-05, 'epoch': 14.21}
{'loss': 3.9785, 'grad_norm': 1.7135859727859497, 'learning_rate': 5.8453813230883294e-05, 'epoch': 14.22}
{'loss': 4.0037, 'grad_norm': 2.497750997543335, 'learning_rate': 5.843696289556162e-05, 'epoch': 14.22}
{'loss': 3.9918, 'grad_norm': 2.119769811630249, 'learning_rate': 5.842011256023995e-05, 'epoch': 14.23}
{'loss': 4.0053, 'grad_norm': 2.065617322921753, 'learning_rate': 5.8403262224918276e-05, 'epoch': 14.23}
{'loss': 3.983, 'grad_norm': 2.2773468494415283, 'learning_rate': 5.83864118895966e-05, 'epoch': 14.24}
{'loss': 4.0089, 'grad_norm': 1.879677414894104, 'learning_rate': 5.836956155427493e-05, 'epoch': 14.24}
{'loss': 3.9969, 'grad_norm': 1.8114994764328003, 'learning_rate': 5.835271121895326e-05, 'epoch': 14.24}
{'loss': 3.9947, 'grad_norm': 1.5695918798446655, 'learning_rate': 5.833586088363159e-05, 'epoch': 14.25}
{'loss': 3.9902, 'grad_norm': 1.9869987964630127, 'learning_rate': 5.8319010548309915e-05, 'epoch': 14.25}
{'loss': 4.0048, 'grad_norm': 2.3238327503204346, 'learning_rate': 5.830216021298825e-05, 'epoch': 14.26}
{'loss': 3.9942, 'grad_norm': 1.9174010753631592, 'learning_rate': 5.828530987766657e-05, 'epoch': 14.26}
{'loss': 4.0014, 'grad_norm': 1.9982588291168213, 'learning_rate': 5.82684595423449e-05, 'epoch': 14.27}
{'loss': 4.0065, 'grad_norm': 1.6564785242080688, 'learning_rate': 5.825160920702323e-05, 'epoch': 14.27}
{'loss': 3.979, 'grad_norm': 1.8946619033813477, 'learning_rate': 5.823475887170155e-05, 'epoch': 14.28}
{'loss': 4.0193, 'grad_norm': 2.1053683757781982, 'learning_rate': 5.821790853637987e-05, 'epoch': 14.28}
{'loss': 3.9891, 'grad_norm': 2.6528074741363525, 'learning_rate': 5.82010582010582e-05, 'epoch': 14.29}
{'loss': 4.0095, 'grad_norm': 1.9253994226455688, 'learning_rate': 5.818420786573653e-05, 'epoch': 14.29}
{'loss': 4.0046, 'grad_norm': 1.6882789134979248, 'learning_rate': 5.8167357530414854e-05, 'epoch': 14.29}
{'loss': 3.9973, 'grad_norm': 1.9287031888961792, 'learning_rate': 5.8150507195093186e-05, 'epoch': 14.3}
{'loss': 3.9838, 'grad_norm': 2.122006893157959, 'learning_rate': 5.813365685977151e-05, 'epoch': 14.3}
{'loss': 4.0061, 'grad_norm': 2.059921979904175, 'learning_rate': 5.811680652444984e-05, 'epoch': 14.31}
{'loss': 3.9896, 'grad_norm': 1.6736698150634766, 'learning_rate': 5.809995618912817e-05, 'epoch': 14.31}
{'loss': 3.9943, 'grad_norm': 1.562111735343933, 'learning_rate': 5.8083105853806493e-05, 'epoch': 14.32}
{'loss': 3.9881, 'grad_norm': 1.6137744188308716, 'learning_rate': 5.8066255518484825e-05, 'epoch': 14.32}
{'loss': 3.9911, 'grad_norm': 2.4355831146240234, 'learning_rate': 5.804940518316315e-05, 'epoch': 14.33}
{'loss': 4.0139, 'grad_norm': 3.7347424030303955, 'learning_rate': 5.803255484784147e-05, 'epoch': 14.33}
{'loss': 4.0139, 'grad_norm': 2.2087061405181885, 'learning_rate': 5.8015704512519794e-05, 'epoch': 14.34}
{'loss': 3.996, 'grad_norm': 1.8638381958007812, 'learning_rate': 5.7998854177198126e-05, 'epoch': 14.34}
{'loss': 4.0099, 'grad_norm': 1.6653169393539429, 'learning_rate': 5.798200384187645e-05, 'epoch': 14.34}
{'loss': 3.999, 'grad_norm': 1.8682252168655396, 'learning_rate': 5.796515350655478e-05, 'epoch': 14.35}
{'loss': 3.9929, 'grad_norm': 1.8451844453811646, 'learning_rate': 5.794830317123311e-05, 'epoch': 14.35}
{'loss': 4.0024, 'grad_norm': 1.8969632387161255, 'learning_rate': 5.793145283591144e-05, 'epoch': 14.36}
{'loss': 4.0055, 'grad_norm': 1.5532488822937012, 'learning_rate': 5.7914602500589765e-05, 'epoch': 14.36}
{'loss': 3.996, 'grad_norm': 2.980147123336792, 'learning_rate': 5.789775216526809e-05, 'epoch': 14.37}
{'loss': 3.9964, 'grad_norm': 2.058727264404297, 'learning_rate': 5.788090182994642e-05, 'epoch': 14.37}
{'loss': 4.0166, 'grad_norm': 1.9610084295272827, 'learning_rate': 5.786405149462475e-05, 'epoch': 14.38}
{'loss': 4.0102, 'grad_norm': 1.7058086395263672, 'learning_rate': 5.784720115930308e-05, 'epoch': 14.38}
{'loss': 4.0162, 'grad_norm': 1.8925273418426514, 'learning_rate': 5.7830350823981404e-05, 'epoch': 14.39}
{'loss': 4.0188, 'grad_norm': 1.986369013786316, 'learning_rate': 5.781350048865972e-05, 'epoch': 14.39}
{'loss': 4.0071, 'grad_norm': 1.6646443605422974, 'learning_rate': 5.779665015333805e-05, 'epoch': 14.39}
{'loss': 4.0003, 'grad_norm': 1.7221689224243164, 'learning_rate': 5.777979981801638e-05, 'epoch': 14.4}
{'loss': 4.0174, 'grad_norm': 1.6722617149353027, 'learning_rate': 5.7762949482694704e-05, 'epoch': 14.4}
{'loss': 4.0134, 'grad_norm': 2.2824652194976807, 'learning_rate': 5.7746099147373036e-05, 'epoch': 14.41}
{'loss': 4.0415, 'grad_norm': 2.3645973205566406, 'learning_rate': 5.772924881205136e-05, 'epoch': 14.41}
{'loss': 4.0028, 'grad_norm': 1.6730395555496216, 'learning_rate': 5.7712398476729687e-05, 'epoch': 14.42}
{'loss': 4.0217, 'grad_norm': 2.0074450969696045, 'learning_rate': 5.769554814140802e-05, 'epoch': 14.42}
{'loss': 4.0057, 'grad_norm': 2.126732110977173, 'learning_rate': 5.7678697806086344e-05, 'epoch': 14.43}
{'loss': 3.9914, 'grad_norm': 3.2018613815307617, 'learning_rate': 5.7661847470764675e-05, 'epoch': 14.43}
{'loss': 4.012, 'grad_norm': 1.7672278881072998, 'learning_rate': 5.7644997135443e-05, 'epoch': 14.44}
{'loss': 4.0208, 'grad_norm': 1.946149230003357, 'learning_rate': 5.762814680012133e-05, 'epoch': 14.44}
{'loss': 4.0032, 'grad_norm': 2.2920827865600586, 'learning_rate': 5.761129646479966e-05, 'epoch': 14.44}
{'loss': 4.0145, 'grad_norm': 1.570042610168457, 'learning_rate': 5.7594446129477976e-05, 'epoch': 14.45}
{'loss': 4.0161, 'grad_norm': 2.2047035694122314, 'learning_rate': 5.75775957941563e-05, 'epoch': 14.45}
{'loss': 4.0192, 'grad_norm': 1.8166464567184448, 'learning_rate': 5.756074545883463e-05, 'epoch': 14.46}
{'loss': 4.0254, 'grad_norm': 2.2516586780548096, 'learning_rate': 5.754389512351296e-05, 'epoch': 14.46}
{'loss': 4.0078, 'grad_norm': 1.8053301572799683, 'learning_rate': 5.752704478819129e-05, 'epoch': 14.47}
{'loss': 4.0189, 'grad_norm': 2.171257257461548, 'learning_rate': 5.7510194452869615e-05, 'epoch': 14.47}
{'loss': 4.0208, 'grad_norm': 1.6689037084579468, 'learning_rate': 5.749334411754794e-05, 'epoch': 14.48}
{'loss': 4.0287, 'grad_norm': 1.8053297996520996, 'learning_rate': 5.747649378222627e-05, 'epoch': 14.48}
{'loss': 4.0396, 'grad_norm': 1.8744885921478271, 'learning_rate': 5.74596434469046e-05, 'epoch': 14.49}
{'loss': 4.0118, 'grad_norm': 2.226996421813965, 'learning_rate': 5.744279311158293e-05, 'epoch': 14.49}
{'loss': 3.9955, 'grad_norm': 2.286426305770874, 'learning_rate': 5.7425942776261254e-05, 'epoch': 14.49}
{'loss': 4.0121, 'grad_norm': 1.6125679016113281, 'learning_rate': 5.740909244093958e-05, 'epoch': 14.5}
{'loss': 4.0195, 'grad_norm': 2.03788161277771, 'learning_rate': 5.73922421056179e-05, 'epoch': 14.5}
{'loss': 4.0109, 'grad_norm': 1.895740270614624, 'learning_rate': 5.737539177029623e-05, 'epoch': 14.51}
{'loss': 4.0038, 'grad_norm': 2.1001765727996826, 'learning_rate': 5.7358541434974555e-05, 'epoch': 14.51}
{'loss': 4.0332, 'grad_norm': 1.653975486755371, 'learning_rate': 5.7341691099652886e-05, 'epoch': 14.52}
{'loss': 4.038, 'grad_norm': 2.2512619495391846, 'learning_rate': 5.732484076433121e-05, 'epoch': 14.52}
{'loss': 4.0267, 'grad_norm': 2.77386212348938, 'learning_rate': 5.730799042900954e-05, 'epoch': 14.53}
{'loss': 4.0206, 'grad_norm': 2.799314498901367, 'learning_rate': 5.729114009368787e-05, 'epoch': 14.53}
{'loss': 4.0174, 'grad_norm': 2.910956621170044, 'learning_rate': 5.7274289758366194e-05, 'epoch': 14.54}
{'loss': 4.0271, 'grad_norm': 1.8713449239730835, 'learning_rate': 5.7257439423044526e-05, 'epoch': 14.54}
{'loss': 4.0384, 'grad_norm': 1.882868766784668, 'learning_rate': 5.724058908772285e-05, 'epoch': 14.55}
{'loss': 4.0249, 'grad_norm': 2.190826654434204, 'learning_rate': 5.722373875240118e-05, 'epoch': 14.55}
{'loss': 4.0369, 'grad_norm': 2.050424575805664, 'learning_rate': 5.720688841707951e-05, 'epoch': 14.55}
{'loss': 4.0194, 'grad_norm': 1.95370352268219, 'learning_rate': 5.719003808175783e-05, 'epoch': 14.56}
pred : and
label: ardent in the prosecution of heresy cyril auspiciously opened his reign by oppressing the novatians the most innocent and harmless of the sectaries
pred : and
label: without any legal sentence without any royal mandate the patriarch at the dawn of day led a seditious multitude to the attack of the synagogues
pred : and
label: such crimes would have deserved the animadversion of the magistrate but in this promiscuous outrage the innocent were confounded with the guilty and alexandria was impoverished by the loss of a wealthy and industrious colony
pred : and
label: ardent in the prosecution of heresy cyril auspiciously opened his reign by oppressing the novatians the most innocent and harmless of the sectaries
pred : pred :and 
andlabel:
 label:without any legal sentence without any royal mandate the patriarch at the dawn of day led a seditious multitude to the attack of the synagogues 
ardent in the prosecution of heresy cyril auspiciously opened his reign by oppressing the novatians the most innocent and harmless of the sectariespred :
 pred :and 
andlabel:
 label:such crimes would have deserved the animadversion of the magistrate but in this promiscuous outrage the innocent were confounded with the guilty and alexandria was impoverished by the loss of a wealthy and industrious colony 
without any legal sentence without any royal mandate the patriarch at the dawn of day led a seditious multitude to the attack of the synagogues
pred : and
label: such crimes would have deserved the animadversion of the magistrate but in this promiscuous outrage the innocent were confounded with the guilty and alexandria was impoverished by the loss of a wealthy and industrious colony
pred : and
label: ardent in the prosecution of heresy cyril auspiciously opened his reign by oppressing the novatians the most innocent and harmless of the sectaries
pred : and
label: without any legal sentence without any royal mandate the patriarch at the dawn of day led a seditious multitude to the attack of the synagogues
pred : and
label: such crimes would have deserved the animadversion of the magistrate but in this promiscuous outrage the innocent were confounded with the guilty and alexandria was impoverished by the loss of a wealthy and industrious colony
{'eval_loss': 6.206197738647461, 'eval_bleu': 0.0, 'eval_wer': 0.9771383561253831, 'eval_cer': 0.972805173166184, 'eval_rouge1': 0.04111535144076195, 'eval_rouge2': 0.0, 'eval_rougeL': 0.04108149647954991, 'eval_runtime': 19.2528, 'eval_samples_per_second': 289.153, 'eval_steps_per_second': 1.506, 'epoch': 14.56}
{'loss': 4.0039, 'grad_norm': 2.925525665283203, 'learning_rate': 5.717318774643615e-05, 'epoch': 14.56}
{'loss': 4.0243, 'grad_norm': 1.7862522602081299, 'learning_rate': 5.715633741111448e-05, 'epoch': 14.57}
{'loss': 4.0239, 'grad_norm': 1.5655604600906372, 'learning_rate': 5.713948707579281e-05, 'epoch': 14.57}
{'loss': 4.0151, 'grad_norm': 2.0166499614715576, 'learning_rate': 5.712263674047113e-05, 'epoch': 14.58}
{'loss': 4.0432, 'grad_norm': 2.3771867752075195, 'learning_rate': 5.7105786405149465e-05, 'epoch': 14.58}
{'loss': 4.0432, 'grad_norm': 1.677642822265625, 'learning_rate': 5.708893606982779e-05, 'epoch': 14.59}
{'loss': 4.0244, 'grad_norm': 2.361056089401245, 'learning_rate': 5.707208573450612e-05, 'epoch': 14.59}
{'loss': 4.0167, 'grad_norm': 2.3472585678100586, 'learning_rate': 5.705523539918445e-05, 'epoch': 14.6}
{'loss': 4.024, 'grad_norm': 1.9937121868133545, 'learning_rate': 5.703838506386278e-05, 'epoch': 14.6}
{'loss': 4.0249, 'grad_norm': 2.3832240104675293, 'learning_rate': 5.7021534728541104e-05, 'epoch': 14.6}
{'loss': 4.0306, 'grad_norm': 1.6386656761169434, 'learning_rate': 5.700468439321943e-05, 'epoch': 14.61}
{'loss': 4.0172, 'grad_norm': 1.8352813720703125, 'learning_rate': 5.698783405789776e-05, 'epoch': 14.61}
{'loss': 4.0292, 'grad_norm': 1.7644336223602295, 'learning_rate': 5.697098372257608e-05, 'epoch': 14.62}
{'loss': 4.0161, 'grad_norm': 1.8778586387634277, 'learning_rate': 5.6954133387254405e-05, 'epoch': 14.62}
{'loss': 4.0225, 'grad_norm': 1.6674256324768066, 'learning_rate': 5.693728305193273e-05, 'epoch': 14.63}
{'loss': 4.0391, 'grad_norm': 1.6225184202194214, 'learning_rate': 5.692043271661106e-05, 'epoch': 14.63}
{'loss': 4.0139, 'grad_norm': 2.455094814300537, 'learning_rate': 5.690358238128939e-05, 'epoch': 14.64}
{'loss': 4.0194, 'grad_norm': 1.9377261400222778, 'learning_rate': 5.688673204596772e-05, 'epoch': 14.64}
{'loss': 4.0396, 'grad_norm': 2.2195215225219727, 'learning_rate': 5.6869881710646044e-05, 'epoch': 14.65}
{'loss': 4.0103, 'grad_norm': 2.2917935848236084, 'learning_rate': 5.6853031375324376e-05, 'epoch': 14.65}
{'loss': 4.044, 'grad_norm': 2.155210018157959, 'learning_rate': 5.68361810400027e-05, 'epoch': 14.65}
{'loss': 4.0325, 'grad_norm': 1.6811835765838623, 'learning_rate': 5.6819330704681026e-05, 'epoch': 14.66}
{'loss': 4.0323, 'grad_norm': 1.9145230054855347, 'learning_rate': 5.680248036935936e-05, 'epoch': 14.66}
{'loss': 4.0443, 'grad_norm': 2.1247639656066895, 'learning_rate': 5.678563003403768e-05, 'epoch': 14.67}
{'loss': 4.0226, 'grad_norm': 1.6698726415634155, 'learning_rate': 5.6768779698716015e-05, 'epoch': 14.67}
{'loss': 4.0418, 'grad_norm': 1.7866549491882324, 'learning_rate': 5.6751929363394326e-05, 'epoch': 14.68}
{'loss': 4.062, 'grad_norm': 1.7824348211288452, 'learning_rate': 5.673507902807266e-05, 'epoch': 14.68}
{'loss': 4.0209, 'grad_norm': 1.6611078977584839, 'learning_rate': 5.671822869275098e-05, 'epoch': 14.69}
{'loss': 4.0529, 'grad_norm': 1.6215369701385498, 'learning_rate': 5.6701378357429315e-05, 'epoch': 14.69}
{'loss': 4.0182, 'grad_norm': 1.6159154176712036, 'learning_rate': 5.668452802210764e-05, 'epoch': 14.7}
{'loss': 4.0387, 'grad_norm': 2.3202829360961914, 'learning_rate': 5.666767768678597e-05, 'epoch': 14.7}
{'loss': 4.0391, 'grad_norm': 3.299079418182373, 'learning_rate': 5.66508273514643e-05, 'epoch': 14.7}
{'loss': 4.0242, 'grad_norm': 3.207749128341675, 'learning_rate': 5.663397701614262e-05, 'epoch': 14.71}
{'loss': 4.0395, 'grad_norm': 1.6247683763504028, 'learning_rate': 5.6617126680820954e-05, 'epoch': 14.71}
{'loss': 4.0252, 'grad_norm': 1.8250495195388794, 'learning_rate': 5.660027634549928e-05, 'epoch': 14.72}
{'loss': 4.0265, 'grad_norm': 1.9678231477737427, 'learning_rate': 5.658342601017761e-05, 'epoch': 14.72}
{'loss': 4.0233, 'grad_norm': 2.8828301429748535, 'learning_rate': 5.6566575674855936e-05, 'epoch': 14.73}
{'loss': 4.0612, 'grad_norm': 3.406846523284912, 'learning_rate': 5.6549725339534255e-05, 'epoch': 14.73}
{'loss': 4.0322, 'grad_norm': 2.8560187816619873, 'learning_rate': 5.653287500421258e-05, 'epoch': 14.74}
{'loss': 4.0246, 'grad_norm': 2.8613455295562744, 'learning_rate': 5.651602466889091e-05, 'epoch': 14.74}
{'loss': 4.034, 'grad_norm': 2.3449549674987793, 'learning_rate': 5.649917433356924e-05, 'epoch': 14.75}
{'loss': 4.027, 'grad_norm': 3.2780380249023438, 'learning_rate': 5.648232399824757e-05, 'epoch': 14.75}
{'loss': 4.0351, 'grad_norm': 2.457881450653076, 'learning_rate': 5.6465473662925894e-05, 'epoch': 14.75}
{'loss': 4.0206, 'grad_norm': 2.128586769104004, 'learning_rate': 5.644862332760422e-05, 'epoch': 14.76}
{'loss': 4.0428, 'grad_norm': 2.561460256576538, 'learning_rate': 5.643177299228255e-05, 'epoch': 14.76}
{'loss': 4.0555, 'grad_norm': 1.8491263389587402, 'learning_rate': 5.6414922656960876e-05, 'epoch': 14.77}
{'loss': 4.0343, 'grad_norm': 2.235422372817993, 'learning_rate': 5.639807232163921e-05, 'epoch': 14.77}
{'loss': 4.0413, 'grad_norm': 1.8546572923660278, 'learning_rate': 5.638122198631753e-05, 'epoch': 14.78}
{'loss': 4.0439, 'grad_norm': 1.5673518180847168, 'learning_rate': 5.6364371650995865e-05, 'epoch': 14.78}
{'loss': 4.0428, 'grad_norm': 2.015101432800293, 'learning_rate': 5.634752131567419e-05, 'epoch': 14.79}
{'loss': 4.0334, 'grad_norm': 1.7834092378616333, 'learning_rate': 5.633067098035251e-05, 'epoch': 14.79}
{'loss': 4.0664, 'grad_norm': 1.733721375465393, 'learning_rate': 5.631382064503083e-05, 'epoch': 14.8}
{'loss': 4.0433, 'grad_norm': 1.5710480213165283, 'learning_rate': 5.6296970309709165e-05, 'epoch': 14.8}
{'loss': 4.0529, 'grad_norm': 2.5867514610290527, 'learning_rate': 5.628011997438749e-05, 'epoch': 14.8}
{'loss': 4.0401, 'grad_norm': 2.3245415687561035, 'learning_rate': 5.6263269639065815e-05, 'epoch': 14.81}
{'loss': 4.0365, 'grad_norm': 2.3049368858337402, 'learning_rate': 5.624641930374415e-05, 'epoch': 14.81}
{'loss': 4.0252, 'grad_norm': 2.7764546871185303, 'learning_rate': 5.622956896842247e-05, 'epoch': 14.82}
{'loss': 4.0512, 'grad_norm': 1.821689248085022, 'learning_rate': 5.6212718633100804e-05, 'epoch': 14.82}
{'loss': 4.0581, 'grad_norm': 1.7073200941085815, 'learning_rate': 5.619586829777913e-05, 'epoch': 14.83}
{'loss': 4.0555, 'grad_norm': 1.7770391702651978, 'learning_rate': 5.617901796245746e-05, 'epoch': 14.83}
{'loss': 4.0477, 'grad_norm': 2.0928173065185547, 'learning_rate': 5.6162167627135786e-05, 'epoch': 14.84}
{'loss': 4.0377, 'grad_norm': 2.238356351852417, 'learning_rate': 5.614531729181411e-05, 'epoch': 14.84}
{'loss': 4.0385, 'grad_norm': 1.697800874710083, 'learning_rate': 5.612846695649243e-05, 'epoch': 14.85}
{'loss': 4.0371, 'grad_norm': 1.6434184312820435, 'learning_rate': 5.611161662117076e-05, 'epoch': 14.85}
{'loss': 4.0399, 'grad_norm': 1.9299556016921997, 'learning_rate': 5.609476628584909e-05, 'epoch': 14.85}
{'loss': 4.055, 'grad_norm': 1.711098313331604, 'learning_rate': 5.607791595052742e-05, 'epoch': 14.86}
{'loss': 4.0498, 'grad_norm': 1.9495936632156372, 'learning_rate': 5.6061065615205744e-05, 'epoch': 14.86}
{'loss': 4.0445, 'grad_norm': 1.579477310180664, 'learning_rate': 5.604421527988407e-05, 'epoch': 14.87}
{'loss': 4.0444, 'grad_norm': 3.151639938354492, 'learning_rate': 5.60273649445624e-05, 'epoch': 14.87}
{'loss': 4.0686, 'grad_norm': 2.6973767280578613, 'learning_rate': 5.6010514609240726e-05, 'epoch': 14.88}
{'loss': 4.0388, 'grad_norm': 1.738648772239685, 'learning_rate': 5.599366427391906e-05, 'epoch': 14.88}
{'loss': 4.0558, 'grad_norm': 1.8352538347244263, 'learning_rate': 5.597681393859738e-05, 'epoch': 14.89}
{'loss': 4.0211, 'grad_norm': 3.3931732177734375, 'learning_rate': 5.595996360327571e-05, 'epoch': 14.89}
{'loss': 4.0642, 'grad_norm': 1.91322660446167, 'learning_rate': 5.594311326795404e-05, 'epoch': 14.9}
{'loss': 4.0553, 'grad_norm': 1.7836602926254272, 'learning_rate': 5.5926262932632365e-05, 'epoch': 14.9}
{'loss': 4.0477, 'grad_norm': 1.7357710599899292, 'learning_rate': 5.5909412597310683e-05, 'epoch': 14.9}
{'loss': 4.0673, 'grad_norm': 2.8672590255737305, 'learning_rate': 5.5892562261989015e-05, 'epoch': 14.91}
{'loss': 4.0257, 'grad_norm': 1.7874094247817993, 'learning_rate': 5.587571192666734e-05, 'epoch': 14.91}
{'loss': 4.0339, 'grad_norm': 1.644818902015686, 'learning_rate': 5.5858861591345666e-05, 'epoch': 14.92}
{'loss': 4.0528, 'grad_norm': 3.113591194152832, 'learning_rate': 5.5842011256024e-05, 'epoch': 14.92}
{'loss': 4.0438, 'grad_norm': 1.888314127922058, 'learning_rate': 5.582516092070232e-05, 'epoch': 14.93}
{'loss': 4.0435, 'grad_norm': 1.8703581094741821, 'learning_rate': 5.5808310585380654e-05, 'epoch': 14.93}
{'loss': 4.0437, 'grad_norm': 2.922745704650879, 'learning_rate': 5.579146025005898e-05, 'epoch': 14.94}
{'loss': 4.0591, 'grad_norm': 3.0236878395080566, 'learning_rate': 5.5774609914737305e-05, 'epoch': 14.94}
{'loss': 4.0452, 'grad_norm': 2.9467735290527344, 'learning_rate': 5.5757759579415637e-05, 'epoch': 14.95}
{'loss': 4.0441, 'grad_norm': 2.090536117553711, 'learning_rate': 5.574090924409396e-05, 'epoch': 14.95}
{'loss': 4.0377, 'grad_norm': 1.6495239734649658, 'learning_rate': 5.5724058908772294e-05, 'epoch': 14.95}
{'loss': 4.0567, 'grad_norm': 1.7681691646575928, 'learning_rate': 5.570720857345061e-05, 'epoch': 14.96}
{'loss': 4.0581, 'grad_norm': 1.8259496688842773, 'learning_rate': 5.569035823812894e-05, 'epoch': 14.96}
{'loss': 4.0417, 'grad_norm': 1.8088765144348145, 'learning_rate': 5.567350790280726e-05, 'epoch': 14.97}
{'loss': 4.0361, 'grad_norm': 1.6647922992706299, 'learning_rate': 5.5656657567485594e-05, 'epoch': 14.97}
{'loss': 4.0596, 'grad_norm': 1.8243072032928467, 'learning_rate': 5.563980723216392e-05, 'epoch': 14.98}
{'loss': 4.044, 'grad_norm': 2.097756862640381, 'learning_rate': 5.562295689684225e-05, 'epoch': 14.98}
{'loss': 4.0361, 'grad_norm': 1.5373979806900024, 'learning_rate': 5.5606106561520576e-05, 'epoch': 14.99}
{'loss': 4.0368, 'grad_norm': 1.9304074048995972, 'learning_rate': 5.558925622619891e-05, 'epoch': 14.99}
{'loss': 4.0429, 'grad_norm': 2.562819480895996, 'learning_rate': 5.557240589087723e-05, 'epoch': 15.0}
{'loss': 4.0277, 'grad_norm': 2.2982351779937744, 'learning_rate': 5.555555555555556e-05, 'epoch': 15.0}
{'loss': 3.9008, 'grad_norm': 1.9239494800567627, 'learning_rate': 5.553870522023389e-05, 'epoch': 15.0}
{'loss': 3.9153, 'grad_norm': 1.7845360040664673, 'learning_rate': 5.5521854884912215e-05, 'epoch': 15.01}
{'loss': 3.8881, 'grad_norm': 2.2945120334625244, 'learning_rate': 5.550500454959055e-05, 'epoch': 15.01}
{'loss': 3.8975, 'grad_norm': 1.8688063621520996, 'learning_rate': 5.548815421426886e-05, 'epoch': 15.02}
{'loss': 3.8991, 'grad_norm': 2.102733850479126, 'learning_rate': 5.547130387894719e-05, 'epoch': 15.02}
{'loss': 3.9089, 'grad_norm': 2.077704906463623, 'learning_rate': 5.5454453543625516e-05, 'epoch': 15.03}
{'loss': 3.9119, 'grad_norm': 1.8941375017166138, 'learning_rate': 5.543760320830385e-05, 'epoch': 15.03}
{'loss': 3.9118, 'grad_norm': 2.2333333492279053, 'learning_rate': 5.542075287298217e-05, 'epoch': 15.04}
{'loss': 3.9125, 'grad_norm': 2.573437452316284, 'learning_rate': 5.5403902537660505e-05, 'epoch': 15.04}
{'loss': 3.8877, 'grad_norm': 1.8528532981872559, 'learning_rate': 5.538705220233883e-05, 'epoch': 15.05}
{'loss': 3.8976, 'grad_norm': 2.143887758255005, 'learning_rate': 5.5370201867017155e-05, 'epoch': 15.05}
{'loss': 3.9344, 'grad_norm': 1.7133994102478027, 'learning_rate': 5.535335153169549e-05, 'epoch': 15.05}
{'loss': 3.9034, 'grad_norm': 1.760023832321167, 'learning_rate': 5.533650119637381e-05, 'epoch': 15.06}
{'loss': 3.9053, 'grad_norm': 2.0923774242401123, 'learning_rate': 5.5319650861052144e-05, 'epoch': 15.06}
{'loss': 3.9081, 'grad_norm': 2.062878370285034, 'learning_rate': 5.530280052573047e-05, 'epoch': 15.07}
{'loss': 3.9193, 'grad_norm': 1.7569118738174438, 'learning_rate': 5.52859501904088e-05, 'epoch': 15.07}
{'loss': 3.9181, 'grad_norm': 2.1099748611450195, 'learning_rate': 5.526909985508711e-05, 'epoch': 15.08}
{'loss': 3.9446, 'grad_norm': 3.918818950653076, 'learning_rate': 5.5252249519765444e-05, 'epoch': 15.08}
{'loss': 3.8788, 'grad_norm': 1.999427080154419, 'learning_rate': 5.523539918444377e-05, 'epoch': 15.09}
{'loss': 3.924, 'grad_norm': 1.8949260711669922, 'learning_rate': 5.52185488491221e-05, 'epoch': 15.09}
{'loss': 3.9235, 'grad_norm': 2.18733286857605, 'learning_rate': 5.5201698513800426e-05, 'epoch': 15.1}
{'loss': 3.9445, 'grad_norm': 2.014801263809204, 'learning_rate': 5.518484817847875e-05, 'epoch': 15.1}
{'loss': 3.9175, 'grad_norm': 1.8133833408355713, 'learning_rate': 5.516799784315708e-05, 'epoch': 15.1}
{'loss': 3.9382, 'grad_norm': 1.6992344856262207, 'learning_rate': 5.515114750783541e-05, 'epoch': 15.11}
{'loss': 3.9136, 'grad_norm': 2.21633243560791, 'learning_rate': 5.513429717251374e-05, 'epoch': 15.11}
{'loss': 3.9304, 'grad_norm': 1.8900699615478516, 'learning_rate': 5.5117446837192065e-05, 'epoch': 15.12}
{'loss': 3.917, 'grad_norm': 2.06007981300354, 'learning_rate': 5.51005965018704e-05, 'epoch': 15.12}
{'loss': 3.9089, 'grad_norm': 1.8000129461288452, 'learning_rate': 5.508374616654872e-05, 'epoch': 15.13}
{'loss': 3.9068, 'grad_norm': 1.8987268209457397, 'learning_rate': 5.506689583122704e-05, 'epoch': 15.13}
{'loss': 3.9129, 'grad_norm': 2.5725502967834473, 'learning_rate': 5.5050045495905366e-05, 'epoch': 15.14}
{'loss': 3.9278, 'grad_norm': 1.7474422454833984, 'learning_rate': 5.50331951605837e-05, 'epoch': 15.14}
{'loss': 3.9258, 'grad_norm': 2.2543253898620605, 'learning_rate': 5.501634482526202e-05, 'epoch': 15.15}
{'loss': 3.8991, 'grad_norm': 1.8075727224349976, 'learning_rate': 5.499949448994035e-05, 'epoch': 15.15}
{'loss': 3.9104, 'grad_norm': 2.478271722793579, 'learning_rate': 5.498264415461868e-05, 'epoch': 15.15}
{'loss': 3.9205, 'grad_norm': 1.6996833086013794, 'learning_rate': 5.4965793819297005e-05, 'epoch': 15.16}
{'loss': 3.9405, 'grad_norm': 1.6010851860046387, 'learning_rate': 5.494894348397534e-05, 'epoch': 15.16}
{'loss': 3.9365, 'grad_norm': 1.7943873405456543, 'learning_rate': 5.493209314865366e-05, 'epoch': 15.17}
{'loss': 3.9366, 'grad_norm': 2.834977149963379, 'learning_rate': 5.4915242813331994e-05, 'epoch': 15.17}
{'loss': 3.9388, 'grad_norm': 1.9158058166503906, 'learning_rate': 5.489839247801032e-05, 'epoch': 15.18}
{'loss': 3.9508, 'grad_norm': 1.9153740406036377, 'learning_rate': 5.4881542142688644e-05, 'epoch': 15.18}
{'loss': 3.9319, 'grad_norm': 1.8036699295043945, 'learning_rate': 5.4864691807366976e-05, 'epoch': 15.19}
{'loss': 3.9352, 'grad_norm': 1.6735087633132935, 'learning_rate': 5.4847841472045294e-05, 'epoch': 15.19}
{'loss': 3.9375, 'grad_norm': 1.865455985069275, 'learning_rate': 5.483099113672362e-05, 'epoch': 15.2}
{'loss': 3.9329, 'grad_norm': 2.6571598052978516, 'learning_rate': 5.4814140801401944e-05, 'epoch': 15.2}
{'loss': 3.9329, 'grad_norm': 1.903481364250183, 'learning_rate': 5.4797290466080276e-05, 'epoch': 15.2}
{'loss': 3.9191, 'grad_norm': 1.7704054117202759, 'learning_rate': 5.47804401307586e-05, 'epoch': 15.21}
{'loss': 3.9513, 'grad_norm': 3.2862486839294434, 'learning_rate': 5.476358979543693e-05, 'epoch': 15.21}
{'loss': 3.9476, 'grad_norm': 1.5570086240768433, 'learning_rate': 5.474673946011526e-05, 'epoch': 15.22}
{'loss': 3.9082, 'grad_norm': 1.8599157333374023, 'learning_rate': 5.472988912479359e-05, 'epoch': 15.22}
{'loss': 3.9614, 'grad_norm': 1.900438666343689, 'learning_rate': 5.4713038789471915e-05, 'epoch': 15.23}
{'loss': 3.945, 'grad_norm': 1.9334760904312134, 'learning_rate': 5.469618845415024e-05, 'epoch': 15.23}
{'loss': 3.9142, 'grad_norm': 2.0637691020965576, 'learning_rate': 5.467933811882857e-05, 'epoch': 15.24}
{'loss': 3.9593, 'grad_norm': 2.2189831733703613, 'learning_rate': 5.46624877835069e-05, 'epoch': 15.24}
{'loss': 3.9437, 'grad_norm': 1.8737887144088745, 'learning_rate': 5.4645637448185216e-05, 'epoch': 15.25}
{'loss': 3.9372, 'grad_norm': 2.4636342525482178, 'learning_rate': 5.462878711286354e-05, 'epoch': 15.25}
{'loss': 3.9362, 'grad_norm': 2.563847064971924, 'learning_rate': 5.461193677754187e-05, 'epoch': 15.25}
{'loss': 3.9391, 'grad_norm': 1.591865062713623, 'learning_rate': 5.45950864422202e-05, 'epoch': 15.26}
{'loss': 3.9273, 'grad_norm': 2.0498764514923096, 'learning_rate': 5.457823610689853e-05, 'epoch': 15.26}
{'loss': 3.9151, 'grad_norm': 1.775105595588684, 'learning_rate': 5.4561385771576855e-05, 'epoch': 15.27}
{'loss': 3.952, 'grad_norm': 1.7538765668869019, 'learning_rate': 5.454453543625519e-05, 'epoch': 15.27}
{'loss': 3.956, 'grad_norm': 3.031679391860962, 'learning_rate': 5.452768510093351e-05, 'epoch': 15.28}
{'loss': 3.9446, 'grad_norm': 3.0843136310577393, 'learning_rate': 5.451083476561184e-05, 'epoch': 15.28}
{'loss': 3.9371, 'grad_norm': 2.1917805671691895, 'learning_rate': 5.449398443029017e-05, 'epoch': 15.29}
