70 unique phonemes
70 unique phonemes
70 unique phonemes
70 unique phonemes
added and resized 71 phoneme tokens to tokenizer
added and resized 71 phoneme tokens to tokenizer
added and resized 71 phoneme tokens to tokenizer
added and resized 71 phoneme tokens to tokenizer
{'loss': 7.1431, 'grad_norm': 261.00201416015625, 'learning_rate': 1.516530178950561e-07, 'epoch': 0.0}
{'loss': 6.8505, 'grad_norm': 39.06340408325195, 'learning_rate': 3.033060357901122e-07, 'epoch': 0.01}
{'loss': 6.741, 'grad_norm': 38.44135665893555, 'learning_rate': 4.5495905368516834e-07, 'epoch': 0.01}
{'loss': 6.6612, 'grad_norm': 243.19802856445312, 'learning_rate': 6.066120715802244e-07, 'epoch': 0.02}
{'loss': 6.5859, 'grad_norm': 27.033933639526367, 'learning_rate': 7.582650894752806e-07, 'epoch': 0.02}
{'loss': 6.4193, 'grad_norm': 26.340700149536133, 'learning_rate': 9.099181073703367e-07, 'epoch': 0.03}
{'loss': 6.2784, 'grad_norm': 210.66419982910156, 'learning_rate': 1.0615711252653927e-06, 'epoch': 0.03}
{'loss': 6.2199, 'grad_norm': 43.95426940917969, 'learning_rate': 1.213224143160449e-06, 'epoch': 0.04}
{'loss': 6.1231, 'grad_norm': 123.16900634765625, 'learning_rate': 1.3648771610555051e-06, 'epoch': 0.04}
{'loss': 6.0282, 'grad_norm': 28.165531158447266, 'learning_rate': 1.5165301789505611e-06, 'epoch': 0.05}
{'loss': 5.989, 'grad_norm': 55.732200622558594, 'learning_rate': 1.6681831968456171e-06, 'epoch': 0.05}
{'loss': 5.9295, 'grad_norm': 14.319374084472656, 'learning_rate': 1.8198362147406733e-06, 'epoch': 0.05}
{'loss': 5.8892, 'grad_norm': 14.13563060760498, 'learning_rate': 1.9714892326357296e-06, 'epoch': 0.06}
{'loss': 5.8505, 'grad_norm': 30.52911376953125, 'learning_rate': 2.1231422505307854e-06, 'epoch': 0.06}
{'loss': 5.8543, 'grad_norm': 20.521514892578125, 'learning_rate': 2.2747952684258416e-06, 'epoch': 0.07}
{'loss': 5.8093, 'grad_norm': 26.455671310424805, 'learning_rate': 2.426448286320898e-06, 'epoch': 0.07}
{'loss': 5.7754, 'grad_norm': 26.35453987121582, 'learning_rate': 2.578101304215954e-06, 'epoch': 0.08}
{'loss': 5.7398, 'grad_norm': 16.77291488647461, 'learning_rate': 2.7297543221110102e-06, 'epoch': 0.08}
{'loss': 5.7399, 'grad_norm': 26.880929946899414, 'learning_rate': 2.881407340006066e-06, 'epoch': 0.09}
{'loss': 5.7298, 'grad_norm': 13.764037132263184, 'learning_rate': 3.0330603579011222e-06, 'epoch': 0.09}
{'loss': 5.7001, 'grad_norm': 16.001129150390625, 'learning_rate': 3.1847133757961785e-06, 'epoch': 0.1}
{'loss': 5.7143, 'grad_norm': 20.123109817504883, 'learning_rate': 3.3363663936912343e-06, 'epoch': 0.1}
{'loss': 5.6863, 'grad_norm': 12.889371871948242, 'learning_rate': 3.488019411586291e-06, 'epoch': 0.1}
{'loss': 5.6817, 'grad_norm': 12.525659561157227, 'learning_rate': 3.6396724294813467e-06, 'epoch': 0.11}
{'loss': 5.6551, 'grad_norm': 24.18788719177246, 'learning_rate': 3.791325447376403e-06, 'epoch': 0.11}
{'loss': 5.64, 'grad_norm': 14.267723083496094, 'learning_rate': 3.942978465271459e-06, 'epoch': 0.12}
{'loss': 5.6199, 'grad_norm': 50.192527770996094, 'learning_rate': 4.094631483166515e-06, 'epoch': 0.12}
{'loss': 5.6053, 'grad_norm': 54.330623626708984, 'learning_rate': 4.246284501061571e-06, 'epoch': 0.13}
{'loss': 5.6376, 'grad_norm': 10.10095500946045, 'learning_rate': 4.397937518956628e-06, 'epoch': 0.13}
{'loss': 5.6071, 'grad_norm': 26.280500411987305, 'learning_rate': 4.549590536851683e-06, 'epoch': 0.14}
{'loss': 5.603, 'grad_norm': 8.70029067993164, 'learning_rate': 4.70124355474674e-06, 'epoch': 0.14}
{'loss': 5.5996, 'grad_norm': 10.337928771972656, 'learning_rate': 4.852896572641796e-06, 'epoch': 0.15}
{'loss': 5.5983, 'grad_norm': 12.356056213378906, 'learning_rate': 5.004549590536852e-06, 'epoch': 0.15}
{'loss': 5.602, 'grad_norm': 35.77201461791992, 'learning_rate': 5.156202608431908e-06, 'epoch': 0.15}
{'loss': 5.5463, 'grad_norm': 66.79344177246094, 'learning_rate': 5.307855626326964e-06, 'epoch': 0.16}
{'loss': 5.5627, 'grad_norm': 14.667742729187012, 'learning_rate': 5.4595086442220205e-06, 'epoch': 0.16}
{'loss': 5.5928, 'grad_norm': 20.73943328857422, 'learning_rate': 5.611161662117077e-06, 'epoch': 0.17}
{'loss': 5.6002, 'grad_norm': 24.50595474243164, 'learning_rate': 5.762814680012132e-06, 'epoch': 0.17}
{'loss': 5.5435, 'grad_norm': 13.259798049926758, 'learning_rate': 5.914467697907189e-06, 'epoch': 0.18}
{'loss': 5.5479, 'grad_norm': 9.791572570800781, 'learning_rate': 6.0661207158022445e-06, 'epoch': 0.18}
{'loss': 5.5618, 'grad_norm': 9.559165954589844, 'learning_rate': 6.2177737336973016e-06, 'epoch': 0.19}
{'loss': 5.5339, 'grad_norm': 8.440666198730469, 'learning_rate': 6.369426751592357e-06, 'epoch': 0.19}
{'loss': 5.5239, 'grad_norm': 32.94091033935547, 'learning_rate': 6.521079769487413e-06, 'epoch': 0.2}
{'loss': 5.5337, 'grad_norm': 45.25877380371094, 'learning_rate': 6.6727327873824685e-06, 'epoch': 0.2}
{'loss': 5.5426, 'grad_norm': 4.379096508026123, 'learning_rate': 6.824385805277525e-06, 'epoch': 0.2}
{'loss': 5.5345, 'grad_norm': 13.645816802978516, 'learning_rate': 6.976038823172582e-06, 'epoch': 0.21}
{'loss': 5.5046, 'grad_norm': 27.53614616394043, 'learning_rate': 7.127691841067638e-06, 'epoch': 0.21}
{'loss': 5.5051, 'grad_norm': 14.291765213012695, 'learning_rate': 7.279344858962693e-06, 'epoch': 0.22}
{'loss': 5.4898, 'grad_norm': 225.561767578125, 'learning_rate': 7.43099787685775e-06, 'epoch': 0.22}
{'loss': 5.4918, 'grad_norm': 8.548210144042969, 'learning_rate': 7.582650894752806e-06, 'epoch': 0.23}
{'loss': 5.4895, 'grad_norm': 17.870746612548828, 'learning_rate': 7.734303912647863e-06, 'epoch': 0.23}
{'loss': 5.4805, 'grad_norm': 4.3767876625061035, 'learning_rate': 7.885956930542918e-06, 'epoch': 0.24}
{'loss': 5.4632, 'grad_norm': 20.388277053833008, 'learning_rate': 8.037609948437974e-06, 'epoch': 0.24}
{'loss': 5.463, 'grad_norm': 23.987796783447266, 'learning_rate': 8.18926296633303e-06, 'epoch': 0.25}
{'loss': 5.4802, 'grad_norm': 11.968441009521484, 'learning_rate': 8.340915984228088e-06, 'epoch': 0.25}
{'loss': 5.4576, 'grad_norm': 20.945463180541992, 'learning_rate': 8.492569002123141e-06, 'epoch': 0.25}
{'loss': 5.4571, 'grad_norm': 7.601146221160889, 'learning_rate': 8.644222020018199e-06, 'epoch': 0.26}
{'loss': 5.4668, 'grad_norm': 8.459433555603027, 'learning_rate': 8.795875037913256e-06, 'epoch': 0.26}
{'loss': 5.4413, 'grad_norm': 10.585719108581543, 'learning_rate': 8.947528055808311e-06, 'epoch': 0.27}
{'loss': 5.442, 'grad_norm': 5.829005718231201, 'learning_rate': 9.099181073703366e-06, 'epoch': 0.27}
{'loss': 5.4178, 'grad_norm': 7.392884254455566, 'learning_rate': 9.250834091598423e-06, 'epoch': 0.28}
{'loss': 5.4091, 'grad_norm': 3.6001408100128174, 'learning_rate': 9.40248710949348e-06, 'epoch': 0.28}
{'loss': 5.4305, 'grad_norm': 10.474261283874512, 'learning_rate': 9.554140127388536e-06, 'epoch': 0.29}
{'loss': 5.399, 'grad_norm': 6.603897571563721, 'learning_rate': 9.705793145283591e-06, 'epoch': 0.29}
{'loss': 5.395, 'grad_norm': 15.844866752624512, 'learning_rate': 9.857446163178648e-06, 'epoch': 0.3}
{'loss': 5.4198, 'grad_norm': 6.220636367797852, 'learning_rate': 1.0009099181073704e-05, 'epoch': 0.3}
{'loss': 5.3728, 'grad_norm': 5.884815692901611, 'learning_rate': 1.0160752198968759e-05, 'epoch': 0.3}
{'loss': 5.3619, 'grad_norm': 3.560908794403076, 'learning_rate': 1.0312405216863816e-05, 'epoch': 0.31}
{'loss': 5.373, 'grad_norm': 6.606753349304199, 'learning_rate': 1.0464058234758871e-05, 'epoch': 0.31}
{'loss': 5.3638, 'grad_norm': 2.718228340148926, 'learning_rate': 1.0615711252653929e-05, 'epoch': 0.32}
{'loss': 5.3278, 'grad_norm': 5.307913780212402, 'learning_rate': 1.0767364270548984e-05, 'epoch': 0.32}
{'loss': 5.3338, 'grad_norm': 5.4015960693359375, 'learning_rate': 1.0919017288444041e-05, 'epoch': 0.33}
{'loss': 5.3221, 'grad_norm': 4.31993293762207, 'learning_rate': 1.1070670306339096e-05, 'epoch': 0.33}
{'loss': 5.3064, 'grad_norm': 4.164647579193115, 'learning_rate': 1.1222323324234153e-05, 'epoch': 0.34}
{'loss': 5.3015, 'grad_norm': 8.495870590209961, 'learning_rate': 1.1373976342129209e-05, 'epoch': 0.34}
{'loss': 5.2729, 'grad_norm': 4.890926361083984, 'learning_rate': 1.1525629360024264e-05, 'epoch': 0.35}
{'loss': 5.2717, 'grad_norm': 19.200712203979492, 'learning_rate': 1.1677282377919321e-05, 'epoch': 0.35}
{'loss': 5.2366, 'grad_norm': 8.241059303283691, 'learning_rate': 1.1828935395814378e-05, 'epoch': 0.35}
{'loss': 5.2258, 'grad_norm': 10.571185111999512, 'learning_rate': 1.1980588413709434e-05, 'epoch': 0.36}
{'loss': 5.2449, 'grad_norm': 18.742965698242188, 'learning_rate': 1.2132241431604489e-05, 'epoch': 0.36}
{'loss': 5.2211, 'grad_norm': 6.729567050933838, 'learning_rate': 1.2283894449499546e-05, 'epoch': 0.37}
{'loss': 5.1878, 'grad_norm': 7.865788459777832, 'learning_rate': 1.2435547467394603e-05, 'epoch': 0.37}
{'loss': 5.2, 'grad_norm': 9.714071273803711, 'learning_rate': 1.2587200485289657e-05, 'epoch': 0.38}
{'loss': 5.129, 'grad_norm': 9.147224426269531, 'learning_rate': 1.2738853503184714e-05, 'epoch': 0.38}
{'loss': 5.1262, 'grad_norm': 14.91648006439209, 'learning_rate': 1.2890506521079771e-05, 'epoch': 0.39}
{'loss': 5.1606, 'grad_norm': 11.945008277893066, 'learning_rate': 1.3042159538974826e-05, 'epoch': 0.39}
{'loss': 5.1462, 'grad_norm': 7.438052177429199, 'learning_rate': 1.3193812556869883e-05, 'epoch': 0.4}
{'loss': 5.124, 'grad_norm': 6.0597243309021, 'learning_rate': 1.3345465574764937e-05, 'epoch': 0.4}
{'loss': 5.0654, 'grad_norm': 7.527188301086426, 'learning_rate': 1.3497118592659994e-05, 'epoch': 0.4}
{'loss': 5.0585, 'grad_norm': 5.057722091674805, 'learning_rate': 1.364877161055505e-05, 'epoch': 0.41}
{'loss': 5.0765, 'grad_norm': 8.86921215057373, 'learning_rate': 1.3800424628450107e-05, 'epoch': 0.41}
{'loss': 5.0804, 'grad_norm': 10.64984130859375, 'learning_rate': 1.3952077646345164e-05, 'epoch': 0.42}
{'loss': 5.0451, 'grad_norm': 12.696287155151367, 'learning_rate': 1.4103730664240219e-05, 'epoch': 0.42}
{'loss': 5.0453, 'grad_norm': 63.38561248779297, 'learning_rate': 1.4255383682135276e-05, 'epoch': 0.43}
{'loss': 5.0312, 'grad_norm': 17.216161727905273, 'learning_rate': 1.4407036700030333e-05, 'epoch': 0.43}
{'loss': 5.0054, 'grad_norm': 124.65914916992188, 'learning_rate': 1.4558689717925387e-05, 'epoch': 0.44}
{'loss': 4.9777, 'grad_norm': 15.254984855651855, 'learning_rate': 1.4710342735820442e-05, 'epoch': 0.44}
{'loss': 4.9263, 'grad_norm': 18.222089767456055, 'learning_rate': 1.48619957537155e-05, 'epoch': 0.45}
{'loss': 4.912, 'grad_norm': 15.270100593566895, 'learning_rate': 1.5013648771610556e-05, 'epoch': 0.45}
{'loss': 4.9706, 'grad_norm': 10.257935523986816, 'learning_rate': 1.5165301789505612e-05, 'epoch': 0.45}
{'loss': 4.9779, 'grad_norm': 17.000932693481445, 'learning_rate': 1.531695480740067e-05, 'epoch': 0.46}
{'loss': 4.9007, 'grad_norm': 9.058112144470215, 'learning_rate': 1.5468607825295726e-05, 'epoch': 0.46}
{'loss': 4.9049, 'grad_norm': 86.91631317138672, 'learning_rate': 1.5620260843190783e-05, 'epoch': 0.47}
{'loss': 4.8993, 'grad_norm': 21.071802139282227, 'learning_rate': 1.5771913861085837e-05, 'epoch': 0.47}
{'loss': 4.8318, 'grad_norm': 16.199748992919922, 'learning_rate': 1.592356687898089e-05, 'epoch': 0.48}
{'loss': 4.8585, 'grad_norm': 12.638544082641602, 'learning_rate': 1.6075219896875947e-05, 'epoch': 0.48}
{'loss': 4.779, 'grad_norm': 15.180243492126465, 'learning_rate': 1.6226872914771004e-05, 'epoch': 0.49}
{'loss': 4.8041, 'grad_norm': 24.94264793395996, 'learning_rate': 1.637852593266606e-05, 'epoch': 0.49}
{'loss': 4.8248, 'grad_norm': 13.376496315002441, 'learning_rate': 1.653017895056112e-05, 'epoch': 0.5}
{'loss': 4.7292, 'grad_norm': 24.717187881469727, 'learning_rate': 1.6681831968456176e-05, 'epoch': 0.5}
{'loss': 4.7249, 'grad_norm': 11.337746620178223, 'learning_rate': 1.683348498635123e-05, 'epoch': 0.51}
{'loss': 4.6695, 'grad_norm': 13.63611888885498, 'learning_rate': 1.6985138004246283e-05, 'epoch': 0.51}
{'loss': 4.6695, 'grad_norm': 10.077934265136719, 'learning_rate': 1.713679102214134e-05, 'epoch': 0.51}
{'loss': 4.6486, 'grad_norm': 6.861268997192383, 'learning_rate': 1.7288444040036397e-05, 'epoch': 0.52}
{'loss': 4.6005, 'grad_norm': 10.170440673828125, 'learning_rate': 1.7440097057931454e-05, 'epoch': 0.52}
{'loss': 4.588, 'grad_norm': 5.204003810882568, 'learning_rate': 1.759175007582651e-05, 'epoch': 0.53}
{'loss': 4.543, 'grad_norm': 37.97001647949219, 'learning_rate': 1.7743403093721568e-05, 'epoch': 0.53}
{'loss': 4.5599, 'grad_norm': 31.09746551513672, 'learning_rate': 1.7895056111616622e-05, 'epoch': 0.54}
{'loss': 4.7312, 'grad_norm': 14.644813537597656, 'learning_rate': 1.8046709129511676e-05, 'epoch': 0.54}
{'loss': 4.6087, 'grad_norm': 14.784472465515137, 'learning_rate': 1.8198362147406733e-05, 'epoch': 0.55}
{'loss': 4.493, 'grad_norm': 6.185542106628418, 'learning_rate': 1.835001516530179e-05, 'epoch': 0.55}
{'loss': 4.4005, 'grad_norm': 5.5682477951049805, 'learning_rate': 1.8501668183196847e-05, 'epoch': 0.56}
{'loss': 4.3515, 'grad_norm': 5.74127197265625, 'learning_rate': 1.8653321201091904e-05, 'epoch': 0.56}
{'loss': 4.2726, 'grad_norm': 6.265986442565918, 'learning_rate': 1.880497421898696e-05, 'epoch': 0.56}
{'loss': 4.252, 'grad_norm': 8.611082077026367, 'learning_rate': 1.8956627236882015e-05, 'epoch': 0.57}
{'loss': 4.2308, 'grad_norm': 6.813766002655029, 'learning_rate': 1.910828025477707e-05, 'epoch': 0.57}
{'loss': 4.1551, 'grad_norm': 3.540797472000122, 'learning_rate': 1.9259933272672125e-05, 'epoch': 0.58}
{'loss': 4.0218, 'grad_norm': 3.4891319274902344, 'learning_rate': 1.9411586290567182e-05, 'epoch': 0.58}
{'loss': 4.0355, 'grad_norm': 6.778067111968994, 'learning_rate': 1.956323930846224e-05, 'epoch': 0.59}
{'loss': 3.9863, 'grad_norm': 4.453974723815918, 'learning_rate': 1.9714892326357297e-05, 'epoch': 0.59}
{'loss': 3.9517, 'grad_norm': 6.392993927001953, 'learning_rate': 1.9866545344252354e-05, 'epoch': 0.6}
{'loss': 3.9069, 'grad_norm': 6.796883583068848, 'learning_rate': 2.0018198362147407e-05, 'epoch': 0.6}
{'loss': 3.8681, 'grad_norm': 5.842580795288086, 'learning_rate': 2.0169851380042464e-05, 'epoch': 0.61}
{'loss': 3.806, 'grad_norm': 3.781006336212158, 'learning_rate': 2.0321504397937518e-05, 'epoch': 0.61}
{'loss': 3.7781, 'grad_norm': 4.306188106536865, 'learning_rate': 2.0473157415832575e-05, 'epoch': 0.61}
{'loss': 3.7264, 'grad_norm': 4.906397819519043, 'learning_rate': 2.0624810433727632e-05, 'epoch': 0.62}
{'loss': 3.7171, 'grad_norm': 4.589152812957764, 'learning_rate': 2.077646345162269e-05, 'epoch': 0.62}
{'loss': 3.6574, 'grad_norm': 4.28676700592041, 'learning_rate': 2.0928116469517743e-05, 'epoch': 0.63}
{'loss': 3.6197, 'grad_norm': 3.530791997909546, 'learning_rate': 2.10797694874128e-05, 'epoch': 0.63}
{'loss': 3.5653, 'grad_norm': 6.142312526702881, 'learning_rate': 2.1231422505307857e-05, 'epoch': 0.64}
{'loss': 3.5346, 'grad_norm': 40.20183563232422, 'learning_rate': 2.1383075523202914e-05, 'epoch': 0.64}
{'loss': 3.5075, 'grad_norm': 3.341818332672119, 'learning_rate': 2.1534728541097968e-05, 'epoch': 0.65}
{'loss': 3.4618, 'grad_norm': 3.9364051818847656, 'learning_rate': 2.1686381558993025e-05, 'epoch': 0.65}
{'loss': 3.4282, 'grad_norm': 4.629109859466553, 'learning_rate': 2.1838034576888082e-05, 'epoch': 0.66}
{'loss': 3.4036, 'grad_norm': 5.028326511383057, 'learning_rate': 2.1989687594783136e-05, 'epoch': 0.66}
{'loss': 3.3653, 'grad_norm': 21.099489212036133, 'learning_rate': 2.2141340612678193e-05, 'epoch': 0.66}
{'loss': 3.3465, 'grad_norm': 4.080637454986572, 'learning_rate': 2.229299363057325e-05, 'epoch': 0.67}
{'loss': 3.2899, 'grad_norm': 4.514604568481445, 'learning_rate': 2.2444646648468307e-05, 'epoch': 0.67}
{'loss': 3.2997, 'grad_norm': 6.813199520111084, 'learning_rate': 2.2596299666363364e-05, 'epoch': 0.68}
{'loss': 3.2796, 'grad_norm': 20.024869918823242, 'learning_rate': 2.2747952684258417e-05, 'epoch': 0.68}
{'loss': 3.2649, 'grad_norm': 6.249314308166504, 'learning_rate': 2.2899605702153475e-05, 'epoch': 0.69}
{'loss': 3.2208, 'grad_norm': 6.016060829162598, 'learning_rate': 2.3051258720048528e-05, 'epoch': 0.69}
{'loss': 3.2018, 'grad_norm': 5.314901828765869, 'learning_rate': 2.3202911737943585e-05, 'epoch': 0.7}
{'loss': 3.2007, 'grad_norm': 5.86168909072876, 'learning_rate': 2.3354564755838642e-05, 'epoch': 0.7}
{'loss': 3.1834, 'grad_norm': 3.496201992034912, 'learning_rate': 2.35062177737337e-05, 'epoch': 0.71}
{'loss': 3.1613, 'grad_norm': 2.7307260036468506, 'learning_rate': 2.3657870791628757e-05, 'epoch': 0.71}
{'loss': 3.1608, 'grad_norm': 3.9789934158325195, 'learning_rate': 2.380952380952381e-05, 'epoch': 0.71}
{'loss': 3.1513, 'grad_norm': 3.4677793979644775, 'learning_rate': 2.3961176827418867e-05, 'epoch': 0.72}
{'loss': 3.1674, 'grad_norm': 8.157586097717285, 'learning_rate': 2.411282984531392e-05, 'epoch': 0.72}
{'loss': 3.1153, 'grad_norm': 12.119287490844727, 'learning_rate': 2.4264482863208978e-05, 'epoch': 0.73}
{'loss': 3.0639, 'grad_norm': 3.9980292320251465, 'learning_rate': 2.4416135881104035e-05, 'epoch': 0.73}
{'loss': 3.0573, 'grad_norm': 2.7778592109680176, 'learning_rate': 2.4567788898999092e-05, 'epoch': 0.74}
{'loss': 3.0516, 'grad_norm': 6.030960559844971, 'learning_rate': 2.471944191689415e-05, 'epoch': 0.74}
{'loss': 3.0228, 'grad_norm': 3.116037368774414, 'learning_rate': 2.4871094934789206e-05, 'epoch': 0.75}
{'loss': 3.0316, 'grad_norm': 8.916213035583496, 'learning_rate': 2.502274795268426e-05, 'epoch': 0.75}
{'loss': 2.9941, 'grad_norm': 2.214022159576416, 'learning_rate': 2.5174400970579314e-05, 'epoch': 0.76}
{'loss': 2.9834, 'grad_norm': 9.175472259521484, 'learning_rate': 2.5326053988474374e-05, 'epoch': 0.76}
{'loss': 2.9601, 'grad_norm': 3.141763925552368, 'learning_rate': 2.5477707006369428e-05, 'epoch': 0.76}
{'loss': 2.9761, 'grad_norm': 3.097742795944214, 'learning_rate': 2.562936002426448e-05, 'epoch': 0.77}
{'loss': 2.9295, 'grad_norm': 3.877964496612549, 'learning_rate': 2.5781013042159542e-05, 'epoch': 0.77}
{'loss': 2.9166, 'grad_norm': 2.371466875076294, 'learning_rate': 2.5932666060054596e-05, 'epoch': 0.78}
{'loss': 2.9167, 'grad_norm': 3.30303692817688, 'learning_rate': 2.6084319077949653e-05, 'epoch': 0.78}
{'loss': 2.9022, 'grad_norm': 17.036346435546875, 'learning_rate': 2.6235972095844706e-05, 'epoch': 0.79}
{'loss': 2.8818, 'grad_norm': 2.581408977508545, 'learning_rate': 2.6387625113739767e-05, 'epoch': 0.79}
{'loss': 2.8422, 'grad_norm': 60.260459899902344, 'learning_rate': 2.653927813163482e-05, 'epoch': 0.8}
{'loss': 2.8378, 'grad_norm': 2.7612438201904297, 'learning_rate': 2.6690931149529874e-05, 'epoch': 0.8}
{'loss': 2.8341, 'grad_norm': 5.178414344787598, 'learning_rate': 2.6842584167424935e-05, 'epoch': 0.81}
{'loss': 2.8221, 'grad_norm': 3.243961811065674, 'learning_rate': 2.6994237185319988e-05, 'epoch': 0.81}
{'loss': 2.8178, 'grad_norm': 2.1418819427490234, 'learning_rate': 2.7145890203215045e-05, 'epoch': 0.81}
{'loss': 2.7734, 'grad_norm': 2.945061445236206, 'learning_rate': 2.72975432211101e-05, 'epoch': 0.82}
{'loss': 2.7974, 'grad_norm': 2.6366398334503174, 'learning_rate': 2.744919623900516e-05, 'epoch': 0.82}
{'loss': 2.7921, 'grad_norm': 3.020739793777466, 'learning_rate': 2.7600849256900213e-05, 'epoch': 0.83}
{'loss': 2.7594, 'grad_norm': 2.2677183151245117, 'learning_rate': 2.7752502274795274e-05, 'epoch': 0.83}
{'loss': 2.729, 'grad_norm': 2.3795619010925293, 'learning_rate': 2.7904155292690327e-05, 'epoch': 0.84}
{'loss': 2.7649, 'grad_norm': 5.047196388244629, 'learning_rate': 2.805580831058538e-05, 'epoch': 0.84}
{'loss': 2.7322, 'grad_norm': 1.863673448562622, 'learning_rate': 2.8207461328480438e-05, 'epoch': 0.85}
{'loss': 2.6873, 'grad_norm': 2.174316167831421, 'learning_rate': 2.835911434637549e-05, 'epoch': 0.85}
{'loss': 2.7071, 'grad_norm': 2.04599666595459, 'learning_rate': 2.8510767364270552e-05, 'epoch': 0.86}
{'loss': 2.6887, 'grad_norm': 2.292638063430786, 'learning_rate': 2.8662420382165606e-05, 'epoch': 0.86}
{'loss': 2.6958, 'grad_norm': 2.198892593383789, 'learning_rate': 2.8814073400060666e-05, 'epoch': 0.86}
{'loss': 2.6541, 'grad_norm': 2.035229444503784, 'learning_rate': 2.896572641795572e-05, 'epoch': 0.87}
{'loss': 2.6272, 'grad_norm': 2.390178680419922, 'learning_rate': 2.9117379435850774e-05, 'epoch': 0.87}
{'loss': 2.6268, 'grad_norm': 2.190739870071411, 'learning_rate': 2.926903245374583e-05, 'epoch': 0.88}
{'loss': 2.6071, 'grad_norm': 2.5038130283355713, 'learning_rate': 2.9420685471640884e-05, 'epoch': 0.88}
{'loss': 2.6052, 'grad_norm': 1.900539755821228, 'learning_rate': 2.9572338489535945e-05, 'epoch': 0.89}
{'loss': 2.5901, 'grad_norm': 2.4210124015808105, 'learning_rate': 2.9723991507431e-05, 'epoch': 0.89}
{'loss': 2.5861, 'grad_norm': 2.133653402328491, 'learning_rate': 2.987564452532606e-05, 'epoch': 0.9}
{'loss': 2.5767, 'grad_norm': 2.124715566635132, 'learning_rate': 3.0027297543221113e-05, 'epoch': 0.9}
{'loss': 2.5568, 'grad_norm': 1.8316911458969116, 'learning_rate': 3.0178950561116166e-05, 'epoch': 0.91}
{'loss': 2.5331, 'grad_norm': 1.869348406791687, 'learning_rate': 3.0330603579011223e-05, 'epoch': 0.91}
pred : or don't in the prosecution of harris a serious person is opened his run by a pressing the nerves the nostrils the most innocent and harmonious of the spectators
label: ardent in the prosecution of heresy cyril auspiciously opened his reign by oppressing the novatians the most innocent and harmless of the sectaries
pred : without any legal sentence without any real mind at the tribunal or court the den of dulcie said i should assist to the attack of the senators
label: without any legal sentence without any royal mandate the patriarch at the dawn of day led a seditious multitude to the attack of the synagogues
pred : such cries would have deserted the enemy said sir rogeron of the magistrate but in this process we saw straight rather an instant we confounded with the gallant and algos and roger was impressed by the loss of a wealth and in distress a scullery no no
label: such crimes would have deserved the animadversion of the magistrate but in this promiscuous outrage the innocent were confounded with the guilty and alexandria was impoverished by the loss of a wealthy and industrious colony
pred : or don't in the prosecution of harris a serious person is opened his run by a pressing the nerves the nostrils the most innocent and harmonious of the spectators
label: ardent in the prosecution of heresy cyril auspiciously opened his reign by oppressing the novatians the most innocent and harmless of the sectaries
pred : without any legal sentence without any real mind at the tribunal or court the den of dulcie said i should assist to the attack of the senators
label: without any legal sentence without any royal mandate the patriarch at the dawn of day led a seditious multitude to the attack of the synagogues
pred : such cries would have deserted the enemy said sir rogeron of the magistrate but in this process we saw straight rather an instant we confounded with the gallant and algos and roger was impressed by the loss of a wealth and in distress a scullery no no
label: such crimes would have deserved the animadversion of the magistrate but in this promiscuous outrage the innocent were confounded with the guilty and alexandria was impoverished by the loss of a wealthy and industrious colony
pred : or don't in the prosecution of harris a serious person is opened his run by a pressing the nerves the nostrils the most innocent and harmonious of the spectators
label: ardent in the prosecution of heresy cyril auspiciously opened his reign by oppressing the novatians the most innocent and harmless of the sectaries
pred : without any legal sentence without any real mind at the tribunal or court the den of dulcie said i should assist to the attack of the senators
label: without any legal sentence without any royal mandate the patriarch at the dawn of day led a seditious multitude to the attack of the synagogues
pred : such cries would have deserted the enemy said sir rogeron of the magistrate but in this process we saw straight rather an instant we confounded with the gallant and algos and roger was impressed by the loss of a wealth and in distress a scullery no no
label: such crimes would have deserved the animadversion of the magistrate but in this promiscuous outrage the innocent were confounded with the guilty and alexandria was impoverished by the loss of a wealthy and industrious colony
pred : or don't in the prosecution of harris a serious person is opened his run by a pressing the nerves the nostrils the most innocent and harmonious of the spectators
label: ardent in the prosecution of heresy cyril auspiciously opened his reign by oppressing the novatians the most innocent and harmless of the sectaries
pred : without any legal sentence without any real mind at the tribunal or court the den of dulcie said i should assist to the attack of the senators
label: without any legal sentence without any royal mandate the patriarch at the dawn of day led a seditious multitude to the attack of the synagogues
pred : such cries would have deserted the enemy said sir rogeron of the magistrate but in this process we saw straight rather an instant we confounded with the gallant and algos and roger was impressed by the loss of a wealth and in distress a scullery no no
label: such crimes would have deserved the animadversion of the magistrate but in this promiscuous outrage the innocent were confounded with the guilty and alexandria was impoverished by the loss of a wealthy and industrious colony
{'eval_loss': 2.372082471847534, 'eval_bleu': 54.63705200941365, 'eval_wer': 0.32266330084556766, 'eval_cer': 0.17289028660869815, 'eval_rouge1': 0.7390628621325861, 'eval_rouge2': 0.6171291857640657, 'eval_rougeL': 0.7366541220108739, 'eval_runtime': 105.1966, 'eval_samples_per_second': 52.92, 'eval_steps_per_second': 0.276, 'epoch': 0.91}
{'loss': 2.5411, 'grad_norm': 1.8035541772842407, 'learning_rate': 3.0482256596906277e-05, 'epoch': 0.91}
{'loss': 2.5275, 'grad_norm': 2.4366283416748047, 'learning_rate': 3.063390961480134e-05, 'epoch': 0.92}
{'loss': 2.5093, 'grad_norm': 2.4509456157684326, 'learning_rate': 3.078556263269639e-05, 'epoch': 0.92}
{'loss': 2.4895, 'grad_norm': 2.07673978805542, 'learning_rate': 3.093721565059145e-05, 'epoch': 0.93}
{'loss': 2.4855, 'grad_norm': 1.84937584400177, 'learning_rate': 3.1088868668486505e-05, 'epoch': 0.93}
{'loss': 2.4876, 'grad_norm': 1.7308690547943115, 'learning_rate': 3.1240521686381566e-05, 'epoch': 0.94}
{'loss': 2.4633, 'grad_norm': 2.1953701972961426, 'learning_rate': 3.139217470427662e-05, 'epoch': 0.94}
{'loss': 2.4272, 'grad_norm': 2.691401243209839, 'learning_rate': 3.154382772217167e-05, 'epoch': 0.95}
{'loss': 2.4353, 'grad_norm': 1.4654494524002075, 'learning_rate': 3.169548074006673e-05, 'epoch': 0.95}
{'loss': 2.4132, 'grad_norm': 20.935794830322266, 'learning_rate': 3.184713375796178e-05, 'epoch': 0.96}
{'loss': 2.4297, 'grad_norm': 2.118626356124878, 'learning_rate': 3.199878677585684e-05, 'epoch': 0.96}
{'loss': 2.4117, 'grad_norm': 1.7215282917022705, 'learning_rate': 3.2150439793751895e-05, 'epoch': 0.96}
{'loss': 2.3877, 'grad_norm': 1.8655993938446045, 'learning_rate': 3.2302092811646955e-05, 'epoch': 0.97}
{'loss': 2.3904, 'grad_norm': 3.5670461654663086, 'learning_rate': 3.245374582954201e-05, 'epoch': 0.97}
{'loss': 2.3831, 'grad_norm': 1.9849250316619873, 'learning_rate': 3.260539884743706e-05, 'epoch': 0.98}
{'loss': 2.3355, 'grad_norm': 2.663231611251831, 'learning_rate': 3.275705186533212e-05, 'epoch': 0.98}
{'loss': 2.3587, 'grad_norm': 1.6603881120681763, 'learning_rate': 3.2908704883227177e-05, 'epoch': 0.99}
{'loss': 2.324, 'grad_norm': 1.7508858442306519, 'learning_rate': 3.306035790112224e-05, 'epoch': 0.99}
{'loss': 2.3379, 'grad_norm': 1.5971693992614746, 'learning_rate': 3.321201091901729e-05, 'epoch': 1.0}
{'loss': 2.3129, 'grad_norm': 2.0256636142730713, 'learning_rate': 3.336366393691235e-05, 'epoch': 1.0}
{'loss': 2.3066, 'grad_norm': 1.6124846935272217, 'learning_rate': 3.3515316954807405e-05, 'epoch': 1.01}
{'loss': 2.2716, 'grad_norm': 1.7014707326889038, 'learning_rate': 3.366696997270246e-05, 'epoch': 1.01}
{'loss': 2.2742, 'grad_norm': 1.5324339866638184, 'learning_rate': 3.381862299059751e-05, 'epoch': 1.01}
{'loss': 2.2641, 'grad_norm': 1.765824556350708, 'learning_rate': 3.3970276008492566e-05, 'epoch': 1.02}
{'loss': 2.2535, 'grad_norm': 1.3810865879058838, 'learning_rate': 3.4121929026387626e-05, 'epoch': 1.02}
{'loss': 2.2519, 'grad_norm': 1.7635918855667114, 'learning_rate': 3.427358204428268e-05, 'epoch': 1.03}
{'loss': 2.2135, 'grad_norm': 1.6162033081054688, 'learning_rate': 3.442523506217774e-05, 'epoch': 1.03}
{'loss': 2.2342, 'grad_norm': 1.8487915992736816, 'learning_rate': 3.4576888080072794e-05, 'epoch': 1.04}
{'loss': 2.2266, 'grad_norm': 1.9448871612548828, 'learning_rate': 3.4728541097967855e-05, 'epoch': 1.04}
{'loss': 2.2103, 'grad_norm': 1.4754647016525269, 'learning_rate': 3.488019411586291e-05, 'epoch': 1.05}
{'loss': 2.2155, 'grad_norm': 1.6624470949172974, 'learning_rate': 3.503184713375796e-05, 'epoch': 1.05}
{'loss': 2.2005, 'grad_norm': 1.8534789085388184, 'learning_rate': 3.518350015165302e-05, 'epoch': 1.06}
{'loss': 2.1723, 'grad_norm': 1.4400551319122314, 'learning_rate': 3.5335153169548076e-05, 'epoch': 1.06}
{'loss': 2.1617, 'grad_norm': 1.609468936920166, 'learning_rate': 3.5486806187443136e-05, 'epoch': 1.06}
{'loss': 2.1554, 'grad_norm': 1.5331861972808838, 'learning_rate': 3.563845920533819e-05, 'epoch': 1.07}
{'loss': 2.1574, 'grad_norm': 1.4352166652679443, 'learning_rate': 3.5790112223233244e-05, 'epoch': 1.07}
{'loss': 2.1562, 'grad_norm': 1.3605798482894897, 'learning_rate': 3.59417652411283e-05, 'epoch': 1.08}
{'loss': 2.1479, 'grad_norm': 1.367275595664978, 'learning_rate': 3.609341825902335e-05, 'epoch': 1.08}
{'loss': 2.1419, 'grad_norm': 1.6307904720306396, 'learning_rate': 3.624507127691841e-05, 'epoch': 1.09}
{'loss': 2.1325, 'grad_norm': 1.7091578245162964, 'learning_rate': 3.6396724294813465e-05, 'epoch': 1.09}
{'loss': 2.1397, 'grad_norm': 1.4974682331085205, 'learning_rate': 3.6548377312708526e-05, 'epoch': 1.1}
{'loss': 2.1226, 'grad_norm': 1.6907765865325928, 'learning_rate': 3.670003033060358e-05, 'epoch': 1.1}
{'loss': 2.1097, 'grad_norm': 1.3827835321426392, 'learning_rate': 3.685168334849864e-05, 'epoch': 1.11}
{'loss': 2.0984, 'grad_norm': 1.5974360704421997, 'learning_rate': 3.7003336366393694e-05, 'epoch': 1.11}
{'loss': 2.0933, 'grad_norm': 1.4194391965866089, 'learning_rate': 3.715498938428875e-05, 'epoch': 1.11}
{'loss': 2.0942, 'grad_norm': 1.4360820055007935, 'learning_rate': 3.730664240218381e-05, 'epoch': 1.12}
{'loss': 2.0827, 'grad_norm': 1.9416025876998901, 'learning_rate': 3.745829542007886e-05, 'epoch': 1.12}
{'loss': 2.0863, 'grad_norm': 1.7084431648254395, 'learning_rate': 3.760994843797392e-05, 'epoch': 1.13}
{'loss': 2.078, 'grad_norm': 1.448180913925171, 'learning_rate': 3.7761601455868975e-05, 'epoch': 1.13}
{'loss': 2.0657, 'grad_norm': 1.5287463665008545, 'learning_rate': 3.791325447376403e-05, 'epoch': 1.14}
{'loss': 2.0599, 'grad_norm': 1.5603430271148682, 'learning_rate': 3.806490749165908e-05, 'epoch': 1.14}
{'loss': 2.0639, 'grad_norm': 1.3357540369033813, 'learning_rate': 3.821656050955414e-05, 'epoch': 1.15}
{'loss': 2.0566, 'grad_norm': 1.3043608665466309, 'learning_rate': 3.83682135274492e-05, 'epoch': 1.15}
{'loss': 2.0358, 'grad_norm': 1.3883789777755737, 'learning_rate': 3.851986654534425e-05, 'epoch': 1.16}
{'loss': 2.0461, 'grad_norm': 1.9890193939208984, 'learning_rate': 3.867151956323931e-05, 'epoch': 1.16}
{'loss': 2.0569, 'grad_norm': 1.7449010610580444, 'learning_rate': 3.8823172581134365e-05, 'epoch': 1.16}
{'loss': 2.0379, 'grad_norm': 1.6572295427322388, 'learning_rate': 3.8974825599029425e-05, 'epoch': 1.17}
{'loss': 2.0212, 'grad_norm': 1.3120008707046509, 'learning_rate': 3.912647861692448e-05, 'epoch': 1.17}
{'loss': 2.0149, 'grad_norm': 1.3018438816070557, 'learning_rate': 3.927813163481954e-05, 'epoch': 1.18}
{'loss': 2.0337, 'grad_norm': 1.2604079246520996, 'learning_rate': 3.942978465271459e-05, 'epoch': 1.18}
{'loss': 2.0288, 'grad_norm': 1.3765186071395874, 'learning_rate': 3.958143767060965e-05, 'epoch': 1.19}
{'loss': 2.0158, 'grad_norm': 1.346937894821167, 'learning_rate': 3.973309068850471e-05, 'epoch': 1.19}
{'loss': 1.9939, 'grad_norm': 1.2509526014328003, 'learning_rate': 3.988474370639976e-05, 'epoch': 1.2}
{'loss': 2.0081, 'grad_norm': 1.459855079650879, 'learning_rate': 4.0036396724294815e-05, 'epoch': 1.2}
{'loss': 1.9846, 'grad_norm': 1.5625195503234863, 'learning_rate': 4.018804974218987e-05, 'epoch': 1.21}
{'loss': 1.9761, 'grad_norm': 1.332942247390747, 'learning_rate': 4.033970276008493e-05, 'epoch': 1.21}
{'loss': 1.9866, 'grad_norm': 1.698962926864624, 'learning_rate': 4.049135577797998e-05, 'epoch': 1.21}
{'loss': 1.978, 'grad_norm': 1.4416687488555908, 'learning_rate': 4.0643008795875036e-05, 'epoch': 1.22}
{'loss': 1.9646, 'grad_norm': 1.6171197891235352, 'learning_rate': 4.0794661813770096e-05, 'epoch': 1.22}
{'loss': 1.9688, 'grad_norm': 1.597983956336975, 'learning_rate': 4.094631483166515e-05, 'epoch': 1.23}
{'loss': 1.9568, 'grad_norm': 1.3023446798324585, 'learning_rate': 4.109796784956021e-05, 'epoch': 1.23}
{'loss': 1.9617, 'grad_norm': 1.2505061626434326, 'learning_rate': 4.1249620867455264e-05, 'epoch': 1.24}
{'loss': 1.949, 'grad_norm': 1.1429195404052734, 'learning_rate': 4.1401273885350325e-05, 'epoch': 1.24}
{'loss': 1.9588, 'grad_norm': 1.475287675857544, 'learning_rate': 4.155292690324538e-05, 'epoch': 1.25}
{'loss': 1.9357, 'grad_norm': 1.2933248281478882, 'learning_rate': 4.170457992114043e-05, 'epoch': 1.25}
{'loss': 1.9464, 'grad_norm': 1.2920002937316895, 'learning_rate': 4.1856232939035486e-05, 'epoch': 1.26}
{'loss': 1.9402, 'grad_norm': 1.732539415359497, 'learning_rate': 4.200788595693054e-05, 'epoch': 1.26}
{'loss': 1.938, 'grad_norm': 1.5650839805603027, 'learning_rate': 4.21595389748256e-05, 'epoch': 1.26}
{'loss': 1.9347, 'grad_norm': 1.8334616422653198, 'learning_rate': 4.2311191992720654e-05, 'epoch': 1.27}
{'loss': 1.9274, 'grad_norm': 1.1533135175704956, 'learning_rate': 4.2462845010615714e-05, 'epoch': 1.27}
{'loss': 1.923, 'grad_norm': 1.3466672897338867, 'learning_rate': 4.261449802851077e-05, 'epoch': 1.28}
{'loss': 1.9213, 'grad_norm': 1.2773381471633911, 'learning_rate': 4.276615104640583e-05, 'epoch': 1.28}
{'loss': 1.9059, 'grad_norm': 1.4529868364334106, 'learning_rate': 4.291780406430088e-05, 'epoch': 1.29}
{'loss': 1.8986, 'grad_norm': 11.690855979919434, 'learning_rate': 4.3069457082195936e-05, 'epoch': 1.29}
{'loss': 1.8952, 'grad_norm': 1.3898478746414185, 'learning_rate': 4.3221110100090996e-05, 'epoch': 1.3}
{'loss': 1.9071, 'grad_norm': 8.674757957458496, 'learning_rate': 4.337276311798605e-05, 'epoch': 1.3}
{'loss': 1.9069, 'grad_norm': 1.5802878141403198, 'learning_rate': 4.352441613588111e-05, 'epoch': 1.31}
{'loss': 1.894, 'grad_norm': 1.8621668815612793, 'learning_rate': 4.3676069153776164e-05, 'epoch': 1.31}
{'loss': 1.8917, 'grad_norm': 3.2230677604675293, 'learning_rate': 4.382772217167122e-05, 'epoch': 1.31}
{'loss': 1.9028, 'grad_norm': 3.4979960918426514, 'learning_rate': 4.397937518956627e-05, 'epoch': 1.32}
{'loss': 1.8884, 'grad_norm': 1.671796441078186, 'learning_rate': 4.4131028207461325e-05, 'epoch': 1.32}
{'loss': 1.8986, 'grad_norm': 3.391331195831299, 'learning_rate': 4.4282681225356385e-05, 'epoch': 1.33}
{'loss': 1.884, 'grad_norm': 8.721541404724121, 'learning_rate': 4.443433424325144e-05, 'epoch': 1.33}
{'loss': 1.8874, 'grad_norm': 2.1425182819366455, 'learning_rate': 4.45859872611465e-05, 'epoch': 1.34}
{'loss': 1.8955, 'grad_norm': 1.7923212051391602, 'learning_rate': 4.473764027904155e-05, 'epoch': 1.34}
{'loss': 1.9075, 'grad_norm': 4.110588550567627, 'learning_rate': 4.4889293296936614e-05, 'epoch': 1.35}
{'loss': 1.8969, 'grad_norm': 2.1274631023406982, 'learning_rate': 4.504094631483167e-05, 'epoch': 1.35}
{'loss': 1.9878, 'grad_norm': 14.919759750366211, 'learning_rate': 4.519259933272673e-05, 'epoch': 1.36}
{'loss': 2.0267, 'grad_norm': 39.255367279052734, 'learning_rate': 4.534425235062178e-05, 'epoch': 1.36}
{'loss': 1.8938, 'grad_norm': 1.2883186340332031, 'learning_rate': 4.5495905368516835e-05, 'epoch': 1.36}
{'loss': 1.8747, 'grad_norm': 1.9877254962921143, 'learning_rate': 4.5647558386411895e-05, 'epoch': 1.37}
{'loss': 1.8969, 'grad_norm': 1.6952145099639893, 'learning_rate': 4.579921140430695e-05, 'epoch': 1.37}
{'loss': 1.8675, 'grad_norm': 70.01321411132812, 'learning_rate': 4.5950864422202e-05, 'epoch': 1.38}
{'loss': 1.8845, 'grad_norm': 10.532031059265137, 'learning_rate': 4.6102517440097056e-05, 'epoch': 1.38}
{'loss': 1.8666, 'grad_norm': 53.86438751220703, 'learning_rate': 4.625417045799212e-05, 'epoch': 1.39}
{'loss': 1.8637, 'grad_norm': 1.7801203727722168, 'learning_rate': 4.640582347588717e-05, 'epoch': 1.39}
{'loss': 1.8607, 'grad_norm': 2.130495309829712, 'learning_rate': 4.6557476493782224e-05, 'epoch': 1.4}
{'loss': 1.8705, 'grad_norm': 2.00211238861084, 'learning_rate': 4.6709129511677285e-05, 'epoch': 1.4}
{'loss': 1.8647, 'grad_norm': 2.6553142070770264, 'learning_rate': 4.686078252957234e-05, 'epoch': 1.41}
{'loss': 1.86, 'grad_norm': 1.099668264389038, 'learning_rate': 4.70124355474674e-05, 'epoch': 1.41}
{'loss': 1.8492, 'grad_norm': 4.939958572387695, 'learning_rate': 4.716408856536245e-05, 'epoch': 1.41}
{'loss': 1.8565, 'grad_norm': 1.4494967460632324, 'learning_rate': 4.731574158325751e-05, 'epoch': 1.42}
{'loss': 1.8605, 'grad_norm': 1.3130263090133667, 'learning_rate': 4.746739460115257e-05, 'epoch': 1.42}
{'loss': 1.8552, 'grad_norm': 1.0516822338104248, 'learning_rate': 4.761904761904762e-05, 'epoch': 1.43}
{'loss': 1.8415, 'grad_norm': 4.447800636291504, 'learning_rate': 4.777070063694268e-05, 'epoch': 1.43}
{'loss': 1.8453, 'grad_norm': 1.1712636947631836, 'learning_rate': 4.7922353654837734e-05, 'epoch': 1.44}
{'loss': 1.8563, 'grad_norm': 1.1288882493972778, 'learning_rate': 4.807400667273279e-05, 'epoch': 1.44}
{'loss': 1.8449, 'grad_norm': 1.1618521213531494, 'learning_rate': 4.822565969062784e-05, 'epoch': 1.45}
{'loss': 1.8324, 'grad_norm': 1.328012466430664, 'learning_rate': 4.83773127085229e-05, 'epoch': 1.45}
{'loss': 1.8377, 'grad_norm': 0.9344562888145447, 'learning_rate': 4.8528965726417956e-05, 'epoch': 1.46}
{'loss': 1.832, 'grad_norm': 3.4430575370788574, 'learning_rate': 4.8680618744313016e-05, 'epoch': 1.46}
{'loss': 1.8355, 'grad_norm': 1.9324625730514526, 'learning_rate': 4.883227176220807e-05, 'epoch': 1.46}
{'loss': 1.8226, 'grad_norm': 5.529649257659912, 'learning_rate': 4.8983924780103124e-05, 'epoch': 1.47}
{'loss': 1.8347, 'grad_norm': 1.0510963201522827, 'learning_rate': 4.9135577797998184e-05, 'epoch': 1.47}
{'loss': 1.8338, 'grad_norm': 1.7955924272537231, 'learning_rate': 4.928723081589324e-05, 'epoch': 1.48}
{'loss': 1.8248, 'grad_norm': 1.0068477392196655, 'learning_rate': 4.94388838337883e-05, 'epoch': 1.48}
{'loss': 1.8213, 'grad_norm': 1.2028692960739136, 'learning_rate': 4.959053685168335e-05, 'epoch': 1.49}
{'loss': 1.8176, 'grad_norm': 1.236228585243225, 'learning_rate': 4.974218986957841e-05, 'epoch': 1.49}
{'loss': 1.8352, 'grad_norm': 1.5639384984970093, 'learning_rate': 4.9893842887473466e-05, 'epoch': 1.5}
{'loss': 1.8201, 'grad_norm': 6.996374607086182, 'learning_rate': 5.004549590536852e-05, 'epoch': 1.5}
{'loss': 1.8136, 'grad_norm': 1.3186630010604858, 'learning_rate': 5.0197148923263574e-05, 'epoch': 1.51}
{'loss': 1.8139, 'grad_norm': 0.9886510968208313, 'learning_rate': 5.034880194115863e-05, 'epoch': 1.51}
{'loss': 1.8157, 'grad_norm': 0.9936830997467041, 'learning_rate': 5.050045495905369e-05, 'epoch': 1.52}
{'loss': 1.8206, 'grad_norm': 1.156686544418335, 'learning_rate': 5.065210797694875e-05, 'epoch': 1.52}
{'loss': 1.8194, 'grad_norm': 1.3979802131652832, 'learning_rate': 5.0803760994843795e-05, 'epoch': 1.52}
{'loss': 1.8132, 'grad_norm': 1.1344305276870728, 'learning_rate': 5.0955414012738855e-05, 'epoch': 1.53}
{'loss': 1.8092, 'grad_norm': 1.0765855312347412, 'learning_rate': 5.1107067030633916e-05, 'epoch': 1.53}
{'loss': 1.8031, 'grad_norm': 1.1804872751235962, 'learning_rate': 5.125872004852896e-05, 'epoch': 1.54}
{'loss': 1.7971, 'grad_norm': 1.274366855621338, 'learning_rate': 5.141037306642402e-05, 'epoch': 1.54}
{'loss': 1.8024, 'grad_norm': 1.529060959815979, 'learning_rate': 5.1562026084319084e-05, 'epoch': 1.55}
{'loss': 1.8028, 'grad_norm': 1.4534056186676025, 'learning_rate': 5.1713679102214144e-05, 'epoch': 1.55}
{'loss': 1.7983, 'grad_norm': 0.9662547707557678, 'learning_rate': 5.186533212010919e-05, 'epoch': 1.56}
{'loss': 1.7926, 'grad_norm': 1.4621801376342773, 'learning_rate': 5.201698513800425e-05, 'epoch': 1.56}
{'loss': 1.7884, 'grad_norm': 1.140648365020752, 'learning_rate': 5.2168638155899305e-05, 'epoch': 1.57}
{'loss': 1.8039, 'grad_norm': 1.3758774995803833, 'learning_rate': 5.232029117379436e-05, 'epoch': 1.57}
{'loss': 1.7892, 'grad_norm': 1.7284948825836182, 'learning_rate': 5.247194419168941e-05, 'epoch': 1.57}
{'loss': 1.785, 'grad_norm': 2.2904162406921387, 'learning_rate': 5.262359720958447e-05, 'epoch': 1.58}
{'loss': 1.7859, 'grad_norm': 1.1008732318878174, 'learning_rate': 5.2775250227479533e-05, 'epoch': 1.58}
{'loss': 1.774, 'grad_norm': 1.0714949369430542, 'learning_rate': 5.292690324537458e-05, 'epoch': 1.59}
{'loss': 1.7684, 'grad_norm': 1.1445573568344116, 'learning_rate': 5.307855626326964e-05, 'epoch': 1.59}
{'loss': 1.7762, 'grad_norm': 1.0638989210128784, 'learning_rate': 5.32302092811647e-05, 'epoch': 1.6}
{'loss': 1.7763, 'grad_norm': 1.410080075263977, 'learning_rate': 5.338186229905975e-05, 'epoch': 1.6}
{'loss': 1.7658, 'grad_norm': 0.9842842221260071, 'learning_rate': 5.353351531695481e-05, 'epoch': 1.61}
{'loss': 1.7724, 'grad_norm': 1.0162652730941772, 'learning_rate': 5.368516833484987e-05, 'epoch': 1.61}
{'loss': 1.7692, 'grad_norm': 3.1220266819000244, 'learning_rate': 5.383682135274492e-05, 'epoch': 1.62}
{'loss': 1.7671, 'grad_norm': 1.1729910373687744, 'learning_rate': 5.3988474370639976e-05, 'epoch': 1.62}
{'loss': 1.751, 'grad_norm': 0.8810904026031494, 'learning_rate': 5.414012738853504e-05, 'epoch': 1.62}
{'loss': 1.7728, 'grad_norm': 1.3018248081207275, 'learning_rate': 5.429178040643009e-05, 'epoch': 1.63}
{'loss': 1.7607, 'grad_norm': 1.7005387544631958, 'learning_rate': 5.444343342432515e-05, 'epoch': 1.63}
{'loss': 1.7509, 'grad_norm': 1.3818522691726685, 'learning_rate': 5.45950864422202e-05, 'epoch': 1.64}
{'loss': 1.779, 'grad_norm': 2.518293857574463, 'learning_rate': 5.474673946011526e-05, 'epoch': 1.64}
{'loss': 1.7594, 'grad_norm': 0.9944120049476624, 'learning_rate': 5.489839247801032e-05, 'epoch': 1.65}
{'loss': 1.7504, 'grad_norm': 1.3294697999954224, 'learning_rate': 5.5050045495905366e-05, 'epoch': 1.65}
{'loss': 1.7568, 'grad_norm': 1.0500198602676392, 'learning_rate': 5.5201698513800426e-05, 'epoch': 1.66}
{'loss': 1.7467, 'grad_norm': 1.4778685569763184, 'learning_rate': 5.535335153169549e-05, 'epoch': 1.66}
{'loss': 1.7536, 'grad_norm': 1.1145154237747192, 'learning_rate': 5.550500454959055e-05, 'epoch': 1.67}
{'loss': 1.7486, 'grad_norm': 1.1179152727127075, 'learning_rate': 5.5656657567485594e-05, 'epoch': 1.67}
{'loss': 1.7497, 'grad_norm': 1.0267589092254639, 'learning_rate': 5.5808310585380654e-05, 'epoch': 1.67}
{'loss': 1.7424, 'grad_norm': 1.1575614213943481, 'learning_rate': 5.595996360327571e-05, 'epoch': 1.68}
{'loss': 1.7381, 'grad_norm': 0.892923891544342, 'learning_rate': 5.611161662117076e-05, 'epoch': 1.68}
{'loss': 1.7336, 'grad_norm': 1.3161797523498535, 'learning_rate': 5.6263269639065815e-05, 'epoch': 1.69}
{'loss': 1.7416, 'grad_norm': 0.8828836679458618, 'learning_rate': 5.6414922656960876e-05, 'epoch': 1.69}
{'loss': 1.7437, 'grad_norm': 1.019996166229248, 'learning_rate': 5.6566575674855936e-05, 'epoch': 1.7}
{'loss': 1.7308, 'grad_norm': 1.184261679649353, 'learning_rate': 5.671822869275098e-05, 'epoch': 1.7}
{'loss': 1.7323, 'grad_norm': 1.174694299697876, 'learning_rate': 5.6869881710646044e-05, 'epoch': 1.71}
{'loss': 1.7344, 'grad_norm': 1.115950584411621, 'learning_rate': 5.7021534728541104e-05, 'epoch': 1.71}
{'loss': 1.7269, 'grad_norm': 1.3796746730804443, 'learning_rate': 5.717318774643615e-05, 'epoch': 1.72}
{'loss': 1.7288, 'grad_norm': 31.876399993896484, 'learning_rate': 5.732484076433121e-05, 'epoch': 1.72}
{'loss': 1.7365, 'grad_norm': 0.8169428110122681, 'learning_rate': 5.747649378222627e-05, 'epoch': 1.72}
{'loss': 1.7304, 'grad_norm': 1.0584561824798584, 'learning_rate': 5.762814680012133e-05, 'epoch': 1.73}
{'loss': 1.7234, 'grad_norm': 0.977418839931488, 'learning_rate': 5.777979981801638e-05, 'epoch': 1.73}
{'loss': 1.7226, 'grad_norm': 1.97810697555542, 'learning_rate': 5.793145283591144e-05, 'epoch': 1.74}
{'loss': 1.7144, 'grad_norm': 2.6033830642700195, 'learning_rate': 5.8083105853806493e-05, 'epoch': 1.74}
{'loss': 1.7301, 'grad_norm': 0.9218994379043579, 'learning_rate': 5.823475887170155e-05, 'epoch': 1.75}
{'loss': 1.7296, 'grad_norm': 1.4599816799163818, 'learning_rate': 5.83864118895966e-05, 'epoch': 1.75}
{'loss': 1.7189, 'grad_norm': 0.9880028963088989, 'learning_rate': 5.853806490749166e-05, 'epoch': 1.76}
{'loss': 1.721, 'grad_norm': 2.483476161956787, 'learning_rate': 5.868971792538672e-05, 'epoch': 1.76}
{'loss': 1.722, 'grad_norm': 1.2887136936187744, 'learning_rate': 5.884137094328177e-05, 'epoch': 1.77}
{'loss': 1.7188, 'grad_norm': 6.0923333168029785, 'learning_rate': 5.899302396117683e-05, 'epoch': 1.77}
{'loss': 1.7163, 'grad_norm': 1.5062857866287231, 'learning_rate': 5.914467697907189e-05, 'epoch': 1.77}
{'loss': 1.7207, 'grad_norm': 0.9794002771377563, 'learning_rate': 5.9296329996966936e-05, 'epoch': 1.78}
{'loss': 1.714, 'grad_norm': 1.4626668691635132, 'learning_rate': 5.9447983014862e-05, 'epoch': 1.78}
{'loss': 1.7162, 'grad_norm': 1.2507554292678833, 'learning_rate': 5.959963603275706e-05, 'epoch': 1.79}
{'loss': 1.694, 'grad_norm': 0.8760943412780762, 'learning_rate': 5.975128905065212e-05, 'epoch': 1.79}
{'loss': 1.702, 'grad_norm': 1.0846444368362427, 'learning_rate': 5.9902942068547165e-05, 'epoch': 1.8}
{'loss': 1.7049, 'grad_norm': 0.9235484600067139, 'learning_rate': 6.0054595086442225e-05, 'epoch': 1.8}
{'loss': 1.7058, 'grad_norm': 0.9075576663017273, 'learning_rate': 6.020624810433728e-05, 'epoch': 1.81}
{'loss': 1.7038, 'grad_norm': 1.9721636772155762, 'learning_rate': 6.035790112223233e-05, 'epoch': 1.81}
{'loss': 1.6938, 'grad_norm': 0.9455337524414062, 'learning_rate': 6.0509554140127386e-05, 'epoch': 1.82}
{'loss': 1.6988, 'grad_norm': 1.886609673500061, 'learning_rate': 6.066120715802245e-05, 'epoch': 1.82}
pred : apparently in the prosecution of heresius cyril especilius opened his reign by oppressing the navations the most innocent and harmless of the sectaries
label: ardent in the prosecution of heresy cyril auspiciously opened his reign by oppressing the novatians the most innocent and harmless of the sectaries
pred : without any legal sentence without any royal mandate the patriarch at the dawn of day led a seditious multitude to the attack of the cynagogs
label: without any legal sentence without any royal mandate the patriarch at the dawn of day led a seditious multitude to the attack of the synagogues
pred : such crimes would have deserved the animadescence of the magistrate but in this promiscuous outrage the innocent were confounded with the guilty and alexandria was improved by the loss of a wealthy and industrious colony
label: such crimes would have deserved the animadversion of the magistrate but in this promiscuous outrage the innocent were confounded with the guilty and alexandria was impoverished by the loss of a wealthy and industrious colony
pred : apparently in the prosecution of heresius cyril especilius opened his reign by oppressing the navations the most innocent and harmless of the sectaries
label: ardent in the prosecution of heresy cyril auspiciously opened his reign by oppressing the novatians the most innocent and harmless of the sectaries
pred : without any legal sentence without any royal mandate the patriarch at the dawn of day led a seditious multitude to the attack of the cynagogs
pred :label:  apparently in the prosecution of heresius cyril especilius opened his reign by oppressing the navations the most innocent and harmless of the sectarieswithout any legal sentence without any royal mandate the patriarch at the dawn of day led a seditious multitude to the attack of the synagogues

label:pred :  ardent in the prosecution of heresy cyril auspiciously opened his reign by oppressing the novatians the most innocent and harmless of the sectariessuch crimes would have deserved the animadescence of the magistrate but in this promiscuous outrage the innocent were confounded with the guilty and alexandria was improved by the loss of a wealthy and industrious colony

pred :label:  without any legal sentence without any royal mandate the patriarch at the dawn of day led a seditious multitude to the attack of the cynagogssuch crimes would have deserved the animadversion of the magistrate but in this promiscuous outrage the innocent were confounded with the guilty and alexandria was impoverished by the loss of a wealthy and industrious colony

label: without any legal sentence without any royal mandate the patriarch at the dawn of day led a seditious multitude to the attack of the synagogues
pred : such crimes would have deserved the animadescence of the magistrate but in this promiscuous outrage the innocent were confounded with the guilty and alexandria was improved by the loss of a wealthy and industrious colony
label: such crimes would have deserved the animadversion of the magistrate but in this promiscuous outrage the innocent were confounded with the guilty and alexandria was impoverished by the loss of a wealthy and industrious colony
pred : apparently in the prosecution of heresius cyril especilius opened his reign by oppressing the navations the most innocent and harmless of the sectaries
label: ardent in the prosecution of heresy cyril auspiciously opened his reign by oppressing the novatians the most innocent and harmless of the sectaries
pred : without any legal sentence without any royal mandate the patriarch at the dawn of day led a seditious multitude to the attack of the cynagogs
label: without any legal sentence without any royal mandate the patriarch at the dawn of day led a seditious multitude to the attack of the synagogues
pred : such crimes would have deserved the animadescence of the magistrate but in this promiscuous outrage the innocent were confounded with the guilty and alexandria was improved by the loss of a wealthy and industrious colony
label: such crimes would have deserved the animadversion of the magistrate but in this promiscuous outrage the innocent were confounded with the guilty and alexandria was impoverished by the loss of a wealthy and industrious colony
{'eval_loss': 1.7523778676986694, 'eval_bleu': 92.22655800025073, 'eval_wer': 0.042240422119518284, 'eval_cer': 0.021263934621335343, 'eval_rouge1': 0.9609164855335006, 'eval_rouge2': 0.9322838175580244, 'eval_rougeL': 0.9608144159151423, 'eval_runtime': 97.7011, 'eval_samples_per_second': 56.98, 'eval_steps_per_second': 0.297, 'epoch': 1.82}
{'loss': 1.7038, 'grad_norm': 1.2016048431396484, 'learning_rate': 6.081286017591751e-05, 'epoch': 1.82}
{'loss': 1.7099, 'grad_norm': 0.9063523411750793, 'learning_rate': 6.0964513193812554e-05, 'epoch': 1.83}
{'loss': 1.6981, 'grad_norm': 0.9536076188087463, 'learning_rate': 6.111616621170762e-05, 'epoch': 1.83}
{'loss': 1.7058, 'grad_norm': 0.7401590943336487, 'learning_rate': 6.126781922960267e-05, 'epoch': 1.84}
{'loss': 1.6913, 'grad_norm': 1.053438663482666, 'learning_rate': 6.141947224749773e-05, 'epoch': 1.84}
{'loss': 1.6969, 'grad_norm': 1.0792901515960693, 'learning_rate': 6.157112526539278e-05, 'epoch': 1.85}
{'loss': 1.697, 'grad_norm': 2.445347547531128, 'learning_rate': 6.172277828328784e-05, 'epoch': 1.85}
{'loss': 1.6813, 'grad_norm': 0.7855082750320435, 'learning_rate': 6.18744313011829e-05, 'epoch': 1.86}
{'loss': 1.6903, 'grad_norm': 4.978554725646973, 'learning_rate': 6.202608431907794e-05, 'epoch': 1.86}
{'loss': 1.6928, 'grad_norm': 1.0954076051712036, 'learning_rate': 6.217773733697301e-05, 'epoch': 1.87}
{'loss': 1.6965, 'grad_norm': 0.6219043135643005, 'learning_rate': 6.232939035486806e-05, 'epoch': 1.87}
{'loss': 1.6872, 'grad_norm': 0.834663450717926, 'learning_rate': 6.248104337276313e-05, 'epoch': 1.87}
{'loss': 1.6873, 'grad_norm': 0.8048253655433655, 'learning_rate': 6.263269639065817e-05, 'epoch': 1.88}
{'loss': 1.6842, 'grad_norm': 1.081230640411377, 'learning_rate': 6.278434940855324e-05, 'epoch': 1.88}
{'loss': 1.676, 'grad_norm': 0.8482726812362671, 'learning_rate': 6.293600242644829e-05, 'epoch': 1.89}
{'loss': 1.6845, 'grad_norm': 1.8897993564605713, 'learning_rate': 6.308765544434335e-05, 'epoch': 1.89}
{'loss': 1.6893, 'grad_norm': 0.8017785549163818, 'learning_rate': 6.32393084622384e-05, 'epoch': 1.9}
{'loss': 1.6845, 'grad_norm': 0.9661427736282349, 'learning_rate': 6.339096148013345e-05, 'epoch': 1.9}
{'loss': 1.6791, 'grad_norm': 1.0201724767684937, 'learning_rate': 6.354261449802852e-05, 'epoch': 1.91}
{'loss': 1.6716, 'grad_norm': 1.5240583419799805, 'learning_rate': 6.369426751592356e-05, 'epoch': 1.91}
{'loss': 1.6763, 'grad_norm': 1.5759447813034058, 'learning_rate': 6.384592053381863e-05, 'epoch': 1.92}
{'loss': 1.6822, 'grad_norm': 0.9733331203460693, 'learning_rate': 6.399757355171368e-05, 'epoch': 1.92}
{'loss': 1.6824, 'grad_norm': 6.962587833404541, 'learning_rate': 6.414922656960874e-05, 'epoch': 1.92}
{'loss': 1.6798, 'grad_norm': 1.018173336982727, 'learning_rate': 6.430087958750379e-05, 'epoch': 1.93}
{'loss': 1.6736, 'grad_norm': 0.9738544821739197, 'learning_rate': 6.445253260539886e-05, 'epoch': 1.93}
{'loss': 1.683, 'grad_norm': 1.1486048698425293, 'learning_rate': 6.460418562329391e-05, 'epoch': 1.94}
{'loss': 1.6789, 'grad_norm': 0.7959871888160706, 'learning_rate': 6.475583864118896e-05, 'epoch': 1.94}
{'loss': 1.6889, 'grad_norm': 0.7693890929222107, 'learning_rate': 6.490749165908402e-05, 'epoch': 1.95}
{'loss': 1.6788, 'grad_norm': 1.576151967048645, 'learning_rate': 6.505914467697908e-05, 'epoch': 1.95}
{'loss': 1.6732, 'grad_norm': 1.1640822887420654, 'learning_rate': 6.521079769487412e-05, 'epoch': 1.96}
{'loss': 1.6701, 'grad_norm': 0.8419948816299438, 'learning_rate': 6.536245071276919e-05, 'epoch': 1.96}
{'loss': 1.6607, 'grad_norm': 0.8898138999938965, 'learning_rate': 6.551410373066425e-05, 'epoch': 1.97}
{'loss': 1.6563, 'grad_norm': 0.7787410616874695, 'learning_rate': 6.56657567485593e-05, 'epoch': 1.97}
{'loss': 1.6777, 'grad_norm': 3.1051158905029297, 'learning_rate': 6.581740976645435e-05, 'epoch': 1.97}
{'loss': 1.6679, 'grad_norm': 1.1129345893859863, 'learning_rate': 6.59690627843494e-05, 'epoch': 1.98}
{'loss': 1.6692, 'grad_norm': 2.1570956707000732, 'learning_rate': 6.612071580224447e-05, 'epoch': 1.98}
{'loss': 1.6706, 'grad_norm': 3.4892585277557373, 'learning_rate': 6.627236882013951e-05, 'epoch': 1.99}
{'loss': 1.672, 'grad_norm': 1.0507099628448486, 'learning_rate': 6.642402183803458e-05, 'epoch': 1.99}
{'loss': 1.6583, 'grad_norm': 0.7437237501144409, 'learning_rate': 6.657567485592963e-05, 'epoch': 2.0}
{'loss': 1.6571, 'grad_norm': 1.339459776878357, 'learning_rate': 6.67273278738247e-05, 'epoch': 2.0}
{'loss': 1.6532, 'grad_norm': 0.7240363955497742, 'learning_rate': 6.687898089171974e-05, 'epoch': 2.01}
{'loss': 1.6432, 'grad_norm': 0.8669250011444092, 'learning_rate': 6.703063390961481e-05, 'epoch': 2.01}
{'loss': 1.6369, 'grad_norm': 0.8319801092147827, 'learning_rate': 6.718228692750986e-05, 'epoch': 2.02}
{'loss': 1.6531, 'grad_norm': 14.40754222869873, 'learning_rate': 6.733393994540492e-05, 'epoch': 2.02}
{'loss': 1.6485, 'grad_norm': 0.9781833291053772, 'learning_rate': 6.748559296329997e-05, 'epoch': 2.02}
{'loss': 1.6457, 'grad_norm': 0.9655447006225586, 'learning_rate': 6.763724598119502e-05, 'epoch': 2.03}
{'loss': 1.645, 'grad_norm': 1.1740630865097046, 'learning_rate': 6.778889899909009e-05, 'epoch': 2.03}
{'loss': 1.6333, 'grad_norm': 1.324208378791809, 'learning_rate': 6.794055201698513e-05, 'epoch': 2.04}
{'loss': 1.642, 'grad_norm': 0.7125136256217957, 'learning_rate': 6.80922050348802e-05, 'epoch': 2.04}
{'loss': 1.6447, 'grad_norm': 0.8664567470550537, 'learning_rate': 6.824385805277525e-05, 'epoch': 2.05}
{'loss': 1.6393, 'grad_norm': 0.9164673089981079, 'learning_rate': 6.839551107067032e-05, 'epoch': 2.05}
{'loss': 1.6362, 'grad_norm': 1.2680702209472656, 'learning_rate': 6.854716408856536e-05, 'epoch': 2.06}
{'loss': 1.6407, 'grad_norm': 23.924274444580078, 'learning_rate': 6.869881710646043e-05, 'epoch': 2.06}
{'loss': 1.6477, 'grad_norm': 0.7534909248352051, 'learning_rate': 6.885047012435548e-05, 'epoch': 2.07}
{'loss': 1.6388, 'grad_norm': 1.1192307472229004, 'learning_rate': 6.900212314225053e-05, 'epoch': 2.07}
{'loss': 1.6453, 'grad_norm': 0.7289959788322449, 'learning_rate': 6.915377616014559e-05, 'epoch': 2.07}
{'loss': 1.6408, 'grad_norm': 0.9459314942359924, 'learning_rate': 6.930542917804064e-05, 'epoch': 2.08}
{'loss': 1.6354, 'grad_norm': 1.2138527631759644, 'learning_rate': 6.945708219593571e-05, 'epoch': 2.08}
{'loss': 1.6423, 'grad_norm': 0.949678361415863, 'learning_rate': 6.960873521383075e-05, 'epoch': 2.09}
{'loss': 1.6433, 'grad_norm': 1.0932801961898804, 'learning_rate': 6.976038823172582e-05, 'epoch': 2.09}
{'loss': 1.6352, 'grad_norm': 0.652502715587616, 'learning_rate': 6.991204124962087e-05, 'epoch': 2.1}
{'loss': 1.6423, 'grad_norm': 2.1795973777770996, 'learning_rate': 7.006369426751592e-05, 'epoch': 2.1}
{'loss': 1.6305, 'grad_norm': 0.7697282433509827, 'learning_rate': 7.021534728541098e-05, 'epoch': 2.11}
{'loss': 1.6366, 'grad_norm': 0.7410785555839539, 'learning_rate': 7.036700030330604e-05, 'epoch': 2.11}
{'loss': 1.6346, 'grad_norm': 0.8732092976570129, 'learning_rate': 7.05186533212011e-05, 'epoch': 2.12}
{'loss': 1.6296, 'grad_norm': 0.8482441306114197, 'learning_rate': 7.067030633909615e-05, 'epoch': 2.12}
{'loss': 1.6323, 'grad_norm': 0.7564780116081238, 'learning_rate': 7.08219593569912e-05, 'epoch': 2.12}
{'loss': 1.6347, 'grad_norm': 2.055741786956787, 'learning_rate': 7.097361237488627e-05, 'epoch': 2.13}
{'loss': 1.6358, 'grad_norm': 0.7540671825408936, 'learning_rate': 7.112526539278131e-05, 'epoch': 2.13}
{'loss': 1.6355, 'grad_norm': 0.7314844727516174, 'learning_rate': 7.127691841067638e-05, 'epoch': 2.14}
{'loss': 1.631, 'grad_norm': 5.189962387084961, 'learning_rate': 7.142857142857143e-05, 'epoch': 2.14}
{'loss': 1.6307, 'grad_norm': 1.0605789422988892, 'learning_rate': 7.158022444646649e-05, 'epoch': 2.15}
{'loss': 1.6338, 'grad_norm': 1.592027187347412, 'learning_rate': 7.173187746436154e-05, 'epoch': 2.15}
{'loss': 1.6265, 'grad_norm': 0.8310632109642029, 'learning_rate': 7.18835304822566e-05, 'epoch': 2.16}
{'loss': 1.6322, 'grad_norm': 3.3103621006011963, 'learning_rate': 7.203518350015166e-05, 'epoch': 2.16}
{'loss': 1.6275, 'grad_norm': 0.740435004234314, 'learning_rate': 7.21868365180467e-05, 'epoch': 2.17}
{'loss': 1.6314, 'grad_norm': 0.7227740287780762, 'learning_rate': 7.233848953594177e-05, 'epoch': 2.17}
{'loss': 1.6247, 'grad_norm': 0.9176467061042786, 'learning_rate': 7.249014255383682e-05, 'epoch': 2.17}
{'loss': 1.6231, 'grad_norm': 0.8150779604911804, 'learning_rate': 7.264179557173189e-05, 'epoch': 2.18}
{'loss': 1.6228, 'grad_norm': 1.6051772832870483, 'learning_rate': 7.279344858962693e-05, 'epoch': 2.18}
{'loss': 1.6322, 'grad_norm': 0.8356746435165405, 'learning_rate': 7.2945101607522e-05, 'epoch': 2.19}
{'loss': 1.628, 'grad_norm': 0.6335383057594299, 'learning_rate': 7.309675462541705e-05, 'epoch': 2.19}
{'loss': 1.6373, 'grad_norm': 0.9906061887741089, 'learning_rate': 7.32484076433121e-05, 'epoch': 2.2}
{'loss': 1.6261, 'grad_norm': 0.7099888920783997, 'learning_rate': 7.340006066120716e-05, 'epoch': 2.2}
{'loss': 1.6172, 'grad_norm': 0.6083216071128845, 'learning_rate': 7.355171367910221e-05, 'epoch': 2.21}
{'loss': 1.6218, 'grad_norm': 0.8954035639762878, 'learning_rate': 7.370336669699728e-05, 'epoch': 2.21}
{'loss': 1.6196, 'grad_norm': 1.698415756225586, 'learning_rate': 7.385501971489232e-05, 'epoch': 2.22}
{'loss': 1.6216, 'grad_norm': 0.596884548664093, 'learning_rate': 7.400667273278739e-05, 'epoch': 2.22}
{'loss': 1.62, 'grad_norm': 1.1182960271835327, 'learning_rate': 7.415832575068244e-05, 'epoch': 2.22}
{'loss': 1.6241, 'grad_norm': 0.8296566605567932, 'learning_rate': 7.43099787685775e-05, 'epoch': 2.23}
{'loss': 1.6201, 'grad_norm': 0.6691303253173828, 'learning_rate': 7.446163178647255e-05, 'epoch': 2.23}
{'loss': 1.6221, 'grad_norm': 0.7268354296684265, 'learning_rate': 7.461328480436762e-05, 'epoch': 2.24}
{'loss': 1.6226, 'grad_norm': 0.7327850461006165, 'learning_rate': 7.476493782226267e-05, 'epoch': 2.24}
{'loss': 1.6146, 'grad_norm': 0.6598602533340454, 'learning_rate': 7.491659084015772e-05, 'epoch': 2.25}
{'loss': 1.6104, 'grad_norm': 1.1829816102981567, 'learning_rate': 7.506824385805278e-05, 'epoch': 2.25}
{'loss': 1.6092, 'grad_norm': 0.7190291881561279, 'learning_rate': 7.521989687594784e-05, 'epoch': 2.26}
{'loss': 1.6133, 'grad_norm': 0.9469956755638123, 'learning_rate': 7.53715498938429e-05, 'epoch': 2.26}
{'loss': 1.6177, 'grad_norm': 1.2720098495483398, 'learning_rate': 7.552320291173795e-05, 'epoch': 2.27}
{'loss': 1.6079, 'grad_norm': 1.1771904230117798, 'learning_rate': 7.5674855929633e-05, 'epoch': 2.27}
{'loss': 1.6131, 'grad_norm': 0.5680590867996216, 'learning_rate': 7.582650894752806e-05, 'epoch': 2.27}
{'loss': 1.6074, 'grad_norm': 0.5780637264251709, 'learning_rate': 7.597816196542311e-05, 'epoch': 2.28}
{'loss': 1.6148, 'grad_norm': 0.7038969993591309, 'learning_rate': 7.612981498331817e-05, 'epoch': 2.28}
{'loss': 1.6108, 'grad_norm': 0.7470885515213013, 'learning_rate': 7.628146800121323e-05, 'epoch': 2.29}
{'loss': 1.6137, 'grad_norm': 0.8934502005577087, 'learning_rate': 7.643312101910829e-05, 'epoch': 2.29}
{'loss': 1.6191, 'grad_norm': 1.661773681640625, 'learning_rate': 7.658477403700334e-05, 'epoch': 2.3}
{'loss': 1.6218, 'grad_norm': 0.6663997769355774, 'learning_rate': 7.67364270548984e-05, 'epoch': 2.3}
{'loss': 1.6173, 'grad_norm': 0.7726843953132629, 'learning_rate': 7.688808007279346e-05, 'epoch': 2.31}
{'loss': 1.618, 'grad_norm': 0.99660724401474, 'learning_rate': 7.70397330906885e-05, 'epoch': 2.31}
{'loss': 1.6061, 'grad_norm': 0.6081019043922424, 'learning_rate': 7.719138610858357e-05, 'epoch': 2.32}
{'loss': 1.6161, 'grad_norm': 0.9998893737792969, 'learning_rate': 7.734303912647862e-05, 'epoch': 2.32}
{'loss': 1.6157, 'grad_norm': 0.7626504302024841, 'learning_rate': 7.749469214437368e-05, 'epoch': 2.32}
{'loss': 1.6117, 'grad_norm': 0.8089466094970703, 'learning_rate': 7.764634516226873e-05, 'epoch': 2.33}
{'loss': 1.6037, 'grad_norm': 0.8232579231262207, 'learning_rate': 7.779799818016378e-05, 'epoch': 2.33}
{'loss': 1.6031, 'grad_norm': 2.9058730602264404, 'learning_rate': 7.794965119805885e-05, 'epoch': 2.34}
{'loss': 1.6107, 'grad_norm': 0.6085432171821594, 'learning_rate': 7.810130421595389e-05, 'epoch': 2.34}
{'loss': 1.6082, 'grad_norm': 0.6495145559310913, 'learning_rate': 7.825295723384896e-05, 'epoch': 2.35}
{'loss': 1.6115, 'grad_norm': 0.7227179408073425, 'learning_rate': 7.840461025174401e-05, 'epoch': 2.35}
{'loss': 1.6108, 'grad_norm': 1.401288628578186, 'learning_rate': 7.855626326963908e-05, 'epoch': 2.36}
{'loss': 1.6262, 'grad_norm': 7.971297740936279, 'learning_rate': 7.870791628753412e-05, 'epoch': 2.36}
{'loss': 1.6165, 'grad_norm': 1.0100188255310059, 'learning_rate': 7.885956930542919e-05, 'epoch': 2.37}
{'loss': 1.6097, 'grad_norm': 0.6796115636825562, 'learning_rate': 7.901122232332424e-05, 'epoch': 2.37}
{'loss': 1.6116, 'grad_norm': 0.7730390429496765, 'learning_rate': 7.91628753412193e-05, 'epoch': 2.37}
{'loss': 1.6131, 'grad_norm': 0.8589888215065002, 'learning_rate': 7.931452835911435e-05, 'epoch': 2.38}
{'loss': 1.616, 'grad_norm': 3.2072927951812744, 'learning_rate': 7.946618137700941e-05, 'epoch': 2.38}
{'loss': 1.6096, 'grad_norm': 1.107177972793579, 'learning_rate': 7.961783439490447e-05, 'epoch': 2.39}
{'loss': 1.6103, 'grad_norm': 0.8620447516441345, 'learning_rate': 7.976948741279952e-05, 'epoch': 2.39}
{'loss': 1.604, 'grad_norm': 0.7953451871871948, 'learning_rate': 7.992114043069458e-05, 'epoch': 2.4}
{'loss': 1.6151, 'grad_norm': 0.8501051664352417, 'learning_rate': 8.007279344858963e-05, 'epoch': 2.4}
{'loss': 1.6025, 'grad_norm': 0.8364495038986206, 'learning_rate': 8.022444646648468e-05, 'epoch': 2.41}
{'loss': 1.6047, 'grad_norm': 1.1199767589569092, 'learning_rate': 8.037609948437974e-05, 'epoch': 2.41}
{'loss': 1.6049, 'grad_norm': 0.6136386394500732, 'learning_rate': 8.05277525022748e-05, 'epoch': 2.42}
{'loss': 1.5999, 'grad_norm': 0.7815274000167847, 'learning_rate': 8.067940552016986e-05, 'epoch': 2.42}
{'loss': 1.6004, 'grad_norm': 11.502358436584473, 'learning_rate': 8.083105853806491e-05, 'epoch': 2.42}
{'loss': 1.6074, 'grad_norm': 0.7882563471794128, 'learning_rate': 8.098271155595996e-05, 'epoch': 2.43}
{'loss': 1.6049, 'grad_norm': 0.8168164491653442, 'learning_rate': 8.113436457385503e-05, 'epoch': 2.43}
{'loss': 1.6023, 'grad_norm': 0.8368907570838928, 'learning_rate': 8.128601759175007e-05, 'epoch': 2.44}
{'loss': 1.6049, 'grad_norm': 0.665959358215332, 'learning_rate': 8.143767060964514e-05, 'epoch': 2.44}
{'loss': 1.6059, 'grad_norm': 20.71373176574707, 'learning_rate': 8.158932362754019e-05, 'epoch': 2.45}
{'loss': 1.614, 'grad_norm': 0.8618811964988708, 'learning_rate': 8.174097664543525e-05, 'epoch': 2.45}
{'loss': 1.5981, 'grad_norm': 1.7106229066848755, 'learning_rate': 8.18926296633303e-05, 'epoch': 2.46}
{'loss': 1.6012, 'grad_norm': 0.9757004976272583, 'learning_rate': 8.204428268122535e-05, 'epoch': 2.46}
{'loss': 1.6054, 'grad_norm': 0.6782899498939514, 'learning_rate': 8.219593569912042e-05, 'epoch': 2.47}
{'loss': 1.6034, 'grad_norm': 0.8009913563728333, 'learning_rate': 8.234758871701547e-05, 'epoch': 2.47}
{'loss': 1.6059, 'grad_norm': 0.7701053023338318, 'learning_rate': 8.249924173491053e-05, 'epoch': 2.47}
{'loss': 1.6078, 'grad_norm': 0.6879392862319946, 'learning_rate': 8.265089475280558e-05, 'epoch': 2.48}
{'loss': 1.6146, 'grad_norm': 0.7766979932785034, 'learning_rate': 8.280254777070065e-05, 'epoch': 2.48}
{'loss': 1.5993, 'grad_norm': 1.685379147529602, 'learning_rate': 8.295420078859569e-05, 'epoch': 2.49}
{'loss': 1.5974, 'grad_norm': 0.7475587725639343, 'learning_rate': 8.310585380649076e-05, 'epoch': 2.49}
{'loss': 1.5943, 'grad_norm': 1.1170222759246826, 'learning_rate': 8.325750682438581e-05, 'epoch': 2.5}
{'loss': 1.5988, 'grad_norm': 2.6926474571228027, 'learning_rate': 8.340915984228086e-05, 'epoch': 2.5}
{'loss': 1.6023, 'grad_norm': 3.8177201747894287, 'learning_rate': 8.356081286017592e-05, 'epoch': 2.51}
{'loss': 1.5975, 'grad_norm': 0.6885146498680115, 'learning_rate': 8.371246587807097e-05, 'epoch': 2.51}
{'loss': 1.6037, 'grad_norm': 0.745232105255127, 'learning_rate': 8.386411889596604e-05, 'epoch': 2.52}
{'loss': 1.6037, 'grad_norm': 1.6738876104354858, 'learning_rate': 8.401577191386108e-05, 'epoch': 2.52}
{'loss': 1.5993, 'grad_norm': 0.8198791742324829, 'learning_rate': 8.416742493175615e-05, 'epoch': 2.53}
{'loss': 1.6044, 'grad_norm': 1.4611519575119019, 'learning_rate': 8.43190779496512e-05, 'epoch': 2.53}
{'loss': 1.597, 'grad_norm': 3.5107784271240234, 'learning_rate': 8.447073096754627e-05, 'epoch': 2.53}
{'loss': 1.6037, 'grad_norm': 2.095468759536743, 'learning_rate': 8.462238398544131e-05, 'epoch': 2.54}
{'loss': 1.5975, 'grad_norm': 0.5652732253074646, 'learning_rate': 8.477403700333637e-05, 'epoch': 2.54}
{'loss': 1.5939, 'grad_norm': 1.8130041360855103, 'learning_rate': 8.492569002123143e-05, 'epoch': 2.55}
{'loss': 1.5935, 'grad_norm': 0.8017943501472473, 'learning_rate': 8.507734303912648e-05, 'epoch': 2.55}
{'loss': 1.6015, 'grad_norm': 0.6785843372344971, 'learning_rate': 8.522899605702154e-05, 'epoch': 2.56}
{'loss': 1.5944, 'grad_norm': 2.8362650871276855, 'learning_rate': 8.53806490749166e-05, 'epoch': 2.56}
{'loss': 1.6038, 'grad_norm': 2.782691478729248, 'learning_rate': 8.553230209281166e-05, 'epoch': 2.57}
{'loss': 1.594, 'grad_norm': 0.9850427508354187, 'learning_rate': 8.568395511070671e-05, 'epoch': 2.57}
{'loss': 1.5959, 'grad_norm': 7.57333517074585, 'learning_rate': 8.583560812860176e-05, 'epoch': 2.58}
{'loss': 1.5968, 'grad_norm': 0.6392739415168762, 'learning_rate': 8.598726114649682e-05, 'epoch': 2.58}
{'loss': 1.5904, 'grad_norm': 0.5918663144111633, 'learning_rate': 8.613891416439187e-05, 'epoch': 2.58}
{'loss': 1.5924, 'grad_norm': 0.7146224975585938, 'learning_rate': 8.629056718228692e-05, 'epoch': 2.59}
{'loss': 1.5892, 'grad_norm': 0.7167933583259583, 'learning_rate': 8.644222020018199e-05, 'epoch': 2.59}
{'loss': 1.5965, 'grad_norm': 0.6435108184814453, 'learning_rate': 8.659387321807705e-05, 'epoch': 2.6}
{'loss': 1.5901, 'grad_norm': 0.8167494535446167, 'learning_rate': 8.67455262359721e-05, 'epoch': 2.6}
{'loss': 1.5971, 'grad_norm': 0.8472303748130798, 'learning_rate': 8.689717925386715e-05, 'epoch': 2.61}
{'loss': 1.5959, 'grad_norm': 0.866204023361206, 'learning_rate': 8.704883227176222e-05, 'epoch': 2.61}
{'loss': 1.6106, 'grad_norm': 0.8022431135177612, 'learning_rate': 8.720048528965726e-05, 'epoch': 2.62}
{'loss': 1.6009, 'grad_norm': 1.4785571098327637, 'learning_rate': 8.735213830755233e-05, 'epoch': 2.62}
{'loss': 1.5878, 'grad_norm': 0.6709079146385193, 'learning_rate': 8.750379132544738e-05, 'epoch': 2.63}
{'loss': 1.5927, 'grad_norm': 0.5910338759422302, 'learning_rate': 8.765544434334243e-05, 'epoch': 2.63}
{'loss': 1.5887, 'grad_norm': 0.732481062412262, 'learning_rate': 8.780709736123749e-05, 'epoch': 2.63}
{'loss': 1.5846, 'grad_norm': 0.5351892709732056, 'learning_rate': 8.795875037913254e-05, 'epoch': 2.64}
{'loss': 1.5882, 'grad_norm': 1.0822888612747192, 'learning_rate': 8.811040339702761e-05, 'epoch': 2.64}
{'loss': 1.5896, 'grad_norm': 0.7288629412651062, 'learning_rate': 8.826205641492265e-05, 'epoch': 2.65}
{'loss': 1.5922, 'grad_norm': 1.125446081161499, 'learning_rate': 8.841370943281772e-05, 'epoch': 2.65}
{'loss': 1.5957, 'grad_norm': 0.6459485292434692, 'learning_rate': 8.856536245071277e-05, 'epoch': 2.66}
{'loss': 1.5903, 'grad_norm': 0.8499219417572021, 'learning_rate': 8.871701546860784e-05, 'epoch': 2.66}
{'loss': 1.5945, 'grad_norm': 44.42369842529297, 'learning_rate': 8.886866848650288e-05, 'epoch': 2.67}
{'loss': 1.7651, 'grad_norm': 40.95665740966797, 'learning_rate': 8.902032150439795e-05, 'epoch': 2.67}
{'loss': 1.6049, 'grad_norm': 67.67493438720703, 'learning_rate': 8.9171974522293e-05, 'epoch': 2.68}
{'loss': 1.5975, 'grad_norm': 0.6884160041809082, 'learning_rate': 8.932362754018807e-05, 'epoch': 2.68}
{'loss': 1.5893, 'grad_norm': 0.8183652758598328, 'learning_rate': 8.94752805580831e-05, 'epoch': 2.68}
{'loss': 1.5879, 'grad_norm': 0.5929597616195679, 'learning_rate': 8.962693357597817e-05, 'epoch': 2.69}
{'loss': 1.5879, 'grad_norm': 0.6418240666389465, 'learning_rate': 8.977858659387323e-05, 'epoch': 2.69}
{'loss': 1.5844, 'grad_norm': 0.8650376200675964, 'learning_rate': 8.993023961176828e-05, 'epoch': 2.7}
{'loss': 1.5848, 'grad_norm': 0.6168979406356812, 'learning_rate': 9.008189262966333e-05, 'epoch': 2.7}
{'loss': 1.5825, 'grad_norm': 0.750470757484436, 'learning_rate': 9.023354564755839e-05, 'epoch': 2.71}
{'loss': 1.5862, 'grad_norm': 0.5662983059883118, 'learning_rate': 9.038519866545346e-05, 'epoch': 2.71}
{'loss': 1.5792, 'grad_norm': 0.5894857048988342, 'learning_rate': 9.05368516833485e-05, 'epoch': 2.72}
{'loss': 1.5825, 'grad_norm': 0.5546402931213379, 'learning_rate': 9.068850470124356e-05, 'epoch': 2.72}
{'loss': 1.5768, 'grad_norm': 0.7577359676361084, 'learning_rate': 9.084015771913862e-05, 'epoch': 2.73}
{'loss': 1.5834, 'grad_norm': 0.7117748260498047, 'learning_rate': 9.099181073703367e-05, 'epoch': 2.73}
pred : ardent in the prosecution of heresy cyril auspicious opened his reign by oppressing the novations the most innocent and harmless of the sectaries
label: ardent in the prosecution of heresy cyril auspiciously opened his reign by oppressing the novatians the most innocent and harmless of the sectaries
pred : without any legal sentence without any royal mandate the patriarch at the dawn of day led a seditious multitude to the attack of the syringes
label: without any legal sentence without any royal mandate the patriarch at the dawn of day led a seditious multitude to the attack of the synagogues
pred : such crimes would have deserved the animadversion of the magistrate but in this promiscuous outrage the innocent were confounded with the guilty and alexandria was impoverished by the loss of a wealthy and industrious colony
label: such crimes would have deserved the animadversion of the magistrate but in this promiscuous outrage the innocent were confounded with the guilty and alexandria was impoverished by the loss of a wealthy and industrious colony
pred : ardent in the prosecution of heresy cyril auspicious opened his reign by oppressing the novations the most innocent and harmless of the sectaries
label: ardent in the prosecution of heresy cyril auspiciously opened his reign by oppressing the novatians the most innocent and harmless of the sectaries
pred : without any legal sentence without any royal mandate the patriarch at the dawn of day led a seditious multitude to the attack of the syringes
label: without any legal sentence without any royal mandate the patriarch at the dawn of day led a seditious multitude to the attack of the synagogues
pred : such crimes would have deserved the animadversion of the magistrate but in this promiscuous outrage the innocent were confounded with the guilty and alexandria was impoverished by the loss of a wealthy and industrious colony
label: such crimes would have deserved the animadversion of the magistrate but in this promiscuous outrage the innocent were confounded with the guilty and alexandria was impoverished by the loss of a wealthy and industrious colony
pred : ardent in the prosecution of heresy cyril auspicious opened his reign by oppressing the novations the most innocent and harmless of the sectaries
label: ardent in the prosecution of heresy cyril auspiciously opened his reign by oppressing the novatians the most innocent and harmless of the sectaries
pred : without any legal sentence without any royal mandate the patriarch at the dawn of day led a seditious multitude to the attack of the syringes
label: without any legal sentence without any royal mandate the patriarch at the dawn of day led a seditious multitude to the attack of the synagogues
pred : such crimes would have deserved the animadversion of the magistrate but in this promiscuous outrage the innocent were confounded with the guilty and alexandria was impoverished by the loss of a wealthy and industrious colony
label: such crimes would have deserved the animadversion of the magistrate but in this promiscuous outrage the innocent were confounded with the guilty and alexandria was impoverished by the loss of a wealthy and industrious colony
pred : ardent in the prosecution of heresy cyril auspicious opened his reign by oppressing the novations the most innocent and harmless of the sectaries
label: ardent in the prosecution of heresy cyril auspiciously opened his reign by oppressing the novatians the most innocent and harmless of the sectaries
pred : without any legal sentence without any royal mandate the patriarch at the dawn of day led a seditious multitude to the attack of the syringes
label: without any legal sentence without any royal mandate the patriarch at the dawn of day led a seditious multitude to the attack of the synagogues
pred : such crimes would have deserved the animadversion of the magistrate but in this promiscuous outrage the innocent were confounded with the guilty and alexandria was impoverished by the loss of a wealthy and industrious colony
label: such crimes would have deserved the animadversion of the magistrate but in this promiscuous outrage the innocent were confounded with the guilty and alexandria was impoverished by the loss of a wealthy and industrious colony
{'eval_loss': 1.6660528182983398, 'eval_bleu': 94.57637271279066, 'eval_wer': 0.030966186784090802, 'eval_cer': 0.015749593366921888, 'eval_rouge1': 0.9603893999768558, 'eval_rouge2': 0.9418523854501479, 'eval_rougeL': 0.9601926455631167, 'eval_runtime': 96.8633, 'eval_samples_per_second': 57.473, 'eval_steps_per_second': 0.299, 'epoch': 2.73}
{'loss': 1.5766, 'grad_norm': 0.5244709253311157, 'learning_rate': 9.114346375492872e-05, 'epoch': 2.73}
{'loss': 1.5894, 'grad_norm': 0.6900525689125061, 'learning_rate': 9.129511677282379e-05, 'epoch': 2.74}
{'loss': 1.5793, 'grad_norm': 1.1998907327651978, 'learning_rate': 9.144676979071884e-05, 'epoch': 2.74}
{'loss': 1.588, 'grad_norm': 0.832377552986145, 'learning_rate': 9.15984228086139e-05, 'epoch': 2.75}
{'loss': 1.5754, 'grad_norm': 0.8074896931648254, 'learning_rate': 9.175007582650895e-05, 'epoch': 2.75}
{'loss': 1.5763, 'grad_norm': 0.5589370131492615, 'learning_rate': 9.1901728844404e-05, 'epoch': 2.76}
{'loss': 1.5736, 'grad_norm': 0.49210071563720703, 'learning_rate': 9.205338186229906e-05, 'epoch': 2.76}
{'loss': 1.5785, 'grad_norm': 0.5402114391326904, 'learning_rate': 9.220503488019411e-05, 'epoch': 2.77}
{'loss': 1.5843, 'grad_norm': 0.6609611511230469, 'learning_rate': 9.235668789808918e-05, 'epoch': 2.77}
{'loss': 1.5865, 'grad_norm': 1.662388563156128, 'learning_rate': 9.250834091598423e-05, 'epoch': 2.78}
{'loss': 1.5838, 'grad_norm': 0.6359602808952332, 'learning_rate': 9.265999393387929e-05, 'epoch': 2.78}
{'loss': 1.5891, 'grad_norm': 0.5992019772529602, 'learning_rate': 9.281164695177434e-05, 'epoch': 2.78}
{'loss': 1.5769, 'grad_norm': 0.6729478240013123, 'learning_rate': 9.296329996966941e-05, 'epoch': 2.79}
{'loss': 1.5774, 'grad_norm': 0.5067312121391296, 'learning_rate': 9.311495298756445e-05, 'epoch': 2.79}
{'loss': 1.579, 'grad_norm': 0.6370776295661926, 'learning_rate': 9.326660600545952e-05, 'epoch': 2.8}
{'loss': 1.5767, 'grad_norm': 0.5428646206855774, 'learning_rate': 9.341825902335457e-05, 'epoch': 2.8}
{'loss': 1.5696, 'grad_norm': 2.5154199600219727, 'learning_rate': 9.356991204124964e-05, 'epoch': 2.81}
{'loss': 1.58, 'grad_norm': 0.6950979828834534, 'learning_rate': 9.372156505914468e-05, 'epoch': 2.81}
{'loss': 1.5816, 'grad_norm': 4.356276035308838, 'learning_rate': 9.387321807703974e-05, 'epoch': 2.82}
{'loss': 1.5741, 'grad_norm': 1.1523538827896118, 'learning_rate': 9.40248710949348e-05, 'epoch': 2.82}
{'loss': 1.5728, 'grad_norm': 1.1048775911331177, 'learning_rate': 9.417652411282985e-05, 'epoch': 2.83}
{'loss': 1.5803, 'grad_norm': 0.7819340825080872, 'learning_rate': 9.43281771307249e-05, 'epoch': 2.83}
{'loss': 1.5777, 'grad_norm': 1.0856355428695679, 'learning_rate': 9.447983014861996e-05, 'epoch': 2.83}
{'loss': 1.5795, 'grad_norm': 0.7405766248703003, 'learning_rate': 9.463148316651503e-05, 'epoch': 2.84}
{'loss': 1.574, 'grad_norm': 0.7449595332145691, 'learning_rate': 9.478313618441007e-05, 'epoch': 2.84}
{'loss': 1.5718, 'grad_norm': 0.6834393739700317, 'learning_rate': 9.493478920230513e-05, 'epoch': 2.85}
{'loss': 1.5743, 'grad_norm': 0.6970385313034058, 'learning_rate': 9.508644222020019e-05, 'epoch': 2.85}
{'loss': 1.5772, 'grad_norm': 0.5503897070884705, 'learning_rate': 9.523809523809524e-05, 'epoch': 2.86}
{'loss': 1.5758, 'grad_norm': 0.4896235167980194, 'learning_rate': 9.53897482559903e-05, 'epoch': 2.86}
{'loss': 1.5756, 'grad_norm': 0.5918877124786377, 'learning_rate': 9.554140127388536e-05, 'epoch': 2.87}
{'loss': 1.5792, 'grad_norm': 0.6240087747573853, 'learning_rate': 9.569305429178042e-05, 'epoch': 2.87}
{'loss': 1.5742, 'grad_norm': 0.5793755650520325, 'learning_rate': 9.584470730967547e-05, 'epoch': 2.88}
{'loss': 1.5706, 'grad_norm': 0.43006637692451477, 'learning_rate': 9.599636032757052e-05, 'epoch': 2.88}
{'loss': 1.5668, 'grad_norm': 0.6607441902160645, 'learning_rate': 9.614801334546558e-05, 'epoch': 2.88}
{'loss': 1.5769, 'grad_norm': 0.5358132123947144, 'learning_rate': 9.629966636336063e-05, 'epoch': 2.89}
{'loss': 1.5728, 'grad_norm': 0.6365907192230225, 'learning_rate': 9.645131938125568e-05, 'epoch': 2.89}
{'loss': 1.5786, 'grad_norm': 0.47561508417129517, 'learning_rate': 9.660297239915075e-05, 'epoch': 2.9}
{'loss': 1.579, 'grad_norm': 0.6352723836898804, 'learning_rate': 9.67546254170458e-05, 'epoch': 2.9}
{'loss': 1.5677, 'grad_norm': 0.6441136598587036, 'learning_rate': 9.690627843494086e-05, 'epoch': 2.91}
{'loss': 1.5682, 'grad_norm': 4.512893199920654, 'learning_rate': 9.705793145283591e-05, 'epoch': 2.91}
{'loss': 1.5716, 'grad_norm': 0.5435324907302856, 'learning_rate': 9.720958447073098e-05, 'epoch': 2.92}
{'loss': 1.5737, 'grad_norm': 0.7223191857337952, 'learning_rate': 9.736123748862603e-05, 'epoch': 2.92}
{'loss': 1.5688, 'grad_norm': 0.6696231365203857, 'learning_rate': 9.751289050652109e-05, 'epoch': 2.93}
{'loss': 1.5731, 'grad_norm': 0.5565442442893982, 'learning_rate': 9.766454352441614e-05, 'epoch': 2.93}
{'loss': 1.576, 'grad_norm': 0.6079117655754089, 'learning_rate': 9.78161965423112e-05, 'epoch': 2.93}
{'loss': 1.5659, 'grad_norm': 0.49673351645469666, 'learning_rate': 9.796784956020625e-05, 'epoch': 2.94}
{'loss': 1.5698, 'grad_norm': 0.6296024322509766, 'learning_rate': 9.81195025781013e-05, 'epoch': 2.94}
{'loss': 1.5699, 'grad_norm': 0.5658408999443054, 'learning_rate': 9.827115559599637e-05, 'epoch': 2.95}
{'loss': 1.574, 'grad_norm': 2.6019701957702637, 'learning_rate': 9.842280861389142e-05, 'epoch': 2.95}
{'loss': 1.5652, 'grad_norm': 0.6573108434677124, 'learning_rate': 9.857446163178648e-05, 'epoch': 2.96}
{'loss': 1.5723, 'grad_norm': 0.8828255534172058, 'learning_rate': 9.872611464968153e-05, 'epoch': 2.96}
{'loss': 1.5702, 'grad_norm': 0.8328847885131836, 'learning_rate': 9.88777676675766e-05, 'epoch': 2.97}
{'loss': 1.5696, 'grad_norm': 0.5020033717155457, 'learning_rate': 9.902942068547164e-05, 'epoch': 2.97}
{'loss': 1.5675, 'grad_norm': 2.303027868270874, 'learning_rate': 9.91810737033667e-05, 'epoch': 2.98}
{'loss': 1.5661, 'grad_norm': 0.5133919715881348, 'learning_rate': 9.933272672126176e-05, 'epoch': 2.98}
{'loss': 1.5709, 'grad_norm': 0.6846970319747925, 'learning_rate': 9.948437973915683e-05, 'epoch': 2.98}
{'loss': 1.5695, 'grad_norm': 0.9189818501472473, 'learning_rate': 9.963603275705187e-05, 'epoch': 2.99}
{'loss': 1.5776, 'grad_norm': 0.625478208065033, 'learning_rate': 9.978768577494693e-05, 'epoch': 2.99}
{'loss': 1.5695, 'grad_norm': 2.6922590732574463, 'learning_rate': 9.993933879284199e-05, 'epoch': 3.0}
{'loss': 1.5662, 'grad_norm': 0.5685164332389832, 'learning_rate': 9.9989889798807e-05, 'epoch': 3.0}
{'loss': 1.5531, 'grad_norm': 0.7773721814155579, 'learning_rate': 9.997303946348534e-05, 'epoch': 3.01}
{'loss': 1.5603, 'grad_norm': 0.5829458832740784, 'learning_rate': 9.995618912816365e-05, 'epoch': 3.01}
{'loss': 1.5597, 'grad_norm': 0.8302682638168335, 'learning_rate': 9.993933879284199e-05, 'epoch': 3.02}
{'loss': 1.583, 'grad_norm': 1.9253108501434326, 'learning_rate': 9.992248845752032e-05, 'epoch': 3.02}
{'loss': 1.5609, 'grad_norm': 1.5829651355743408, 'learning_rate': 9.990563812219864e-05, 'epoch': 3.03}
{'loss': 1.5561, 'grad_norm': 0.6612378358840942, 'learning_rate': 9.988878778687695e-05, 'epoch': 3.03}
{'loss': 1.5575, 'grad_norm': 0.5162720680236816, 'learning_rate': 9.987193745155529e-05, 'epoch': 3.03}
{'loss': 1.5542, 'grad_norm': 0.5936970114707947, 'learning_rate': 9.985508711623362e-05, 'epoch': 3.04}
{'loss': 1.5618, 'grad_norm': 0.8957911729812622, 'learning_rate': 9.983823678091194e-05, 'epoch': 3.04}
{'loss': 1.5615, 'grad_norm': 4.585049152374268, 'learning_rate': 9.982138644559027e-05, 'epoch': 3.05}
{'loss': 1.5558, 'grad_norm': 0.6336029171943665, 'learning_rate': 9.98045361102686e-05, 'epoch': 3.05}
{'loss': 1.5491, 'grad_norm': 0.5784909129142761, 'learning_rate': 9.978768577494693e-05, 'epoch': 3.06}
{'loss': 1.5553, 'grad_norm': 2.2646827697753906, 'learning_rate': 9.977083543962525e-05, 'epoch': 3.06}
{'loss': 1.5567, 'grad_norm': 0.5619564056396484, 'learning_rate': 9.975398510430358e-05, 'epoch': 3.07}
{'loss': 1.5523, 'grad_norm': 0.5760946869850159, 'learning_rate': 9.973713476898191e-05, 'epoch': 3.07}
{'loss': 1.5539, 'grad_norm': 0.8307685852050781, 'learning_rate': 9.972028443366023e-05, 'epoch': 3.08}
{'loss': 1.5449, 'grad_norm': 0.8284116983413696, 'learning_rate': 9.970343409833856e-05, 'epoch': 3.08}
{'loss': 1.5518, 'grad_norm': 0.5638434886932373, 'learning_rate': 9.96865837630169e-05, 'epoch': 3.08}
{'loss': 1.5548, 'grad_norm': 0.6514074802398682, 'learning_rate': 9.966973342769521e-05, 'epoch': 3.09}
{'loss': 1.548, 'grad_norm': 0.6915903091430664, 'learning_rate': 9.965288309237353e-05, 'epoch': 3.09}
{'loss': 1.5446, 'grad_norm': 0.8084802031517029, 'learning_rate': 9.963603275705187e-05, 'epoch': 3.1}
{'loss': 1.5551, 'grad_norm': 1.1294714212417603, 'learning_rate': 9.96191824217302e-05, 'epoch': 3.1}
{'loss': 1.5514, 'grad_norm': 0.7047498822212219, 'learning_rate': 9.960233208640853e-05, 'epoch': 3.11}
{'loss': 1.5475, 'grad_norm': 0.6291155815124512, 'learning_rate': 9.958548175108685e-05, 'epoch': 3.11}
{'loss': 1.5483, 'grad_norm': 0.525847315788269, 'learning_rate': 9.956863141576518e-05, 'epoch': 3.12}
{'loss': 1.5558, 'grad_norm': 0.5329676270484924, 'learning_rate': 9.955178108044351e-05, 'epoch': 3.12}
{'loss': 1.5906, 'grad_norm': 0.6233440041542053, 'learning_rate': 9.953493074512183e-05, 'epoch': 3.13}
{'loss': 1.6017, 'grad_norm': 0.838695228099823, 'learning_rate': 9.951808040980016e-05, 'epoch': 3.13}
{'loss': 1.5609, 'grad_norm': 0.6976393461227417, 'learning_rate': 9.950123007447849e-05, 'epoch': 3.13}
{'loss': 1.5569, 'grad_norm': 0.6649971008300781, 'learning_rate': 9.948437973915683e-05, 'epoch': 3.14}
{'loss': 1.5575, 'grad_norm': 1.175100564956665, 'learning_rate': 9.946752940383513e-05, 'epoch': 3.14}
{'loss': 1.5576, 'grad_norm': 0.6574425101280212, 'learning_rate': 9.945067906851346e-05, 'epoch': 3.15}
{'loss': 1.552, 'grad_norm': 0.8200075030326843, 'learning_rate': 9.94338287331918e-05, 'epoch': 3.15}
{'loss': 1.5516, 'grad_norm': 0.688336968421936, 'learning_rate': 9.941697839787013e-05, 'epoch': 3.16}
{'loss': 1.5475, 'grad_norm': 2.1896674633026123, 'learning_rate': 9.940012806254844e-05, 'epoch': 3.16}
{'loss': 1.546, 'grad_norm': 0.8757497668266296, 'learning_rate': 9.938327772722678e-05, 'epoch': 3.17}
{'loss': 1.5472, 'grad_norm': 0.5975062847137451, 'learning_rate': 9.936642739190511e-05, 'epoch': 3.17}
{'loss': 1.5443, 'grad_norm': 0.6302629113197327, 'learning_rate': 9.934957705658343e-05, 'epoch': 3.18}
{'loss': 1.562, 'grad_norm': 0.5884212255477905, 'learning_rate': 9.933272672126176e-05, 'epoch': 3.18}
{'loss': 1.5474, 'grad_norm': 0.5514525175094604, 'learning_rate': 9.931587638594009e-05, 'epoch': 3.18}
{'loss': 1.5489, 'grad_norm': 0.46434783935546875, 'learning_rate': 9.929902605061842e-05, 'epoch': 3.19}
{'loss': 1.5488, 'grad_norm': 0.4642444849014282, 'learning_rate': 9.928217571529674e-05, 'epoch': 3.19}
{'loss': 1.5464, 'grad_norm': 0.604823112487793, 'learning_rate': 9.926532537997507e-05, 'epoch': 3.2}
{'loss': 1.5399, 'grad_norm': 0.7677704691886902, 'learning_rate': 9.924847504465339e-05, 'epoch': 3.2}
{'loss': 1.5438, 'grad_norm': 0.6462551951408386, 'learning_rate': 9.923162470933172e-05, 'epoch': 3.21}
{'loss': 1.5465, 'grad_norm': 0.5199418663978577, 'learning_rate': 9.921477437401004e-05, 'epoch': 3.21}
{'loss': 1.5477, 'grad_norm': 0.6697514653205872, 'learning_rate': 9.919792403868837e-05, 'epoch': 3.22}
{'loss': 1.5453, 'grad_norm': 0.49476301670074463, 'learning_rate': 9.91810737033667e-05, 'epoch': 3.22}
{'loss': 1.5444, 'grad_norm': 0.4915173649787903, 'learning_rate': 9.916422336804502e-05, 'epoch': 3.23}
{'loss': 1.5493, 'grad_norm': 0.6882921457290649, 'learning_rate': 9.914737303272335e-05, 'epoch': 3.23}
{'loss': 1.5462, 'grad_norm': 0.5158745050430298, 'learning_rate': 9.913052269740169e-05, 'epoch': 3.23}
{'loss': 1.5418, 'grad_norm': 0.6236072182655334, 'learning_rate': 9.911367236208002e-05, 'epoch': 3.24}
{'loss': 1.5498, 'grad_norm': 1.618356704711914, 'learning_rate': 9.909682202675834e-05, 'epoch': 3.24}
{'loss': 1.5478, 'grad_norm': 0.5123546123504639, 'learning_rate': 9.907997169143667e-05, 'epoch': 3.25}
{'loss': 1.5454, 'grad_norm': 0.6870336532592773, 'learning_rate': 9.9063121356115e-05, 'epoch': 3.25}
{'loss': 1.5403, 'grad_norm': 24.381834030151367, 'learning_rate': 9.904627102079332e-05, 'epoch': 3.26}
{'loss': 1.5433, 'grad_norm': 0.6359472870826721, 'learning_rate': 9.902942068547164e-05, 'epoch': 3.26}
{'loss': 1.5478, 'grad_norm': 0.6098190546035767, 'learning_rate': 9.901257035014997e-05, 'epoch': 3.27}
{'loss': 1.5442, 'grad_norm': 0.5609613656997681, 'learning_rate': 9.89957200148283e-05, 'epoch': 3.27}
{'loss': 1.547, 'grad_norm': 0.8743584156036377, 'learning_rate': 9.897886967950662e-05, 'epoch': 3.28}
{'loss': 1.5449, 'grad_norm': 0.9786598086357117, 'learning_rate': 9.896201934418495e-05, 'epoch': 3.28}
{'loss': 1.5417, 'grad_norm': 0.4007439911365509, 'learning_rate': 9.894516900886328e-05, 'epoch': 3.28}
{'loss': 1.54, 'grad_norm': 0.48404696583747864, 'learning_rate': 9.892831867354161e-05, 'epoch': 3.29}
{'loss': 1.5377, 'grad_norm': 0.5087180733680725, 'learning_rate': 9.891146833821993e-05, 'epoch': 3.29}
{'loss': 1.5442, 'grad_norm': 0.5317111015319824, 'learning_rate': 9.889461800289826e-05, 'epoch': 3.3}
{'loss': 1.5386, 'grad_norm': 0.6875697374343872, 'learning_rate': 9.88777676675766e-05, 'epoch': 3.3}
{'loss': 1.5513, 'grad_norm': 0.49564406275749207, 'learning_rate': 9.886091733225492e-05, 'epoch': 3.31}
{'loss': 1.5425, 'grad_norm': 0.5913870930671692, 'learning_rate': 9.884406699693325e-05, 'epoch': 3.31}
{'loss': 1.5401, 'grad_norm': 0.6394792199134827, 'learning_rate': 9.882721666161157e-05, 'epoch': 3.32}
{'loss': 1.5467, 'grad_norm': 0.49792346358299255, 'learning_rate': 9.88103663262899e-05, 'epoch': 3.32}
{'loss': 1.5364, 'grad_norm': 0.5798299908638, 'learning_rate': 9.879351599096822e-05, 'epoch': 3.33}
{'loss': 1.5436, 'grad_norm': 0.4804565906524658, 'learning_rate': 9.877666565564655e-05, 'epoch': 3.33}
{'loss': 1.5418, 'grad_norm': 0.7442299723625183, 'learning_rate': 9.875981532032488e-05, 'epoch': 3.33}
{'loss': 1.5408, 'grad_norm': 1.0361967086791992, 'learning_rate': 9.874296498500321e-05, 'epoch': 3.34}
{'loss': 1.5361, 'grad_norm': 1.2888253927230835, 'learning_rate': 9.872611464968153e-05, 'epoch': 3.34}
{'loss': 1.548, 'grad_norm': 0.5516725182533264, 'learning_rate': 9.870926431435986e-05, 'epoch': 3.35}
{'loss': 1.5419, 'grad_norm': 0.6103774905204773, 'learning_rate': 9.86924139790382e-05, 'epoch': 3.35}
{'loss': 1.5441, 'grad_norm': 0.4313722848892212, 'learning_rate': 9.867556364371651e-05, 'epoch': 3.36}
{'loss': 1.5426, 'grad_norm': 0.7000772953033447, 'learning_rate': 9.865871330839484e-05, 'epoch': 3.36}
{'loss': 1.5443, 'grad_norm': 0.7078009247779846, 'learning_rate': 9.864186297307318e-05, 'epoch': 3.37}
{'loss': 1.541, 'grad_norm': 0.6747801303863525, 'learning_rate': 9.86250126377515e-05, 'epoch': 3.37}
{'loss': 1.5409, 'grad_norm': 0.47408536076545715, 'learning_rate': 9.860816230242981e-05, 'epoch': 3.38}
{'loss': 1.5387, 'grad_norm': 0.7170909643173218, 'learning_rate': 9.859131196710814e-05, 'epoch': 3.38}
{'loss': 1.5338, 'grad_norm': 0.5452758073806763, 'learning_rate': 9.857446163178648e-05, 'epoch': 3.38}
{'loss': 1.5317, 'grad_norm': 0.4755488932132721, 'learning_rate': 9.855761129646481e-05, 'epoch': 3.39}
{'loss': 1.5362, 'grad_norm': 0.36514151096343994, 'learning_rate': 9.854076096114313e-05, 'epoch': 3.39}
{'loss': 1.5343, 'grad_norm': 0.4566391706466675, 'learning_rate': 9.852391062582146e-05, 'epoch': 3.4}
{'loss': 1.5356, 'grad_norm': 0.5252461433410645, 'learning_rate': 9.850706029049979e-05, 'epoch': 3.4}
{'loss': 1.5364, 'grad_norm': 0.48637038469314575, 'learning_rate': 9.849020995517811e-05, 'epoch': 3.41}
{'loss': 1.5324, 'grad_norm': 0.5268632173538208, 'learning_rate': 9.847335961985644e-05, 'epoch': 3.41}
{'loss': 1.5396, 'grad_norm': 0.7872795462608337, 'learning_rate': 9.845650928453477e-05, 'epoch': 3.42}
{'loss': 1.5297, 'grad_norm': 0.48271235823631287, 'learning_rate': 9.84396589492131e-05, 'epoch': 3.42}
{'loss': 1.5369, 'grad_norm': 0.4282918870449066, 'learning_rate': 9.842280861389142e-05, 'epoch': 3.43}
{'loss': 1.5349, 'grad_norm': 0.42165666818618774, 'learning_rate': 9.840595827856974e-05, 'epoch': 3.43}
{'loss': 1.5311, 'grad_norm': 0.5258418321609497, 'learning_rate': 9.838910794324807e-05, 'epoch': 3.43}
{'loss': 1.5296, 'grad_norm': 0.6582340002059937, 'learning_rate': 9.83722576079264e-05, 'epoch': 3.44}
{'loss': 1.5408, 'grad_norm': 0.49064818024635315, 'learning_rate': 9.835540727260472e-05, 'epoch': 3.44}
{'loss': 1.5353, 'grad_norm': 0.5807059407234192, 'learning_rate': 9.833855693728305e-05, 'epoch': 3.45}
{'loss': 1.539, 'grad_norm': 0.6872009038925171, 'learning_rate': 9.832170660196139e-05, 'epoch': 3.45}
{'loss': 1.5356, 'grad_norm': 0.636134684085846, 'learning_rate': 9.83048562666397e-05, 'epoch': 3.46}
{'loss': 1.5409, 'grad_norm': 0.5127279162406921, 'learning_rate': 9.828800593131804e-05, 'epoch': 3.46}
{'loss': 1.5333, 'grad_norm': 0.5181288719177246, 'learning_rate': 9.827115559599637e-05, 'epoch': 3.47}
{'loss': 1.5326, 'grad_norm': 0.673062801361084, 'learning_rate': 9.82543052606747e-05, 'epoch': 3.47}
{'loss': 1.5416, 'grad_norm': 2.345592498779297, 'learning_rate': 9.823745492535302e-05, 'epoch': 3.48}
{'loss': 1.5409, 'grad_norm': 0.49859315156936646, 'learning_rate': 9.822060459003135e-05, 'epoch': 3.48}
{'loss': 1.5443, 'grad_norm': 0.5350814461708069, 'learning_rate': 9.820375425470968e-05, 'epoch': 3.48}
{'loss': 1.5434, 'grad_norm': 1.012644648551941, 'learning_rate': 9.8186903919388e-05, 'epoch': 3.49}
{'loss': 1.5463, 'grad_norm': 1.0407332181930542, 'learning_rate': 9.817005358406632e-05, 'epoch': 3.49}
{'loss': 1.5365, 'grad_norm': 0.5275984406471252, 'learning_rate': 9.815320324874465e-05, 'epoch': 3.5}
{'loss': 1.5419, 'grad_norm': 0.5675003528594971, 'learning_rate': 9.813635291342298e-05, 'epoch': 3.5}
{'loss': 1.5396, 'grad_norm': 0.7327056527137756, 'learning_rate': 9.81195025781013e-05, 'epoch': 3.51}
{'loss': 1.5478, 'grad_norm': 0.8836349844932556, 'learning_rate': 9.810265224277963e-05, 'epoch': 3.51}
{'loss': 1.6092, 'grad_norm': 3.959906578063965, 'learning_rate': 9.808580190745797e-05, 'epoch': 3.52}
{'loss': 1.5857, 'grad_norm': 0.8673654198646545, 'learning_rate': 9.80689515721363e-05, 'epoch': 3.52}
{'loss': 1.7876, 'grad_norm': 2.800321102142334, 'learning_rate': 9.805210123681462e-05, 'epoch': 3.53}
{'loss': 1.5727, 'grad_norm': 0.5482576489448547, 'learning_rate': 9.803525090149295e-05, 'epoch': 3.53}
{'loss': 1.6489, 'grad_norm': 3.483621835708618, 'learning_rate': 9.801840056617128e-05, 'epoch': 3.54}
{'loss': 1.5512, 'grad_norm': 0.7504676580429077, 'learning_rate': 9.80015502308496e-05, 'epoch': 3.54}
{'loss': 1.5439, 'grad_norm': 0.6401107311248779, 'learning_rate': 9.798469989552792e-05, 'epoch': 3.54}
{'loss': 1.5648, 'grad_norm': 0.5600458383560181, 'learning_rate': 9.796784956020625e-05, 'epoch': 3.55}
{'loss': 1.5453, 'grad_norm': 0.6071065068244934, 'learning_rate': 9.795099922488458e-05, 'epoch': 3.55}
{'loss': 1.5351, 'grad_norm': 0.6176272034645081, 'learning_rate': 9.79341488895629e-05, 'epoch': 3.56}
{'loss': 1.5408, 'grad_norm': 0.593783438205719, 'learning_rate': 9.791729855424123e-05, 'epoch': 3.56}
{'loss': 1.5391, 'grad_norm': 0.5242448449134827, 'learning_rate': 9.790044821891956e-05, 'epoch': 3.57}
{'loss': 1.5444, 'grad_norm': 0.6516382098197937, 'learning_rate': 9.78835978835979e-05, 'epoch': 3.57}
{'loss': 1.533, 'grad_norm': 0.5158388614654541, 'learning_rate': 9.786674754827621e-05, 'epoch': 3.58}
{'loss': 1.5306, 'grad_norm': 0.47444531321525574, 'learning_rate': 9.784989721295454e-05, 'epoch': 3.58}
{'loss': 1.5405, 'grad_norm': 0.46052059531211853, 'learning_rate': 9.783304687763288e-05, 'epoch': 3.59}
{'loss': 1.5349, 'grad_norm': 0.48189792037010193, 'learning_rate': 9.78161965423112e-05, 'epoch': 3.59}
{'loss': 1.5345, 'grad_norm': 0.6010889410972595, 'learning_rate': 9.779934620698953e-05, 'epoch': 3.59}
{'loss': 1.5286, 'grad_norm': 0.39675191044807434, 'learning_rate': 9.778249587166786e-05, 'epoch': 3.6}
{'loss': 1.5335, 'grad_norm': 0.3908687233924866, 'learning_rate': 9.776564553634618e-05, 'epoch': 3.6}
{'loss': 1.531, 'grad_norm': 0.43990403413772583, 'learning_rate': 9.774879520102451e-05, 'epoch': 3.61}
{'loss': 1.5343, 'grad_norm': 0.5746893286705017, 'learning_rate': 9.773194486570283e-05, 'epoch': 3.61}
{'loss': 1.5299, 'grad_norm': 0.7298572659492493, 'learning_rate': 9.771509453038116e-05, 'epoch': 3.62}
{'loss': 1.5319, 'grad_norm': 0.4325157105922699, 'learning_rate': 9.769824419505949e-05, 'epoch': 3.62}
{'loss': 1.5333, 'grad_norm': 0.409137099981308, 'learning_rate': 9.768139385973781e-05, 'epoch': 3.63}
{'loss': 1.5334, 'grad_norm': 0.5048173069953918, 'learning_rate': 9.766454352441614e-05, 'epoch': 3.63}
{'loss': 1.5325, 'grad_norm': 0.40826529264450073, 'learning_rate': 9.764769318909447e-05, 'epoch': 3.64}
{'loss': 1.5303, 'grad_norm': 0.5439194440841675, 'learning_rate': 9.763084285377279e-05, 'epoch': 3.64}
pred : ardent in the prosecution of heresy cyril ospicili's opened his reign by oppressing the novations the most innocent and harmless of the sectaries
label: ardent in the prosecution of heresy cyril auspiciously opened his reign by oppressing the novatians the most innocent and harmless of the sectaries
pred : without any legal sentence without any royal mandate the patriarch at the dawn of day led a seditious multitude to the attack of the synagogues
label: without any legal sentence without any royal mandate the patriarch at the dawn of day led a seditious multitude to the attack of the synagogues
pred : such crimes would have deserved the animadversion of the magistrate but in this promiscuous outrage the innocent were confounded with the guilty and alexandria was impoverished by the loss of a wealthy and industrious colony
label: such crimes would have deserved the animadversion of the magistrate but in this promiscuous outrage the innocent were confounded with the guilty and alexandria was impoverished by the loss of a wealthy and industrious colony
pred : ardent in the prosecution of heresy cyril ospicili's opened his reign by oppressing the novations the most innocent and harmless of the sectaries
label: ardent in the prosecution of heresy cyril auspiciously opened his reign by oppressing the novatians the most innocent and harmless of the sectaries
pred : without any legal sentence without any royal mandate the patriarch at the dawn of day led a seditious multitude to the attack of the synagogues
label: without any legal sentence without any royal mandate the patriarch at the dawn of day led a seditious multitude to the attack of the synagogues
pred : such crimes would have deserved the animadversion of the magistrate but in this promiscuous outrage the innocent were confounded with the guilty and alexandria was impoverished by the loss of a wealthy and industrious colony
label: such crimes would have deserved the animadversion of the magistrate but in this promiscuous outrage the innocent were confounded with the guilty and alexandria was impoverished by the loss of a wealthy and industrious colony
pred : ardent in the prosecution of heresy cyril ospicili's opened his reign by oppressing the novations the most innocent and harmless of the sectaries
label: ardent in the prosecution of heresy cyril auspiciously opened his reign by oppressing the novatians the most innocent and harmless of the sectaries
pred : without any legal sentence without any royal mandate the patriarch at the dawn of day led a seditious multitude to the attack of the synagogues
label: without any legal sentence without any royal mandate the patriarch at the dawn of day led a seditious multitude to the attack of the synagogues
pred : such crimes would have deserved the animadversion of the magistrate but in this promiscuous outrage the innocent were confounded with the guilty and alexandria was impoverished by the loss of a wealthy and industrious colony
label: such crimes would have deserved the animadversion of the magistrate but in this promiscuous outrage the innocent were confounded with the guilty and alexandria was impoverished by the loss of a wealthy and industrious colony
pred : ardent in the prosecution of heresy cyril ospicili's opened his reign by oppressing the novations the most innocent and harmless of the sectaries
label: ardent in the prosecution of heresy cyril auspiciously opened his reign by oppressing the novatians the most innocent and harmless of the sectaries
pred : without any legal sentence without any royal mandate the patriarch at the dawn of day led a seditious multitude to the attack of the synagogues
label: without any legal sentence without any royal mandate the patriarch at the dawn of day led a seditious multitude to the attack of the synagogues
pred : such crimes would have deserved the animadversion of the magistrate but in this promiscuous outrage the innocent were confounded with the guilty and alexandria was impoverished by the loss of a wealthy and industrious colony
label: such crimes would have deserved the animadversion of the magistrate but in this promiscuous outrage the innocent were confounded with the guilty and alexandria was impoverished by the loss of a wealthy and industrious colony
{'eval_loss': 1.6223866939544678, 'eval_bleu': 95.40076716604555, 'eval_wer': 0.026069296688905126, 'eval_cer': 0.013042913764935425, 'eval_rouge1': 0.9671612284725686, 'eval_rouge2': 0.9512000006722992, 'eval_rougeL': 0.9670171551595541, 'eval_runtime': 95.6709, 'eval_samples_per_second': 58.189, 'eval_steps_per_second': 0.303, 'epoch': 3.64}
{'loss': 1.5283, 'grad_norm': 0.513901948928833, 'learning_rate': 9.761399251845112e-05, 'epoch': 3.64}
{'loss': 1.5328, 'grad_norm': 0.5961430072784424, 'learning_rate': 9.759714218312945e-05, 'epoch': 3.65}
{'loss': 1.5349, 'grad_norm': 0.7449894547462463, 'learning_rate': 9.758029184780779e-05, 'epoch': 3.65}
{'loss': 1.5334, 'grad_norm': 0.5710352063179016, 'learning_rate': 9.75634415124861e-05, 'epoch': 3.66}
{'loss': 1.5373, 'grad_norm': 0.5237441658973694, 'learning_rate': 9.754659117716442e-05, 'epoch': 3.66}
{'loss': 1.5383, 'grad_norm': 0.46915754675865173, 'learning_rate': 9.752974084184275e-05, 'epoch': 3.67}
{'loss': 1.5327, 'grad_norm': 0.8443325757980347, 'learning_rate': 9.751289050652109e-05, 'epoch': 3.67}
{'loss': 1.524, 'grad_norm': 0.7706016898155212, 'learning_rate': 9.74960401711994e-05, 'epoch': 3.68}
{'loss': 1.522, 'grad_norm': 0.4415411055088043, 'learning_rate': 9.747918983587774e-05, 'epoch': 3.68}
{'loss': 1.5264, 'grad_norm': 0.3984246253967285, 'learning_rate': 9.746233950055607e-05, 'epoch': 3.69}
{'loss': 1.5284, 'grad_norm': 0.4234248399734497, 'learning_rate': 9.744548916523439e-05, 'epoch': 3.69}
{'loss': 1.5292, 'grad_norm': 0.37113043665885925, 'learning_rate': 9.742863882991272e-05, 'epoch': 3.69}
{'loss': 1.5296, 'grad_norm': 0.6128732562065125, 'learning_rate': 9.741178849459105e-05, 'epoch': 3.7}
{'loss': 1.5298, 'grad_norm': 0.42274153232574463, 'learning_rate': 9.739493815926938e-05, 'epoch': 3.7}
{'loss': 1.5259, 'grad_norm': 0.4415873885154724, 'learning_rate': 9.73780878239477e-05, 'epoch': 3.71}
{'loss': 1.5328, 'grad_norm': 0.6054038405418396, 'learning_rate': 9.736123748862603e-05, 'epoch': 3.71}
{'loss': 1.5265, 'grad_norm': 0.7390376329421997, 'learning_rate': 9.734438715330435e-05, 'epoch': 3.72}
{'loss': 1.5285, 'grad_norm': 5.9744744300842285, 'learning_rate': 9.732753681798268e-05, 'epoch': 3.72}
{'loss': 1.5289, 'grad_norm': 0.4759233295917511, 'learning_rate': 9.7310686482661e-05, 'epoch': 3.73}
{'loss': 1.527, 'grad_norm': 0.5869702696800232, 'learning_rate': 9.729383614733933e-05, 'epoch': 3.73}
{'loss': 1.526, 'grad_norm': 0.3465852737426758, 'learning_rate': 9.727698581201767e-05, 'epoch': 3.74}
{'loss': 1.5277, 'grad_norm': 0.4130259156227112, 'learning_rate': 9.7260135476696e-05, 'epoch': 3.74}
{'loss': 1.5282, 'grad_norm': 0.5008749961853027, 'learning_rate': 9.724328514137432e-05, 'epoch': 3.74}
{'loss': 1.5307, 'grad_norm': 0.44914066791534424, 'learning_rate': 9.722643480605265e-05, 'epoch': 3.75}
{'loss': 1.5253, 'grad_norm': 0.46372589468955994, 'learning_rate': 9.720958447073098e-05, 'epoch': 3.75}
{'loss': 1.5296, 'grad_norm': 0.7017844319343567, 'learning_rate': 9.71927341354093e-05, 'epoch': 3.76}
{'loss': 1.5242, 'grad_norm': 0.44718244671821594, 'learning_rate': 9.717588380008763e-05, 'epoch': 3.76}
{'loss': 1.524, 'grad_norm': 0.3990759253501892, 'learning_rate': 9.715903346476596e-05, 'epoch': 3.77}
{'loss': 1.5295, 'grad_norm': 0.46013143658638, 'learning_rate': 9.714218312944428e-05, 'epoch': 3.77}
{'loss': 1.5297, 'grad_norm': 0.40511730313301086, 'learning_rate': 9.71253327941226e-05, 'epoch': 3.78}
{'loss': 1.5246, 'grad_norm': 0.45198309421539307, 'learning_rate': 9.710848245880093e-05, 'epoch': 3.78}
{'loss': 1.5244, 'grad_norm': 0.5471065044403076, 'learning_rate': 9.709163212347926e-05, 'epoch': 3.79}
{'loss': 1.5284, 'grad_norm': 0.5403121709823608, 'learning_rate': 9.70747817881576e-05, 'epoch': 3.79}
{'loss': 1.5277, 'grad_norm': 0.6228222846984863, 'learning_rate': 9.705793145283591e-05, 'epoch': 3.79}
{'loss': 1.5304, 'grad_norm': 0.567413866519928, 'learning_rate': 9.704108111751424e-05, 'epoch': 3.8}
{'loss': 1.5294, 'grad_norm': 0.4724416434764862, 'learning_rate': 9.702423078219258e-05, 'epoch': 3.8}
{'loss': 1.5319, 'grad_norm': 0.8929843902587891, 'learning_rate': 9.70073804468709e-05, 'epoch': 3.81}
{'loss': 1.5278, 'grad_norm': 0.6872518062591553, 'learning_rate': 9.699053011154923e-05, 'epoch': 3.81}
{'loss': 1.529, 'grad_norm': 0.553587019443512, 'learning_rate': 9.697367977622756e-05, 'epoch': 3.82}
{'loss': 1.5282, 'grad_norm': 0.46869567036628723, 'learning_rate': 9.695682944090589e-05, 'epoch': 3.82}
{'loss': 1.5252, 'grad_norm': 0.5331351161003113, 'learning_rate': 9.693997910558421e-05, 'epoch': 3.83}
{'loss': 1.5294, 'grad_norm': 0.4241325557231903, 'learning_rate': 9.692312877026253e-05, 'epoch': 3.83}
{'loss': 1.5307, 'grad_norm': 0.595832347869873, 'learning_rate': 9.690627843494086e-05, 'epoch': 3.84}
{'loss': 1.5251, 'grad_norm': 0.5032163858413696, 'learning_rate': 9.688942809961919e-05, 'epoch': 3.84}
{'loss': 1.5214, 'grad_norm': 0.4032543897628784, 'learning_rate': 9.687257776429751e-05, 'epoch': 3.84}
{'loss': 1.5247, 'grad_norm': 0.40315547585487366, 'learning_rate': 9.685572742897584e-05, 'epoch': 3.85}
{'loss': 1.5285, 'grad_norm': 0.584527850151062, 'learning_rate': 9.683887709365417e-05, 'epoch': 3.85}
{'loss': 1.531, 'grad_norm': 0.5756673216819763, 'learning_rate': 9.682202675833249e-05, 'epoch': 3.86}
{'loss': 1.5269, 'grad_norm': 1.0441964864730835, 'learning_rate': 9.680517642301082e-05, 'epoch': 3.86}
{'loss': 1.5255, 'grad_norm': 0.4883297085762024, 'learning_rate': 9.678832608768915e-05, 'epoch': 3.87}
{'loss': 1.5278, 'grad_norm': 0.5148341655731201, 'learning_rate': 9.677147575236749e-05, 'epoch': 3.87}
{'loss': 1.5269, 'grad_norm': 0.47162485122680664, 'learning_rate': 9.67546254170458e-05, 'epoch': 3.88}
{'loss': 1.5258, 'grad_norm': 0.38650187849998474, 'learning_rate': 9.673777508172414e-05, 'epoch': 3.88}
{'loss': 1.523, 'grad_norm': 0.39694347977638245, 'learning_rate': 9.672092474640245e-05, 'epoch': 3.89}
{'loss': 1.5216, 'grad_norm': 0.5474876761436462, 'learning_rate': 9.670407441108079e-05, 'epoch': 3.89}
{'loss': 1.5208, 'grad_norm': 0.7451328039169312, 'learning_rate': 9.66872240757591e-05, 'epoch': 3.89}
{'loss': 1.5201, 'grad_norm': 0.388920396566391, 'learning_rate': 9.667037374043744e-05, 'epoch': 3.9}
{'loss': 1.5216, 'grad_norm': 0.4281356632709503, 'learning_rate': 9.665352340511577e-05, 'epoch': 3.9}
{'loss': 1.525, 'grad_norm': 4.754998207092285, 'learning_rate': 9.663667306979409e-05, 'epoch': 3.91}
{'loss': 1.521, 'grad_norm': 2.2859201431274414, 'learning_rate': 9.661982273447242e-05, 'epoch': 3.91}
{'loss': 1.5228, 'grad_norm': 0.5094565749168396, 'learning_rate': 9.660297239915075e-05, 'epoch': 3.92}
{'loss': 1.5231, 'grad_norm': 0.4323725700378418, 'learning_rate': 9.658612206382908e-05, 'epoch': 3.92}
{'loss': 1.5236, 'grad_norm': 0.39574992656707764, 'learning_rate': 9.65692717285074e-05, 'epoch': 3.93}
{'loss': 1.5248, 'grad_norm': 0.6015456318855286, 'learning_rate': 9.655242139318573e-05, 'epoch': 3.93}
{'loss': 1.5279, 'grad_norm': 0.5186178088188171, 'learning_rate': 9.653557105786406e-05, 'epoch': 3.94}
{'loss': 1.5242, 'grad_norm': 0.7519847750663757, 'learning_rate': 9.651872072254238e-05, 'epoch': 3.94}
{'loss': 1.5273, 'grad_norm': 0.5372724533081055, 'learning_rate': 9.65018703872207e-05, 'epoch': 3.94}
{'loss': 1.5205, 'grad_norm': 0.360952228307724, 'learning_rate': 9.648502005189903e-05, 'epoch': 3.95}
{'loss': 1.5181, 'grad_norm': 0.46239662170410156, 'learning_rate': 9.646816971657737e-05, 'epoch': 3.95}
{'loss': 1.5202, 'grad_norm': 0.3562423288822174, 'learning_rate': 9.645131938125568e-05, 'epoch': 3.96}
{'loss': 1.5235, 'grad_norm': 0.4270336627960205, 'learning_rate': 9.643446904593402e-05, 'epoch': 3.96}
{'loss': 1.5227, 'grad_norm': 0.5686087608337402, 'learning_rate': 9.641761871061235e-05, 'epoch': 3.97}
{'loss': 1.5205, 'grad_norm': 0.42145076394081116, 'learning_rate': 9.640076837529068e-05, 'epoch': 3.97}
{'loss': 1.5128, 'grad_norm': 0.7747995257377625, 'learning_rate': 9.6383918039969e-05, 'epoch': 3.98}
{'loss': 1.518, 'grad_norm': 0.692332923412323, 'learning_rate': 9.636706770464733e-05, 'epoch': 3.98}
{'loss': 1.5336, 'grad_norm': 58.972740173339844, 'learning_rate': 9.635021736932566e-05, 'epoch': 3.99}
{'loss': 1.5409, 'grad_norm': 3.051792621612549, 'learning_rate': 9.633336703400398e-05, 'epoch': 3.99}
{'loss': 1.532, 'grad_norm': 0.4150961637496948, 'learning_rate': 9.631651669868231e-05, 'epoch': 3.99}
{'loss': 1.5288, 'grad_norm': 2.1149215698242188, 'learning_rate': 9.629966636336063e-05, 'epoch': 4.0}
{'loss': 1.5245, 'grad_norm': 1.0182907581329346, 'learning_rate': 9.628281602803896e-05, 'epoch': 4.0}
{'loss': 1.5119, 'grad_norm': 0.6787682771682739, 'learning_rate': 9.626596569271728e-05, 'epoch': 4.01}
{'loss': 1.5189, 'grad_norm': 0.4933236837387085, 'learning_rate': 9.624911535739561e-05, 'epoch': 4.01}
{'loss': 1.541, 'grad_norm': 0.3961561620235443, 'learning_rate': 9.623226502207394e-05, 'epoch': 4.02}
{'loss': 1.519, 'grad_norm': 0.4134017527103424, 'learning_rate': 9.621541468675228e-05, 'epoch': 4.02}
{'loss': 1.5185, 'grad_norm': 3.7681167125701904, 'learning_rate': 9.61985643514306e-05, 'epoch': 4.03}
{'loss': 1.5142, 'grad_norm': 0.667004406452179, 'learning_rate': 9.618171401610893e-05, 'epoch': 4.03}
{'loss': 1.513, 'grad_norm': 0.4664839208126068, 'learning_rate': 9.616486368078726e-05, 'epoch': 4.04}
{'loss': 1.5107, 'grad_norm': 0.38148579001426697, 'learning_rate': 9.614801334546558e-05, 'epoch': 4.04}
{'loss': 1.5113, 'grad_norm': 1.3097392320632935, 'learning_rate': 9.613116301014391e-05, 'epoch': 4.04}
{'loss': 1.518, 'grad_norm': 0.5026683211326599, 'learning_rate': 9.611431267482224e-05, 'epoch': 4.05}
{'loss': 1.514, 'grad_norm': 0.4560824930667877, 'learning_rate': 9.609746233950057e-05, 'epoch': 4.05}
{'loss': 1.5128, 'grad_norm': 0.4733002185821533, 'learning_rate': 9.608061200417888e-05, 'epoch': 4.06}
{'loss': 1.5119, 'grad_norm': 0.5059886574745178, 'learning_rate': 9.606376166885721e-05, 'epoch': 4.06}
{'loss': 1.5207, 'grad_norm': 7.193798542022705, 'learning_rate': 9.604691133353554e-05, 'epoch': 4.07}
{'loss': 1.5267, 'grad_norm': 0.6072328090667725, 'learning_rate': 9.603006099821387e-05, 'epoch': 4.07}
{'loss': 1.5255, 'grad_norm': 1.3641693592071533, 'learning_rate': 9.601321066289219e-05, 'epoch': 4.08}
{'loss': 1.513, 'grad_norm': 0.7978468537330627, 'learning_rate': 9.599636032757052e-05, 'epoch': 4.08}
{'loss': 1.5115, 'grad_norm': 0.6998912692070007, 'learning_rate': 9.597950999224885e-05, 'epoch': 4.09}
{'loss': 1.5205, 'grad_norm': 0.4512367844581604, 'learning_rate': 9.596265965692717e-05, 'epoch': 4.09}
{'loss': 1.5107, 'grad_norm': 0.3971606194972992, 'learning_rate': 9.59458093216055e-05, 'epoch': 4.09}
{'loss': 1.5098, 'grad_norm': 1.3568394184112549, 'learning_rate': 9.592895898628384e-05, 'epoch': 4.1}
{'loss': 1.5103, 'grad_norm': 0.3854001462459564, 'learning_rate': 9.591210865096217e-05, 'epoch': 4.1}
{'loss': 1.5103, 'grad_norm': 0.8355618715286255, 'learning_rate': 9.589525831564049e-05, 'epoch': 4.11}
{'loss': 1.5149, 'grad_norm': 1.3734709024429321, 'learning_rate': 9.587840798031882e-05, 'epoch': 4.11}
{'loss': 1.5123, 'grad_norm': 0.9834491610527039, 'learning_rate': 9.586155764499714e-05, 'epoch': 4.12}
{'loss': 1.5106, 'grad_norm': 0.8338232040405273, 'learning_rate': 9.584470730967547e-05, 'epoch': 4.12}
{'loss': 1.5231, 'grad_norm': 1.7818944454193115, 'learning_rate': 9.582785697435379e-05, 'epoch': 4.13}
{'loss': 1.516, 'grad_norm': 0.6194735765457153, 'learning_rate': 9.581100663903212e-05, 'epoch': 4.13}
{'loss': 1.5124, 'grad_norm': 0.4980006515979767, 'learning_rate': 9.579415630371045e-05, 'epoch': 4.14}
{'loss': 1.5113, 'grad_norm': 0.4626500904560089, 'learning_rate': 9.577730596838877e-05, 'epoch': 4.14}
{'loss': 1.5097, 'grad_norm': 0.4593459963798523, 'learning_rate': 9.57604556330671e-05, 'epoch': 4.14}
{'loss': 1.507, 'grad_norm': 0.4270760118961334, 'learning_rate': 9.574360529774543e-05, 'epoch': 4.15}
{'loss': 1.5042, 'grad_norm': 0.41459789872169495, 'learning_rate': 9.572675496242377e-05, 'epoch': 4.15}
{'loss': 1.5093, 'grad_norm': 0.6813414096832275, 'learning_rate': 9.570990462710208e-05, 'epoch': 4.16}
{'loss': 1.5119, 'grad_norm': 0.39427879452705383, 'learning_rate': 9.569305429178042e-05, 'epoch': 4.16}
{'loss': 1.509, 'grad_norm': 0.47274288535118103, 'learning_rate': 9.567620395645875e-05, 'epoch': 4.17}
{'loss': 1.5109, 'grad_norm': 0.4994283616542816, 'learning_rate': 9.565935362113707e-05, 'epoch': 4.17}
{'loss': 1.5153, 'grad_norm': 0.4644729495048523, 'learning_rate': 9.564250328581538e-05, 'epoch': 4.18}
{'loss': 1.5077, 'grad_norm': 0.49802541732788086, 'learning_rate': 9.562565295049372e-05, 'epoch': 4.18}
{'loss': 1.5059, 'grad_norm': 0.41740646958351135, 'learning_rate': 9.560880261517205e-05, 'epoch': 4.19}
{'loss': 1.507, 'grad_norm': 0.5792990326881409, 'learning_rate': 9.559195227985037e-05, 'epoch': 4.19}
{'loss': 1.5147, 'grad_norm': 0.6696641445159912, 'learning_rate': 9.55751019445287e-05, 'epoch': 4.19}
{'loss': 1.5118, 'grad_norm': 0.35912638902664185, 'learning_rate': 9.555825160920703e-05, 'epoch': 4.2}
{'loss': 1.5076, 'grad_norm': 0.3993879556655884, 'learning_rate': 9.554140127388536e-05, 'epoch': 4.2}
{'loss': 1.5088, 'grad_norm': 0.5415101647377014, 'learning_rate': 9.552455093856368e-05, 'epoch': 4.21}
{'loss': 1.5099, 'grad_norm': 0.5071004629135132, 'learning_rate': 9.550770060324201e-05, 'epoch': 4.21}
{'loss': 1.5101, 'grad_norm': 0.42353907227516174, 'learning_rate': 9.549085026792034e-05, 'epoch': 4.22}
{'loss': 1.5152, 'grad_norm': 0.4689312279224396, 'learning_rate': 9.547399993259866e-05, 'epoch': 4.22}
{'loss': 1.5118, 'grad_norm': 0.4681306481361389, 'learning_rate': 9.5457149597277e-05, 'epoch': 4.23}
{'loss': 1.5097, 'grad_norm': 0.3963956832885742, 'learning_rate': 9.544029926195531e-05, 'epoch': 4.23}
{'loss': 1.5075, 'grad_norm': 0.5179808735847473, 'learning_rate': 9.542344892663364e-05, 'epoch': 4.24}
{'loss': 1.5089, 'grad_norm': 0.46109917759895325, 'learning_rate': 9.540659859131196e-05, 'epoch': 4.24}
{'loss': 1.5109, 'grad_norm': 0.402924507856369, 'learning_rate': 9.53897482559903e-05, 'epoch': 4.24}
{'loss': 1.5082, 'grad_norm': 0.3974239230155945, 'learning_rate': 9.537289792066863e-05, 'epoch': 4.25}
{'loss': 1.5116, 'grad_norm': 0.5525583028793335, 'learning_rate': 9.535604758534696e-05, 'epoch': 4.25}
{'loss': 1.5112, 'grad_norm': 0.667265772819519, 'learning_rate': 9.533919725002528e-05, 'epoch': 4.26}
{'loss': 1.5226, 'grad_norm': 0.6649766564369202, 'learning_rate': 9.532234691470361e-05, 'epoch': 4.26}
{'loss': 1.5125, 'grad_norm': 0.4701017141342163, 'learning_rate': 9.530549657938194e-05, 'epoch': 4.27}
{'loss': 1.5094, 'grad_norm': 0.388150691986084, 'learning_rate': 9.528864624406026e-05, 'epoch': 4.27}
{'loss': 1.5043, 'grad_norm': 0.43026745319366455, 'learning_rate': 9.527179590873859e-05, 'epoch': 4.28}
{'loss': 1.5108, 'grad_norm': 0.40386149287223816, 'learning_rate': 9.525494557341692e-05, 'epoch': 4.28}
{'loss': 1.5093, 'grad_norm': 0.4058101773262024, 'learning_rate': 9.523809523809524e-05, 'epoch': 4.29}
{'loss': 1.5078, 'grad_norm': 0.4209293723106384, 'learning_rate': 9.522124490277356e-05, 'epoch': 4.29}
{'loss': 1.5071, 'grad_norm': 0.44065845012664795, 'learning_rate': 9.520439456745189e-05, 'epoch': 4.29}
{'loss': 1.5059, 'grad_norm': 0.4884043335914612, 'learning_rate': 9.518754423213022e-05, 'epoch': 4.3}
{'loss': 1.5104, 'grad_norm': 0.39567553997039795, 'learning_rate': 9.517069389680855e-05, 'epoch': 4.3}
{'loss': 1.5076, 'grad_norm': 0.4260352551937103, 'learning_rate': 9.515384356148687e-05, 'epoch': 4.31}
{'loss': 1.509, 'grad_norm': 0.4893643260002136, 'learning_rate': 9.51369932261652e-05, 'epoch': 4.31}
{'loss': 1.511, 'grad_norm': 0.5557523369789124, 'learning_rate': 9.512014289084354e-05, 'epoch': 4.32}
{'loss': 1.5045, 'grad_norm': 0.3827334940433502, 'learning_rate': 9.510329255552186e-05, 'epoch': 4.32}
{'loss': 1.5095, 'grad_norm': 0.4005544185638428, 'learning_rate': 9.508644222020019e-05, 'epoch': 4.33}
{'loss': 1.5057, 'grad_norm': 0.3660028576850891, 'learning_rate': 9.506959188487852e-05, 'epoch': 4.33}
{'loss': 1.5079, 'grad_norm': 0.6793531775474548, 'learning_rate': 9.505274154955685e-05, 'epoch': 4.34}
{'loss': 1.5007, 'grad_norm': 0.5767712593078613, 'learning_rate': 9.503589121423517e-05, 'epoch': 4.34}
{'loss': 1.5074, 'grad_norm': 0.39068564772605896, 'learning_rate': 9.501904087891349e-05, 'epoch': 4.34}
{'loss': 1.5079, 'grad_norm': 0.4910205006599426, 'learning_rate': 9.500219054359182e-05, 'epoch': 4.35}
{'loss': 1.5048, 'grad_norm': 0.42636242508888245, 'learning_rate': 9.498534020827015e-05, 'epoch': 4.35}
{'loss': 1.5042, 'grad_norm': 0.4188864827156067, 'learning_rate': 9.496848987294847e-05, 'epoch': 4.36}
{'loss': 1.5082, 'grad_norm': 0.42849791049957275, 'learning_rate': 9.49516395376268e-05, 'epoch': 4.36}
{'loss': 1.5092, 'grad_norm': 0.48151156306266785, 'learning_rate': 9.493478920230513e-05, 'epoch': 4.37}
{'loss': 1.507, 'grad_norm': 0.3989099860191345, 'learning_rate': 9.491793886698345e-05, 'epoch': 4.37}
{'loss': 1.5082, 'grad_norm': 0.40643149614334106, 'learning_rate': 9.490108853166178e-05, 'epoch': 4.38}
{'loss': 1.5042, 'grad_norm': 0.42598065733909607, 'learning_rate': 9.488423819634012e-05, 'epoch': 4.38}
{'loss': 1.5074, 'grad_norm': 0.556357741355896, 'learning_rate': 9.486738786101845e-05, 'epoch': 4.39}
{'loss': 1.505, 'grad_norm': 0.47933727502822876, 'learning_rate': 9.485053752569677e-05, 'epoch': 4.39}
{'loss': 1.5045, 'grad_norm': 1.630519986152649, 'learning_rate': 9.48336871903751e-05, 'epoch': 4.39}
{'loss': 1.5086, 'grad_norm': 0.4596041738986969, 'learning_rate': 9.481683685505342e-05, 'epoch': 4.4}
{'loss': 1.5095, 'grad_norm': 0.6538530588150024, 'learning_rate': 9.479998651973175e-05, 'epoch': 4.4}
{'loss': 1.5019, 'grad_norm': 0.3918691575527191, 'learning_rate': 9.478313618441007e-05, 'epoch': 4.41}
{'loss': 1.5039, 'grad_norm': 0.5788688659667969, 'learning_rate': 9.47662858490884e-05, 'epoch': 4.41}
{'loss': 1.5112, 'grad_norm': 0.8495073914527893, 'learning_rate': 9.474943551376673e-05, 'epoch': 4.42}
{'loss': 1.5056, 'grad_norm': 0.8445756435394287, 'learning_rate': 9.473258517844505e-05, 'epoch': 4.42}
{'loss': 1.5059, 'grad_norm': 1.4274401664733887, 'learning_rate': 9.471573484312338e-05, 'epoch': 4.43}
{'loss': 1.5068, 'grad_norm': 0.489439457654953, 'learning_rate': 9.469888450780171e-05, 'epoch': 4.43}
{'loss': 1.5032, 'grad_norm': 1.3437820672988892, 'learning_rate': 9.468203417248004e-05, 'epoch': 4.44}
{'loss': 1.5045, 'grad_norm': 0.45907363295555115, 'learning_rate': 9.466518383715836e-05, 'epoch': 4.44}
{'loss': 1.5043, 'grad_norm': 0.4150634706020355, 'learning_rate': 9.46483335018367e-05, 'epoch': 4.44}
{'loss': 1.5078, 'grad_norm': 0.4919799268245697, 'learning_rate': 9.463148316651503e-05, 'epoch': 4.45}
{'loss': 1.5128, 'grad_norm': 0.44912272691726685, 'learning_rate': 9.461463283119334e-05, 'epoch': 4.45}
{'loss': 1.5144, 'grad_norm': 0.7215585708618164, 'learning_rate': 9.459778249587166e-05, 'epoch': 4.46}
{'loss': 1.5092, 'grad_norm': 0.5371109247207642, 'learning_rate': 9.458093216055e-05, 'epoch': 4.46}
{'loss': 1.5122, 'grad_norm': 0.6884557008743286, 'learning_rate': 9.456408182522833e-05, 'epoch': 4.47}
{'loss': 1.5094, 'grad_norm': 0.3842507302761078, 'learning_rate': 9.454723148990664e-05, 'epoch': 4.47}
{'loss': 1.5122, 'grad_norm': 0.43507322669029236, 'learning_rate': 9.453038115458498e-05, 'epoch': 4.48}
{'loss': 1.5074, 'grad_norm': 0.4430120587348938, 'learning_rate': 9.451353081926331e-05, 'epoch': 4.48}
{'loss': 1.5073, 'grad_norm': 0.4211799204349518, 'learning_rate': 9.449668048394164e-05, 'epoch': 4.49}
{'loss': 1.5045, 'grad_norm': 0.38830506801605225, 'learning_rate': 9.447983014861996e-05, 'epoch': 4.49}
{'loss': 1.5091, 'grad_norm': 0.3952973783016205, 'learning_rate': 9.446297981329829e-05, 'epoch': 4.49}
{'loss': 1.5077, 'grad_norm': 0.3851068913936615, 'learning_rate': 9.444612947797662e-05, 'epoch': 4.5}
{'loss': 1.5025, 'grad_norm': 1.3005790710449219, 'learning_rate': 9.442927914265494e-05, 'epoch': 4.5}
{'loss': 1.5064, 'grad_norm': 0.365234911441803, 'learning_rate': 9.441242880733327e-05, 'epoch': 4.51}
{'loss': 1.5035, 'grad_norm': 0.3728175759315491, 'learning_rate': 9.439557847201159e-05, 'epoch': 4.51}
{'loss': 1.5028, 'grad_norm': 0.3691587746143341, 'learning_rate': 9.437872813668992e-05, 'epoch': 4.52}
{'loss': 1.5073, 'grad_norm': 0.46416372060775757, 'learning_rate': 9.436187780136824e-05, 'epoch': 4.52}
{'loss': 1.5033, 'grad_norm': 0.5743976831436157, 'learning_rate': 9.434502746604657e-05, 'epoch': 4.53}
{'loss': 1.5011, 'grad_norm': 0.7078894376754761, 'learning_rate': 9.43281771307249e-05, 'epoch': 4.53}
{'loss': 1.5018, 'grad_norm': 0.38551509380340576, 'learning_rate': 9.431132679540324e-05, 'epoch': 4.54}
{'loss': 1.5013, 'grad_norm': 0.3201577961444855, 'learning_rate': 9.429447646008156e-05, 'epoch': 4.54}
{'loss': 1.506, 'grad_norm': 0.6648255586624146, 'learning_rate': 9.427762612475989e-05, 'epoch': 4.55}
{'loss': 1.5043, 'grad_norm': 0.4319745898246765, 'learning_rate': 9.426077578943822e-05, 'epoch': 4.55}
pred : ardent in the prosecution of heresy cyril auspiciously opened his reign by oppressing the novations the most innocent and harmless of the sectaries
label: ardent in the prosecution of heresy cyril auspiciously opened his reign by oppressing the novatians the most innocent and harmless of the sectaries
pred : without any legal sentence without any royal mandate the patriarch at the dawn of day led a seditious multitude to the attack of the synagogues
label: without any legal sentence without any royal mandate the patriarch at the dawn of day led a seditious multitude to the attack of the synagogues
pred : such crimes would have deserved the animadversion of the magistrate but in this promiscuous outrage the innocent were confounded with the guilty and alexandria was impoverished by the loss of a wealthy and industrious colony
label: such crimes would have deserved the animadversion of the magistrate but in this promiscuous outrage the innocent were confounded with the guilty and alexandria was impoverished by the loss of a wealthy and industrious colony
pred : ardent in the prosecution of heresy cyril auspiciously opened his reign by oppressing the novations the most innocent and harmless of the sectaries
label: ardent in the prosecution of heresy cyril auspiciously opened his reign by oppressing the novatians the most innocent and harmless of the sectaries
pred : without any legal sentence without any royal mandate the patriarch at the dawn of day led a seditious multitude to the attack of the synagogues
label: without any legal sentence without any royal mandate the patriarch at the dawn of day led a seditious multitude to the attack of the synagogues
pred : such crimes would have deserved the animadversion of the magistrate but in this promiscuous outrage the innocent were confounded with the guilty and alexandria was impoverished by the loss of a wealthy and industrious colony
label: such crimes would have deserved the animadversion of the magistrate but in this promiscuous outrage the innocent were confounded with the guilty and alexandria was impoverished by the loss of a wealthy and industrious colony
pred : ardent in the prosecution of heresy cyril auspiciously opened his reign by oppressing the novations the most innocent and harmless of the sectaries
label: ardent in the prosecution of heresy cyril auspiciously opened his reign by oppressing the novatians the most innocent and harmless of the sectaries
pred : without any legal sentence without any royal mandate the patriarch at the dawn of day led a seditious multitude to the attack of the synagogues
label: without any legal sentence without any royal mandate the patriarch at the dawn of day led a seditious multitude to the attack of the synagogues
pred : such crimes would have deserved the animadversion of the magistrate but in this promiscuous outrage the innocent were confounded with the guilty and alexandria was impoverished by the loss of a wealthy and industrious colony
label: such crimes would have deserved the animadversion of the magistrate but in this promiscuous outrage the innocent were confounded with the guilty and alexandria was impoverished by the loss of a wealthy and industrious colony
pred : ardent in the prosecution of heresy cyril auspiciously opened his reign by oppressing the novations the most innocent and harmless of the sectaries
label: ardent in the prosecution of heresy cyril auspiciously opened his reign by oppressing the novatians the most innocent and harmless of the sectaries
pred : without any legal sentence without any royal mandate the patriarch at the dawn of day led a seditious multitude to the attack of the synagogues
label: without any legal sentence without any royal mandate the patriarch at the dawn of day led a seditious multitude to the attack of the synagogues
pred : such crimes would have deserved the animadversion of the magistrate but in this promiscuous outrage the innocent were confounded with the guilty and alexandria was impoverished by the loss of a wealthy and industrious colony
label: such crimes would have deserved the animadversion of the magistrate but in this promiscuous outrage the innocent were confounded with the guilty and alexandria was impoverished by the loss of a wealthy and industrious colony
{'eval_loss': 1.5971721410751343, 'eval_bleu': 95.97284507143219, 'eval_wer': 0.021798753001243204, 'eval_cer': 0.010242465116111326, 'eval_rouge1': 0.9804056206085232, 'eval_rouge2': 0.9654607894258204, 'eval_rougeL': 0.9803514473317566, 'eval_runtime': 95.3656, 'eval_samples_per_second': 58.375, 'eval_steps_per_second': 0.304, 'epoch': 4.55}
{'loss': 1.5016, 'grad_norm': 0.4957731068134308, 'learning_rate': 9.424392545411654e-05, 'epoch': 4.55}
{'loss': 1.5013, 'grad_norm': 0.6896919012069702, 'learning_rate': 9.422707511879487e-05, 'epoch': 4.56}
{'loss': 1.4987, 'grad_norm': 0.3704236149787903, 'learning_rate': 9.42102247834732e-05, 'epoch': 4.56}
{'loss': 1.5033, 'grad_norm': 0.35629165172576904, 'learning_rate': 9.419337444815153e-05, 'epoch': 4.57}
{'loss': 1.5044, 'grad_norm': 0.6274398565292358, 'learning_rate': 9.417652411282985e-05, 'epoch': 4.57}
{'loss': 1.5021, 'grad_norm': 0.335083544254303, 'learning_rate': 9.415967377750817e-05, 'epoch': 4.58}
{'loss': 1.5, 'grad_norm': 0.34972456097602844, 'learning_rate': 9.41428234421865e-05, 'epoch': 4.58}
{'loss': 1.508, 'grad_norm': 0.3640469014644623, 'learning_rate': 9.412597310686483e-05, 'epoch': 4.59}
{'loss': 1.5035, 'grad_norm': 0.42458945512771606, 'learning_rate': 9.410912277154315e-05, 'epoch': 4.59}
{'loss': 1.5009, 'grad_norm': 0.3542986214160919, 'learning_rate': 9.409227243622148e-05, 'epoch': 4.6}
{'loss': 1.5, 'grad_norm': 0.5433904528617859, 'learning_rate': 9.407542210089982e-05, 'epoch': 4.6}
{'loss': 1.5022, 'grad_norm': 0.3289753496646881, 'learning_rate': 9.405857176557813e-05, 'epoch': 4.6}
{'loss': 1.5029, 'grad_norm': 0.4858291745185852, 'learning_rate': 9.404172143025647e-05, 'epoch': 4.61}
{'loss': 1.4999, 'grad_norm': 0.3290591537952423, 'learning_rate': 9.40248710949348e-05, 'epoch': 4.61}
{'loss': 1.5022, 'grad_norm': 0.3506309390068054, 'learning_rate': 9.400802075961313e-05, 'epoch': 4.62}
{'loss': 1.5011, 'grad_norm': 2.146733283996582, 'learning_rate': 9.399117042429145e-05, 'epoch': 4.62}
{'loss': 1.5015, 'grad_norm': 0.41486069560050964, 'learning_rate': 9.397432008896977e-05, 'epoch': 4.63}
{'loss': 1.5038, 'grad_norm': 0.35169151425361633, 'learning_rate': 9.39574697536481e-05, 'epoch': 4.63}
{'loss': 1.4998, 'grad_norm': 0.48506882786750793, 'learning_rate': 9.394061941832643e-05, 'epoch': 4.64}
{'loss': 1.4931, 'grad_norm': 0.33473044633865356, 'learning_rate': 9.392376908300475e-05, 'epoch': 4.64}
{'loss': 1.4993, 'grad_norm': 0.34831029176712036, 'learning_rate': 9.390691874768308e-05, 'epoch': 4.65}
{'loss': 1.5006, 'grad_norm': 0.32996347546577454, 'learning_rate': 9.389006841236141e-05, 'epoch': 4.65}
{'loss': 1.496, 'grad_norm': 0.4739323556423187, 'learning_rate': 9.387321807703974e-05, 'epoch': 4.65}
{'loss': 1.4989, 'grad_norm': 0.36754173040390015, 'learning_rate': 9.385636774171806e-05, 'epoch': 4.66}
{'loss': 1.5016, 'grad_norm': 0.6507083177566528, 'learning_rate': 9.38395174063964e-05, 'epoch': 4.66}
{'loss': 1.4983, 'grad_norm': 0.6531462669372559, 'learning_rate': 9.382266707107473e-05, 'epoch': 4.67}
{'loss': 1.4976, 'grad_norm': 0.3139176368713379, 'learning_rate': 9.380581673575304e-05, 'epoch': 4.67}
{'loss': 1.4966, 'grad_norm': 0.42894622683525085, 'learning_rate': 9.378896640043138e-05, 'epoch': 4.68}
{'loss': 1.5004, 'grad_norm': 0.32124844193458557, 'learning_rate': 9.377211606510971e-05, 'epoch': 4.68}
{'loss': 1.502, 'grad_norm': 0.4387657940387726, 'learning_rate': 9.375526572978803e-05, 'epoch': 4.69}
{'loss': 1.4981, 'grad_norm': 0.364707350730896, 'learning_rate': 9.373841539446634e-05, 'epoch': 4.69}
{'loss': 1.4973, 'grad_norm': 0.48202064633369446, 'learning_rate': 9.372156505914468e-05, 'epoch': 4.7}
{'loss': 1.5005, 'grad_norm': 0.411220520734787, 'learning_rate': 9.370471472382301e-05, 'epoch': 4.7}
{'loss': 1.4982, 'grad_norm': 0.5265661478042603, 'learning_rate': 9.368786438850134e-05, 'epoch': 4.7}
{'loss': 1.503, 'grad_norm': 0.5348323583602905, 'learning_rate': 9.367101405317966e-05, 'epoch': 4.71}
{'loss': 1.5039, 'grad_norm': 0.45545005798339844, 'learning_rate': 9.365416371785799e-05, 'epoch': 4.71}
{'loss': 1.5024, 'grad_norm': 0.47221651673316956, 'learning_rate': 9.363731338253632e-05, 'epoch': 4.72}
{'loss': 1.5026, 'grad_norm': 0.35375434160232544, 'learning_rate': 9.362046304721464e-05, 'epoch': 4.72}
{'loss': 1.5021, 'grad_norm': 0.35238292813301086, 'learning_rate': 9.360361271189297e-05, 'epoch': 4.73}
{'loss': 1.5011, 'grad_norm': 0.48536622524261475, 'learning_rate': 9.35867623765713e-05, 'epoch': 4.73}
{'loss': 1.4992, 'grad_norm': 0.5070978999137878, 'learning_rate': 9.356991204124964e-05, 'epoch': 4.74}
{'loss': 1.506, 'grad_norm': 0.5460855960845947, 'learning_rate': 9.355306170592796e-05, 'epoch': 4.74}
{'loss': 1.5071, 'grad_norm': 0.5581069588661194, 'learning_rate': 9.353621137060627e-05, 'epoch': 4.75}
{'loss': 1.5043, 'grad_norm': 0.6194140911102295, 'learning_rate': 9.35193610352846e-05, 'epoch': 4.75}
{'loss': 1.5004, 'grad_norm': 0.4589933454990387, 'learning_rate': 9.350251069996294e-05, 'epoch': 4.75}
{'loss': 1.4989, 'grad_norm': 0.4145694673061371, 'learning_rate': 9.348566036464126e-05, 'epoch': 4.76}
{'loss': 1.4964, 'grad_norm': 0.46857014298439026, 'learning_rate': 9.346881002931959e-05, 'epoch': 4.76}
{'loss': 1.4993, 'grad_norm': 0.43831369280815125, 'learning_rate': 9.345195969399792e-05, 'epoch': 4.77}
{'loss': 1.4995, 'grad_norm': 0.4889519214630127, 'learning_rate': 9.343510935867624e-05, 'epoch': 4.77}
{'loss': 1.4991, 'grad_norm': 0.43055713176727295, 'learning_rate': 9.341825902335457e-05, 'epoch': 4.78}
{'loss': 1.4998, 'grad_norm': 0.6078047752380371, 'learning_rate': 9.34014086880329e-05, 'epoch': 4.78}
{'loss': 1.4954, 'grad_norm': 0.36510705947875977, 'learning_rate': 9.338455835271123e-05, 'epoch': 4.79}
{'loss': 1.4985, 'grad_norm': 0.38797107338905334, 'learning_rate': 9.336770801738955e-05, 'epoch': 4.79}
{'loss': 1.5001, 'grad_norm': 0.5144760608673096, 'learning_rate': 9.335085768206788e-05, 'epoch': 4.8}
{'loss': 1.4956, 'grad_norm': 0.29771876335144043, 'learning_rate': 9.33340073467462e-05, 'epoch': 4.8}
{'loss': 1.4974, 'grad_norm': 0.2994597256183624, 'learning_rate': 9.331715701142453e-05, 'epoch': 4.8}
{'loss': 1.4966, 'grad_norm': 0.4341253638267517, 'learning_rate': 9.330030667610285e-05, 'epoch': 4.81}
{'loss': 1.5012, 'grad_norm': 0.4529450535774231, 'learning_rate': 9.328345634078118e-05, 'epoch': 4.81}
{'loss': 1.5011, 'grad_norm': 0.39102718234062195, 'learning_rate': 9.326660600545952e-05, 'epoch': 4.82}
{'loss': 1.4985, 'grad_norm': 0.4043470025062561, 'learning_rate': 9.324975567013783e-05, 'epoch': 4.82}
{'loss': 1.503, 'grad_norm': 1.2997952699661255, 'learning_rate': 9.323290533481617e-05, 'epoch': 4.83}
{'loss': 1.5008, 'grad_norm': 0.5462608337402344, 'learning_rate': 9.32160549994945e-05, 'epoch': 4.83}
{'loss': 1.5009, 'grad_norm': 1.0634671449661255, 'learning_rate': 9.319920466417283e-05, 'epoch': 4.84}
{'loss': 1.5079, 'grad_norm': 0.5066431164741516, 'learning_rate': 9.318235432885115e-05, 'epoch': 4.84}
{'loss': 1.546, 'grad_norm': 0.619695246219635, 'learning_rate': 9.316550399352948e-05, 'epoch': 4.85}
{'loss': 1.5256, 'grad_norm': 0.4251091480255127, 'learning_rate': 9.314865365820781e-05, 'epoch': 4.85}
{'loss': 1.5026, 'grad_norm': 0.5321481823921204, 'learning_rate': 9.313180332288613e-05, 'epoch': 4.85}
{'loss': 1.5058, 'grad_norm': 0.7081255316734314, 'learning_rate': 9.311495298756445e-05, 'epoch': 4.86}
{'loss': 1.499, 'grad_norm': 0.8946182131767273, 'learning_rate': 9.309810265224278e-05, 'epoch': 4.86}
{'loss': 1.5009, 'grad_norm': 0.47260618209838867, 'learning_rate': 9.308125231692111e-05, 'epoch': 4.87}
{'loss': 1.5006, 'grad_norm': 0.33410754799842834, 'learning_rate': 9.306440198159943e-05, 'epoch': 4.87}
{'loss': 1.5021, 'grad_norm': 0.4323887228965759, 'learning_rate': 9.304755164627776e-05, 'epoch': 4.88}
{'loss': 1.5054, 'grad_norm': 0.3768385946750641, 'learning_rate': 9.30307013109561e-05, 'epoch': 4.88}
{'loss': 1.509, 'grad_norm': 0.5878958702087402, 'learning_rate': 9.301385097563443e-05, 'epoch': 4.89}
{'loss': 1.5022, 'grad_norm': 0.8230976462364197, 'learning_rate': 9.299700064031274e-05, 'epoch': 4.89}
{'loss': 1.5059, 'grad_norm': 0.7691971063613892, 'learning_rate': 9.298015030499108e-05, 'epoch': 4.9}
{'loss': 1.4983, 'grad_norm': 0.4337616562843323, 'learning_rate': 9.296329996966941e-05, 'epoch': 4.9}
{'loss': 1.5056, 'grad_norm': 0.44336655735969543, 'learning_rate': 9.294644963434773e-05, 'epoch': 4.9}
{'loss': 1.5475, 'grad_norm': 1.0279208421707153, 'learning_rate': 9.292959929902606e-05, 'epoch': 4.91}
{'loss': 1.5602, 'grad_norm': 4.676774024963379, 'learning_rate': 9.291274896370438e-05, 'epoch': 4.91}
{'loss': 1.5557, 'grad_norm': 0.5761613249778748, 'learning_rate': 9.289589862838271e-05, 'epoch': 4.92}
{'loss': 1.5131, 'grad_norm': 0.7473768591880798, 'learning_rate': 9.287904829306103e-05, 'epoch': 4.92}
{'loss': 1.5133, 'grad_norm': 0.3612912595272064, 'learning_rate': 9.286219795773936e-05, 'epoch': 4.93}
{'loss': 1.5012, 'grad_norm': 0.3912321925163269, 'learning_rate': 9.284534762241769e-05, 'epoch': 4.93}
{'loss': 1.5217, 'grad_norm': 0.40640854835510254, 'learning_rate': 9.282849728709602e-05, 'epoch': 4.94}
{'loss': 1.5094, 'grad_norm': 0.5497537851333618, 'learning_rate': 9.281164695177434e-05, 'epoch': 4.94}
{'loss': 1.5168, 'grad_norm': 0.44268035888671875, 'learning_rate': 9.279479661645267e-05, 'epoch': 4.95}
{'loss': 1.5133, 'grad_norm': 0.3734815716743469, 'learning_rate': 9.2777946281131e-05, 'epoch': 4.95}
{'loss': 1.5084, 'grad_norm': 0.4015101194381714, 'learning_rate': 9.276109594580932e-05, 'epoch': 4.95}
{'loss': 1.5083, 'grad_norm': 0.4974783957004547, 'learning_rate': 9.274424561048766e-05, 'epoch': 4.96}
{'loss': 1.5057, 'grad_norm': 0.6514236927032471, 'learning_rate': 9.272739527516599e-05, 'epoch': 4.96}
{'loss': 1.5087, 'grad_norm': 0.45888015627861023, 'learning_rate': 9.271054493984432e-05, 'epoch': 4.97}
{'loss': 1.5026, 'grad_norm': 0.8971415162086487, 'learning_rate': 9.269369460452262e-05, 'epoch': 4.97}
{'loss': 1.5057, 'grad_norm': 0.3158225417137146, 'learning_rate': 9.267684426920096e-05, 'epoch': 4.98}
{'loss': 1.5001, 'grad_norm': 0.4364025890827179, 'learning_rate': 9.265999393387929e-05, 'epoch': 4.98}
{'loss': 1.5023, 'grad_norm': 0.6418052315711975, 'learning_rate': 9.264314359855762e-05, 'epoch': 4.99}
{'loss': 1.4996, 'grad_norm': 0.42268040776252747, 'learning_rate': 9.262629326323594e-05, 'epoch': 4.99}
{'loss': 1.502, 'grad_norm': 0.38790783286094666, 'learning_rate': 9.260944292791427e-05, 'epoch': 5.0}
{'loss': 1.4992, 'grad_norm': 0.8943845629692078, 'learning_rate': 9.25925925925926e-05, 'epoch': 5.0}
{'loss': 1.4901, 'grad_norm': 1.1143608093261719, 'learning_rate': 9.257574225727092e-05, 'epoch': 5.0}
{'loss': 1.4929, 'grad_norm': 0.32432353496551514, 'learning_rate': 9.255889192194925e-05, 'epoch': 5.01}
{'loss': 1.4902, 'grad_norm': 0.2861776053905487, 'learning_rate': 9.254204158662758e-05, 'epoch': 5.01}
{'loss': 1.4885, 'grad_norm': 1.0342552661895752, 'learning_rate': 9.252519125130592e-05, 'epoch': 5.02}
{'loss': 1.4917, 'grad_norm': 0.35203245282173157, 'learning_rate': 9.250834091598423e-05, 'epoch': 5.02}
{'loss': 1.4894, 'grad_norm': 0.2877396047115326, 'learning_rate': 9.249149058066255e-05, 'epoch': 5.03}
{'loss': 1.488, 'grad_norm': 1.0904122591018677, 'learning_rate': 9.247464024534088e-05, 'epoch': 5.03}
{'loss': 1.4907, 'grad_norm': 0.5063624978065491, 'learning_rate': 9.245778991001922e-05, 'epoch': 5.04}
{'loss': 1.4877, 'grad_norm': 0.4059182405471802, 'learning_rate': 9.244093957469753e-05, 'epoch': 5.04}
{'loss': 1.4915, 'grad_norm': 0.6838160157203674, 'learning_rate': 9.242408923937587e-05, 'epoch': 5.05}
{'loss': 1.4951, 'grad_norm': 0.3761766254901886, 'learning_rate': 9.24072389040542e-05, 'epoch': 5.05}
{'loss': 1.4884, 'grad_norm': 0.3082588016986847, 'learning_rate': 9.239038856873252e-05, 'epoch': 5.05}
{'loss': 1.4885, 'grad_norm': 0.44223544001579285, 'learning_rate': 9.237353823341085e-05, 'epoch': 5.06}
{'loss': 1.4918, 'grad_norm': 0.6941560506820679, 'learning_rate': 9.235668789808918e-05, 'epoch': 5.06}
{'loss': 1.4907, 'grad_norm': 0.4336184561252594, 'learning_rate': 9.233983756276751e-05, 'epoch': 5.07}
{'loss': 1.4866, 'grad_norm': 0.5213174223899841, 'learning_rate': 9.232298722744583e-05, 'epoch': 5.07}
{'loss': 1.4866, 'grad_norm': 0.41692233085632324, 'learning_rate': 9.230613689212416e-05, 'epoch': 5.08}
{'loss': 1.4866, 'grad_norm': 0.31171509623527527, 'learning_rate': 9.22892865568025e-05, 'epoch': 5.08}
{'loss': 1.4915, 'grad_norm': 0.3212960362434387, 'learning_rate': 9.227243622148081e-05, 'epoch': 5.09}
{'loss': 1.4876, 'grad_norm': 0.41804230213165283, 'learning_rate': 9.225558588615913e-05, 'epoch': 5.09}
{'loss': 1.4876, 'grad_norm': 0.5503009557723999, 'learning_rate': 9.223873555083746e-05, 'epoch': 5.1}
{'loss': 1.4898, 'grad_norm': 0.32126468420028687, 'learning_rate': 9.22218852155158e-05, 'epoch': 5.1}
{'loss': 1.4869, 'grad_norm': 0.2989825904369354, 'learning_rate': 9.220503488019411e-05, 'epoch': 5.1}
{'loss': 1.483, 'grad_norm': 0.4093358516693115, 'learning_rate': 9.218818454487244e-05, 'epoch': 5.11}
{'loss': 1.4854, 'grad_norm': 0.30125895142555237, 'learning_rate': 9.217133420955078e-05, 'epoch': 5.11}
{'loss': 1.4858, 'grad_norm': 0.36387941241264343, 'learning_rate': 9.215448387422911e-05, 'epoch': 5.12}
{'loss': 1.4863, 'grad_norm': 0.5399619340896606, 'learning_rate': 9.213763353890743e-05, 'epoch': 5.12}
{'loss': 1.485, 'grad_norm': 0.255238801240921, 'learning_rate': 9.212078320358576e-05, 'epoch': 5.13}
{'loss': 1.4846, 'grad_norm': 0.2717060446739197, 'learning_rate': 9.210393286826409e-05, 'epoch': 5.13}
{'loss': 1.4825, 'grad_norm': 0.4754187762737274, 'learning_rate': 9.208708253294241e-05, 'epoch': 5.14}
{'loss': 1.4858, 'grad_norm': 0.8326355218887329, 'learning_rate': 9.207023219762073e-05, 'epoch': 5.14}
{'loss': 1.4841, 'grad_norm': 0.4334501028060913, 'learning_rate': 9.205338186229906e-05, 'epoch': 5.15}
{'loss': 1.4817, 'grad_norm': 0.25383344292640686, 'learning_rate': 9.203653152697739e-05, 'epoch': 5.15}
{'loss': 1.4874, 'grad_norm': 0.4575279951095581, 'learning_rate': 9.201968119165571e-05, 'epoch': 5.15}
{'loss': 1.4832, 'grad_norm': 0.3469986319541931, 'learning_rate': 9.200283085633404e-05, 'epoch': 5.16}
{'loss': 1.4856, 'grad_norm': 0.37021109461784363, 'learning_rate': 9.198598052101237e-05, 'epoch': 5.16}
{'loss': 1.4929, 'grad_norm': 0.9866048693656921, 'learning_rate': 9.19691301856907e-05, 'epoch': 5.17}
{'loss': 1.4918, 'grad_norm': 0.6364381909370422, 'learning_rate': 9.195227985036902e-05, 'epoch': 5.17}
{'loss': 1.4852, 'grad_norm': 0.4267490804195404, 'learning_rate': 9.193542951504736e-05, 'epoch': 5.18}
{'loss': 1.4872, 'grad_norm': 0.2882837653160095, 'learning_rate': 9.191857917972569e-05, 'epoch': 5.18}
{'loss': 1.4859, 'grad_norm': 0.3191347122192383, 'learning_rate': 9.1901728844404e-05, 'epoch': 5.19}
{'loss': 1.4908, 'grad_norm': 1.5659409761428833, 'learning_rate': 9.188487850908234e-05, 'epoch': 5.19}
{'loss': 1.4944, 'grad_norm': 0.3957887291908264, 'learning_rate': 9.186802817376067e-05, 'epoch': 5.2}
{'loss': 1.4918, 'grad_norm': 0.3981124460697174, 'learning_rate': 9.185117783843899e-05, 'epoch': 5.2}
{'loss': 1.493, 'grad_norm': 0.37290191650390625, 'learning_rate': 9.18343275031173e-05, 'epoch': 5.2}
{'loss': 1.4863, 'grad_norm': 0.437063604593277, 'learning_rate': 9.181747716779564e-05, 'epoch': 5.21}
{'loss': 1.4901, 'grad_norm': 0.43911251425743103, 'learning_rate': 9.180062683247397e-05, 'epoch': 5.21}
{'loss': 1.485, 'grad_norm': 0.36532196402549744, 'learning_rate': 9.17837764971523e-05, 'epoch': 5.22}
{'loss': 1.4888, 'grad_norm': 0.6261473298072815, 'learning_rate': 9.176692616183062e-05, 'epoch': 5.22}
{'loss': 1.4873, 'grad_norm': 0.33221837878227234, 'learning_rate': 9.175007582650895e-05, 'epoch': 5.23}
{'loss': 1.4925, 'grad_norm': 0.3510299026966095, 'learning_rate': 9.173322549118728e-05, 'epoch': 5.23}
{'loss': 1.4875, 'grad_norm': 0.3254457414150238, 'learning_rate': 9.17163751558656e-05, 'epoch': 5.24}
{'loss': 1.486, 'grad_norm': 0.3158538341522217, 'learning_rate': 9.169952482054393e-05, 'epoch': 5.24}
{'loss': 1.4887, 'grad_norm': 0.7755023837089539, 'learning_rate': 9.168267448522227e-05, 'epoch': 5.25}
{'loss': 1.4853, 'grad_norm': 0.33538681268692017, 'learning_rate': 9.16658241499006e-05, 'epoch': 5.25}
{'loss': 1.4877, 'grad_norm': 0.44938725233078003, 'learning_rate': 9.16489738145789e-05, 'epoch': 5.25}
{'loss': 1.4846, 'grad_norm': 0.3698643743991852, 'learning_rate': 9.163212347925723e-05, 'epoch': 5.26}
{'loss': 1.4877, 'grad_norm': 0.3095470070838928, 'learning_rate': 9.161527314393557e-05, 'epoch': 5.26}
{'loss': 1.4866, 'grad_norm': 0.38353458046913147, 'learning_rate': 9.15984228086139e-05, 'epoch': 5.27}
{'loss': 1.4886, 'grad_norm': 0.3446701765060425, 'learning_rate': 9.158157247329222e-05, 'epoch': 5.27}
{'loss': 1.4879, 'grad_norm': 0.39297616481781006, 'learning_rate': 9.156472213797055e-05, 'epoch': 5.28}
{'loss': 1.4898, 'grad_norm': 0.3184693157672882, 'learning_rate': 9.154787180264888e-05, 'epoch': 5.28}
{'loss': 1.4869, 'grad_norm': 0.37196996808052063, 'learning_rate': 9.15310214673272e-05, 'epoch': 5.29}
{'loss': 1.4834, 'grad_norm': 0.25471147894859314, 'learning_rate': 9.151417113200553e-05, 'epoch': 5.29}
{'loss': 1.4822, 'grad_norm': 0.3361773192882538, 'learning_rate': 9.149732079668386e-05, 'epoch': 5.3}
{'loss': 1.4849, 'grad_norm': 0.3665359616279602, 'learning_rate': 9.14804704613622e-05, 'epoch': 5.3}
{'loss': 1.4873, 'grad_norm': 0.3113556504249573, 'learning_rate': 9.146362012604051e-05, 'epoch': 5.3}
{'loss': 1.4872, 'grad_norm': 0.4585871398448944, 'learning_rate': 9.144676979071884e-05, 'epoch': 5.31}
{'loss': 1.4846, 'grad_norm': 0.34500470757484436, 'learning_rate': 9.142991945539716e-05, 'epoch': 5.31}
{'loss': 1.4869, 'grad_norm': 0.6187606453895569, 'learning_rate': 9.14130691200755e-05, 'epoch': 5.32}
{'loss': 1.4882, 'grad_norm': 0.4372023642063141, 'learning_rate': 9.139621878475381e-05, 'epoch': 5.32}
{'loss': 1.4855, 'grad_norm': 0.6457051634788513, 'learning_rate': 9.137936844943215e-05, 'epoch': 5.33}
{'loss': 1.4895, 'grad_norm': 0.3340802490711212, 'learning_rate': 9.136251811411048e-05, 'epoch': 5.33}
{'loss': 1.4862, 'grad_norm': 0.3663423955440521, 'learning_rate': 9.13456677787888e-05, 'epoch': 5.34}
{'loss': 1.4857, 'grad_norm': 0.3536835014820099, 'learning_rate': 9.132881744346713e-05, 'epoch': 5.34}
{'loss': 1.4889, 'grad_norm': 0.32929110527038574, 'learning_rate': 9.131196710814546e-05, 'epoch': 5.35}
{'loss': 1.4871, 'grad_norm': 0.44495517015457153, 'learning_rate': 9.129511677282379e-05, 'epoch': 5.35}
{'loss': 1.4825, 'grad_norm': 0.3946791887283325, 'learning_rate': 9.127826643750211e-05, 'epoch': 5.35}
{'loss': 1.4853, 'grad_norm': 0.34051236510276794, 'learning_rate': 9.126141610218044e-05, 'epoch': 5.36}
{'loss': 1.4878, 'grad_norm': 0.569465160369873, 'learning_rate': 9.124456576685877e-05, 'epoch': 5.36}
{'loss': 1.4853, 'grad_norm': 0.2587725818157196, 'learning_rate': 9.122771543153709e-05, 'epoch': 5.37}
{'loss': 1.4839, 'grad_norm': 0.3612195551395416, 'learning_rate': 9.121086509621541e-05, 'epoch': 5.37}
{'loss': 1.4871, 'grad_norm': 0.43845656514167786, 'learning_rate': 9.119401476089374e-05, 'epoch': 5.38}
{'loss': 1.4862, 'grad_norm': 0.527048647403717, 'learning_rate': 9.117716442557207e-05, 'epoch': 5.38}
{'loss': 1.4831, 'grad_norm': 0.34039363265037537, 'learning_rate': 9.116031409025039e-05, 'epoch': 5.39}
{'loss': 1.4846, 'grad_norm': 0.4912402629852295, 'learning_rate': 9.114346375492872e-05, 'epoch': 5.39}
{'loss': 1.4843, 'grad_norm': 0.5721861124038696, 'learning_rate': 9.112661341960706e-05, 'epoch': 5.4}
{'loss': 1.4843, 'grad_norm': 0.5472787022590637, 'learning_rate': 9.110976308428539e-05, 'epoch': 5.4}
{'loss': 1.4856, 'grad_norm': 0.3965558409690857, 'learning_rate': 9.10929127489637e-05, 'epoch': 5.4}
{'loss': 1.4808, 'grad_norm': 0.3501874506473541, 'learning_rate': 9.107606241364204e-05, 'epoch': 5.41}
{'loss': 1.4817, 'grad_norm': 0.3773570954799652, 'learning_rate': 9.105921207832037e-05, 'epoch': 5.41}
{'loss': 1.4839, 'grad_norm': 0.37905922532081604, 'learning_rate': 9.104236174299869e-05, 'epoch': 5.42}
{'loss': 1.4851, 'grad_norm': 0.31806090474128723, 'learning_rate': 9.102551140767702e-05, 'epoch': 5.42}
{'loss': 1.4803, 'grad_norm': 0.27224570512771606, 'learning_rate': 9.100866107235534e-05, 'epoch': 5.43}
{'loss': 1.4868, 'grad_norm': 1.0772678852081299, 'learning_rate': 9.099181073703367e-05, 'epoch': 5.43}
{'loss': 1.4833, 'grad_norm': 0.3322497010231018, 'learning_rate': 9.097496040171199e-05, 'epoch': 5.44}
{'loss': 1.4845, 'grad_norm': 0.33959531784057617, 'learning_rate': 9.095811006639032e-05, 'epoch': 5.44}
{'loss': 1.488, 'grad_norm': 0.4733693301677704, 'learning_rate': 9.094125973106865e-05, 'epoch': 5.45}
{'loss': 1.4836, 'grad_norm': 0.3909163773059845, 'learning_rate': 9.092440939574698e-05, 'epoch': 5.45}
{'loss': 1.4869, 'grad_norm': 0.3446654677391052, 'learning_rate': 9.09075590604253e-05, 'epoch': 5.45}
{'loss': 1.4831, 'grad_norm': 0.3400912880897522, 'learning_rate': 9.089070872510363e-05, 'epoch': 5.46}
pred : ardent in the prosecution of heresy cyril ospicilius opened his reign by oppressing the novations the most innocent and harmless of the sectaries
label: ardent in the prosecution of heresy cyril auspiciously opened his reign by oppressing the novatians the most innocent and harmless of the sectaries
pred : without any legal sentence without any royal mandate the patriarch at the dawn of day led a seditious multitude to the attack of the synagogues
label: without any legal sentence without any royal mandate the patriarch at the dawn of day led a seditious multitude to the attack of the synagogues
pred : such crimes would have deserved the animadversion of the magistrate but in this promiscuous outrage the innocent were confounded with the guilty and alexandria was impoverished by the loss of a wealthy and industrious colony
label: such crimes would have deserved the animadversion of the magistrate but in this promiscuous outrage the innocent were confounded with the guilty and alexandria was impoverished by the loss of a wealthy and industrious colony
pred : ardent in the prosecution of heresy cyril ospicilius opened his reign by oppressing the novations the most innocent and harmless of the sectaries
label: ardent in the prosecution of heresy cyril auspiciously opened his reign by oppressing the novatians the most innocent and harmless of the sectaries
pred : without any legal sentence without any royal mandate the patriarch at the dawn of day led a seditious multitude to the attack of the synagogues
label: without any legal sentence without any royal mandate the patriarch at the dawn of day led a seditious multitude to the attack of the synagogues
pred : such crimes would have deserved the animadversion of the magistrate but in this promiscuous outrage the innocent were confounded with the guilty and alexandria was impoverished by the loss of a wealthy and industrious colony
label: such crimes would have deserved the animadversion of the magistrate but in this promiscuous outrage the innocent were confounded with the guilty and alexandria was impoverished by the loss of a wealthy and industrious colony
pred : ardent in the prosecution of heresy cyril ospicilius opened his reign by oppressing the novations the most innocent and harmless of the sectaries
label: ardent in the prosecution of heresy cyril auspiciously opened his reign by oppressing the novatians the most innocent and harmless of the sectaries
pred : without any legal sentence without any royal mandate the patriarch at the dawn of day led a seditious multitude to the attack of the synagogues
label: without any legal sentence without any royal mandate the patriarch at the dawn of day led a seditious multitude to the attack of the synagogues
pred : such crimes would have deserved the animadversion of the magistrate but in this promiscuous outrage the innocent were confounded with the guilty and alexandria was impoverished by the loss of a wealthy and industrious colony
label: such crimes would have deserved the animadversion of the magistrate but in this promiscuous outrage the innocent were confounded with the guilty and alexandria was impoverished by the loss of a wealthy and industrious colony
pred : ardent in the prosecution of heresy cyril ospicilius opened his reign by oppressing the novations the most innocent and harmless of the sectaries
label: ardent in the prosecution of heresy cyril auspiciously opened his reign by oppressing the novatians the most innocent and harmless of the sectaries
pred : without any legal sentence without any royal mandate the patriarch at the dawn of day led a seditious multitude to the attack of the synagogues
label: without any legal sentence without any royal mandate the patriarch at the dawn of day led a seditious multitude to the attack of the synagogues
pred : such crimes would have deserved the animadversion of the magistrate but in this promiscuous outrage the innocent were confounded with the guilty and alexandria was impoverished by the loss of a wealthy and industrious colony
label: such crimes would have deserved the animadversion of the magistrate but in this promiscuous outrage the innocent were confounded with the guilty and alexandria was impoverished by the loss of a wealthy and industrious colony
{'eval_loss': 1.5925520658493042, 'eval_bleu': 96.14158216606371, 'eval_wer': 0.020574530477446784, 'eval_cer': 0.00977361988192313, 'eval_rouge1': 0.9822582017868948, 'eval_rouge2': 0.9678532201866041, 'eval_rougeL': 0.9823011198568742, 'eval_runtime': 96.1987, 'eval_samples_per_second': 57.87, 'eval_steps_per_second': 0.301, 'epoch': 5.46}
{'loss': 1.4833, 'grad_norm': 0.4475805163383484, 'learning_rate': 9.087385838978197e-05, 'epoch': 5.46}
{'loss': 1.4818, 'grad_norm': 0.7677461504936218, 'learning_rate': 9.085700805446028e-05, 'epoch': 5.47}
{'loss': 1.4884, 'grad_norm': 0.28884798288345337, 'learning_rate': 9.084015771913862e-05, 'epoch': 5.47}
{'loss': 1.4839, 'grad_norm': 0.3840680718421936, 'learning_rate': 9.082330738381695e-05, 'epoch': 5.48}
{'loss': 1.4811, 'grad_norm': 0.23586823046207428, 'learning_rate': 9.080645704849528e-05, 'epoch': 5.48}
{'loss': 1.4832, 'grad_norm': 0.5671160817146301, 'learning_rate': 9.07896067131736e-05, 'epoch': 5.49}
{'loss': 1.4856, 'grad_norm': 0.37022316455841064, 'learning_rate': 9.077275637785192e-05, 'epoch': 5.49}
{'loss': 1.4814, 'grad_norm': 0.27681905031204224, 'learning_rate': 9.075590604253025e-05, 'epoch': 5.5}
{'loss': 1.4838, 'grad_norm': 0.7671239376068115, 'learning_rate': 9.073905570720858e-05, 'epoch': 5.5}
{'loss': 1.4817, 'grad_norm': 0.26533955335617065, 'learning_rate': 9.07222053718869e-05, 'epoch': 5.51}
{'loss': 1.4857, 'grad_norm': 0.4486500918865204, 'learning_rate': 9.070535503656523e-05, 'epoch': 5.51}
{'loss': 1.4877, 'grad_norm': 0.43479785323143005, 'learning_rate': 9.068850470124356e-05, 'epoch': 5.51}
{'loss': 1.4857, 'grad_norm': 0.39996668696403503, 'learning_rate': 9.067165436592188e-05, 'epoch': 5.52}
{'loss': 1.4841, 'grad_norm': 0.3857245445251465, 'learning_rate': 9.065480403060021e-05, 'epoch': 5.52}
{'loss': 1.4848, 'grad_norm': 0.24612870812416077, 'learning_rate': 9.063795369527854e-05, 'epoch': 5.53}
{'loss': 1.4815, 'grad_norm': 0.26967450976371765, 'learning_rate': 9.062110335995688e-05, 'epoch': 5.53}
{'loss': 1.4857, 'grad_norm': 0.32481223344802856, 'learning_rate': 9.06042530246352e-05, 'epoch': 5.54}
{'loss': 1.4823, 'grad_norm': 0.3022419810295105, 'learning_rate': 9.058740268931351e-05, 'epoch': 5.54}
{'loss': 1.4821, 'grad_norm': 0.3298892378807068, 'learning_rate': 9.057055235399185e-05, 'epoch': 5.55}
{'loss': 1.4827, 'grad_norm': 0.7217442989349365, 'learning_rate': 9.055370201867018e-05, 'epoch': 5.55}
{'loss': 1.4877, 'grad_norm': 0.34728723764419556, 'learning_rate': 9.05368516833485e-05, 'epoch': 5.56}
{'loss': 1.4887, 'grad_norm': 0.33018627762794495, 'learning_rate': 9.052000134802683e-05, 'epoch': 5.56}
{'loss': 1.4838, 'grad_norm': 0.5489290952682495, 'learning_rate': 9.050315101270516e-05, 'epoch': 5.56}
{'loss': 1.4849, 'grad_norm': 0.47932499647140503, 'learning_rate': 9.048630067738348e-05, 'epoch': 5.57}
{'loss': 1.4837, 'grad_norm': 0.5402349233627319, 'learning_rate': 9.046945034206181e-05, 'epoch': 5.57}
{'loss': 1.4874, 'grad_norm': 0.3140428960323334, 'learning_rate': 9.045260000674014e-05, 'epoch': 5.58}
{'loss': 1.4881, 'grad_norm': 0.5187312364578247, 'learning_rate': 9.043574967141847e-05, 'epoch': 5.58}
{'loss': 1.482, 'grad_norm': 0.3170081079006195, 'learning_rate': 9.041889933609679e-05, 'epoch': 5.59}
{'loss': 1.4858, 'grad_norm': 0.2829821705818176, 'learning_rate': 9.040204900077512e-05, 'epoch': 5.59}
{'loss': 1.4814, 'grad_norm': 0.3394308388233185, 'learning_rate': 9.038519866545346e-05, 'epoch': 5.6}
{'loss': 1.4865, 'grad_norm': 0.5516317486763, 'learning_rate': 9.036834833013177e-05, 'epoch': 5.6}
{'loss': 1.4814, 'grad_norm': 0.4008827209472656, 'learning_rate': 9.035149799481009e-05, 'epoch': 5.61}
{'loss': 1.4849, 'grad_norm': 0.3486098051071167, 'learning_rate': 9.033464765948842e-05, 'epoch': 5.61}
{'loss': 1.4833, 'grad_norm': 0.5743474364280701, 'learning_rate': 9.031779732416676e-05, 'epoch': 5.61}
{'loss': 1.4865, 'grad_norm': 0.4712746739387512, 'learning_rate': 9.030094698884509e-05, 'epoch': 5.62}
{'loss': 1.4845, 'grad_norm': 0.3510356843471527, 'learning_rate': 9.02840966535234e-05, 'epoch': 5.62}
{'loss': 1.4823, 'grad_norm': 0.4897432327270508, 'learning_rate': 9.026724631820174e-05, 'epoch': 5.63}
{'loss': 1.4865, 'grad_norm': 0.3584483563899994, 'learning_rate': 9.025039598288007e-05, 'epoch': 5.63}
{'loss': 1.4831, 'grad_norm': 0.4298768937587738, 'learning_rate': 9.023354564755839e-05, 'epoch': 5.64}
{'loss': 1.4853, 'grad_norm': 0.2653566896915436, 'learning_rate': 9.021669531223672e-05, 'epoch': 5.64}
{'loss': 1.4815, 'grad_norm': 0.3150043189525604, 'learning_rate': 9.019984497691505e-05, 'epoch': 5.65}
{'loss': 1.4838, 'grad_norm': 0.41189464926719666, 'learning_rate': 9.018299464159337e-05, 'epoch': 5.65}
{'loss': 1.4792, 'grad_norm': 0.2613319456577301, 'learning_rate': 9.016614430627169e-05, 'epoch': 5.66}
{'loss': 1.486, 'grad_norm': 0.3187205195426941, 'learning_rate': 9.014929397095002e-05, 'epoch': 5.66}
{'loss': 1.4884, 'grad_norm': 5.509888648986816, 'learning_rate': 9.013244363562835e-05, 'epoch': 5.66}
{'loss': 1.4807, 'grad_norm': 0.2634921073913574, 'learning_rate': 9.011559330030668e-05, 'epoch': 5.67}
{'loss': 1.484, 'grad_norm': 0.3253903090953827, 'learning_rate': 9.0098742964985e-05, 'epoch': 5.67}
{'loss': 1.4836, 'grad_norm': 0.520762026309967, 'learning_rate': 9.008189262966333e-05, 'epoch': 5.68}
{'loss': 1.4832, 'grad_norm': 0.4224088490009308, 'learning_rate': 9.006504229434167e-05, 'epoch': 5.68}
{'loss': 1.4844, 'grad_norm': 0.28201523423194885, 'learning_rate': 9.004819195901998e-05, 'epoch': 5.69}
{'loss': 1.4832, 'grad_norm': 0.5123882293701172, 'learning_rate': 9.003134162369832e-05, 'epoch': 5.69}
{'loss': 1.4845, 'grad_norm': 0.45257994532585144, 'learning_rate': 9.001449128837665e-05, 'epoch': 5.7}
{'loss': 1.4832, 'grad_norm': 0.34627458453178406, 'learning_rate': 8.999764095305498e-05, 'epoch': 5.7}
{'loss': 1.4828, 'grad_norm': 0.3568470776081085, 'learning_rate': 8.99807906177333e-05, 'epoch': 5.71}
{'loss': 1.4782, 'grad_norm': 0.23271438479423523, 'learning_rate': 8.996394028241163e-05, 'epoch': 5.71}
{'loss': 1.4872, 'grad_norm': 0.3526485860347748, 'learning_rate': 8.994708994708995e-05, 'epoch': 5.71}
{'loss': 1.4838, 'grad_norm': 0.45469993352890015, 'learning_rate': 8.993023961176828e-05, 'epoch': 5.72}
{'loss': 1.483, 'grad_norm': 0.3951435387134552, 'learning_rate': 8.99133892764466e-05, 'epoch': 5.72}
{'loss': 1.4828, 'grad_norm': 0.3701631426811218, 'learning_rate': 8.989653894112493e-05, 'epoch': 5.73}
{'loss': 1.4854, 'grad_norm': 0.3326440453529358, 'learning_rate': 8.987968860580326e-05, 'epoch': 5.73}
{'loss': 1.4851, 'grad_norm': 0.3471483886241913, 'learning_rate': 8.986283827048158e-05, 'epoch': 5.74}
{'loss': 1.4873, 'grad_norm': 0.4047500789165497, 'learning_rate': 8.984598793515991e-05, 'epoch': 5.74}
{'loss': 1.4851, 'grad_norm': 0.4349380135536194, 'learning_rate': 8.982913759983824e-05, 'epoch': 5.75}
{'loss': 1.4872, 'grad_norm': 0.3048275113105774, 'learning_rate': 8.981228726451658e-05, 'epoch': 5.75}
{'loss': 1.485, 'grad_norm': 0.31558123230934143, 'learning_rate': 8.97954369291949e-05, 'epoch': 5.76}
{'loss': 1.4858, 'grad_norm': 0.35329896211624146, 'learning_rate': 8.977858659387323e-05, 'epoch': 5.76}
{'loss': 1.4879, 'grad_norm': 0.7963821291923523, 'learning_rate': 8.976173625855156e-05, 'epoch': 5.76}
{'loss': 1.4844, 'grad_norm': 0.3969931900501251, 'learning_rate': 8.974488592322988e-05, 'epoch': 5.77}
{'loss': 1.4856, 'grad_norm': 0.2994333803653717, 'learning_rate': 8.97280355879082e-05, 'epoch': 5.77}
{'loss': 1.4847, 'grad_norm': 0.28738918900489807, 'learning_rate': 8.971118525258653e-05, 'epoch': 5.78}
{'loss': 1.4832, 'grad_norm': 0.38735249638557434, 'learning_rate': 8.969433491726486e-05, 'epoch': 5.78}
{'loss': 1.4844, 'grad_norm': 0.3579261898994446, 'learning_rate': 8.967748458194318e-05, 'epoch': 5.79}
{'loss': 1.4849, 'grad_norm': 0.35492682456970215, 'learning_rate': 8.966063424662151e-05, 'epoch': 5.79}
{'loss': 1.4869, 'grad_norm': 0.5552375316619873, 'learning_rate': 8.964378391129984e-05, 'epoch': 5.8}
{'loss': 1.4858, 'grad_norm': 0.4591878652572632, 'learning_rate': 8.962693357597817e-05, 'epoch': 5.8}
{'loss': 1.4844, 'grad_norm': 0.5829138159751892, 'learning_rate': 8.961008324065649e-05, 'epoch': 5.81}
{'loss': 1.4868, 'grad_norm': 0.3596203029155731, 'learning_rate': 8.959323290533482e-05, 'epoch': 5.81}
{'loss': 1.4855, 'grad_norm': 0.34046512842178345, 'learning_rate': 8.957638257001316e-05, 'epoch': 5.81}
{'loss': 1.484, 'grad_norm': 0.5761401057243347, 'learning_rate': 8.955953223469147e-05, 'epoch': 5.82}
{'loss': 1.484, 'grad_norm': 0.6307612061500549, 'learning_rate': 8.95426818993698e-05, 'epoch': 5.82}
{'loss': 1.4861, 'grad_norm': 0.3229348361492157, 'learning_rate': 8.952583156404812e-05, 'epoch': 5.83}
{'loss': 1.4866, 'grad_norm': 0.3709338307380676, 'learning_rate': 8.950898122872646e-05, 'epoch': 5.83}
{'loss': 1.4841, 'grad_norm': 0.34411612153053284, 'learning_rate': 8.949213089340477e-05, 'epoch': 5.84}
{'loss': 1.4851, 'grad_norm': 0.3865165710449219, 'learning_rate': 8.94752805580831e-05, 'epoch': 5.84}
{'loss': 1.4869, 'grad_norm': 0.33655062317848206, 'learning_rate': 8.945843022276144e-05, 'epoch': 5.85}
{'loss': 1.4898, 'grad_norm': 0.5409224629402161, 'learning_rate': 8.944157988743977e-05, 'epoch': 5.85}
{'loss': 1.4828, 'grad_norm': 0.314907044172287, 'learning_rate': 8.942472955211809e-05, 'epoch': 5.86}
{'loss': 1.4851, 'grad_norm': 0.34296029806137085, 'learning_rate': 8.940787921679642e-05, 'epoch': 5.86}
{'loss': 1.4843, 'grad_norm': 0.6639490127563477, 'learning_rate': 8.939102888147475e-05, 'epoch': 5.86}
{'loss': 1.4873, 'grad_norm': 0.46140310168266296, 'learning_rate': 8.937417854615307e-05, 'epoch': 5.87}
{'loss': 1.4868, 'grad_norm': 0.5378459095954895, 'learning_rate': 8.93573282108314e-05, 'epoch': 5.87}
{'loss': 1.4827, 'grad_norm': 0.8141986131668091, 'learning_rate': 8.934047787550973e-05, 'epoch': 5.88}
{'loss': 1.4877, 'grad_norm': 0.41545867919921875, 'learning_rate': 8.932362754018807e-05, 'epoch': 5.88}
{'loss': 1.4848, 'grad_norm': 0.3006899058818817, 'learning_rate': 8.930677720486637e-05, 'epoch': 5.89}
{'loss': 1.4833, 'grad_norm': 0.3674528896808624, 'learning_rate': 8.92899268695447e-05, 'epoch': 5.89}
{'loss': 1.485, 'grad_norm': 0.4277508556842804, 'learning_rate': 8.927307653422303e-05, 'epoch': 5.9}
{'loss': 1.4823, 'grad_norm': 0.37077420949935913, 'learning_rate': 8.925622619890137e-05, 'epoch': 5.9}
{'loss': 1.4841, 'grad_norm': 0.3497081696987152, 'learning_rate': 8.923937586357968e-05, 'epoch': 5.91}
{'loss': 1.4823, 'grad_norm': 0.6199350357055664, 'learning_rate': 8.922252552825802e-05, 'epoch': 5.91}
{'loss': 1.483, 'grad_norm': 0.4542129635810852, 'learning_rate': 8.920567519293635e-05, 'epoch': 5.91}
{'loss': 1.4805, 'grad_norm': 0.3811773955821991, 'learning_rate': 8.918882485761467e-05, 'epoch': 5.92}
{'loss': 1.4804, 'grad_norm': 0.3517683744430542, 'learning_rate': 8.9171974522293e-05, 'epoch': 5.92}
{'loss': 1.4826, 'grad_norm': 0.2760935127735138, 'learning_rate': 8.915512418697133e-05, 'epoch': 5.93}
{'loss': 1.4815, 'grad_norm': 0.3069101572036743, 'learning_rate': 8.913827385164966e-05, 'epoch': 5.93}
{'loss': 1.4836, 'grad_norm': 0.3112853169441223, 'learning_rate': 8.912142351632798e-05, 'epoch': 5.94}
{'loss': 1.4813, 'grad_norm': 0.3102537989616394, 'learning_rate': 8.91045731810063e-05, 'epoch': 5.94}
{'loss': 1.4861, 'grad_norm': 0.43542149662971497, 'learning_rate': 8.908772284568463e-05, 'epoch': 5.95}
{'loss': 1.4861, 'grad_norm': 0.33415332436561584, 'learning_rate': 8.907087251036296e-05, 'epoch': 5.95}
{'loss': 1.4864, 'grad_norm': 0.3212609887123108, 'learning_rate': 8.905402217504128e-05, 'epoch': 5.96}
{'loss': 1.4881, 'grad_norm': 0.267932265996933, 'learning_rate': 8.903717183971961e-05, 'epoch': 5.96}
{'loss': 1.4835, 'grad_norm': 0.4277035593986511, 'learning_rate': 8.902032150439795e-05, 'epoch': 5.96}
{'loss': 1.4876, 'grad_norm': 0.734727680683136, 'learning_rate': 8.900347116907626e-05, 'epoch': 5.97}
{'loss': 1.489, 'grad_norm': 0.5173569917678833, 'learning_rate': 8.89866208337546e-05, 'epoch': 5.97}
{'loss': 1.4896, 'grad_norm': 0.34317171573638916, 'learning_rate': 8.896977049843293e-05, 'epoch': 5.98}
{'loss': 1.4825, 'grad_norm': 0.25978732109069824, 'learning_rate': 8.895292016311126e-05, 'epoch': 5.98}
{'loss': 1.4813, 'grad_norm': 0.3815409541130066, 'learning_rate': 8.893606982778958e-05, 'epoch': 5.99}
{'loss': 1.4815, 'grad_norm': 0.4719788432121277, 'learning_rate': 8.891921949246791e-05, 'epoch': 5.99}
{'loss': 1.4819, 'grad_norm': 0.3170569837093353, 'learning_rate': 8.890236915714624e-05, 'epoch': 6.0}
{'loss': 1.4786, 'grad_norm': 0.23238199949264526, 'learning_rate': 8.888551882182456e-05, 'epoch': 6.0}
{'loss': 1.4751, 'grad_norm': 0.4275504946708679, 'learning_rate': 8.886866848650288e-05, 'epoch': 6.01}
{'loss': 1.4727, 'grad_norm': 0.26442286372184753, 'learning_rate': 8.885181815118121e-05, 'epoch': 6.01}
{'loss': 1.4737, 'grad_norm': 0.273689866065979, 'learning_rate': 8.883496781585954e-05, 'epoch': 6.01}
{'loss': 1.4753, 'grad_norm': 0.3831885755062103, 'learning_rate': 8.881811748053786e-05, 'epoch': 6.02}
{'loss': 1.4751, 'grad_norm': 1.0832337141036987, 'learning_rate': 8.880126714521619e-05, 'epoch': 6.02}
{'loss': 1.4719, 'grad_norm': 0.30675411224365234, 'learning_rate': 8.878441680989452e-05, 'epoch': 6.03}
{'loss': 1.4728, 'grad_norm': 0.3420088291168213, 'learning_rate': 8.876756647457286e-05, 'epoch': 6.03}
{'loss': 1.4729, 'grad_norm': 0.34130340814590454, 'learning_rate': 8.875071613925117e-05, 'epoch': 6.04}
{'loss': 1.4725, 'grad_norm': 0.4733429253101349, 'learning_rate': 8.87338658039295e-05, 'epoch': 6.04}
{'loss': 1.4747, 'grad_norm': 0.320482462644577, 'learning_rate': 8.871701546860784e-05, 'epoch': 6.05}
{'loss': 1.4736, 'grad_norm': 0.3667733669281006, 'learning_rate': 8.870016513328616e-05, 'epoch': 6.05}
{'loss': 1.4716, 'grad_norm': 0.3531934320926666, 'learning_rate': 8.868331479796447e-05, 'epoch': 6.06}
{'loss': 1.469, 'grad_norm': 0.32478463649749756, 'learning_rate': 8.86664644626428e-05, 'epoch': 6.06}
{'loss': 1.4728, 'grad_norm': 0.38323599100112915, 'learning_rate': 8.864961412732114e-05, 'epoch': 6.06}
{'loss': 1.4738, 'grad_norm': 0.3913705050945282, 'learning_rate': 8.863276379199946e-05, 'epoch': 6.07}
{'loss': 1.4747, 'grad_norm': 0.308744877576828, 'learning_rate': 8.861591345667779e-05, 'epoch': 6.07}
{'loss': 1.4726, 'grad_norm': 0.4532870352268219, 'learning_rate': 8.859906312135612e-05, 'epoch': 6.08}
{'loss': 1.4712, 'grad_norm': 0.32615989446640015, 'learning_rate': 8.858221278603445e-05, 'epoch': 6.08}
{'loss': 1.4707, 'grad_norm': 0.27997156977653503, 'learning_rate': 8.856536245071277e-05, 'epoch': 6.09}
{'loss': 1.4723, 'grad_norm': 0.3004900813102722, 'learning_rate': 8.85485121153911e-05, 'epoch': 6.09}
{'loss': 1.4741, 'grad_norm': 0.42942848801612854, 'learning_rate': 8.853166178006943e-05, 'epoch': 6.1}
{'loss': 1.4715, 'grad_norm': 0.2968754470348358, 'learning_rate': 8.851481144474775e-05, 'epoch': 6.1}
{'loss': 1.4715, 'grad_norm': 0.35122743248939514, 'learning_rate': 8.849796110942608e-05, 'epoch': 6.11}
{'loss': 1.4692, 'grad_norm': 0.6519511342048645, 'learning_rate': 8.848111077410442e-05, 'epoch': 6.11}
{'loss': 1.4734, 'grad_norm': 0.2999609112739563, 'learning_rate': 8.846426043878273e-05, 'epoch': 6.11}
{'loss': 1.473, 'grad_norm': 0.5136504769325256, 'learning_rate': 8.844741010346105e-05, 'epoch': 6.12}
{'loss': 1.4741, 'grad_norm': 0.2549785375595093, 'learning_rate': 8.843055976813938e-05, 'epoch': 6.12}
{'loss': 1.4716, 'grad_norm': 0.5827767252922058, 'learning_rate': 8.841370943281772e-05, 'epoch': 6.13}
{'loss': 1.4756, 'grad_norm': 0.3390190303325653, 'learning_rate': 8.839685909749605e-05, 'epoch': 6.13}
{'loss': 1.4733, 'grad_norm': 0.2797616422176361, 'learning_rate': 8.838000876217437e-05, 'epoch': 6.14}
{'loss': 1.4715, 'grad_norm': 0.240888774394989, 'learning_rate': 8.83631584268527e-05, 'epoch': 6.14}
{'loss': 1.4699, 'grad_norm': 0.35343101620674133, 'learning_rate': 8.834630809153103e-05, 'epoch': 6.15}
{'loss': 1.4701, 'grad_norm': 0.3352111279964447, 'learning_rate': 8.832945775620935e-05, 'epoch': 6.15}
{'loss': 1.4715, 'grad_norm': 0.30681663751602173, 'learning_rate': 8.831260742088768e-05, 'epoch': 6.16}
{'loss': 1.471, 'grad_norm': 0.3652205467224121, 'learning_rate': 8.829575708556601e-05, 'epoch': 6.16}
{'loss': 1.4745, 'grad_norm': 0.22061042487621307, 'learning_rate': 8.827890675024434e-05, 'epoch': 6.16}
{'loss': 1.473, 'grad_norm': 0.4581015110015869, 'learning_rate': 8.826205641492265e-05, 'epoch': 6.17}
{'loss': 1.4738, 'grad_norm': 0.45420271158218384, 'learning_rate': 8.824520607960098e-05, 'epoch': 6.17}
{'loss': 1.4693, 'grad_norm': 0.4784773886203766, 'learning_rate': 8.822835574427931e-05, 'epoch': 6.18}
{'loss': 1.4708, 'grad_norm': 0.2850750982761383, 'learning_rate': 8.821150540895765e-05, 'epoch': 6.18}
{'loss': 1.4712, 'grad_norm': 0.4349798262119293, 'learning_rate': 8.819465507363596e-05, 'epoch': 6.19}
{'loss': 1.4715, 'grad_norm': 0.4014739394187927, 'learning_rate': 8.81778047383143e-05, 'epoch': 6.19}
{'loss': 1.4738, 'grad_norm': 0.33838504552841187, 'learning_rate': 8.816095440299263e-05, 'epoch': 6.2}
{'loss': 1.4722, 'grad_norm': 0.37717941403388977, 'learning_rate': 8.814410406767095e-05, 'epoch': 6.2}
{'loss': 1.4733, 'grad_norm': 0.3889945447444916, 'learning_rate': 8.812725373234928e-05, 'epoch': 6.21}
{'loss': 1.4723, 'grad_norm': 0.2501840889453888, 'learning_rate': 8.811040339702761e-05, 'epoch': 6.21}
{'loss': 1.4748, 'grad_norm': 0.26462092995643616, 'learning_rate': 8.809355306170594e-05, 'epoch': 6.21}
{'loss': 1.4725, 'grad_norm': 0.3146921694278717, 'learning_rate': 8.807670272638426e-05, 'epoch': 6.22}
{'loss': 1.4714, 'grad_norm': 0.33667823672294617, 'learning_rate': 8.805985239106259e-05, 'epoch': 6.22}
{'loss': 1.4721, 'grad_norm': 0.33028948307037354, 'learning_rate': 8.804300205574091e-05, 'epoch': 6.23}
{'loss': 1.469, 'grad_norm': 0.38945847749710083, 'learning_rate': 8.802615172041924e-05, 'epoch': 6.23}
{'loss': 1.4719, 'grad_norm': 0.2855958044528961, 'learning_rate': 8.800930138509756e-05, 'epoch': 6.24}
{'loss': 1.4729, 'grad_norm': 0.39658692479133606, 'learning_rate': 8.799245104977589e-05, 'epoch': 6.24}
{'loss': 1.471, 'grad_norm': 0.2950064539909363, 'learning_rate': 8.797560071445422e-05, 'epoch': 6.25}
{'loss': 1.4744, 'grad_norm': 1.418026328086853, 'learning_rate': 8.795875037913254e-05, 'epoch': 6.25}
{'loss': 1.471, 'grad_norm': 0.38082537055015564, 'learning_rate': 8.794190004381087e-05, 'epoch': 6.26}
{'loss': 1.4749, 'grad_norm': 0.3994031250476837, 'learning_rate': 8.79250497084892e-05, 'epoch': 6.26}
{'loss': 1.4768, 'grad_norm': 0.44086748361587524, 'learning_rate': 8.790819937316754e-05, 'epoch': 6.26}
{'loss': 1.4759, 'grad_norm': 0.3744155764579773, 'learning_rate': 8.789134903784586e-05, 'epoch': 6.27}
{'loss': 1.4747, 'grad_norm': 0.4359299838542938, 'learning_rate': 8.787449870252419e-05, 'epoch': 6.27}
{'loss': 1.4771, 'grad_norm': 0.383463591337204, 'learning_rate': 8.785764836720252e-05, 'epoch': 6.28}
{'loss': 1.4782, 'grad_norm': 0.36500978469848633, 'learning_rate': 8.784079803188084e-05, 'epoch': 6.28}
{'loss': 1.4761, 'grad_norm': 0.5345708131790161, 'learning_rate': 8.782394769655916e-05, 'epoch': 6.29}
{'loss': 1.4756, 'grad_norm': 0.4043320119380951, 'learning_rate': 8.780709736123749e-05, 'epoch': 6.29}
{'loss': 1.4742, 'grad_norm': 0.3596455454826355, 'learning_rate': 8.779024702591582e-05, 'epoch': 6.3}
{'loss': 1.4721, 'grad_norm': 0.2974741756916046, 'learning_rate': 8.777339669059414e-05, 'epoch': 6.3}
{'loss': 1.4726, 'grad_norm': 0.3766418695449829, 'learning_rate': 8.775654635527247e-05, 'epoch': 6.31}
{'loss': 1.4773, 'grad_norm': 0.3386811316013336, 'learning_rate': 8.77396960199508e-05, 'epoch': 6.31}
{'loss': 1.4694, 'grad_norm': 0.3178962767124176, 'learning_rate': 8.772284568462913e-05, 'epoch': 6.31}
{'loss': 1.4723, 'grad_norm': 0.41192981600761414, 'learning_rate': 8.770599534930745e-05, 'epoch': 6.32}
{'loss': 1.4719, 'grad_norm': 0.4873027503490448, 'learning_rate': 8.768914501398578e-05, 'epoch': 6.32}
{'loss': 1.4714, 'grad_norm': 0.3426685631275177, 'learning_rate': 8.767229467866412e-05, 'epoch': 6.33}
{'loss': 1.4716, 'grad_norm': 0.26969143748283386, 'learning_rate': 8.765544434334243e-05, 'epoch': 6.33}
{'loss': 1.473, 'grad_norm': 0.3233213424682617, 'learning_rate': 8.763859400802077e-05, 'epoch': 6.34}
{'loss': 1.4744, 'grad_norm': 0.3320939540863037, 'learning_rate': 8.762174367269909e-05, 'epoch': 6.34}
{'loss': 1.4712, 'grad_norm': 0.35925158858299255, 'learning_rate': 8.760489333737742e-05, 'epoch': 6.35}
{'loss': 1.4709, 'grad_norm': 0.26300114393234253, 'learning_rate': 8.758804300205574e-05, 'epoch': 6.35}
{'loss': 1.4727, 'grad_norm': 0.3223781883716583, 'learning_rate': 8.757119266673407e-05, 'epoch': 6.36}
{'loss': 1.4744, 'grad_norm': 0.2657836675643921, 'learning_rate': 8.75543423314124e-05, 'epoch': 6.36}
{'loss': 1.4721, 'grad_norm': 0.2681320607662201, 'learning_rate': 8.753749199609073e-05, 'epoch': 6.36}
{'loss': 1.4712, 'grad_norm': 0.31971848011016846, 'learning_rate': 8.752064166076905e-05, 'epoch': 6.37}
pred : ardent in the prosecution of heresy cyril auspiciously opened his reign by oppressing the novations the most innocent and harmless of the sectaries
label: ardent in the prosecution of heresy cyril auspiciously opened his reign by oppressing the novatians the most innocent and harmless of the sectaries
pred : without any legal sentence without any royal mandate the patriarch at the dawn of day led a seditious multitude to the attack of the synagogues
label: without any legal sentence without any royal mandate the patriarch at the dawn of day led a seditious multitude to the attack of the synagogues
pred : such crimes would have deserved the animadversion of the magistrate but in this promiscuous outrage the innocent were confounded with the guilty and alexandria was impoverished by the loss of a wealthy and industrious colony
label: such crimes would have deserved the animadversion of the magistrate but in this promiscuous outrage the innocent were confounded with the guilty and alexandria was impoverished by the loss of a wealthy and industrious colony
pred : ardent in the prosecution of heresy cyril auspiciously opened his reign by oppressing the novations the most innocent and harmless of the sectaries
label: ardent in the prosecution of heresy cyril auspiciously opened his reign by oppressing the novatians the most innocent and harmless of the sectaries
pred : without any legal sentence without any royal mandate the patriarch at the dawn of day led a seditious multitude to the attack of the synagogues
label: without any legal sentence without any royal mandate the patriarch at the dawn of day led a seditious multitude to the attack of the synagogues
pred : such crimes would have deserved the animadversion of the magistrate but in this promiscuous outrage the innocent were confounded with the guilty and alexandria was impoverished by the loss of a wealthy and industrious colony
label: such crimes would have deserved the animadversion of the magistrate but in this promiscuous outrage the innocent were confounded with the guilty and alexandria was impoverished by the loss of a wealthy and industrious colony
pred : ardent in the prosecution of heresy cyril auspiciously opened his reign by oppressing the novations the most innocent and harmless of the sectaries
label: ardent in the prosecution of heresy cyril auspiciously opened his reign by oppressing the novatians the most innocent and harmless of the sectaries
pred : without any legal sentence without any royal mandate the patriarch at the dawn of day led a seditious multitude to the attack of the synagogues
label: without any legal sentence without any royal mandate the patriarch at the dawn of day led a seditious multitude to the attack of the synagogues
pred : such crimes would have deserved the animadversion of the magistrate but in this promiscuous outrage the innocent were confounded with the guilty and alexandria was impoverished by the loss of a wealthy and industrious colony
label: such crimes would have deserved the animadversion of the magistrate but in this promiscuous outrage the innocent were confounded with the guilty and alexandria was impoverished by the loss of a wealthy and industrious colony
pred : ardent in the prosecution of heresy cyril auspiciously opened his reign by oppressing the novations the most innocent and harmless of the sectaries
label: ardent in the prosecution of heresy cyril auspiciously opened his reign by oppressing the novatians the most innocent and harmless of the sectaries
pred : without any legal sentence without any royal mandate the patriarch at the dawn of day led a seditious multitude to the attack of the synagogues
label: without any legal sentence without any royal mandate the patriarch at the dawn of day led a seditious multitude to the attack of the synagogues
pred : such crimes would have deserved the animadversion of the magistrate but in this promiscuous outrage the innocent were confounded with the guilty and alexandria was impoverished by the loss of a wealthy and industrious colony
label: such crimes would have deserved the animadversion of the magistrate but in this promiscuous outrage the innocent were confounded with the guilty and alexandria was impoverished by the loss of a wealthy and industrious colony
{'eval_loss': 1.581979513168335, 'eval_bleu': 96.21858750306795, 'eval_wer': 0.0208307630987065, 'eval_cer': 0.00982952065984557, 'eval_rouge1': 0.9822015779389348, 'eval_rouge2': 0.9680423670954595, 'eval_rougeL': 0.9821812341831079, 'eval_runtime': 95.726, 'eval_samples_per_second': 58.156, 'eval_steps_per_second': 0.303, 'epoch': 6.37}
{'loss': 1.4723, 'grad_norm': 0.3228110671043396, 'learning_rate': 8.750379132544738e-05, 'epoch': 6.37}
{'loss': 1.4729, 'grad_norm': 0.2752489745616913, 'learning_rate': 8.748694099012571e-05, 'epoch': 6.38}
{'loss': 1.4746, 'grad_norm': 0.2859903872013092, 'learning_rate': 8.747009065480403e-05, 'epoch': 6.38}
{'loss': 1.4731, 'grad_norm': 0.3355175256729126, 'learning_rate': 8.745324031948236e-05, 'epoch': 6.39}
{'loss': 1.4738, 'grad_norm': 0.4658101201057434, 'learning_rate': 8.74363899841607e-05, 'epoch': 6.39}
{'loss': 1.4712, 'grad_norm': 0.28127583861351013, 'learning_rate': 8.741953964883901e-05, 'epoch': 6.4}
{'loss': 1.4702, 'grad_norm': 0.5145962834358215, 'learning_rate': 8.740268931351733e-05, 'epoch': 6.4}
{'loss': 1.4723, 'grad_norm': 0.45301368832588196, 'learning_rate': 8.738583897819566e-05, 'epoch': 6.41}
{'loss': 1.4721, 'grad_norm': 0.25256142020225525, 'learning_rate': 8.7368988642874e-05, 'epoch': 6.41}
{'loss': 1.4717, 'grad_norm': 0.3977767825126648, 'learning_rate': 8.735213830755233e-05, 'epoch': 6.41}
{'loss': 1.4696, 'grad_norm': 0.27921050786972046, 'learning_rate': 8.733528797223065e-05, 'epoch': 6.42}
{'loss': 1.4703, 'grad_norm': 0.3073471188545227, 'learning_rate': 8.731843763690898e-05, 'epoch': 6.42}
{'loss': 1.4689, 'grad_norm': 0.2947347164154053, 'learning_rate': 8.730158730158731e-05, 'epoch': 6.43}
{'loss': 1.4717, 'grad_norm': 0.7798424959182739, 'learning_rate': 8.728473696626563e-05, 'epoch': 6.43}
{'loss': 1.4736, 'grad_norm': 0.28769606351852417, 'learning_rate': 8.726788663094396e-05, 'epoch': 6.44}
{'loss': 1.4702, 'grad_norm': 0.34506306052207947, 'learning_rate': 8.725103629562229e-05, 'epoch': 6.44}
{'loss': 1.4718, 'grad_norm': 0.3818788528442383, 'learning_rate': 8.723418596030062e-05, 'epoch': 6.45}
{'loss': 1.472, 'grad_norm': 0.21308580040931702, 'learning_rate': 8.721733562497894e-05, 'epoch': 6.45}
{'loss': 1.4725, 'grad_norm': 0.3334101438522339, 'learning_rate': 8.720048528965726e-05, 'epoch': 6.46}
{'loss': 1.4726, 'grad_norm': 0.37331724166870117, 'learning_rate': 8.718363495433559e-05, 'epoch': 6.46}
{'loss': 1.4733, 'grad_norm': 0.3152254521846771, 'learning_rate': 8.716678461901392e-05, 'epoch': 6.46}
{'loss': 1.4711, 'grad_norm': 0.3343183398246765, 'learning_rate': 8.714993428369224e-05, 'epoch': 6.47}
{'loss': 1.4706, 'grad_norm': 0.4137144386768341, 'learning_rate': 8.713308394837057e-05, 'epoch': 6.47}
{'loss': 1.4715, 'grad_norm': 0.2875211834907532, 'learning_rate': 8.71162336130489e-05, 'epoch': 6.48}
{'loss': 1.4716, 'grad_norm': 0.3067544400691986, 'learning_rate': 8.709938327772722e-05, 'epoch': 6.48}
{'loss': 1.4696, 'grad_norm': 0.3223702907562256, 'learning_rate': 8.708253294240556e-05, 'epoch': 6.49}
{'loss': 1.4736, 'grad_norm': 0.5758481621742249, 'learning_rate': 8.706568260708389e-05, 'epoch': 6.49}
{'loss': 1.4729, 'grad_norm': 0.34119775891304016, 'learning_rate': 8.704883227176222e-05, 'epoch': 6.5}
{'loss': 1.4751, 'grad_norm': 0.3663884401321411, 'learning_rate': 8.703198193644054e-05, 'epoch': 6.5}
{'loss': 1.472, 'grad_norm': 0.4377727210521698, 'learning_rate': 8.701513160111887e-05, 'epoch': 6.51}
{'loss': 1.4691, 'grad_norm': 0.29345810413360596, 'learning_rate': 8.69982812657972e-05, 'epoch': 6.51}
{'loss': 1.4728, 'grad_norm': 0.36487430334091187, 'learning_rate': 8.698143093047552e-05, 'epoch': 6.52}
{'loss': 1.472, 'grad_norm': 0.7043280601501465, 'learning_rate': 8.696458059515384e-05, 'epoch': 6.52}
{'loss': 1.4717, 'grad_norm': 0.2776128649711609, 'learning_rate': 8.694773025983217e-05, 'epoch': 6.52}
{'loss': 1.4697, 'grad_norm': 0.37405234575271606, 'learning_rate': 8.69308799245105e-05, 'epoch': 6.53}
{'loss': 1.4716, 'grad_norm': 0.23126603662967682, 'learning_rate': 8.691402958918883e-05, 'epoch': 6.53}
{'loss': 1.4698, 'grad_norm': 0.22286055982112885, 'learning_rate': 8.689717925386715e-05, 'epoch': 6.54}
{'loss': 1.4719, 'grad_norm': 0.3341631591320038, 'learning_rate': 8.688032891854548e-05, 'epoch': 6.54}
{'loss': 1.4718, 'grad_norm': 0.3102598488330841, 'learning_rate': 8.686347858322382e-05, 'epoch': 6.55}
{'loss': 1.4707, 'grad_norm': 0.30374211072921753, 'learning_rate': 8.684662824790214e-05, 'epoch': 6.55}
{'loss': 1.4724, 'grad_norm': 0.4370028078556061, 'learning_rate': 8.682977791258047e-05, 'epoch': 6.56}
{'loss': 1.4742, 'grad_norm': 0.519440233707428, 'learning_rate': 8.68129275772588e-05, 'epoch': 6.56}
{'loss': 1.4725, 'grad_norm': 0.44672247767448425, 'learning_rate': 8.679607724193712e-05, 'epoch': 6.57}
{'loss': 1.4743, 'grad_norm': 0.26676106452941895, 'learning_rate': 8.677922690661544e-05, 'epoch': 6.57}
{'loss': 1.4736, 'grad_norm': 0.3509995937347412, 'learning_rate': 8.676237657129377e-05, 'epoch': 6.57}
{'loss': 1.4726, 'grad_norm': 0.3385043144226074, 'learning_rate': 8.67455262359721e-05, 'epoch': 6.58}
{'loss': 1.4713, 'grad_norm': 0.5994682312011719, 'learning_rate': 8.672867590065043e-05, 'epoch': 6.58}
{'loss': 1.4711, 'grad_norm': 0.48258206248283386, 'learning_rate': 8.671182556532875e-05, 'epoch': 6.59}
{'loss': 1.4716, 'grad_norm': 0.42664095759391785, 'learning_rate': 8.669497523000708e-05, 'epoch': 6.59}
{'loss': 1.4731, 'grad_norm': 0.45117804408073425, 'learning_rate': 8.667812489468541e-05, 'epoch': 6.6}
{'loss': 1.473, 'grad_norm': 0.3816641867160797, 'learning_rate': 8.666127455936373e-05, 'epoch': 6.6}
{'loss': 1.4722, 'grad_norm': 0.279328852891922, 'learning_rate': 8.664442422404206e-05, 'epoch': 6.61}
{'loss': 1.4724, 'grad_norm': 0.4203748404979706, 'learning_rate': 8.66275738887204e-05, 'epoch': 6.61}
{'loss': 1.472, 'grad_norm': 0.660326361656189, 'learning_rate': 8.661072355339871e-05, 'epoch': 6.62}
{'loss': 1.4772, 'grad_norm': 2.1898341178894043, 'learning_rate': 8.659387321807705e-05, 'epoch': 6.62}
{'loss': 1.4774, 'grad_norm': 0.6687989234924316, 'learning_rate': 8.657702288275538e-05, 'epoch': 6.62}
{'loss': 1.4758, 'grad_norm': 0.34239113330841064, 'learning_rate': 8.65601725474337e-05, 'epoch': 6.63}
{'loss': 1.4766, 'grad_norm': 0.5102278590202332, 'learning_rate': 8.654332221211203e-05, 'epoch': 6.63}
{'loss': 1.4764, 'grad_norm': 0.30524563789367676, 'learning_rate': 8.652647187679035e-05, 'epoch': 6.64}
{'loss': 1.477, 'grad_norm': 0.48244044184684753, 'learning_rate': 8.650962154146868e-05, 'epoch': 6.64}
{'loss': 1.4748, 'grad_norm': 0.6165275573730469, 'learning_rate': 8.649277120614701e-05, 'epoch': 6.65}
{'loss': 1.4764, 'grad_norm': 0.4323706328868866, 'learning_rate': 8.647592087082533e-05, 'epoch': 6.65}
{'loss': 1.4781, 'grad_norm': 0.5339930653572083, 'learning_rate': 8.645907053550366e-05, 'epoch': 6.66}
{'loss': 1.4764, 'grad_norm': 0.46732839941978455, 'learning_rate': 8.644222020018199e-05, 'epoch': 6.66}
{'loss': 1.4784, 'grad_norm': 0.2656158208847046, 'learning_rate': 8.642536986486032e-05, 'epoch': 6.67}
{'loss': 1.4741, 'grad_norm': 0.34087103605270386, 'learning_rate': 8.640851952953864e-05, 'epoch': 6.67}
{'loss': 1.4739, 'grad_norm': 0.22407633066177368, 'learning_rate': 8.639166919421697e-05, 'epoch': 6.67}
{'loss': 1.4689, 'grad_norm': 0.3919626474380493, 'learning_rate': 8.63748188588953e-05, 'epoch': 6.68}
{'loss': 1.4747, 'grad_norm': 0.6269227266311646, 'learning_rate': 8.635796852357362e-05, 'epoch': 6.68}
{'loss': 1.4771, 'grad_norm': 0.32693445682525635, 'learning_rate': 8.634111818825194e-05, 'epoch': 6.69}
{'loss': 1.4742, 'grad_norm': 0.34960365295410156, 'learning_rate': 8.632426785293027e-05, 'epoch': 6.69}
{'loss': 1.4733, 'grad_norm': 0.4498904049396515, 'learning_rate': 8.63074175176086e-05, 'epoch': 6.7}
{'loss': 1.4747, 'grad_norm': 0.35498902201652527, 'learning_rate': 8.629056718228692e-05, 'epoch': 6.7}
{'loss': 1.4744, 'grad_norm': 0.383348286151886, 'learning_rate': 8.627371684696526e-05, 'epoch': 6.71}
{'loss': 1.4742, 'grad_norm': 0.37834596633911133, 'learning_rate': 8.625686651164359e-05, 'epoch': 6.71}
{'loss': 1.4749, 'grad_norm': 0.5076050758361816, 'learning_rate': 8.624001617632192e-05, 'epoch': 6.72}
{'loss': 1.4718, 'grad_norm': 0.2784847617149353, 'learning_rate': 8.622316584100024e-05, 'epoch': 6.72}
{'loss': 1.4714, 'grad_norm': 0.33941954374313354, 'learning_rate': 8.620631550567857e-05, 'epoch': 6.72}
{'loss': 1.4761, 'grad_norm': 0.31745824217796326, 'learning_rate': 8.61894651703569e-05, 'epoch': 6.73}
{'loss': 1.471, 'grad_norm': 0.21952195465564728, 'learning_rate': 8.617261483503522e-05, 'epoch': 6.73}
{'loss': 1.4716, 'grad_norm': 0.39289307594299316, 'learning_rate': 8.615576449971355e-05, 'epoch': 6.74}
{'loss': 1.4737, 'grad_norm': 0.355336457490921, 'learning_rate': 8.613891416439187e-05, 'epoch': 6.74}
{'loss': 1.471, 'grad_norm': 0.43294230103492737, 'learning_rate': 8.61220638290702e-05, 'epoch': 6.75}
{'loss': 1.4717, 'grad_norm': 0.39158111810684204, 'learning_rate': 8.610521349374852e-05, 'epoch': 6.75}
{'loss': 1.47, 'grad_norm': 0.7100921273231506, 'learning_rate': 8.608836315842685e-05, 'epoch': 6.76}
{'loss': 1.4805, 'grad_norm': 0.2950986921787262, 'learning_rate': 8.607151282310519e-05, 'epoch': 6.76}
{'loss': 1.473, 'grad_norm': 0.33181822299957275, 'learning_rate': 8.605466248778352e-05, 'epoch': 6.77}
{'loss': 1.4688, 'grad_norm': 0.32141411304473877, 'learning_rate': 8.603781215246184e-05, 'epoch': 6.77}
{'loss': 1.471, 'grad_norm': 0.2632986307144165, 'learning_rate': 8.602096181714017e-05, 'epoch': 6.77}
{'loss': 1.4699, 'grad_norm': 0.37987348437309265, 'learning_rate': 8.60041114818185e-05, 'epoch': 6.78}
{'loss': 1.4706, 'grad_norm': 0.43398237228393555, 'learning_rate': 8.598726114649682e-05, 'epoch': 6.78}
{'loss': 1.4727, 'grad_norm': 0.3083841800689697, 'learning_rate': 8.597041081117515e-05, 'epoch': 6.79}
{'loss': 1.4712, 'grad_norm': 0.25145334005355835, 'learning_rate': 8.595356047585348e-05, 'epoch': 6.79}
{'loss': 1.4744, 'grad_norm': 0.315457284450531, 'learning_rate': 8.59367101405318e-05, 'epoch': 6.8}
{'loss': 1.4774, 'grad_norm': 0.25645819306373596, 'learning_rate': 8.591985980521012e-05, 'epoch': 6.8}
{'loss': 1.4719, 'grad_norm': 0.5148212909698486, 'learning_rate': 8.590300946988845e-05, 'epoch': 6.81}
{'loss': 1.4722, 'grad_norm': 0.2843429744243622, 'learning_rate': 8.588615913456678e-05, 'epoch': 6.81}
{'loss': 1.4716, 'grad_norm': 0.33590877056121826, 'learning_rate': 8.586930879924511e-05, 'epoch': 6.82}
{'loss': 1.4755, 'grad_norm': 0.3227366507053375, 'learning_rate': 8.585245846392343e-05, 'epoch': 6.82}
{'loss': 1.4713, 'grad_norm': 0.250688761472702, 'learning_rate': 8.583560812860176e-05, 'epoch': 6.82}
{'loss': 1.4747, 'grad_norm': 0.2664715051651001, 'learning_rate': 8.58187577932801e-05, 'epoch': 6.83}
{'loss': 1.4713, 'grad_norm': 0.4435741901397705, 'learning_rate': 8.580190745795841e-05, 'epoch': 6.83}
{'loss': 1.475, 'grad_norm': 0.28430965542793274, 'learning_rate': 8.578505712263675e-05, 'epoch': 6.84}
{'loss': 1.4691, 'grad_norm': 0.2821856439113617, 'learning_rate': 8.576820678731508e-05, 'epoch': 6.84}
{'loss': 1.4738, 'grad_norm': 0.2876480519771576, 'learning_rate': 8.575135645199341e-05, 'epoch': 6.85}
{'loss': 1.4735, 'grad_norm': 0.4643111824989319, 'learning_rate': 8.573450611667173e-05, 'epoch': 6.85}
{'loss': 1.4731, 'grad_norm': 0.35544687509536743, 'learning_rate': 8.571765578135005e-05, 'epoch': 6.86}
{'loss': 1.4721, 'grad_norm': 0.3682728707790375, 'learning_rate': 8.570080544602838e-05, 'epoch': 6.86}
{'loss': 1.4719, 'grad_norm': 0.4007558226585388, 'learning_rate': 8.568395511070671e-05, 'epoch': 6.87}
{'loss': 1.4702, 'grad_norm': 0.39961355924606323, 'learning_rate': 8.566710477538503e-05, 'epoch': 6.87}
{'loss': 1.4712, 'grad_norm': 0.2815876305103302, 'learning_rate': 8.565025444006336e-05, 'epoch': 6.87}
{'loss': 1.4736, 'grad_norm': 0.40338706970214844, 'learning_rate': 8.563340410474169e-05, 'epoch': 6.88}
{'loss': 1.4719, 'grad_norm': 0.4379606246948242, 'learning_rate': 8.561655376942001e-05, 'epoch': 6.88}
{'loss': 1.4716, 'grad_norm': 0.4617822766304016, 'learning_rate': 8.559970343409834e-05, 'epoch': 6.89}
{'loss': 1.4713, 'grad_norm': 0.43589523434638977, 'learning_rate': 8.558285309877667e-05, 'epoch': 6.89}
{'loss': 1.4733, 'grad_norm': 0.36859026551246643, 'learning_rate': 8.5566002763455e-05, 'epoch': 6.9}
{'loss': 1.472, 'grad_norm': 0.29084843397140503, 'learning_rate': 8.554915242813332e-05, 'epoch': 6.9}
{'loss': 1.4709, 'grad_norm': 0.3685416281223297, 'learning_rate': 8.553230209281166e-05, 'epoch': 6.91}
{'loss': 1.4724, 'grad_norm': 0.7062905430793762, 'learning_rate': 8.551545175748997e-05, 'epoch': 6.91}
{'loss': 1.4728, 'grad_norm': 0.27580809593200684, 'learning_rate': 8.54986014221683e-05, 'epoch': 6.92}
{'loss': 1.4751, 'grad_norm': 0.4308794438838959, 'learning_rate': 8.548175108684662e-05, 'epoch': 6.92}
{'loss': 1.4788, 'grad_norm': 431.26373291015625, 'learning_rate': 8.546490075152496e-05, 'epoch': 6.92}
{'loss': 1.4807, 'grad_norm': 0.3233695924282074, 'learning_rate': 8.544805041620329e-05, 'epoch': 6.93}
{'loss': 1.4829, 'grad_norm': 0.4711350202560425, 'learning_rate': 8.543120008088161e-05, 'epoch': 6.93}
{'loss': 1.4747, 'grad_norm': 0.32174152135849, 'learning_rate': 8.541434974555994e-05, 'epoch': 6.94}
{'loss': 1.4766, 'grad_norm': 0.3060748875141144, 'learning_rate': 8.539749941023827e-05, 'epoch': 6.94}
{'loss': 1.4816, 'grad_norm': 0.6039949059486389, 'learning_rate': 8.53806490749166e-05, 'epoch': 6.95}
{'loss': 1.4803, 'grad_norm': 0.25927212834358215, 'learning_rate': 8.536379873959492e-05, 'epoch': 6.95}
{'loss': 1.476, 'grad_norm': 0.28574973344802856, 'learning_rate': 8.534694840427325e-05, 'epoch': 6.96}
{'loss': 1.4917, 'grad_norm': 0.5420629978179932, 'learning_rate': 8.533009806895158e-05, 'epoch': 6.96}
{'loss': 1.4768, 'grad_norm': 0.449592649936676, 'learning_rate': 8.53132477336299e-05, 'epoch': 6.97}
{'loss': 1.4752, 'grad_norm': 0.28532958030700684, 'learning_rate': 8.529639739830822e-05, 'epoch': 6.97}
{'loss': 1.4835, 'grad_norm': 0.34790486097335815, 'learning_rate': 8.527954706298655e-05, 'epoch': 6.97}
{'loss': 1.4727, 'grad_norm': 0.25484293699264526, 'learning_rate': 8.526269672766489e-05, 'epoch': 6.98}
{'loss': 1.4744, 'grad_norm': 0.6841360330581665, 'learning_rate': 8.52458463923432e-05, 'epoch': 6.98}
{'loss': 1.4744, 'grad_norm': 0.36185771226882935, 'learning_rate': 8.522899605702154e-05, 'epoch': 6.99}
{'loss': 1.4726, 'grad_norm': 0.37613293528556824, 'learning_rate': 8.521214572169987e-05, 'epoch': 6.99}
{'loss': 1.4712, 'grad_norm': 0.33737149834632874, 'learning_rate': 8.51952953863782e-05, 'epoch': 7.0}
{'loss': 1.4685, 'grad_norm': 0.33200812339782715, 'learning_rate': 8.517844505105652e-05, 'epoch': 7.0}
{'loss': 1.4646, 'grad_norm': 0.6189247369766235, 'learning_rate': 8.516159471573485e-05, 'epoch': 7.01}
{'loss': 1.4646, 'grad_norm': 0.33018577098846436, 'learning_rate': 8.514474438041318e-05, 'epoch': 7.01}
{'loss': 1.4638, 'grad_norm': 0.38997673988342285, 'learning_rate': 8.51278940450915e-05, 'epoch': 7.02}
{'loss': 1.4644, 'grad_norm': 0.47362303733825684, 'learning_rate': 8.511104370976983e-05, 'epoch': 7.02}
{'loss': 1.4651, 'grad_norm': 0.33124634623527527, 'learning_rate': 8.509419337444815e-05, 'epoch': 7.02}
{'loss': 1.463, 'grad_norm': 0.2948610782623291, 'learning_rate': 8.507734303912648e-05, 'epoch': 7.03}
{'loss': 1.4644, 'grad_norm': 0.26548218727111816, 'learning_rate': 8.50604927038048e-05, 'epoch': 7.03}
{'loss': 1.4638, 'grad_norm': 0.35814186930656433, 'learning_rate': 8.504364236848313e-05, 'epoch': 7.04}
{'loss': 1.4722, 'grad_norm': 0.3657984435558319, 'learning_rate': 8.502679203316146e-05, 'epoch': 7.04}
{'loss': 1.4826, 'grad_norm': 0.3368180990219116, 'learning_rate': 8.50099416978398e-05, 'epoch': 7.05}
{'loss': 1.4703, 'grad_norm': 0.305326372385025, 'learning_rate': 8.499309136251811e-05, 'epoch': 7.05}
{'loss': 1.4669, 'grad_norm': 0.3155551850795746, 'learning_rate': 8.497624102719645e-05, 'epoch': 7.06}
{'loss': 1.4817, 'grad_norm': 0.7087370753288269, 'learning_rate': 8.495939069187478e-05, 'epoch': 7.06}
{'loss': 1.4825, 'grad_norm': 0.34207433462142944, 'learning_rate': 8.49425403565531e-05, 'epoch': 7.07}
{'loss': 1.4843, 'grad_norm': 0.44208425283432007, 'learning_rate': 8.492569002123143e-05, 'epoch': 7.07}
{'loss': 1.49, 'grad_norm': 4.972373962402344, 'learning_rate': 8.490883968590976e-05, 'epoch': 7.07}
{'loss': 1.4796, 'grad_norm': 0.3781019449234009, 'learning_rate': 8.489198935058809e-05, 'epoch': 7.08}
{'loss': 1.472, 'grad_norm': 0.3297533690929413, 'learning_rate': 8.48751390152664e-05, 'epoch': 7.08}
{'loss': 1.4686, 'grad_norm': 0.35653233528137207, 'learning_rate': 8.485828867994473e-05, 'epoch': 7.09}
{'loss': 1.4667, 'grad_norm': 0.2817398011684418, 'learning_rate': 8.484143834462306e-05, 'epoch': 7.09}
{'loss': 1.4689, 'grad_norm': 0.33418145775794983, 'learning_rate': 8.482458800930139e-05, 'epoch': 7.1}
{'loss': 1.4658, 'grad_norm': 0.47297823429107666, 'learning_rate': 8.480773767397971e-05, 'epoch': 7.1}
{'loss': 1.4705, 'grad_norm': 0.34924906492233276, 'learning_rate': 8.479088733865804e-05, 'epoch': 7.11}
{'loss': 1.4657, 'grad_norm': 0.5585592985153198, 'learning_rate': 8.477403700333637e-05, 'epoch': 7.11}
{'loss': 1.4692, 'grad_norm': 0.6193078756332397, 'learning_rate': 8.475718666801469e-05, 'epoch': 7.12}
{'loss': 1.4677, 'grad_norm': 0.7327056527137756, 'learning_rate': 8.474033633269302e-05, 'epoch': 7.12}
{'loss': 1.4693, 'grad_norm': 0.3460897207260132, 'learning_rate': 8.472348599737136e-05, 'epoch': 7.12}
{'loss': 1.4726, 'grad_norm': 0.5055288076400757, 'learning_rate': 8.470663566204969e-05, 'epoch': 7.13}
{'loss': 1.47, 'grad_norm': 0.5472047328948975, 'learning_rate': 8.4689785326728e-05, 'epoch': 7.13}
{'loss': 1.4733, 'grad_norm': 0.46320733428001404, 'learning_rate': 8.467293499140634e-05, 'epoch': 7.14}
{'loss': 1.4886, 'grad_norm': 0.4144803285598755, 'learning_rate': 8.465608465608466e-05, 'epoch': 7.14}
{'loss': 1.48, 'grad_norm': 0.35657602548599243, 'learning_rate': 8.463923432076299e-05, 'epoch': 7.15}
{'loss': 1.4723, 'grad_norm': 0.5307828783988953, 'learning_rate': 8.462238398544131e-05, 'epoch': 7.15}
{'loss': 1.4683, 'grad_norm': 1.2228760719299316, 'learning_rate': 8.460553365011964e-05, 'epoch': 7.16}
{'loss': 1.4658, 'grad_norm': 0.33788982033729553, 'learning_rate': 8.458868331479797e-05, 'epoch': 7.16}
{'loss': 1.4702, 'grad_norm': 0.40539097785949707, 'learning_rate': 8.457183297947629e-05, 'epoch': 7.17}
{'loss': 1.47, 'grad_norm': 0.4622604548931122, 'learning_rate': 8.455498264415462e-05, 'epoch': 7.17}
{'loss': 1.468, 'grad_norm': 0.35664623975753784, 'learning_rate': 8.453813230883295e-05, 'epoch': 7.17}
{'loss': 1.4669, 'grad_norm': 0.19904959201812744, 'learning_rate': 8.452128197351128e-05, 'epoch': 7.18}
{'loss': 1.4703, 'grad_norm': 0.3106957674026489, 'learning_rate': 8.45044316381896e-05, 'epoch': 7.18}
{'loss': 1.4677, 'grad_norm': 0.23786140978336334, 'learning_rate': 8.448758130286794e-05, 'epoch': 7.19}
{'loss': 1.4688, 'grad_norm': 0.23127706348896027, 'learning_rate': 8.447073096754627e-05, 'epoch': 7.19}
{'loss': 1.4665, 'grad_norm': 0.30958694219589233, 'learning_rate': 8.445388063222459e-05, 'epoch': 7.2}
{'loss': 1.4698, 'grad_norm': 0.2772040069103241, 'learning_rate': 8.44370302969029e-05, 'epoch': 7.2}
{'loss': 1.4637, 'grad_norm': 0.2483794242143631, 'learning_rate': 8.442017996158124e-05, 'epoch': 7.21}
{'loss': 1.4671, 'grad_norm': 0.29712891578674316, 'learning_rate': 8.440332962625957e-05, 'epoch': 7.21}
{'loss': 1.4662, 'grad_norm': 0.24193595349788666, 'learning_rate': 8.438647929093789e-05, 'epoch': 7.22}
{'loss': 1.4655, 'grad_norm': 0.3199658989906311, 'learning_rate': 8.436962895561622e-05, 'epoch': 7.22}
{'loss': 1.4642, 'grad_norm': 0.44168946146965027, 'learning_rate': 8.435277862029455e-05, 'epoch': 7.22}
{'loss': 1.4641, 'grad_norm': 0.8920724391937256, 'learning_rate': 8.433592828497288e-05, 'epoch': 7.23}
{'loss': 1.4648, 'grad_norm': 0.2895541787147522, 'learning_rate': 8.43190779496512e-05, 'epoch': 7.23}
{'loss': 1.4643, 'grad_norm': 0.2667553126811981, 'learning_rate': 8.430222761432953e-05, 'epoch': 7.24}
{'loss': 1.4654, 'grad_norm': 0.3281486928462982, 'learning_rate': 8.428537727900786e-05, 'epoch': 7.24}
{'loss': 1.4636, 'grad_norm': 0.2308775782585144, 'learning_rate': 8.426852694368618e-05, 'epoch': 7.25}
{'loss': 1.4647, 'grad_norm': 0.6308690905570984, 'learning_rate': 8.425167660836451e-05, 'epoch': 7.25}
{'loss': 1.4648, 'grad_norm': 0.43542805314064026, 'learning_rate': 8.423482627304283e-05, 'epoch': 7.26}
{'loss': 1.4708, 'grad_norm': 0.3010525405406952, 'learning_rate': 8.421797593772116e-05, 'epoch': 7.26}
{'loss': 1.4647, 'grad_norm': 5.875775337219238, 'learning_rate': 8.420112560239948e-05, 'epoch': 7.27}
{'loss': 1.4682, 'grad_norm': 0.6282346844673157, 'learning_rate': 8.418427526707781e-05, 'epoch': 7.27}
{'loss': 1.4702, 'grad_norm': 0.5670433640480042, 'learning_rate': 8.416742493175615e-05, 'epoch': 7.27}
{'loss': 1.4694, 'grad_norm': 0.5384134650230408, 'learning_rate': 8.415057459643448e-05, 'epoch': 7.28}
pred : ardent in the prosecution of heresy cyril auspiciously opened his reign by oppressing the novations the most innocent and harmless of the sectaries
label: ardent in the prosecution of heresy cyril auspiciously opened his reign by oppressing the novatians the most innocent and harmless of the sectaries
pred : without any legal sentence without any royal mandate the patriarch at the dawn of day led a seditious multitude to the attack of the synagogues
label: without any legal sentence without any royal mandate the patriarch at the dawn of day led a seditious multitude to the attack of the synagogues
pred : such crimes would have deserved the animadversion of the magistrate but in this promiscuous outrage the innocent were confounded with the guilty and alexandria was impoverished by the loss of a wealthy and industrious colony
label: such crimes would have deserved the animadversion of the magistrate but in this promiscuous outrage the innocent were confounded with the guilty and alexandria was impoverished by the loss of a wealthy and industrious colony
pred : ardent in the prosecution of heresy cyril auspiciously opened his reign by oppressing the novations the most innocent and harmless of the sectaries
label: ardent in the prosecution of heresy cyril auspiciously opened his reign by oppressing the novatians the most innocent and harmless of the sectaries
pred : without any legal sentence without any royal mandate the patriarch at the dawn of day led a seditious multitude to the attack of the synagogues
label: without any legal sentence without any royal mandate the patriarch at the dawn of day led a seditious multitude to the attack of the synagogues
pred : such crimes would have deserved the animadversion of the magistrate but in this promiscuous outrage the innocent were confounded with the guilty and alexandria was impoverished by the loss of a wealthy and industrious colony
label: such crimes would have deserved the animadversion of the magistrate but in this promiscuous outrage the innocent were confounded with the guilty and alexandria was impoverished by the loss of a wealthy and industrious colony
pred : ardent in the prosecution of heresy cyril auspiciously opened his reign by oppressing the novations the most innocent and harmless of the sectaries
label: ardent in the prosecution of heresy cyril auspiciously opened his reign by oppressing the novatians the most innocent and harmless of the sectaries
pred : without any legal sentence without any royal mandate the patriarch at the dawn of day led a seditious multitude to the attack of the synagogues
label: without any legal sentence without any royal mandate the patriarch at the dawn of day led a seditious multitude to the attack of the synagogues
pred : such crimes would have deserved the animadversion of the magistrate but in this promiscuous outrage the innocent were confounded with the guilty and alexandria was impoverished by the loss of a wealthy and industrious colony
label: such crimes would have deserved the animadversion of the magistrate but in this promiscuous outrage the innocent were confounded with the guilty and alexandria was impoverished by the loss of a wealthy and industrious colony
pred : ardent in the prosecution of heresy cyril auspiciously opened his reign by oppressing the novations the most innocent and harmless of the sectaries
label: ardent in the prosecution of heresy cyril auspiciously opened his reign by oppressing the novatians the most innocent and harmless of the sectaries
pred : without any legal sentence without any royal mandate the patriarch at the dawn of day led a seditious multitude to the attack of the synagogues
label: without any legal sentence without any royal mandate the patriarch at the dawn of day led a seditious multitude to the attack of the synagogues
pred : such crimes would have deserved the animadversion of the magistrate but in this promiscuous outrage the innocent were confounded with the guilty and alexandria was impoverished by the loss of a wealthy and industrious colony
label: such crimes would have deserved the animadversion of the magistrate but in this promiscuous outrage the innocent were confounded with the guilty and alexandria was impoverished by the loss of a wealthy and industrious colony
{'eval_loss': 1.582362413406372, 'eval_bleu': 96.40356510796063, 'eval_wer': 0.019255406982813434, 'eval_cer': 0.009362478676558098, 'eval_rouge1': 0.9836203280650697, 'eval_rouge2': 0.9699364976061475, 'eval_rougeL': 0.9836374809518293, 'eval_runtime': 93.1581, 'eval_samples_per_second': 59.759, 'eval_steps_per_second': 0.311, 'epoch': 7.28}
{'loss': 1.4723, 'grad_norm': 0.2519734501838684, 'learning_rate': 8.41337242611128e-05, 'epoch': 7.28}
{'loss': 1.4681, 'grad_norm': 0.2827089726924896, 'learning_rate': 8.411687392579113e-05, 'epoch': 7.29}
{'loss': 1.4745, 'grad_norm': 0.5077338218688965, 'learning_rate': 8.410002359046946e-05, 'epoch': 7.29}
{'loss': 1.4681, 'grad_norm': 0.6972090005874634, 'learning_rate': 8.408317325514778e-05, 'epoch': 7.3}
{'loss': 1.4675, 'grad_norm': 0.314206600189209, 'learning_rate': 8.406632291982611e-05, 'epoch': 7.3}
{'loss': 1.4673, 'grad_norm': 0.29507458209991455, 'learning_rate': 8.404947258450444e-05, 'epoch': 7.31}
{'loss': 1.4675, 'grad_norm': 0.2991624176502228, 'learning_rate': 8.403262224918276e-05, 'epoch': 7.31}
{'loss': 1.4893, 'grad_norm': 0.4355621933937073, 'learning_rate': 8.401577191386108e-05, 'epoch': 7.32}
{'loss': 1.4801, 'grad_norm': 0.5106967687606812, 'learning_rate': 8.399892157853941e-05, 'epoch': 7.32}
{'loss': 1.4686, 'grad_norm': 0.5063593983650208, 'learning_rate': 8.398207124321774e-05, 'epoch': 7.32}
{'loss': 1.467, 'grad_norm': 0.34917646646499634, 'learning_rate': 8.396522090789607e-05, 'epoch': 7.33}
{'loss': 1.4701, 'grad_norm': 0.5916924476623535, 'learning_rate': 8.394837057257439e-05, 'epoch': 7.33}
{'loss': 1.4686, 'grad_norm': 0.4278458058834076, 'learning_rate': 8.393152023725272e-05, 'epoch': 7.34}
{'loss': 1.4699, 'grad_norm': 0.37156805396080017, 'learning_rate': 8.391466990193106e-05, 'epoch': 7.34}
{'loss': 1.4658, 'grad_norm': 0.2636246681213379, 'learning_rate': 8.389781956660937e-05, 'epoch': 7.35}
{'loss': 1.4669, 'grad_norm': 0.3105521500110626, 'learning_rate': 8.388096923128771e-05, 'epoch': 7.35}
{'loss': 1.4689, 'grad_norm': 1.4405802488327026, 'learning_rate': 8.386411889596604e-05, 'epoch': 7.36}
{'loss': 1.4652, 'grad_norm': 0.3144131600856781, 'learning_rate': 8.384726856064437e-05, 'epoch': 7.36}
{'loss': 1.4609, 'grad_norm': 0.32815930247306824, 'learning_rate': 8.383041822532269e-05, 'epoch': 7.37}
{'loss': 1.464, 'grad_norm': 0.9390962719917297, 'learning_rate': 8.381356789000101e-05, 'epoch': 7.37}
{'loss': 1.4626, 'grad_norm': 0.33053353428840637, 'learning_rate': 8.379671755467934e-05, 'epoch': 7.37}
{'loss': 1.4646, 'grad_norm': 0.26178884506225586, 'learning_rate': 8.377986721935767e-05, 'epoch': 7.38}
{'loss': 1.4639, 'grad_norm': 0.26544490456581116, 'learning_rate': 8.376301688403599e-05, 'epoch': 7.38}
{'loss': 1.4614, 'grad_norm': 0.3284320831298828, 'learning_rate': 8.374616654871432e-05, 'epoch': 7.39}
{'loss': 1.4631, 'grad_norm': 0.2043452113866806, 'learning_rate': 8.372931621339265e-05, 'epoch': 7.39}
{'loss': 1.4619, 'grad_norm': 0.27114084362983704, 'learning_rate': 8.371246587807097e-05, 'epoch': 7.4}
{'loss': 1.4632, 'grad_norm': 0.27361586689949036, 'learning_rate': 8.36956155427493e-05, 'epoch': 7.4}
{'loss': 1.4637, 'grad_norm': 0.4370293617248535, 'learning_rate': 8.367876520742764e-05, 'epoch': 7.41}
{'loss': 1.4686, 'grad_norm': 0.2504742443561554, 'learning_rate': 8.366191487210597e-05, 'epoch': 7.41}
{'loss': 1.4657, 'grad_norm': 0.3373299837112427, 'learning_rate': 8.364506453678429e-05, 'epoch': 7.42}
{'loss': 1.4664, 'grad_norm': 0.3264654576778412, 'learning_rate': 8.362821420146262e-05, 'epoch': 7.42}
{'loss': 1.4654, 'grad_norm': 0.3115491271018982, 'learning_rate': 8.361136386614094e-05, 'epoch': 7.42}
{'loss': 1.4621, 'grad_norm': 0.6713530421257019, 'learning_rate': 8.359451353081927e-05, 'epoch': 7.43}
{'loss': 1.4625, 'grad_norm': 0.33332863450050354, 'learning_rate': 8.357766319549759e-05, 'epoch': 7.43}
{'loss': 1.462, 'grad_norm': 0.3652764856815338, 'learning_rate': 8.356081286017592e-05, 'epoch': 7.44}
{'loss': 1.4628, 'grad_norm': 0.2858832776546478, 'learning_rate': 8.354396252485425e-05, 'epoch': 7.44}
{'loss': 1.4644, 'grad_norm': 0.31096890568733215, 'learning_rate': 8.352711218953257e-05, 'epoch': 7.45}
{'loss': 1.4675, 'grad_norm': 0.29103121161460876, 'learning_rate': 8.35102618542109e-05, 'epoch': 7.45}
{'loss': 1.4631, 'grad_norm': 0.34261855483055115, 'learning_rate': 8.349341151888923e-05, 'epoch': 7.46}
{'loss': 1.4633, 'grad_norm': 0.30993911623954773, 'learning_rate': 8.347656118356756e-05, 'epoch': 7.46}
{'loss': 1.466, 'grad_norm': 0.3324586749076843, 'learning_rate': 8.345971084824588e-05, 'epoch': 7.47}
{'loss': 1.4626, 'grad_norm': 0.3523511290550232, 'learning_rate': 8.344286051292421e-05, 'epoch': 7.47}
{'loss': 1.4644, 'grad_norm': 0.251905232667923, 'learning_rate': 8.342601017760255e-05, 'epoch': 7.47}
{'loss': 1.4628, 'grad_norm': 0.4583825170993805, 'learning_rate': 8.340915984228086e-05, 'epoch': 7.48}
{'loss': 1.4629, 'grad_norm': 0.3813292384147644, 'learning_rate': 8.339230950695918e-05, 'epoch': 7.48}
{'loss': 1.4635, 'grad_norm': 0.3023495674133301, 'learning_rate': 8.337545917163751e-05, 'epoch': 7.49}
{'loss': 1.4618, 'grad_norm': 0.2822411060333252, 'learning_rate': 8.335860883631585e-05, 'epoch': 7.49}
{'loss': 1.4615, 'grad_norm': 0.26084527373313904, 'learning_rate': 8.334175850099418e-05, 'epoch': 7.5}
{'loss': 1.4613, 'grad_norm': 53.666873931884766, 'learning_rate': 8.33249081656725e-05, 'epoch': 7.5}
{'loss': 1.4604, 'grad_norm': 0.32471272349357605, 'learning_rate': 8.330805783035083e-05, 'epoch': 7.51}
{'loss': 1.4611, 'grad_norm': 0.29319286346435547, 'learning_rate': 8.329120749502916e-05, 'epoch': 7.51}
{'loss': 1.4617, 'grad_norm': 0.2831842005252838, 'learning_rate': 8.327435715970748e-05, 'epoch': 7.52}
{'loss': 1.461, 'grad_norm': 0.21857313811779022, 'learning_rate': 8.325750682438581e-05, 'epoch': 7.52}
{'loss': 1.4597, 'grad_norm': 0.587006688117981, 'learning_rate': 8.324065648906414e-05, 'epoch': 7.53}
{'loss': 1.4597, 'grad_norm': 0.2739119529724121, 'learning_rate': 8.322380615374246e-05, 'epoch': 7.53}
{'loss': 1.4605, 'grad_norm': 0.31004270911216736, 'learning_rate': 8.320695581842079e-05, 'epoch': 7.53}
{'loss': 1.4604, 'grad_norm': 0.22669485211372375, 'learning_rate': 8.319010548309911e-05, 'epoch': 7.54}
{'loss': 1.4606, 'grad_norm': 0.2202872484922409, 'learning_rate': 8.317325514777744e-05, 'epoch': 7.54}
{'loss': 1.4612, 'grad_norm': 0.29670053720474243, 'learning_rate': 8.315640481245577e-05, 'epoch': 7.55}
{'loss': 1.4621, 'grad_norm': 0.28951549530029297, 'learning_rate': 8.313955447713409e-05, 'epoch': 7.55}
{'loss': 1.4624, 'grad_norm': 0.3993353843688965, 'learning_rate': 8.312270414181242e-05, 'epoch': 7.56}
{'loss': 1.4594, 'grad_norm': 0.44784945249557495, 'learning_rate': 8.310585380649076e-05, 'epoch': 7.56}
{'loss': 1.4643, 'grad_norm': 1.1827653646469116, 'learning_rate': 8.308900347116908e-05, 'epoch': 7.57}
{'loss': 1.4633, 'grad_norm': 0.3029472231864929, 'learning_rate': 8.307215313584741e-05, 'epoch': 7.57}
{'loss': 1.4623, 'grad_norm': 0.23144131898880005, 'learning_rate': 8.305530280052574e-05, 'epoch': 7.58}
{'loss': 1.4631, 'grad_norm': 0.31189611554145813, 'learning_rate': 8.303845246520407e-05, 'epoch': 7.58}
{'loss': 1.4648, 'grad_norm': 0.47690626978874207, 'learning_rate': 8.302160212988239e-05, 'epoch': 7.58}
{'loss': 1.4623, 'grad_norm': 0.24683280289173126, 'learning_rate': 8.300475179456072e-05, 'epoch': 7.59}
{'loss': 1.4635, 'grad_norm': 0.31162330508232117, 'learning_rate': 8.298790145923905e-05, 'epoch': 7.59}
{'loss': 1.4613, 'grad_norm': 0.24792753159999847, 'learning_rate': 8.297105112391737e-05, 'epoch': 7.6}
{'loss': 1.4623, 'grad_norm': 0.2732892334461212, 'learning_rate': 8.295420078859569e-05, 'epoch': 7.6}
{'loss': 1.464, 'grad_norm': 0.4051365256309509, 'learning_rate': 8.293735045327402e-05, 'epoch': 7.61}
{'loss': 1.4612, 'grad_norm': 0.3269380033016205, 'learning_rate': 8.292050011795235e-05, 'epoch': 7.61}
{'loss': 1.4623, 'grad_norm': 0.40552011132240295, 'learning_rate': 8.290364978263067e-05, 'epoch': 7.62}
{'loss': 1.4629, 'grad_norm': 0.4542422294616699, 'learning_rate': 8.2886799447309e-05, 'epoch': 7.62}
{'loss': 1.4597, 'grad_norm': 0.431305468082428, 'learning_rate': 8.286994911198734e-05, 'epoch': 7.63}
{'loss': 1.4609, 'grad_norm': 0.3026998043060303, 'learning_rate': 8.285309877666567e-05, 'epoch': 7.63}
{'loss': 1.4624, 'grad_norm': 0.6035877466201782, 'learning_rate': 8.283624844134399e-05, 'epoch': 7.63}
{'loss': 1.4604, 'grad_norm': 0.23849458992481232, 'learning_rate': 8.281939810602232e-05, 'epoch': 7.64}
{'loss': 1.4629, 'grad_norm': 0.25880923867225647, 'learning_rate': 8.280254777070065e-05, 'epoch': 7.64}
{'loss': 1.4626, 'grad_norm': 0.32941851019859314, 'learning_rate': 8.278569743537897e-05, 'epoch': 7.65}
{'loss': 1.4632, 'grad_norm': 0.33214229345321655, 'learning_rate': 8.276884710005729e-05, 'epoch': 7.65}
{'loss': 1.4625, 'grad_norm': 0.32862958312034607, 'learning_rate': 8.275199676473562e-05, 'epoch': 7.66}
{'loss': 1.462, 'grad_norm': 0.27059975266456604, 'learning_rate': 8.273514642941395e-05, 'epoch': 7.66}
{'loss': 1.4606, 'grad_norm': 0.5178899765014648, 'learning_rate': 8.271829609409227e-05, 'epoch': 7.67}
{'loss': 1.4645, 'grad_norm': 0.20409545302391052, 'learning_rate': 8.27014457587706e-05, 'epoch': 7.67}
{'loss': 1.4611, 'grad_norm': 0.2380949705839157, 'learning_rate': 8.268459542344893e-05, 'epoch': 7.68}
{'loss': 1.4599, 'grad_norm': 0.22196274995803833, 'learning_rate': 8.266774508812726e-05, 'epoch': 7.68}
{'loss': 1.463, 'grad_norm': 0.29848387837409973, 'learning_rate': 8.265089475280558e-05, 'epoch': 7.68}
{'loss': 1.4617, 'grad_norm': 0.31586337089538574, 'learning_rate': 8.263404441748391e-05, 'epoch': 7.69}
{'loss': 1.4591, 'grad_norm': 0.22328762710094452, 'learning_rate': 8.261719408216225e-05, 'epoch': 7.69}
{'loss': 1.4622, 'grad_norm': 0.30676788091659546, 'learning_rate': 8.260034374684056e-05, 'epoch': 7.7}
{'loss': 1.4635, 'grad_norm': 0.2741500437259674, 'learning_rate': 8.25834934115189e-05, 'epoch': 7.7}
{'loss': 1.4595, 'grad_norm': 0.33111071586608887, 'learning_rate': 8.256664307619723e-05, 'epoch': 7.71}
{'loss': 1.4583, 'grad_norm': 0.20767590403556824, 'learning_rate': 8.254979274087555e-05, 'epoch': 7.71}
{'loss': 1.4607, 'grad_norm': 0.28744444251060486, 'learning_rate': 8.253294240555386e-05, 'epoch': 7.72}
{'loss': 1.4603, 'grad_norm': 0.3257969319820404, 'learning_rate': 8.25160920702322e-05, 'epoch': 7.72}
{'loss': 1.4597, 'grad_norm': 0.35032621026039124, 'learning_rate': 8.249924173491053e-05, 'epoch': 7.73}
{'loss': 1.46, 'grad_norm': 0.4798480272293091, 'learning_rate': 8.248239139958886e-05, 'epoch': 7.73}
{'loss': 1.4646, 'grad_norm': 0.3688938617706299, 'learning_rate': 8.246554106426718e-05, 'epoch': 7.73}
{'loss': 1.4613, 'grad_norm': 0.2736562490463257, 'learning_rate': 8.244869072894551e-05, 'epoch': 7.74}
{'loss': 1.4621, 'grad_norm': 0.47686585783958435, 'learning_rate': 8.243184039362384e-05, 'epoch': 7.74}
{'loss': 1.4629, 'grad_norm': 0.43868187069892883, 'learning_rate': 8.241499005830216e-05, 'epoch': 7.75}
{'loss': 1.4634, 'grad_norm': 0.6409951448440552, 'learning_rate': 8.239813972298049e-05, 'epoch': 7.75}
{'loss': 1.4622, 'grad_norm': 0.22383351624011993, 'learning_rate': 8.238128938765882e-05, 'epoch': 7.76}
{'loss': 1.4599, 'grad_norm': 0.31165218353271484, 'learning_rate': 8.236443905233716e-05, 'epoch': 7.76}
{'loss': 1.4577, 'grad_norm': 0.3531009256839752, 'learning_rate': 8.234758871701547e-05, 'epoch': 7.77}
{'loss': 1.4603, 'grad_norm': 0.2361370176076889, 'learning_rate': 8.233073838169379e-05, 'epoch': 7.77}
{'loss': 1.4602, 'grad_norm': 0.5241373777389526, 'learning_rate': 8.231388804637213e-05, 'epoch': 7.78}
{'loss': 1.4586, 'grad_norm': 0.30937978625297546, 'learning_rate': 8.229703771105046e-05, 'epoch': 7.78}
{'loss': 1.4609, 'grad_norm': 0.30737754702568054, 'learning_rate': 8.228018737572878e-05, 'epoch': 7.78}
{'loss': 1.4609, 'grad_norm': 0.4052528142929077, 'learning_rate': 8.226333704040711e-05, 'epoch': 7.79}
{'loss': 1.4615, 'grad_norm': 0.40726059675216675, 'learning_rate': 8.224648670508544e-05, 'epoch': 7.79}
{'loss': 1.4603, 'grad_norm': 0.25731536746025085, 'learning_rate': 8.222963636976376e-05, 'epoch': 7.8}
{'loss': 1.4623, 'grad_norm': 0.2974702715873718, 'learning_rate': 8.221278603444209e-05, 'epoch': 7.8}
{'loss': 1.4596, 'grad_norm': 0.2416558414697647, 'learning_rate': 8.219593569912042e-05, 'epoch': 7.81}
{'loss': 1.4596, 'grad_norm': 0.2915627062320709, 'learning_rate': 8.217908536379875e-05, 'epoch': 7.81}
{'loss': 1.4589, 'grad_norm': 0.25114670395851135, 'learning_rate': 8.216223502847707e-05, 'epoch': 7.82}
{'loss': 1.4586, 'grad_norm': 0.2748001217842102, 'learning_rate': 8.21453846931554e-05, 'epoch': 7.82}
{'loss': 1.461, 'grad_norm': 0.35114631056785583, 'learning_rate': 8.212853435783372e-05, 'epoch': 7.83}
{'loss': 1.4617, 'grad_norm': 0.6782064437866211, 'learning_rate': 8.211168402251205e-05, 'epoch': 7.83}
{'loss': 1.463, 'grad_norm': 0.765798032283783, 'learning_rate': 8.209483368719037e-05, 'epoch': 7.83}
{'loss': 1.4604, 'grad_norm': 0.32957902550697327, 'learning_rate': 8.20779833518687e-05, 'epoch': 7.84}
{'loss': 1.4606, 'grad_norm': 0.24017228186130524, 'learning_rate': 8.206113301654704e-05, 'epoch': 7.84}
{'loss': 1.4612, 'grad_norm': 0.2920924723148346, 'learning_rate': 8.204428268122535e-05, 'epoch': 7.85}
{'loss': 1.4601, 'grad_norm': 0.30046311020851135, 'learning_rate': 8.202743234590369e-05, 'epoch': 7.85}
{'loss': 1.4609, 'grad_norm': 0.3673412799835205, 'learning_rate': 8.201058201058202e-05, 'epoch': 7.86}
{'loss': 1.4613, 'grad_norm': 0.4332168698310852, 'learning_rate': 8.199373167526035e-05, 'epoch': 7.86}
{'loss': 1.4618, 'grad_norm': 0.2755250334739685, 'learning_rate': 8.197688133993867e-05, 'epoch': 7.87}
{'loss': 1.4606, 'grad_norm': 0.2520540654659271, 'learning_rate': 8.1960031004617e-05, 'epoch': 7.87}
{'loss': 1.4655, 'grad_norm': 0.292041152715683, 'learning_rate': 8.194318066929533e-05, 'epoch': 7.88}
{'loss': 1.463, 'grad_norm': 0.30978474020957947, 'learning_rate': 8.192633033397365e-05, 'epoch': 7.88}
{'loss': 1.4629, 'grad_norm': 0.3022826015949249, 'learning_rate': 8.190947999865197e-05, 'epoch': 7.88}
{'loss': 1.463, 'grad_norm': 0.29312360286712646, 'learning_rate': 8.18926296633303e-05, 'epoch': 7.89}
{'loss': 1.4616, 'grad_norm': 0.192318394780159, 'learning_rate': 8.187577932800863e-05, 'epoch': 7.89}
{'loss': 1.4617, 'grad_norm': 0.2532156705856323, 'learning_rate': 8.185892899268695e-05, 'epoch': 7.9}
{'loss': 1.4633, 'grad_norm': 0.4270133376121521, 'learning_rate': 8.184207865736528e-05, 'epoch': 7.9}
{'loss': 1.4636, 'grad_norm': 0.2521652281284332, 'learning_rate': 8.182522832204361e-05, 'epoch': 7.91}
{'loss': 1.463, 'grad_norm': 0.24317872524261475, 'learning_rate': 8.180837798672195e-05, 'epoch': 7.91}
{'loss': 1.4627, 'grad_norm': 0.3270295560359955, 'learning_rate': 8.179152765140026e-05, 'epoch': 7.92}
{'loss': 1.4623, 'grad_norm': 0.23143139481544495, 'learning_rate': 8.17746773160786e-05, 'epoch': 7.92}
{'loss': 1.46, 'grad_norm': 0.32776322960853577, 'learning_rate': 8.175782698075693e-05, 'epoch': 7.93}
{'loss': 1.4606, 'grad_norm': 0.25369954109191895, 'learning_rate': 8.174097664543525e-05, 'epoch': 7.93}
{'loss': 1.4629, 'grad_norm': 0.33128103613853455, 'learning_rate': 8.172412631011358e-05, 'epoch': 7.93}
{'loss': 1.4616, 'grad_norm': 0.2753738760948181, 'learning_rate': 8.17072759747919e-05, 'epoch': 7.94}
{'loss': 1.4627, 'grad_norm': 0.3138427734375, 'learning_rate': 8.169042563947023e-05, 'epoch': 7.94}
{'loss': 1.4605, 'grad_norm': 0.39187127351760864, 'learning_rate': 8.167357530414855e-05, 'epoch': 7.95}
{'loss': 1.464, 'grad_norm': 0.6833845973014832, 'learning_rate': 8.165672496882688e-05, 'epoch': 7.95}
{'loss': 1.4613, 'grad_norm': 0.33663123846054077, 'learning_rate': 8.163987463350521e-05, 'epoch': 7.96}
{'loss': 1.4623, 'grad_norm': 0.33905526995658875, 'learning_rate': 8.162302429818354e-05, 'epoch': 7.96}
{'loss': 1.4623, 'grad_norm': 0.36470916867256165, 'learning_rate': 8.160617396286186e-05, 'epoch': 7.97}
{'loss': 1.4644, 'grad_norm': 0.301458477973938, 'learning_rate': 8.158932362754019e-05, 'epoch': 7.97}
{'loss': 1.4659, 'grad_norm': 0.7351135611534119, 'learning_rate': 8.157247329221852e-05, 'epoch': 7.98}
{'loss': 1.4606, 'grad_norm': 0.2363063097000122, 'learning_rate': 8.155562295689684e-05, 'epoch': 7.98}
{'loss': 1.461, 'grad_norm': 0.2364017218351364, 'learning_rate': 8.153877262157518e-05, 'epoch': 7.98}
{'loss': 1.462, 'grad_norm': 0.24149292707443237, 'learning_rate': 8.152192228625351e-05, 'epoch': 7.99}
{'loss': 1.464, 'grad_norm': 0.424150675535202, 'learning_rate': 8.150507195093184e-05, 'epoch': 7.99}
{'loss': 1.4616, 'grad_norm': 0.2213093340396881, 'learning_rate': 8.148822161561014e-05, 'epoch': 8.0}
{'loss': 1.4571, 'grad_norm': 0.16887877881526947, 'learning_rate': 8.147137128028848e-05, 'epoch': 8.0}
{'loss': 1.4553, 'grad_norm': 0.20465552806854248, 'learning_rate': 8.145452094496681e-05, 'epoch': 8.01}
{'loss': 1.4555, 'grad_norm': 0.21780925989151, 'learning_rate': 8.143767060964514e-05, 'epoch': 8.01}
{'loss': 1.4537, 'grad_norm': 0.19346271455287933, 'learning_rate': 8.142082027432346e-05, 'epoch': 8.02}
{'loss': 1.4556, 'grad_norm': 0.24966982007026672, 'learning_rate': 8.140396993900179e-05, 'epoch': 8.02}
{'loss': 1.4554, 'grad_norm': 0.2946774959564209, 'learning_rate': 8.138711960368012e-05, 'epoch': 8.03}
{'loss': 1.4547, 'grad_norm': 0.34406834840774536, 'learning_rate': 8.137026926835844e-05, 'epoch': 8.03}
{'loss': 1.4581, 'grad_norm': 0.445240318775177, 'learning_rate': 8.135341893303677e-05, 'epoch': 8.03}
{'loss': 1.4712, 'grad_norm': 0.2823595702648163, 'learning_rate': 8.13365685977151e-05, 'epoch': 8.04}
{'loss': 1.46, 'grad_norm': 0.3404351472854614, 'learning_rate': 8.131971826239344e-05, 'epoch': 8.04}
{'loss': 1.4568, 'grad_norm': 0.31017300486564636, 'learning_rate': 8.130286792707175e-05, 'epoch': 8.05}
{'loss': 1.4567, 'grad_norm': 0.3586527407169342, 'learning_rate': 8.128601759175007e-05, 'epoch': 8.05}
{'loss': 1.4548, 'grad_norm': 0.21301020681858063, 'learning_rate': 8.12691672564284e-05, 'epoch': 8.06}
{'loss': 1.4554, 'grad_norm': 0.2627243399620056, 'learning_rate': 8.125231692110674e-05, 'epoch': 8.06}
{'loss': 1.4558, 'grad_norm': 0.30768513679504395, 'learning_rate': 8.123546658578505e-05, 'epoch': 8.07}
{'loss': 1.4533, 'grad_norm': 0.2598508894443512, 'learning_rate': 8.121861625046339e-05, 'epoch': 8.07}
{'loss': 1.454, 'grad_norm': 0.29165977239608765, 'learning_rate': 8.120176591514172e-05, 'epoch': 8.08}
{'loss': 1.4549, 'grad_norm': 0.22714319825172424, 'learning_rate': 8.118491557982004e-05, 'epoch': 8.08}
{'loss': 1.4554, 'grad_norm': 0.21649037301540375, 'learning_rate': 8.116806524449837e-05, 'epoch': 8.08}
{'loss': 1.4574, 'grad_norm': 0.28162339329719543, 'learning_rate': 8.11512149091767e-05, 'epoch': 8.09}
{'loss': 1.458, 'grad_norm': 0.2472093403339386, 'learning_rate': 8.113436457385503e-05, 'epoch': 8.09}
{'loss': 1.4562, 'grad_norm': 0.24910342693328857, 'learning_rate': 8.111751423853335e-05, 'epoch': 8.1}
{'loss': 1.4568, 'grad_norm': 0.3545364737510681, 'learning_rate': 8.110066390321168e-05, 'epoch': 8.1}
{'loss': 1.4607, 'grad_norm': 0.45871502161026, 'learning_rate': 8.108381356789001e-05, 'epoch': 8.11}
{'loss': 1.4597, 'grad_norm': 0.2736203968524933, 'learning_rate': 8.106696323256833e-05, 'epoch': 8.11}
{'loss': 1.4573, 'grad_norm': 0.2328176647424698, 'learning_rate': 8.105011289724665e-05, 'epoch': 8.12}
{'loss': 1.4561, 'grad_norm': 0.3861906826496124, 'learning_rate': 8.103326256192498e-05, 'epoch': 8.12}
{'loss': 1.4561, 'grad_norm': 0.3907521367073059, 'learning_rate': 8.101641222660331e-05, 'epoch': 8.13}
{'loss': 1.4554, 'grad_norm': 0.2892886698246002, 'learning_rate': 8.099956189128163e-05, 'epoch': 8.13}
{'loss': 1.4583, 'grad_norm': 0.25420674681663513, 'learning_rate': 8.098271155595996e-05, 'epoch': 8.13}
{'loss': 1.4579, 'grad_norm': 0.22848448157310486, 'learning_rate': 8.09658612206383e-05, 'epoch': 8.14}
{'loss': 1.4566, 'grad_norm': 0.3422623872756958, 'learning_rate': 8.094901088531663e-05, 'epoch': 8.14}
{'loss': 1.458, 'grad_norm': 0.2756291329860687, 'learning_rate': 8.093216054999495e-05, 'epoch': 8.15}
{'loss': 1.4583, 'grad_norm': 0.22849324345588684, 'learning_rate': 8.091531021467328e-05, 'epoch': 8.15}
{'loss': 1.4572, 'grad_norm': 0.30698734521865845, 'learning_rate': 8.089845987935161e-05, 'epoch': 8.16}
{'loss': 1.4566, 'grad_norm': 0.3049370348453522, 'learning_rate': 8.088160954402993e-05, 'epoch': 8.16}
{'loss': 1.456, 'grad_norm': 0.28213754296302795, 'learning_rate': 8.086475920870825e-05, 'epoch': 8.17}
{'loss': 1.4544, 'grad_norm': 0.33682894706726074, 'learning_rate': 8.084790887338658e-05, 'epoch': 8.17}
{'loss': 1.455, 'grad_norm': 0.40743911266326904, 'learning_rate': 8.083105853806491e-05, 'epoch': 8.18}
{'loss': 1.4566, 'grad_norm': 0.259666383266449, 'learning_rate': 8.081420820274323e-05, 'epoch': 8.18}
{'loss': 1.4555, 'grad_norm': 0.3292635679244995, 'learning_rate': 8.079735786742156e-05, 'epoch': 8.18}
{'loss': 1.4594, 'grad_norm': 0.2551155984401703, 'learning_rate': 8.078050753209989e-05, 'epoch': 8.19}
pred : ardent in the prosecution of heresy cyril auspiciously opened his reign by oppressing the novations the most innocent and harmless of the sectaries
label: ardent in the prosecution of heresy cyril auspiciously opened his reign by oppressing the novatians the most innocent and harmless of the sectaries
pred : without any legal sentence without any royalman date the patriarch at the dawn of day lead a seditious multitude to the attack of the synagogues
label: without any legal sentence without any royal mandate the patriarch at the dawn of day led a seditious multitude to the attack of the synagogues
pred : such crimes would have deserved the animadversion of the magistrate but in this promiscuous outrage the innocent were confounded with the guilty and alexandria was impoverished by the loss of a wealthy and industrious colony
label: such crimes would have deserved the animadversion of the magistrate but in this promiscuous outrage the innocent were confounded with the guilty and alexandria was impoverished by the loss of a wealthy and industrious colony
pred : ardent in the prosecution of heresy cyril auspiciously opened his reign by oppressing the novations the most innocent and harmless of the sectaries
label: ardent in the prosecution of heresy cyril auspiciously opened his reign by oppressing the novatians the most innocent and harmless of the sectaries
pred : without any legal sentence without any royalman date the patriarch at the dawn of day lead a seditious multitude to the attack of the synagogues
label: without any legal sentence without any royal mandate the patriarch at the dawn of day led a seditious multitude to the attack of the synagogues
pred : such crimes would have deserved the animadversion of the magistrate but in this promiscuous outrage the innocent were confounded with the guilty and alexandria was impoverished by the loss of a wealthy and industrious colony
label: such crimes would have deserved the animadversion of the magistrate but in this promiscuous outrage the innocent were confounded with the guilty and alexandria was impoverished by the loss of a wealthy and industrious colony
pred : ardent in the prosecution of heresy cyril auspiciously opened his reign by oppressing the novations the most innocent and harmless of the sectaries
label: ardent in the prosecution of heresy cyril auspiciously opened his reign by oppressing the novatians the most innocent and harmless of the sectaries
pred : without any legal sentence without any royalman date the patriarch at the dawn of day lead a seditious multitude to the attack of the synagogues
label: without any legal sentence without any royal mandate the patriarch at the dawn of day led a seditious multitude to the attack of the synagogues
pred : such crimes would have deserved the animadversion of the magistrate but in this promiscuous outrage the innocent were confounded with the guilty and alexandria was impoverished by the loss of a wealthy and industrious colony
label: such crimes would have deserved the animadversion of the magistrate but in this promiscuous outrage the innocent were confounded with the guilty and alexandria was impoverished by the loss of a wealthy and industrious colony
pred : ardent in the prosecution of heresy cyril auspiciously opened his reign by oppressing the novations the most innocent and harmless of the sectaries
label: ardent in the prosecution of heresy cyril auspiciously opened his reign by oppressing the novatians the most innocent and harmless of the sectaries
pred : without any legal sentence without any royalman date the patriarch at the dawn of day lead a seditious multitude to the attack of the synagogues
label: without any legal sentence without any royal mandate the patriarch at the dawn of day led a seditious multitude to the attack of the synagogues
pred : such crimes would have deserved the animadversion of the magistrate but in this promiscuous outrage the innocent were confounded with the guilty and alexandria was impoverished by the loss of a wealthy and industrious colony
label: such crimes would have deserved the animadversion of the magistrate but in this promiscuous outrage the innocent were confounded with the guilty and alexandria was impoverished by the loss of a wealthy and industrious colony
{'eval_loss': 1.5703858137130737, 'eval_bleu': 96.57560690035554, 'eval_wer': 0.018562629895703835, 'eval_cer': 0.008996418743711163, 'eval_rouge1': 0.9837141245374226, 'eval_rouge2': 0.9708076617006522, 'eval_rougeL': 0.983712788154286, 'eval_runtime': 96.2308, 'eval_samples_per_second': 57.85, 'eval_steps_per_second': 0.301, 'epoch': 8.19}
{'loss': 1.4567, 'grad_norm': 0.3371196985244751, 'learning_rate': 8.076365719677822e-05, 'epoch': 8.19}
{'loss': 1.4556, 'grad_norm': 0.2633679211139679, 'learning_rate': 8.074680686145654e-05, 'epoch': 8.2}
{'loss': 1.4559, 'grad_norm': 1.826216697692871, 'learning_rate': 8.072995652613488e-05, 'epoch': 8.2}
{'loss': 1.4589, 'grad_norm': 0.27339595556259155, 'learning_rate': 8.071310619081321e-05, 'epoch': 8.21}
{'loss': 1.458, 'grad_norm': 0.36622950434684753, 'learning_rate': 8.069625585549153e-05, 'epoch': 8.21}
{'loss': 1.4557, 'grad_norm': 0.27469995617866516, 'learning_rate': 8.067940552016986e-05, 'epoch': 8.22}
{'loss': 1.457, 'grad_norm': 0.289996862411499, 'learning_rate': 8.066255518484819e-05, 'epoch': 8.22}
{'loss': 1.4532, 'grad_norm': 0.2585073411464691, 'learning_rate': 8.064570484952651e-05, 'epoch': 8.23}
{'loss': 1.456, 'grad_norm': 0.25668710470199585, 'learning_rate': 8.062885451420483e-05, 'epoch': 8.23}
{'loss': 1.455, 'grad_norm': 0.2757255434989929, 'learning_rate': 8.061200417888316e-05, 'epoch': 8.23}
{'loss': 1.4575, 'grad_norm': 0.31809335947036743, 'learning_rate': 8.059515384356149e-05, 'epoch': 8.24}
{'loss': 1.4545, 'grad_norm': 0.3983115553855896, 'learning_rate': 8.057830350823982e-05, 'epoch': 8.24}
{'loss': 1.4565, 'grad_norm': 0.3467790484428406, 'learning_rate': 8.056145317291814e-05, 'epoch': 8.25}
{'loss': 1.4553, 'grad_norm': 0.2718855142593384, 'learning_rate': 8.054460283759647e-05, 'epoch': 8.25}
{'loss': 1.457, 'grad_norm': 0.24740441143512726, 'learning_rate': 8.05277525022748e-05, 'epoch': 8.26}
{'loss': 1.4617, 'grad_norm': 0.5893816351890564, 'learning_rate': 8.051090216695312e-05, 'epoch': 8.26}
{'loss': 1.4558, 'grad_norm': 0.2635737359523773, 'learning_rate': 8.049405183163145e-05, 'epoch': 8.27}
{'loss': 1.4575, 'grad_norm': 0.2781996726989746, 'learning_rate': 8.047720149630979e-05, 'epoch': 8.27}
{'loss': 1.4551, 'grad_norm': 0.33887866139411926, 'learning_rate': 8.046035116098812e-05, 'epoch': 8.28}
{'loss': 1.4551, 'grad_norm': 0.3220445215702057, 'learning_rate': 8.044350082566642e-05, 'epoch': 8.28}
{'loss': 1.4553, 'grad_norm': 0.37151139974594116, 'learning_rate': 8.042665049034475e-05, 'epoch': 8.28}
{'loss': 1.4586, 'grad_norm': 0.4628419578075409, 'learning_rate': 8.040980015502309e-05, 'epoch': 8.29}
{'loss': 1.456, 'grad_norm': 0.2578886151313782, 'learning_rate': 8.039294981970142e-05, 'epoch': 8.29}
{'loss': 1.4566, 'grad_norm': 0.36916112899780273, 'learning_rate': 8.037609948437974e-05, 'epoch': 8.3}
{'loss': 1.4579, 'grad_norm': 0.44661638140678406, 'learning_rate': 8.035924914905807e-05, 'epoch': 8.3}
{'loss': 1.4555, 'grad_norm': 0.30411890149116516, 'learning_rate': 8.03423988137364e-05, 'epoch': 8.31}
{'loss': 1.4573, 'grad_norm': 0.22574900090694427, 'learning_rate': 8.032554847841472e-05, 'epoch': 8.31}
{'loss': 1.457, 'grad_norm': 0.25286492705345154, 'learning_rate': 8.030869814309305e-05, 'epoch': 8.32}
{'loss': 1.4555, 'grad_norm': 0.22651825845241547, 'learning_rate': 8.029184780777138e-05, 'epoch': 8.32}
{'loss': 1.4556, 'grad_norm': 0.3911922872066498, 'learning_rate': 8.027499747244971e-05, 'epoch': 8.33}
{'loss': 1.4566, 'grad_norm': 0.45103269815444946, 'learning_rate': 8.025814713712803e-05, 'epoch': 8.33}
{'loss': 1.4568, 'grad_norm': 0.20768842101097107, 'learning_rate': 8.024129680180636e-05, 'epoch': 8.33}
{'loss': 1.4516, 'grad_norm': 0.4302329421043396, 'learning_rate': 8.022444646648468e-05, 'epoch': 8.34}
{'loss': 1.4532, 'grad_norm': 0.2558261752128601, 'learning_rate': 8.020759613116301e-05, 'epoch': 8.34}
{'loss': 1.4565, 'grad_norm': 0.23258039355278015, 'learning_rate': 8.019074579584133e-05, 'epoch': 8.35}
{'loss': 1.4563, 'grad_norm': 0.33327242732048035, 'learning_rate': 8.017389546051966e-05, 'epoch': 8.35}
{'loss': 1.4576, 'grad_norm': 0.438508003950119, 'learning_rate': 8.0157045125198e-05, 'epoch': 8.36}
{'loss': 1.4554, 'grad_norm': 0.21041935682296753, 'learning_rate': 8.014019478987632e-05, 'epoch': 8.36}
{'loss': 1.4549, 'grad_norm': 0.3136207163333893, 'learning_rate': 8.012334445455465e-05, 'epoch': 8.37}
{'loss': 1.4563, 'grad_norm': 0.30036455392837524, 'learning_rate': 8.010649411923298e-05, 'epoch': 8.37}
{'loss': 1.4577, 'grad_norm': 0.4107043147087097, 'learning_rate': 8.008964378391131e-05, 'epoch': 8.38}
{'loss': 1.4564, 'grad_norm': 0.25411257147789, 'learning_rate': 8.007279344858963e-05, 'epoch': 8.38}
{'loss': 1.4572, 'grad_norm': 0.26772916316986084, 'learning_rate': 8.005594311326796e-05, 'epoch': 8.38}
{'loss': 1.4557, 'grad_norm': 0.21969440579414368, 'learning_rate': 8.003909277794629e-05, 'epoch': 8.39}
{'loss': 1.4582, 'grad_norm': 0.39304277300834656, 'learning_rate': 8.002224244262461e-05, 'epoch': 8.39}
{'loss': 1.4566, 'grad_norm': 0.5903246402740479, 'learning_rate': 8.000539210730293e-05, 'epoch': 8.4}
{'loss': 1.4564, 'grad_norm': 0.2787645161151886, 'learning_rate': 7.998854177198126e-05, 'epoch': 8.4}
{'loss': 1.4582, 'grad_norm': 0.18952403962612152, 'learning_rate': 7.99716914366596e-05, 'epoch': 8.41}
{'loss': 1.4552, 'grad_norm': 0.3109574615955353, 'learning_rate': 7.995484110133793e-05, 'epoch': 8.41}
{'loss': 1.4564, 'grad_norm': 0.4973655343055725, 'learning_rate': 7.993799076601624e-05, 'epoch': 8.42}
{'loss': 1.4567, 'grad_norm': 0.32115116715431213, 'learning_rate': 7.992114043069458e-05, 'epoch': 8.42}
{'loss': 1.4549, 'grad_norm': 0.286592960357666, 'learning_rate': 7.990429009537291e-05, 'epoch': 8.43}
{'loss': 1.4555, 'grad_norm': 0.20808930695056915, 'learning_rate': 7.988743976005123e-05, 'epoch': 8.43}
{'loss': 1.4586, 'grad_norm': 0.3428138196468353, 'learning_rate': 7.987058942472956e-05, 'epoch': 8.43}
{'loss': 1.4568, 'grad_norm': 0.23940317332744598, 'learning_rate': 7.985373908940789e-05, 'epoch': 8.44}
{'loss': 1.4551, 'grad_norm': 0.27445051074028015, 'learning_rate': 7.983688875408621e-05, 'epoch': 8.44}
{'loss': 1.4562, 'grad_norm': 0.26815685629844666, 'learning_rate': 7.982003841876454e-05, 'epoch': 8.45}
{'loss': 1.456, 'grad_norm': 0.2574707567691803, 'learning_rate': 7.980318808344286e-05, 'epoch': 8.45}
{'loss': 1.4535, 'grad_norm': 0.28611254692077637, 'learning_rate': 7.978633774812119e-05, 'epoch': 8.46}
{'loss': 1.4566, 'grad_norm': 0.29624345898628235, 'learning_rate': 7.976948741279952e-05, 'epoch': 8.46}
{'loss': 1.4572, 'grad_norm': 0.2679949104785919, 'learning_rate': 7.975263707747784e-05, 'epoch': 8.47}
{'loss': 1.4584, 'grad_norm': 0.345292866230011, 'learning_rate': 7.973578674215617e-05, 'epoch': 8.47}
{'loss': 1.4594, 'grad_norm': 0.19372931122779846, 'learning_rate': 7.97189364068345e-05, 'epoch': 8.48}
{'loss': 1.4574, 'grad_norm': 0.3154684007167816, 'learning_rate': 7.970208607151282e-05, 'epoch': 8.48}
{'loss': 1.4559, 'grad_norm': 0.3663804531097412, 'learning_rate': 7.968523573619115e-05, 'epoch': 8.48}
{'loss': 1.4559, 'grad_norm': 0.26672792434692383, 'learning_rate': 7.966838540086949e-05, 'epoch': 8.49}
{'loss': 1.4579, 'grad_norm': 0.3039972186088562, 'learning_rate': 7.96515350655478e-05, 'epoch': 8.49}
{'loss': 1.456, 'grad_norm': 0.3596212565898895, 'learning_rate': 7.963468473022614e-05, 'epoch': 8.5}
{'loss': 1.4545, 'grad_norm': 0.27884745597839355, 'learning_rate': 7.961783439490447e-05, 'epoch': 8.5}
{'loss': 1.4585, 'grad_norm': 0.20410063862800598, 'learning_rate': 7.96009840595828e-05, 'epoch': 8.51}
{'loss': 1.4568, 'grad_norm': 0.23602652549743652, 'learning_rate': 7.958413372426112e-05, 'epoch': 8.51}
{'loss': 1.4572, 'grad_norm': 0.3061184287071228, 'learning_rate': 7.956728338893944e-05, 'epoch': 8.52}
{'loss': 1.4556, 'grad_norm': 0.31999337673187256, 'learning_rate': 7.955043305361777e-05, 'epoch': 8.52}
{'loss': 1.4564, 'grad_norm': 0.3325209319591522, 'learning_rate': 7.95335827182961e-05, 'epoch': 8.53}
{'loss': 1.4589, 'grad_norm': 0.25097182393074036, 'learning_rate': 7.951673238297442e-05, 'epoch': 8.53}
{'loss': 1.4557, 'grad_norm': 0.21932946145534515, 'learning_rate': 7.949988204765275e-05, 'epoch': 8.54}
{'loss': 1.4548, 'grad_norm': 0.33221733570098877, 'learning_rate': 7.948303171233108e-05, 'epoch': 8.54}
{'loss': 1.4552, 'grad_norm': 0.3284388482570648, 'learning_rate': 7.946618137700941e-05, 'epoch': 8.54}
{'loss': 1.4551, 'grad_norm': 0.26323431730270386, 'learning_rate': 7.944933104168773e-05, 'epoch': 8.55}
{'loss': 1.4554, 'grad_norm': 0.7680482864379883, 'learning_rate': 7.943248070636606e-05, 'epoch': 8.55}
{'loss': 1.4567, 'grad_norm': 0.23994868993759155, 'learning_rate': 7.94156303710444e-05, 'epoch': 8.56}
{'loss': 1.455, 'grad_norm': 0.2043675035238266, 'learning_rate': 7.939878003572271e-05, 'epoch': 8.56}
{'loss': 1.4559, 'grad_norm': 0.44046929478645325, 'learning_rate': 7.938192970040103e-05, 'epoch': 8.57}
{'loss': 1.4594, 'grad_norm': 0.5346705913543701, 'learning_rate': 7.936507936507937e-05, 'epoch': 8.57}
{'loss': 1.4596, 'grad_norm': 0.6531086564064026, 'learning_rate': 7.93482290297577e-05, 'epoch': 8.58}
{'loss': 1.4582, 'grad_norm': 0.3470265567302704, 'learning_rate': 7.933137869443602e-05, 'epoch': 8.58}
{'loss': 1.4571, 'grad_norm': 0.3188304007053375, 'learning_rate': 7.931452835911435e-05, 'epoch': 8.59}
{'loss': 1.4558, 'grad_norm': 0.26037439703941345, 'learning_rate': 7.929767802379268e-05, 'epoch': 8.59}
{'loss': 1.4563, 'grad_norm': 0.26845812797546387, 'learning_rate': 7.928082768847101e-05, 'epoch': 8.59}
{'loss': 1.4562, 'grad_norm': 0.23164989054203033, 'learning_rate': 7.926397735314933e-05, 'epoch': 8.6}
{'loss': 1.4556, 'grad_norm': 0.2949981391429901, 'learning_rate': 7.924712701782766e-05, 'epoch': 8.6}
{'loss': 1.4572, 'grad_norm': 0.29886484146118164, 'learning_rate': 7.923027668250599e-05, 'epoch': 8.61}
{'loss': 1.4597, 'grad_norm': 0.2599445581436157, 'learning_rate': 7.921342634718431e-05, 'epoch': 8.61}
{'loss': 1.4575, 'grad_norm': 0.5179347395896912, 'learning_rate': 7.919657601186264e-05, 'epoch': 8.62}
{'loss': 1.4581, 'grad_norm': 0.3497239351272583, 'learning_rate': 7.917972567654098e-05, 'epoch': 8.62}
{'loss': 1.4634, 'grad_norm': 0.3820204734802246, 'learning_rate': 7.91628753412193e-05, 'epoch': 8.63}
{'loss': 1.4589, 'grad_norm': 0.4787139296531677, 'learning_rate': 7.914602500589761e-05, 'epoch': 8.63}
{'loss': 1.4561, 'grad_norm': 0.3970574736595154, 'learning_rate': 7.912917467057594e-05, 'epoch': 8.64}
{'loss': 1.4577, 'grad_norm': 0.30637580156326294, 'learning_rate': 7.911232433525428e-05, 'epoch': 8.64}
{'loss': 1.4572, 'grad_norm': 0.3204743266105652, 'learning_rate': 7.909547399993261e-05, 'epoch': 8.64}
{'loss': 1.4606, 'grad_norm': 0.32209083437919617, 'learning_rate': 7.907862366461093e-05, 'epoch': 8.65}
{'loss': 1.4579, 'grad_norm': 0.21500058472156525, 'learning_rate': 7.906177332928926e-05, 'epoch': 8.65}
{'loss': 1.4554, 'grad_norm': 0.3309738337993622, 'learning_rate': 7.904492299396759e-05, 'epoch': 8.66}
{'loss': 1.4562, 'grad_norm': 0.4715299904346466, 'learning_rate': 7.902807265864591e-05, 'epoch': 8.66}
{'loss': 1.4566, 'grad_norm': 0.28181469440460205, 'learning_rate': 7.901122232332424e-05, 'epoch': 8.67}
{'loss': 1.4569, 'grad_norm': 0.24309265613555908, 'learning_rate': 7.899437198800257e-05, 'epoch': 8.67}
{'loss': 1.4587, 'grad_norm': 0.2537008821964264, 'learning_rate': 7.89775216526809e-05, 'epoch': 8.68}
{'loss': 1.4613, 'grad_norm': 0.33997780084609985, 'learning_rate': 7.896067131735921e-05, 'epoch': 8.68}
{'loss': 1.4597, 'grad_norm': 0.25460198521614075, 'learning_rate': 7.894382098203754e-05, 'epoch': 8.69}
{'loss': 1.4586, 'grad_norm': 0.26913556456565857, 'learning_rate': 7.892697064671587e-05, 'epoch': 8.69}
{'loss': 1.4563, 'grad_norm': 0.22641609609127045, 'learning_rate': 7.89101203113942e-05, 'epoch': 8.69}
{'loss': 1.4569, 'grad_norm': 0.3272600769996643, 'learning_rate': 7.889326997607252e-05, 'epoch': 8.7}
{'loss': 1.4547, 'grad_norm': 0.31933194398880005, 'learning_rate': 7.887641964075085e-05, 'epoch': 8.7}
{'loss': 1.4551, 'grad_norm': 0.3687696158885956, 'learning_rate': 7.885956930542919e-05, 'epoch': 8.71}
{'loss': 1.4571, 'grad_norm': 0.27418404817581177, 'learning_rate': 7.88427189701075e-05, 'epoch': 8.71}
{'loss': 1.4562, 'grad_norm': 0.29717445373535156, 'learning_rate': 7.882586863478584e-05, 'epoch': 8.72}
{'loss': 1.4564, 'grad_norm': 0.2765052914619446, 'learning_rate': 7.880901829946417e-05, 'epoch': 8.72}
{'loss': 1.4551, 'grad_norm': 0.22949086129665375, 'learning_rate': 7.87921679641425e-05, 'epoch': 8.73}
{'loss': 1.4551, 'grad_norm': 0.4045911729335785, 'learning_rate': 7.877531762882082e-05, 'epoch': 8.73}
{'loss': 1.4582, 'grad_norm': 0.9176303744316101, 'learning_rate': 7.875846729349915e-05, 'epoch': 8.74}
{'loss': 1.4597, 'grad_norm': 0.386527419090271, 'learning_rate': 7.874161695817747e-05, 'epoch': 8.74}
{'loss': 1.4562, 'grad_norm': 0.23424097895622253, 'learning_rate': 7.87247666228558e-05, 'epoch': 8.74}
{'loss': 1.4588, 'grad_norm': 1.1505612134933472, 'learning_rate': 7.870791628753412e-05, 'epoch': 8.75}
{'loss': 1.4566, 'grad_norm': 0.3319321870803833, 'learning_rate': 7.869106595221245e-05, 'epoch': 8.75}
{'loss': 1.457, 'grad_norm': 0.5547731518745422, 'learning_rate': 7.867421561689078e-05, 'epoch': 8.76}
{'loss': 1.4585, 'grad_norm': 1.0121370553970337, 'learning_rate': 7.86573652815691e-05, 'epoch': 8.76}
{'loss': 1.4576, 'grad_norm': 0.2844369411468506, 'learning_rate': 7.864051494624743e-05, 'epoch': 8.77}
{'loss': 1.4588, 'grad_norm': 0.1893656849861145, 'learning_rate': 7.862366461092576e-05, 'epoch': 8.77}
{'loss': 1.4568, 'grad_norm': 0.38735640048980713, 'learning_rate': 7.86068142756041e-05, 'epoch': 8.78}
{'loss': 1.4557, 'grad_norm': 0.2052251249551773, 'learning_rate': 7.858996394028241e-05, 'epoch': 8.78}
{'loss': 1.4557, 'grad_norm': 0.26657605171203613, 'learning_rate': 7.857311360496075e-05, 'epoch': 8.79}
{'loss': 1.4562, 'grad_norm': 0.27657508850097656, 'learning_rate': 7.855626326963908e-05, 'epoch': 8.79}
{'loss': 1.4551, 'grad_norm': 0.25771042704582214, 'learning_rate': 7.85394129343174e-05, 'epoch': 8.79}
{'loss': 1.4562, 'grad_norm': 0.6171762943267822, 'learning_rate': 7.852256259899572e-05, 'epoch': 8.8}
{'loss': 1.4581, 'grad_norm': 0.5499852895736694, 'learning_rate': 7.850571226367405e-05, 'epoch': 8.8}
{'loss': 1.4551, 'grad_norm': 0.4155126214027405, 'learning_rate': 7.848886192835238e-05, 'epoch': 8.81}
{'loss': 1.4595, 'grad_norm': 0.2606225609779358, 'learning_rate': 7.84720115930307e-05, 'epoch': 8.81}
{'loss': 1.4536, 'grad_norm': 0.25416702032089233, 'learning_rate': 7.845516125770903e-05, 'epoch': 8.82}
{'loss': 1.4566, 'grad_norm': 0.21675170958042145, 'learning_rate': 7.843831092238736e-05, 'epoch': 8.82}
{'loss': 1.4546, 'grad_norm': 0.26035088300704956, 'learning_rate': 7.842146058706569e-05, 'epoch': 8.83}
{'loss': 1.4565, 'grad_norm': 0.21337305009365082, 'learning_rate': 7.840461025174401e-05, 'epoch': 8.83}
{'loss': 1.4559, 'grad_norm': 0.3061147630214691, 'learning_rate': 7.838775991642234e-05, 'epoch': 8.84}
{'loss': 1.4577, 'grad_norm': 0.4078966975212097, 'learning_rate': 7.837090958110068e-05, 'epoch': 8.84}
{'loss': 1.4574, 'grad_norm': 0.35195258259773254, 'learning_rate': 7.8354059245779e-05, 'epoch': 8.84}
{'loss': 1.4565, 'grad_norm': 0.2241823673248291, 'learning_rate': 7.833720891045733e-05, 'epoch': 8.85}
{'loss': 1.4561, 'grad_norm': 0.2865780293941498, 'learning_rate': 7.832035857513564e-05, 'epoch': 8.85}
{'loss': 1.4572, 'grad_norm': 0.21932949125766754, 'learning_rate': 7.830350823981398e-05, 'epoch': 8.86}
{'loss': 1.4539, 'grad_norm': 0.2326541244983673, 'learning_rate': 7.82866579044923e-05, 'epoch': 8.86}
{'loss': 1.4548, 'grad_norm': 0.35316184163093567, 'learning_rate': 7.826980756917063e-05, 'epoch': 8.87}
{'loss': 1.4563, 'grad_norm': 0.3081558048725128, 'learning_rate': 7.825295723384896e-05, 'epoch': 8.87}
{'loss': 1.4567, 'grad_norm': 0.3422378599643707, 'learning_rate': 7.823610689852729e-05, 'epoch': 8.88}
{'loss': 1.458, 'grad_norm': 0.7745417952537537, 'learning_rate': 7.821925656320561e-05, 'epoch': 8.88}
{'loss': 1.4535, 'grad_norm': 0.18111354112625122, 'learning_rate': 7.820240622788394e-05, 'epoch': 8.89}
{'loss': 1.4565, 'grad_norm': 0.2580459713935852, 'learning_rate': 7.818555589256227e-05, 'epoch': 8.89}
{'loss': 1.4584, 'grad_norm': 0.5198482871055603, 'learning_rate': 7.816870555724059e-05, 'epoch': 8.89}
{'loss': 1.4581, 'grad_norm': 0.2020840048789978, 'learning_rate': 7.815185522191892e-05, 'epoch': 8.9}
{'loss': 1.4575, 'grad_norm': 0.2733216881752014, 'learning_rate': 7.813500488659725e-05, 'epoch': 8.9}
{'loss': 1.4582, 'grad_norm': 0.33108216524124146, 'learning_rate': 7.811815455127557e-05, 'epoch': 8.91}
{'loss': 1.4588, 'grad_norm': 0.27478182315826416, 'learning_rate': 7.810130421595389e-05, 'epoch': 8.91}
{'loss': 1.4572, 'grad_norm': 0.24200518429279327, 'learning_rate': 7.808445388063222e-05, 'epoch': 8.92}
{'loss': 1.4585, 'grad_norm': 0.273214727640152, 'learning_rate': 7.806760354531055e-05, 'epoch': 8.92}
{'loss': 1.4576, 'grad_norm': 0.283073365688324, 'learning_rate': 7.805075320998889e-05, 'epoch': 8.93}
{'loss': 1.4555, 'grad_norm': 0.3804675042629242, 'learning_rate': 7.80339028746672e-05, 'epoch': 8.93}
{'loss': 1.4569, 'grad_norm': 0.3359921872615814, 'learning_rate': 7.801705253934554e-05, 'epoch': 8.94}
{'loss': 1.4549, 'grad_norm': 0.3197505474090576, 'learning_rate': 7.800020220402387e-05, 'epoch': 8.94}
{'loss': 1.4554, 'grad_norm': 0.2661525309085846, 'learning_rate': 7.798335186870219e-05, 'epoch': 8.94}
{'loss': 1.4571, 'grad_norm': 0.2532958984375, 'learning_rate': 7.796650153338052e-05, 'epoch': 8.95}
{'loss': 1.4549, 'grad_norm': 0.21250414848327637, 'learning_rate': 7.794965119805885e-05, 'epoch': 8.95}
{'loss': 1.4551, 'grad_norm': 0.16292358934879303, 'learning_rate': 7.793280086273718e-05, 'epoch': 8.96}
{'loss': 1.4555, 'grad_norm': 0.2700860798358917, 'learning_rate': 7.79159505274155e-05, 'epoch': 8.96}
{'loss': 1.4563, 'grad_norm': 0.3387606143951416, 'learning_rate': 7.789910019209382e-05, 'epoch': 8.97}
{'loss': 1.4556, 'grad_norm': 0.27300897240638733, 'learning_rate': 7.788224985677215e-05, 'epoch': 8.97}
{'loss': 1.4574, 'grad_norm': 0.34114304184913635, 'learning_rate': 7.786539952145048e-05, 'epoch': 8.98}
{'loss': 1.4575, 'grad_norm': 0.4833458960056305, 'learning_rate': 7.78485491861288e-05, 'epoch': 8.98}
{'loss': 1.4575, 'grad_norm': 0.2845470607280731, 'learning_rate': 7.783169885080713e-05, 'epoch': 8.99}
{'loss': 1.4554, 'grad_norm': 0.23630386590957642, 'learning_rate': 7.781484851548546e-05, 'epoch': 8.99}
{'loss': 1.4552, 'grad_norm': 0.5652786493301392, 'learning_rate': 7.779799818016378e-05, 'epoch': 8.99}
{'loss': 1.4552, 'grad_norm': 0.19402295351028442, 'learning_rate': 7.778114784484212e-05, 'epoch': 9.0}
{'loss': 1.4519, 'grad_norm': 0.24369674921035767, 'learning_rate': 7.776429750952045e-05, 'epoch': 9.0}
{'loss': 1.4507, 'grad_norm': 1.9926410913467407, 'learning_rate': 7.774744717419878e-05, 'epoch': 9.01}
{'loss': 1.4504, 'grad_norm': 0.23534895479679108, 'learning_rate': 7.77305968388771e-05, 'epoch': 9.01}
{'loss': 1.4477, 'grad_norm': 0.2506197392940521, 'learning_rate': 7.771374650355543e-05, 'epoch': 9.02}
{'loss': 1.4493, 'grad_norm': 0.3859279453754425, 'learning_rate': 7.769689616823376e-05, 'epoch': 9.02}
{'loss': 1.4486, 'grad_norm': 0.350231796503067, 'learning_rate': 7.768004583291208e-05, 'epoch': 9.03}
{'loss': 1.4505, 'grad_norm': 0.32875898480415344, 'learning_rate': 7.76631954975904e-05, 'epoch': 9.03}
{'loss': 1.4499, 'grad_norm': 0.25274574756622314, 'learning_rate': 7.764634516226873e-05, 'epoch': 9.04}
{'loss': 1.4501, 'grad_norm': 0.19195452332496643, 'learning_rate': 7.762949482694706e-05, 'epoch': 9.04}
{'loss': 1.4489, 'grad_norm': 0.2984103858470917, 'learning_rate': 7.761264449162538e-05, 'epoch': 9.04}
{'loss': 1.4536, 'grad_norm': 0.3885214030742645, 'learning_rate': 7.759579415630371e-05, 'epoch': 9.05}
{'loss': 1.4505, 'grad_norm': 0.24626903235912323, 'learning_rate': 7.757894382098204e-05, 'epoch': 9.05}
{'loss': 1.4505, 'grad_norm': 0.24313139915466309, 'learning_rate': 7.756209348566038e-05, 'epoch': 9.06}
{'loss': 1.4489, 'grad_norm': 0.26186227798461914, 'learning_rate': 7.75452431503387e-05, 'epoch': 9.06}
{'loss': 1.4491, 'grad_norm': 0.21779242157936096, 'learning_rate': 7.752839281501703e-05, 'epoch': 9.07}
{'loss': 1.4489, 'grad_norm': 0.312442421913147, 'learning_rate': 7.751154247969536e-05, 'epoch': 9.07}
{'loss': 1.4488, 'grad_norm': 0.43367454409599304, 'learning_rate': 7.749469214437368e-05, 'epoch': 9.08}
{'loss': 1.4498, 'grad_norm': 0.3561716675758362, 'learning_rate': 7.7477841809052e-05, 'epoch': 9.08}
{'loss': 1.4516, 'grad_norm': 0.32165056467056274, 'learning_rate': 7.746099147373033e-05, 'epoch': 9.09}
{'loss': 1.4498, 'grad_norm': 0.2573300302028656, 'learning_rate': 7.744414113840866e-05, 'epoch': 9.09}
{'loss': 1.449, 'grad_norm': 0.17758743464946747, 'learning_rate': 7.742729080308698e-05, 'epoch': 9.09}
{'loss': 1.4494, 'grad_norm': 0.2565061151981354, 'learning_rate': 7.741044046776531e-05, 'epoch': 9.1}
pred :pred :  ardent in the prosecution of heresy cyril auspiciously opened his reign by oppressing the novations the most innocent and harmless of the sectariesardent in the prosecution of heresy cyril auspiciously opened his reign by oppressing the novations the most innocent and harmless of the sectaries

label:label:  ardent in the prosecution of heresy cyril auspiciously opened his reign by oppressing the novatians the most innocent and harmless of the sectariesardent in the prosecution of heresy cyril auspiciously opened his reign by oppressing the novatians the most innocent and harmless of the sectaries

pred :pred :  without any legal sentence without any royal mandate the patriarch at the dawn of day led a seditious multitude to the attack of the synagogueswithout any legal sentence without any royal mandate the patriarch at the dawn of day led a seditious multitude to the attack of the synagogues

label:label:  without any legal sentence without any royal mandate the patriarch at the dawn of day led a seditious multitude to the attack of the synagogueswithout any legal sentence without any royal mandate the patriarch at the dawn of day led a seditious multitude to the attack of the synagogues

pred :pred :  such crimes would have deserved the animadversion of the magistrate but in this promiscuous outrage the innocent were confounded with the guilty and alexandria was impoverished by the loss of a wealthy and industrious colonysuch crimes would have deserved the animadversion of the magistrate but in this promiscuous outrage the innocent were confounded with the guilty and alexandria was impoverished by the loss of a wealthy and industrious colony

label:label:  such crimes would have deserved the animadversion of the magistrate but in this promiscuous outrage the innocent were confounded with the guilty and alexandria was impoverished by the loss of a wealthy and industrious colonysuch crimes would have deserved the animadversion of the magistrate but in this promiscuous outrage the innocent were confounded with the guilty and alexandria was impoverished by the loss of a wealthy and industrious colony

pred : ardent in the prosecution of heresy cyril auspiciously opened his reign by oppressing the novations the most innocent and harmless of the sectaries
label: ardent in the prosecution of heresy cyril auspiciously opened his reign by oppressing the novatians the most innocent and harmless of the sectaries
pred : without any legal sentence without any royal mandate the patriarch at the dawn of day led a seditious multitude to the attack of the synagogues
label: without any legal sentence without any royal mandate the patriarch at the dawn of day led a seditious multitude to the attack of the synagogues
pred : such crimes would have deserved the animadversion of the magistrate but in this promiscuous outrage the innocent were confounded with the guilty and alexandria was impoverished by the loss of a wealthy and industrious colony
label: such crimes would have deserved the animadversion of the magistrate but in this promiscuous outrage the innocent were confounded with the guilty and alexandria was impoverished by the loss of a wealthy and industrious colony
pred : ardent in the prosecution of heresy cyril auspiciously opened his reign by oppressing the novations the most innocent and harmless of the sectaries
label: ardent in the prosecution of heresy cyril auspiciously opened his reign by oppressing the novatians the most innocent and harmless of the sectaries
pred : without any legal sentence without any royal mandate the patriarch at the dawn of day led a seditious multitude to the attack of the synagogues
label: without any legal sentence without any royal mandate the patriarch at the dawn of day led a seditious multitude to the attack of the synagogues
pred : such crimes would have deserved the animadversion of the magistrate but in this promiscuous outrage the innocent were confounded with the guilty and alexandria was impoverished by the loss of a wealthy and industrious colony
label: such crimes would have deserved the animadversion of the magistrate but in this promiscuous outrage the innocent were confounded with the guilty and alexandria was impoverished by the loss of a wealthy and industrious colony
{'eval_loss': 1.5693516731262207, 'eval_bleu': 96.62232723785256, 'eval_wer': 0.018667020963624457, 'eval_cer': 0.00887740418426339, 'eval_rouge1': 0.9845367221238502, 'eval_rouge2': 0.9720085017440772, 'eval_rougeL': 0.9845120134749097, 'eval_runtime': 95.4908, 'eval_samples_per_second': 58.299, 'eval_steps_per_second': 0.304, 'epoch': 9.1}
{'loss': 1.4489, 'grad_norm': 2.6525750160217285, 'learning_rate': 7.739359013244364e-05, 'epoch': 9.1}
{'loss': 1.4496, 'grad_norm': 0.23152533173561096, 'learning_rate': 7.737673979712197e-05, 'epoch': 9.11}
{'loss': 1.4505, 'grad_norm': 0.3483583331108093, 'learning_rate': 7.735988946180029e-05, 'epoch': 9.11}
{'loss': 1.4504, 'grad_norm': 0.276731014251709, 'learning_rate': 7.734303912647862e-05, 'epoch': 9.12}
{'loss': 1.4493, 'grad_norm': 0.22860105335712433, 'learning_rate': 7.732618879115695e-05, 'epoch': 9.12}
{'loss': 1.4492, 'grad_norm': 0.1984531581401825, 'learning_rate': 7.730933845583527e-05, 'epoch': 9.13}
{'loss': 1.4478, 'grad_norm': 0.27802351117134094, 'learning_rate': 7.72924881205136e-05, 'epoch': 9.13}
{'loss': 1.4487, 'grad_norm': 0.19578248262405396, 'learning_rate': 7.727563778519194e-05, 'epoch': 9.14}
{'loss': 1.4512, 'grad_norm': 0.29917338490486145, 'learning_rate': 7.725878744987025e-05, 'epoch': 9.14}
{'loss': 1.45, 'grad_norm': 0.4873887002468109, 'learning_rate': 7.724193711454857e-05, 'epoch': 9.14}
{'loss': 1.4479, 'grad_norm': 0.20833921432495117, 'learning_rate': 7.72250867792269e-05, 'epoch': 9.15}
{'loss': 1.4472, 'grad_norm': 0.21895651519298553, 'learning_rate': 7.720823644390524e-05, 'epoch': 9.15}
{'loss': 1.4484, 'grad_norm': 0.4906962513923645, 'learning_rate': 7.719138610858357e-05, 'epoch': 9.16}
{'loss': 1.4501, 'grad_norm': 0.3384820520877838, 'learning_rate': 7.717453577326189e-05, 'epoch': 9.16}
{'loss': 1.4487, 'grad_norm': 0.16418756544589996, 'learning_rate': 7.715768543794022e-05, 'epoch': 9.17}
{'loss': 1.4475, 'grad_norm': 0.341575026512146, 'learning_rate': 7.714083510261855e-05, 'epoch': 9.17}
{'loss': 1.4479, 'grad_norm': 0.18158429861068726, 'learning_rate': 7.712398476729687e-05, 'epoch': 9.18}
{'loss': 1.4492, 'grad_norm': 0.3125345706939697, 'learning_rate': 7.71071344319752e-05, 'epoch': 9.18}
{'loss': 1.4473, 'grad_norm': 0.19416892528533936, 'learning_rate': 7.709028409665353e-05, 'epoch': 9.19}
{'loss': 1.4515, 'grad_norm': 0.2916974425315857, 'learning_rate': 7.707343376133186e-05, 'epoch': 9.19}
{'loss': 1.4504, 'grad_norm': 0.32906374335289, 'learning_rate': 7.705658342601017e-05, 'epoch': 9.19}
{'loss': 1.4514, 'grad_norm': 1.0603159666061401, 'learning_rate': 7.70397330906885e-05, 'epoch': 9.2}
{'loss': 1.4497, 'grad_norm': 0.2853083908557892, 'learning_rate': 7.702288275536683e-05, 'epoch': 9.2}
{'loss': 1.449, 'grad_norm': 0.3909941017627716, 'learning_rate': 7.700603242004517e-05, 'epoch': 9.21}
{'loss': 1.4509, 'grad_norm': 0.22224633395671844, 'learning_rate': 7.698918208472348e-05, 'epoch': 9.21}
{'loss': 1.4506, 'grad_norm': 0.20030835270881653, 'learning_rate': 7.697233174940182e-05, 'epoch': 9.22}
{'loss': 1.4513, 'grad_norm': 0.2540063261985779, 'learning_rate': 7.695548141408015e-05, 'epoch': 9.22}
{'loss': 1.4513, 'grad_norm': 0.41259777545928955, 'learning_rate': 7.693863107875847e-05, 'epoch': 9.23}
{'loss': 1.4495, 'grad_norm': 0.22264693677425385, 'learning_rate': 7.69217807434368e-05, 'epoch': 9.23}
{'loss': 1.4504, 'grad_norm': 0.2662928104400635, 'learning_rate': 7.690493040811513e-05, 'epoch': 9.24}
{'loss': 1.4491, 'grad_norm': 0.2804778516292572, 'learning_rate': 7.688808007279346e-05, 'epoch': 9.24}
{'loss': 1.4489, 'grad_norm': 0.17823931574821472, 'learning_rate': 7.687122973747178e-05, 'epoch': 9.24}
{'loss': 1.4494, 'grad_norm': 0.312226802110672, 'learning_rate': 7.685437940215011e-05, 'epoch': 9.25}
{'loss': 1.4512, 'grad_norm': 0.24834442138671875, 'learning_rate': 7.683752906682843e-05, 'epoch': 9.25}
{'loss': 1.4484, 'grad_norm': 0.3997962176799774, 'learning_rate': 7.682067873150676e-05, 'epoch': 9.26}
{'loss': 1.45, 'grad_norm': 0.4231015741825104, 'learning_rate': 7.680382839618508e-05, 'epoch': 9.26}
{'loss': 1.4524, 'grad_norm': 0.7324960231781006, 'learning_rate': 7.678697806086341e-05, 'epoch': 9.27}
{'loss': 1.4489, 'grad_norm': 0.18250560760498047, 'learning_rate': 7.677012772554174e-05, 'epoch': 9.27}
{'loss': 1.4493, 'grad_norm': 0.1713057905435562, 'learning_rate': 7.675327739022006e-05, 'epoch': 9.28}
{'loss': 1.4475, 'grad_norm': 2.3515610694885254, 'learning_rate': 7.67364270548984e-05, 'epoch': 9.28}
{'loss': 1.449, 'grad_norm': 0.23915986716747284, 'learning_rate': 7.671957671957673e-05, 'epoch': 9.29}
{'loss': 1.4502, 'grad_norm': 0.2549789845943451, 'learning_rate': 7.670272638425506e-05, 'epoch': 9.29}
{'loss': 1.4479, 'grad_norm': 0.18826274573802948, 'learning_rate': 7.668587604893338e-05, 'epoch': 9.29}
{'loss': 1.4507, 'grad_norm': 0.2017773538827896, 'learning_rate': 7.666902571361171e-05, 'epoch': 9.3}
{'loss': 1.4488, 'grad_norm': 0.25735801458358765, 'learning_rate': 7.665217537829004e-05, 'epoch': 9.3}
{'loss': 1.4473, 'grad_norm': 0.19174644351005554, 'learning_rate': 7.663532504296836e-05, 'epoch': 9.31}
{'loss': 1.4498, 'grad_norm': 0.17600448429584503, 'learning_rate': 7.661847470764668e-05, 'epoch': 9.31}
{'loss': 1.4497, 'grad_norm': 0.30788329243659973, 'learning_rate': 7.660162437232501e-05, 'epoch': 9.32}
{'loss': 1.4526, 'grad_norm': 1.0274558067321777, 'learning_rate': 7.658477403700334e-05, 'epoch': 9.32}
{'loss': 1.4528, 'grad_norm': 0.2161135971546173, 'learning_rate': 7.656792370168166e-05, 'epoch': 9.33}
{'loss': 1.4493, 'grad_norm': 0.37532445788383484, 'learning_rate': 7.655107336635999e-05, 'epoch': 9.33}
{'loss': 1.4507, 'grad_norm': 0.21772661805152893, 'learning_rate': 7.653422303103832e-05, 'epoch': 9.34}
{'loss': 1.4519, 'grad_norm': 0.2681249976158142, 'learning_rate': 7.651737269571665e-05, 'epoch': 9.34}
{'loss': 1.4486, 'grad_norm': 0.347396582365036, 'learning_rate': 7.650052236039497e-05, 'epoch': 9.34}
{'loss': 1.4488, 'grad_norm': 0.18997973203659058, 'learning_rate': 7.64836720250733e-05, 'epoch': 9.35}
{'loss': 1.4494, 'grad_norm': 0.5334348678588867, 'learning_rate': 7.646682168975164e-05, 'epoch': 9.35}
{'loss': 1.4495, 'grad_norm': 0.17973880469799042, 'learning_rate': 7.644997135442995e-05, 'epoch': 9.36}
{'loss': 1.4503, 'grad_norm': 2.889244318008423, 'learning_rate': 7.643312101910829e-05, 'epoch': 9.36}
{'loss': 1.4503, 'grad_norm': 0.27538415789604187, 'learning_rate': 7.64162706837866e-05, 'epoch': 9.37}
{'loss': 1.4516, 'grad_norm': 0.36820298433303833, 'learning_rate': 7.639942034846494e-05, 'epoch': 9.37}
{'loss': 1.4488, 'grad_norm': 0.18207280337810516, 'learning_rate': 7.638257001314327e-05, 'epoch': 9.38}
{'loss': 1.4502, 'grad_norm': 0.45879513025283813, 'learning_rate': 7.636571967782159e-05, 'epoch': 9.38}
{'loss': 1.4505, 'grad_norm': 0.3582186996936798, 'learning_rate': 7.634886934249992e-05, 'epoch': 9.39}
{'loss': 1.4522, 'grad_norm': 0.2194785475730896, 'learning_rate': 7.633201900717825e-05, 'epoch': 9.39}
{'loss': 1.4506, 'grad_norm': 0.29515540599823, 'learning_rate': 7.631516867185657e-05, 'epoch': 9.39}
{'loss': 1.4517, 'grad_norm': 0.2620941698551178, 'learning_rate': 7.62983183365349e-05, 'epoch': 9.4}
{'loss': 1.4516, 'grad_norm': 0.4215342700481415, 'learning_rate': 7.628146800121323e-05, 'epoch': 9.4}
{'loss': 1.4514, 'grad_norm': 0.4434317946434021, 'learning_rate': 7.626461766589155e-05, 'epoch': 9.41}
{'loss': 1.4516, 'grad_norm': 0.20741769671440125, 'learning_rate': 7.624776733056988e-05, 'epoch': 9.41}
{'loss': 1.4486, 'grad_norm': 0.26846253871917725, 'learning_rate': 7.623091699524822e-05, 'epoch': 9.42}
{'loss': 1.45, 'grad_norm': 0.1842861920595169, 'learning_rate': 7.621406665992653e-05, 'epoch': 9.42}
{'loss': 1.4501, 'grad_norm': 0.3736962378025055, 'learning_rate': 7.619721632460487e-05, 'epoch': 9.43}
{'loss': 1.4515, 'grad_norm': 0.2986086308956146, 'learning_rate': 7.618036598928318e-05, 'epoch': 9.43}
{'loss': 1.4496, 'grad_norm': 0.2735822796821594, 'learning_rate': 7.616351565396152e-05, 'epoch': 9.44}
{'loss': 1.4499, 'grad_norm': 0.2835042476654053, 'learning_rate': 7.614666531863985e-05, 'epoch': 9.44}
{'loss': 1.4501, 'grad_norm': 0.6401235461235046, 'learning_rate': 7.612981498331817e-05, 'epoch': 9.44}
{'loss': 1.4508, 'grad_norm': 0.2281203418970108, 'learning_rate': 7.61129646479965e-05, 'epoch': 9.45}
{'loss': 1.4504, 'grad_norm': 0.20102261006832123, 'learning_rate': 7.609611431267483e-05, 'epoch': 9.45}
{'loss': 1.4507, 'grad_norm': 0.24286314845085144, 'learning_rate': 7.607926397735316e-05, 'epoch': 9.46}
{'loss': 1.4501, 'grad_norm': 0.8028435707092285, 'learning_rate': 7.606241364203148e-05, 'epoch': 9.46}
{'loss': 1.4526, 'grad_norm': 0.2770051956176758, 'learning_rate': 7.604556330670981e-05, 'epoch': 9.47}
{'loss': 1.4518, 'grad_norm': 0.21430952847003937, 'learning_rate': 7.602871297138814e-05, 'epoch': 9.47}
{'loss': 1.4504, 'grad_norm': 0.26744896173477173, 'learning_rate': 7.601186263606646e-05, 'epoch': 9.48}
{'loss': 1.4512, 'grad_norm': 0.20525109767913818, 'learning_rate': 7.599501230074478e-05, 'epoch': 9.48}
{'loss': 1.449, 'grad_norm': 0.44238805770874023, 'learning_rate': 7.597816196542311e-05, 'epoch': 9.49}
{'loss': 1.4489, 'grad_norm': 0.7857017517089844, 'learning_rate': 7.596131163010144e-05, 'epoch': 9.49}
{'loss': 1.449, 'grad_norm': 0.5642444491386414, 'learning_rate': 7.594446129477976e-05, 'epoch': 9.49}
{'loss': 1.452, 'grad_norm': 0.23273462057113647, 'learning_rate': 7.59276109594581e-05, 'epoch': 9.5}
{'loss': 1.4506, 'grad_norm': 0.18972937762737274, 'learning_rate': 7.591076062413643e-05, 'epoch': 9.5}
{'loss': 1.449, 'grad_norm': 0.20458191633224487, 'learning_rate': 7.589391028881476e-05, 'epoch': 9.51}
{'loss': 1.4496, 'grad_norm': 0.4131428599357605, 'learning_rate': 7.587705995349308e-05, 'epoch': 9.51}
{'loss': 1.4509, 'grad_norm': 0.32427412271499634, 'learning_rate': 7.586020961817141e-05, 'epoch': 9.52}
{'loss': 1.4512, 'grad_norm': 0.2806333601474762, 'learning_rate': 7.584335928284974e-05, 'epoch': 9.52}
{'loss': 1.4506, 'grad_norm': 0.31968584656715393, 'learning_rate': 7.582650894752806e-05, 'epoch': 9.53}
{'loss': 1.4496, 'grad_norm': 0.41721755266189575, 'learning_rate': 7.580965861220639e-05, 'epoch': 9.53}
{'loss': 1.4483, 'grad_norm': 0.24010515213012695, 'learning_rate': 7.579280827688471e-05, 'epoch': 9.54}
{'loss': 1.4503, 'grad_norm': 0.21791131794452667, 'learning_rate': 7.577595794156304e-05, 'epoch': 9.54}
{'loss': 1.4486, 'grad_norm': 0.21233856678009033, 'learning_rate': 7.575910760624136e-05, 'epoch': 9.55}
{'loss': 1.4501, 'grad_norm': 0.3826531767845154, 'learning_rate': 7.574225727091969e-05, 'epoch': 9.55}
{'loss': 1.4521, 'grad_norm': 0.30797576904296875, 'learning_rate': 7.572540693559802e-05, 'epoch': 9.55}
{'loss': 1.4505, 'grad_norm': 0.2399536818265915, 'learning_rate': 7.570855660027635e-05, 'epoch': 9.56}
{'loss': 1.4485, 'grad_norm': 0.37835875153541565, 'learning_rate': 7.569170626495467e-05, 'epoch': 9.56}
{'loss': 1.4489, 'grad_norm': 0.20500966906547546, 'learning_rate': 7.5674855929633e-05, 'epoch': 9.57}
{'loss': 1.4509, 'grad_norm': 0.3010595738887787, 'learning_rate': 7.565800559431134e-05, 'epoch': 9.57}
{'loss': 1.4497, 'grad_norm': 0.2769816219806671, 'learning_rate': 7.564115525898965e-05, 'epoch': 9.58}
{'loss': 1.4513, 'grad_norm': 0.1810508817434311, 'learning_rate': 7.562430492366799e-05, 'epoch': 9.58}
{'loss': 1.4499, 'grad_norm': 0.18769940733909607, 'learning_rate': 7.560745458834632e-05, 'epoch': 9.59}
{'loss': 1.4493, 'grad_norm': 0.231657475233078, 'learning_rate': 7.559060425302465e-05, 'epoch': 9.59}
{'loss': 1.4506, 'grad_norm': 0.25128623843193054, 'learning_rate': 7.557375391770296e-05, 'epoch': 9.6}
{'loss': 1.4513, 'grad_norm': 0.30351686477661133, 'learning_rate': 7.555690358238129e-05, 'epoch': 9.6}
{'loss': 1.4523, 'grad_norm': 0.5004249811172485, 'learning_rate': 7.554005324705962e-05, 'epoch': 9.6}
{'loss': 1.4507, 'grad_norm': 0.36286622285842896, 'learning_rate': 7.552320291173795e-05, 'epoch': 9.61}
{'loss': 1.4528, 'grad_norm': 0.2799006402492523, 'learning_rate': 7.550635257641627e-05, 'epoch': 9.61}
{'loss': 1.4491, 'grad_norm': 0.17383819818496704, 'learning_rate': 7.54895022410946e-05, 'epoch': 9.62}
{'loss': 1.4495, 'grad_norm': 0.28083887696266174, 'learning_rate': 7.547265190577293e-05, 'epoch': 9.62}
{'loss': 1.4488, 'grad_norm': 0.21985569596290588, 'learning_rate': 7.545580157045125e-05, 'epoch': 9.63}
{'loss': 1.4517, 'grad_norm': 0.20472870767116547, 'learning_rate': 7.543895123512958e-05, 'epoch': 9.63}
{'loss': 1.4502, 'grad_norm': 0.24195913970470428, 'learning_rate': 7.542210089980792e-05, 'epoch': 9.64}
{'loss': 1.4511, 'grad_norm': 2.7779393196105957, 'learning_rate': 7.540525056448625e-05, 'epoch': 9.64}
{'loss': 1.4524, 'grad_norm': 0.4548625648021698, 'learning_rate': 7.538840022916457e-05, 'epoch': 9.65}
{'loss': 1.4532, 'grad_norm': 0.3685793876647949, 'learning_rate': 7.53715498938429e-05, 'epoch': 9.65}
{'loss': 1.453, 'grad_norm': 1.7184654474258423, 'learning_rate': 7.535469955852122e-05, 'epoch': 9.65}
{'loss': 1.4526, 'grad_norm': 0.26102519035339355, 'learning_rate': 7.533784922319955e-05, 'epoch': 9.66}
{'loss': 1.4535, 'grad_norm': 0.2942349910736084, 'learning_rate': 7.532099888787787e-05, 'epoch': 9.66}
{'loss': 1.4527, 'grad_norm': 0.28524714708328247, 'learning_rate': 7.53041485525562e-05, 'epoch': 9.67}
{'loss': 1.4513, 'grad_norm': 0.358609676361084, 'learning_rate': 7.528729821723453e-05, 'epoch': 9.67}
{'loss': 1.4507, 'grad_norm': 0.4001745581626892, 'learning_rate': 7.527044788191285e-05, 'epoch': 9.68}
{'loss': 1.4531, 'grad_norm': 0.21091006696224213, 'learning_rate': 7.525359754659118e-05, 'epoch': 9.68}
{'loss': 1.4497, 'grad_norm': 0.1927846372127533, 'learning_rate': 7.523674721126951e-05, 'epoch': 9.69}
{'loss': 1.4517, 'grad_norm': 0.22056639194488525, 'learning_rate': 7.521989687594784e-05, 'epoch': 9.69}
{'loss': 1.4523, 'grad_norm': 0.21628881990909576, 'learning_rate': 7.520304654062616e-05, 'epoch': 9.7}
{'loss': 1.4499, 'grad_norm': 0.23473788797855377, 'learning_rate': 7.51861962053045e-05, 'epoch': 9.7}
{'loss': 1.4541, 'grad_norm': 0.24117743968963623, 'learning_rate': 7.516934586998283e-05, 'epoch': 9.7}
{'loss': 1.4525, 'grad_norm': 0.28226619958877563, 'learning_rate': 7.515249553466114e-05, 'epoch': 9.71}
{'loss': 1.4501, 'grad_norm': 0.2920718193054199, 'learning_rate': 7.513564519933946e-05, 'epoch': 9.71}
{'loss': 1.4524, 'grad_norm': 0.2763117253780365, 'learning_rate': 7.51187948640178e-05, 'epoch': 9.72}
{'loss': 1.4508, 'grad_norm': 0.3063275218009949, 'learning_rate': 7.510194452869613e-05, 'epoch': 9.72}
{'loss': 1.4528, 'grad_norm': 0.2713720500469208, 'learning_rate': 7.508509419337444e-05, 'epoch': 9.73}
{'loss': 1.4513, 'grad_norm': 0.2099168300628662, 'learning_rate': 7.506824385805278e-05, 'epoch': 9.73}
{'loss': 1.4513, 'grad_norm': 0.22227802872657776, 'learning_rate': 7.505139352273111e-05, 'epoch': 9.74}
{'loss': 1.4499, 'grad_norm': 0.24550274014472961, 'learning_rate': 7.503454318740944e-05, 'epoch': 9.74}
{'loss': 1.449, 'grad_norm': 0.23242291808128357, 'learning_rate': 7.501769285208776e-05, 'epoch': 9.75}
{'loss': 1.4521, 'grad_norm': 0.241362527012825, 'learning_rate': 7.500084251676609e-05, 'epoch': 9.75}
{'loss': 1.4516, 'grad_norm': 0.4763890206813812, 'learning_rate': 7.498399218144442e-05, 'epoch': 9.75}
{'loss': 1.4507, 'grad_norm': 0.22855038940906525, 'learning_rate': 7.496714184612274e-05, 'epoch': 9.76}
{'loss': 1.4487, 'grad_norm': 0.29373303055763245, 'learning_rate': 7.495029151080107e-05, 'epoch': 9.76}
{'loss': 1.451, 'grad_norm': 0.21850347518920898, 'learning_rate': 7.493344117547939e-05, 'epoch': 9.77}
{'loss': 1.4503, 'grad_norm': 0.22165542840957642, 'learning_rate': 7.491659084015772e-05, 'epoch': 9.77}
{'loss': 1.4526, 'grad_norm': 0.27324146032333374, 'learning_rate': 7.489974050483604e-05, 'epoch': 9.78}
{'loss': 1.4525, 'grad_norm': 0.26659780740737915, 'learning_rate': 7.488289016951437e-05, 'epoch': 9.78}
{'loss': 1.4545, 'grad_norm': 0.3308587074279785, 'learning_rate': 7.48660398341927e-05, 'epoch': 9.79}
{'loss': 1.4504, 'grad_norm': 0.30024442076683044, 'learning_rate': 7.484918949887104e-05, 'epoch': 9.79}
{'loss': 1.4503, 'grad_norm': 0.31440064311027527, 'learning_rate': 7.483233916354936e-05, 'epoch': 9.8}
{'loss': 1.4529, 'grad_norm': 0.2631048858165741, 'learning_rate': 7.481548882822769e-05, 'epoch': 9.8}
{'loss': 1.4516, 'grad_norm': 0.20015208423137665, 'learning_rate': 7.479863849290602e-05, 'epoch': 9.8}
{'loss': 1.4539, 'grad_norm': 0.21865636110305786, 'learning_rate': 7.478178815758434e-05, 'epoch': 9.81}
{'loss': 1.4503, 'grad_norm': 0.25495800375938416, 'learning_rate': 7.476493782226267e-05, 'epoch': 9.81}
{'loss': 1.4526, 'grad_norm': 0.2837977111339569, 'learning_rate': 7.4748087486941e-05, 'epoch': 9.82}
{'loss': 1.4544, 'grad_norm': 0.40469980239868164, 'learning_rate': 7.473123715161932e-05, 'epoch': 9.82}
{'loss': 1.4534, 'grad_norm': 0.9318611025810242, 'learning_rate': 7.471438681629764e-05, 'epoch': 9.83}
{'loss': 1.4529, 'grad_norm': 0.3776169419288635, 'learning_rate': 7.469753648097597e-05, 'epoch': 9.83}
{'loss': 1.4529, 'grad_norm': 0.28259608149528503, 'learning_rate': 7.46806861456543e-05, 'epoch': 9.84}
{'loss': 1.4546, 'grad_norm': 0.28275054693222046, 'learning_rate': 7.466383581033263e-05, 'epoch': 9.84}
{'loss': 1.4538, 'grad_norm': 0.32909420132637024, 'learning_rate': 7.464698547501095e-05, 'epoch': 9.85}
{'loss': 1.4534, 'grad_norm': 0.41587623953819275, 'learning_rate': 7.463013513968928e-05, 'epoch': 9.85}
{'loss': 1.4556, 'grad_norm': 0.2407103329896927, 'learning_rate': 7.461328480436762e-05, 'epoch': 9.85}
{'loss': 1.4518, 'grad_norm': 0.2869660556316376, 'learning_rate': 7.459643446904593e-05, 'epoch': 9.86}
{'loss': 1.4524, 'grad_norm': 0.2285689413547516, 'learning_rate': 7.457958413372427e-05, 'epoch': 9.86}
{'loss': 1.4514, 'grad_norm': 0.25411105155944824, 'learning_rate': 7.45627337984026e-05, 'epoch': 9.87}
{'loss': 1.4528, 'grad_norm': 0.5610901713371277, 'learning_rate': 7.454588346308093e-05, 'epoch': 9.87}
{'loss': 1.4526, 'grad_norm': 0.30821824073791504, 'learning_rate': 7.452903312775925e-05, 'epoch': 9.88}
{'loss': 1.4544, 'grad_norm': 0.21590983867645264, 'learning_rate': 7.451218279243757e-05, 'epoch': 9.88}
{'loss': 1.4515, 'grad_norm': 0.23565036058425903, 'learning_rate': 7.44953324571159e-05, 'epoch': 9.89}
{'loss': 1.4553, 'grad_norm': 0.28400158882141113, 'learning_rate': 7.447848212179423e-05, 'epoch': 9.89}
{'loss': 1.4528, 'grad_norm': 0.26963555812835693, 'learning_rate': 7.446163178647255e-05, 'epoch': 9.9}
{'loss': 1.453, 'grad_norm': 0.2125956416130066, 'learning_rate': 7.444478145115088e-05, 'epoch': 9.9}
{'loss': 1.4548, 'grad_norm': 0.22807958722114563, 'learning_rate': 7.442793111582921e-05, 'epoch': 9.9}
{'loss': 1.452, 'grad_norm': 0.25537818670272827, 'learning_rate': 7.441108078050753e-05, 'epoch': 9.91}
{'loss': 1.4536, 'grad_norm': 0.39673832058906555, 'learning_rate': 7.439423044518586e-05, 'epoch': 9.91}
{'loss': 1.4519, 'grad_norm': 0.2915954291820526, 'learning_rate': 7.43773801098642e-05, 'epoch': 9.92}
{'loss': 1.4529, 'grad_norm': 0.343205988407135, 'learning_rate': 7.436052977454253e-05, 'epoch': 9.92}
{'loss': 1.452, 'grad_norm': 0.22858747839927673, 'learning_rate': 7.434367943922084e-05, 'epoch': 9.93}
{'loss': 1.453, 'grad_norm': 0.27422600984573364, 'learning_rate': 7.432682910389918e-05, 'epoch': 9.93}
{'loss': 1.4527, 'grad_norm': 0.28073105216026306, 'learning_rate': 7.43099787685775e-05, 'epoch': 9.94}
{'loss': 1.4505, 'grad_norm': 0.32789236307144165, 'learning_rate': 7.429312843325583e-05, 'epoch': 9.94}
{'loss': 1.4521, 'grad_norm': 0.2612411677837372, 'learning_rate': 7.427627809793414e-05, 'epoch': 9.95}
{'loss': 1.4523, 'grad_norm': 0.18704889714717865, 'learning_rate': 7.425942776261248e-05, 'epoch': 9.95}
{'loss': 1.4523, 'grad_norm': 0.2737200856208801, 'learning_rate': 7.424257742729081e-05, 'epoch': 9.95}
{'loss': 1.4537, 'grad_norm': 0.2022680789232254, 'learning_rate': 7.422572709196913e-05, 'epoch': 9.96}
{'loss': 1.4529, 'grad_norm': 0.3147655129432678, 'learning_rate': 7.420887675664746e-05, 'epoch': 9.96}
{'loss': 1.4525, 'grad_norm': 0.23377759754657745, 'learning_rate': 7.419202642132579e-05, 'epoch': 9.97}
{'loss': 1.4509, 'grad_norm': 0.5685446858406067, 'learning_rate': 7.417517608600412e-05, 'epoch': 9.97}
{'loss': 1.4519, 'grad_norm': 0.36591312289237976, 'learning_rate': 7.415832575068244e-05, 'epoch': 9.98}
{'loss': 1.4519, 'grad_norm': 0.23173607885837555, 'learning_rate': 7.414147541536077e-05, 'epoch': 9.98}
{'loss': 1.4512, 'grad_norm': 0.2290569543838501, 'learning_rate': 7.41246250800391e-05, 'epoch': 9.99}
{'loss': 1.4529, 'grad_norm': 0.28946489095687866, 'learning_rate': 7.410777474471742e-05, 'epoch': 9.99}
{'loss': 1.4531, 'grad_norm': 0.26051661372184753, 'learning_rate': 7.409092440939574e-05, 'epoch': 10.0}
{'loss': 1.4496, 'grad_norm': 0.2335226833820343, 'learning_rate': 7.407407407407407e-05, 'epoch': 10.0}
{'loss': 1.4475, 'grad_norm': 0.46561723947525024, 'learning_rate': 7.40572237387524e-05, 'epoch': 10.0}
{'loss': 1.447, 'grad_norm': 0.28211531043052673, 'learning_rate': 7.404037340343072e-05, 'epoch': 10.01}
pred : ardent in the prosecution of heresy cyril auspiciously opened his reign by oppressing the novations the most innocent and harmless of the sectaries
label: ardent in the prosecution of heresy cyril auspiciously opened his reign by oppressing the novatians the most innocent and harmless of the sectaries
pred : without any legal sentence without any royal mandate the patriarch at the dawn of day led a seditious multitude to the attack of the synagogues
label: without any legal sentence without any royal mandate the patriarch at the dawn of day led a seditious multitude to the attack of the synagogues
pred : such crimes would have deserved the animadversion of the magistrate but in this promiscuous outrage the innocent were confounded with the guilty and alexandria was impoverished by the loss of a wealthy and industrious colony
label: such crimes would have deserved the animadversion of the magistrate but in this promiscuous outrage the innocent were confounded with the guilty and alexandria was impoverished by the loss of a wealthy and industrious colony
pred : ardent in the prosecution of heresy cyril auspiciously opened his reign by oppressing the novations the most innocent and harmless of the sectaries
label: ardent in the prosecution of heresy cyril auspiciously opened his reign by oppressing the novatians the most innocent and harmless of the sectaries
pred : without any legal sentence without any royal mandate the patriarch at the dawn of day led a seditious multitude to the attack of the synagogues
label: without any legal sentence without any royal mandate the patriarch at the dawn of day led a seditious multitude to the attack of the synagogues
pred : such crimes would have deserved the animadversion of the magistrate but in this promiscuous outrage the innocent were confounded with the guilty and alexandria was impoverished by the loss of a wealthy and industrious colony
label: such crimes would have deserved the animadversion of the magistrate but in this promiscuous outrage the innocent were confounded with the guilty and alexandria was impoverished by the loss of a wealthy and industrious colony
pred : ardent in the prosecution of heresy cyril auspiciously opened his reign by oppressing the novations the most innocent and harmless of the sectaries
label: ardent in the prosecution of heresy cyril auspiciously opened his reign by oppressing the novatians the most innocent and harmless of the sectaries
pred : without any legal sentence without any royal mandate the patriarch at the dawn of day led a seditious multitude to the attack of the synagogues
label: without any legal sentence without any royal mandate the patriarch at the dawn of day led a seditious multitude to the attack of the synagogues
pred : such crimes would have deserved the animadversion of the magistrate but in this promiscuous outrage the innocent were confounded with the guilty and alexandria was impoverished by the loss of a wealthy and industrious colony
label: such crimes would have deserved the animadversion of the magistrate but in this promiscuous outrage the innocent were confounded with the guilty and alexandria was impoverished by the loss of a wealthy and industrious colony
pred : ardent in the prosecution of heresy cyril auspiciously opened his reign by oppressing the novations the most innocent and harmless of the sectaries
label: ardent in the prosecution of heresy cyril auspiciously opened his reign by oppressing the novatians the most innocent and harmless of the sectaries
pred : without any legal sentence without any royal mandate the patriarch at the dawn of day led a seditious multitude to the attack of the synagogues
label: without any legal sentence without any royal mandate the patriarch at the dawn of day led a seditious multitude to the attack of the synagogues
pred : such crimes would have deserved the animadversion of the magistrate but in this promiscuous outrage the innocent were confounded with the guilty and alexandria was impoverished by the loss of a wealthy and industrious colony
label: such crimes would have deserved the animadversion of the magistrate but in this promiscuous outrage the innocent were confounded with the guilty and alexandria was impoverished by the loss of a wealthy and industrious colony
{'eval_loss': 1.5716856718063354, 'eval_bleu': 96.55147999139547, 'eval_wer': 0.01873345164321031, 'eval_cer': 0.00916051457567703, 'eval_rouge1': 0.9843326033318004, 'eval_rouge2': 0.971656380906812, 'eval_rougeL': 0.9843540779450101, 'eval_runtime': 93.521, 'eval_samples_per_second': 59.527, 'eval_steps_per_second': 0.31, 'epoch': 10.01}
{'loss': 1.4454, 'grad_norm': 0.3007608652114868, 'learning_rate': 7.402352306810906e-05, 'epoch': 10.01}
{'loss': 1.446, 'grad_norm': 0.21034491062164307, 'learning_rate': 7.400667273278739e-05, 'epoch': 10.02}
{'loss': 1.4449, 'grad_norm': 0.4362204074859619, 'learning_rate': 7.398982239746572e-05, 'epoch': 10.02}
{'loss': 1.4456, 'grad_norm': 0.2117549479007721, 'learning_rate': 7.397297206214404e-05, 'epoch': 10.03}
{'loss': 1.4463, 'grad_norm': 0.2322174459695816, 'learning_rate': 7.395612172682237e-05, 'epoch': 10.03}
{'loss': 1.4446, 'grad_norm': 0.19983933866024017, 'learning_rate': 7.39392713915007e-05, 'epoch': 10.04}
{'loss': 1.4461, 'grad_norm': 0.21517392992973328, 'learning_rate': 7.392242105617902e-05, 'epoch': 10.04}
{'loss': 1.4475, 'grad_norm': 0.24492618441581726, 'learning_rate': 7.390557072085735e-05, 'epoch': 10.05}
{'loss': 1.4462, 'grad_norm': 0.34283745288848877, 'learning_rate': 7.388872038553567e-05, 'epoch': 10.05}
{'loss': 1.4478, 'grad_norm': 0.2052539438009262, 'learning_rate': 7.3871870050214e-05, 'epoch': 10.05}
{'loss': 1.4471, 'grad_norm': 0.1838700771331787, 'learning_rate': 7.385501971489232e-05, 'epoch': 10.06}
{'loss': 1.4467, 'grad_norm': 0.2364831566810608, 'learning_rate': 7.383816937957065e-05, 'epoch': 10.06}
{'loss': 1.4441, 'grad_norm': 0.228014275431633, 'learning_rate': 7.382131904424898e-05, 'epoch': 10.07}
{'loss': 1.4445, 'grad_norm': 0.2374695986509323, 'learning_rate': 7.380446870892732e-05, 'epoch': 10.07}
{'loss': 1.4466, 'grad_norm': 0.18592549860477448, 'learning_rate': 7.378761837360563e-05, 'epoch': 10.08}
{'loss': 1.4457, 'grad_norm': 0.2215183675289154, 'learning_rate': 7.377076803828397e-05, 'epoch': 10.08}
{'loss': 1.4459, 'grad_norm': 0.14774298667907715, 'learning_rate': 7.37539177029623e-05, 'epoch': 10.09}
{'loss': 1.446, 'grad_norm': 0.4098667502403259, 'learning_rate': 7.373706736764062e-05, 'epoch': 10.09}
{'loss': 1.4449, 'grad_norm': 0.1608998328447342, 'learning_rate': 7.372021703231895e-05, 'epoch': 10.1}
{'loss': 1.4448, 'grad_norm': 0.3473544716835022, 'learning_rate': 7.370336669699728e-05, 'epoch': 10.1}
{'loss': 1.4453, 'grad_norm': 0.30508387088775635, 'learning_rate': 7.368651636167561e-05, 'epoch': 10.1}
{'loss': 1.4447, 'grad_norm': 0.179054394364357, 'learning_rate': 7.366966602635392e-05, 'epoch': 10.11}
{'loss': 1.4466, 'grad_norm': 0.30583781003952026, 'learning_rate': 7.365281569103225e-05, 'epoch': 10.11}
{'loss': 1.4471, 'grad_norm': 0.1791127324104309, 'learning_rate': 7.363596535571058e-05, 'epoch': 10.12}
{'loss': 1.4459, 'grad_norm': 0.3799647390842438, 'learning_rate': 7.361911502038891e-05, 'epoch': 10.12}
{'loss': 1.4465, 'grad_norm': 0.1896655261516571, 'learning_rate': 7.360226468506723e-05, 'epoch': 10.13}
{'loss': 1.4464, 'grad_norm': 0.21692566573619843, 'learning_rate': 7.358541434974556e-05, 'epoch': 10.13}
{'loss': 1.4462, 'grad_norm': 0.2388996034860611, 'learning_rate': 7.35685640144239e-05, 'epoch': 10.14}
{'loss': 1.4466, 'grad_norm': 0.23209914565086365, 'learning_rate': 7.355171367910221e-05, 'epoch': 10.14}
{'loss': 1.4437, 'grad_norm': 0.27099403738975525, 'learning_rate': 7.353486334378054e-05, 'epoch': 10.15}
{'loss': 1.4461, 'grad_norm': 0.3631271719932556, 'learning_rate': 7.351801300845888e-05, 'epoch': 10.15}
{'loss': 1.4499, 'grad_norm': 0.28852853178977966, 'learning_rate': 7.350116267313721e-05, 'epoch': 10.15}
{'loss': 1.4458, 'grad_norm': 0.24805648624897003, 'learning_rate': 7.348431233781553e-05, 'epoch': 10.16}
{'loss': 1.445, 'grad_norm': 0.31100690364837646, 'learning_rate': 7.346746200249386e-05, 'epoch': 10.16}
{'loss': 1.4451, 'grad_norm': 0.2518709897994995, 'learning_rate': 7.345061166717218e-05, 'epoch': 10.17}
{'loss': 1.4471, 'grad_norm': 0.2211170643568039, 'learning_rate': 7.343376133185051e-05, 'epoch': 10.17}
{'loss': 1.4455, 'grad_norm': 0.35090309381484985, 'learning_rate': 7.341691099652883e-05, 'epoch': 10.18}
{'loss': 1.4458, 'grad_norm': 0.23160594701766968, 'learning_rate': 7.340006066120716e-05, 'epoch': 10.18}
{'loss': 1.4449, 'grad_norm': 0.25033143162727356, 'learning_rate': 7.338321032588549e-05, 'epoch': 10.19}
{'loss': 1.4471, 'grad_norm': 0.3304898142814636, 'learning_rate': 7.336635999056381e-05, 'epoch': 10.19}
{'loss': 1.4458, 'grad_norm': 0.22182348370552063, 'learning_rate': 7.334950965524214e-05, 'epoch': 10.2}
{'loss': 1.4468, 'grad_norm': 0.20441287755966187, 'learning_rate': 7.333265931992047e-05, 'epoch': 10.2}
{'loss': 1.4474, 'grad_norm': 0.21863925457000732, 'learning_rate': 7.33158089845988e-05, 'epoch': 10.2}
{'loss': 1.4476, 'grad_norm': 0.2794066071510315, 'learning_rate': 7.329895864927712e-05, 'epoch': 10.21}
{'loss': 1.4477, 'grad_norm': 0.5071772336959839, 'learning_rate': 7.328210831395545e-05, 'epoch': 10.21}
{'loss': 1.4479, 'grad_norm': 0.2988007366657257, 'learning_rate': 7.326525797863379e-05, 'epoch': 10.22}
{'loss': 1.4458, 'grad_norm': 0.25452595949172974, 'learning_rate': 7.32484076433121e-05, 'epoch': 10.22}
{'loss': 1.4464, 'grad_norm': 0.2012430876493454, 'learning_rate': 7.323155730799042e-05, 'epoch': 10.23}
{'loss': 1.4445, 'grad_norm': 0.24737656116485596, 'learning_rate': 7.321470697266876e-05, 'epoch': 10.23}
{'loss': 1.4455, 'grad_norm': 0.2266218662261963, 'learning_rate': 7.319785663734709e-05, 'epoch': 10.24}
{'loss': 1.4441, 'grad_norm': 0.20478792488574982, 'learning_rate': 7.31810063020254e-05, 'epoch': 10.24}
{'loss': 1.4471, 'grad_norm': 0.2855033278465271, 'learning_rate': 7.316415596670374e-05, 'epoch': 10.25}
{'loss': 1.4463, 'grad_norm': 0.2020302265882492, 'learning_rate': 7.314730563138207e-05, 'epoch': 10.25}
{'loss': 1.4451, 'grad_norm': 0.2186034917831421, 'learning_rate': 7.31304552960604e-05, 'epoch': 10.25}
{'loss': 1.4456, 'grad_norm': 0.2394143044948578, 'learning_rate': 7.311360496073872e-05, 'epoch': 10.26}
{'loss': 1.4449, 'grad_norm': 0.3392660319805145, 'learning_rate': 7.309675462541705e-05, 'epoch': 10.26}
{'loss': 1.446, 'grad_norm': 0.17092503607273102, 'learning_rate': 7.307990429009538e-05, 'epoch': 10.27}
{'loss': 1.4456, 'grad_norm': 0.3072082996368408, 'learning_rate': 7.30630539547737e-05, 'epoch': 10.27}
{'loss': 1.4457, 'grad_norm': 0.18179059028625488, 'learning_rate': 7.304620361945203e-05, 'epoch': 10.28}
{'loss': 1.4453, 'grad_norm': 0.21070945262908936, 'learning_rate': 7.302935328413035e-05, 'epoch': 10.28}
{'loss': 1.4458, 'grad_norm': 0.1638570874929428, 'learning_rate': 7.301250294880868e-05, 'epoch': 10.29}
{'loss': 1.4468, 'grad_norm': 0.23596259951591492, 'learning_rate': 7.2995652613487e-05, 'epoch': 10.29}
{'loss': 1.4459, 'grad_norm': 0.25409677624702454, 'learning_rate': 7.297880227816533e-05, 'epoch': 10.3}
{'loss': 1.4462, 'grad_norm': 0.3261840045452118, 'learning_rate': 7.296195194284367e-05, 'epoch': 10.3}
{'loss': 1.4466, 'grad_norm': 0.41514861583709717, 'learning_rate': 7.2945101607522e-05, 'epoch': 10.3}
{'loss': 1.4453, 'grad_norm': 0.18607306480407715, 'learning_rate': 7.292825127220032e-05, 'epoch': 10.31}
{'loss': 1.4453, 'grad_norm': 0.2248428463935852, 'learning_rate': 7.291140093687865e-05, 'epoch': 10.31}
{'loss': 1.4478, 'grad_norm': 0.24072417616844177, 'learning_rate': 7.289455060155698e-05, 'epoch': 10.32}
{'loss': 1.4459, 'grad_norm': 0.2895524203777313, 'learning_rate': 7.28777002662353e-05, 'epoch': 10.32}
{'loss': 1.4452, 'grad_norm': 0.2670065760612488, 'learning_rate': 7.286084993091363e-05, 'epoch': 10.33}
{'loss': 1.4462, 'grad_norm': 0.3322393000125885, 'learning_rate': 7.284399959559196e-05, 'epoch': 10.33}
{'loss': 1.445, 'grad_norm': 0.218952938914299, 'learning_rate': 7.282714926027028e-05, 'epoch': 10.34}
{'loss': 1.445, 'grad_norm': 0.3147372901439667, 'learning_rate': 7.281029892494861e-05, 'epoch': 10.34}
{'loss': 1.4451, 'grad_norm': 0.2453100085258484, 'learning_rate': 7.279344858962693e-05, 'epoch': 10.35}
{'loss': 1.4476, 'grad_norm': 0.2607780396938324, 'learning_rate': 7.277659825430526e-05, 'epoch': 10.35}
{'loss': 1.4458, 'grad_norm': 0.2244945466518402, 'learning_rate': 7.27597479189836e-05, 'epoch': 10.35}
{'loss': 1.4464, 'grad_norm': 0.3372619152069092, 'learning_rate': 7.274289758366191e-05, 'epoch': 10.36}
{'loss': 1.4453, 'grad_norm': 0.2874070405960083, 'learning_rate': 7.272604724834024e-05, 'epoch': 10.36}
{'loss': 1.4468, 'grad_norm': 0.2980363368988037, 'learning_rate': 7.270919691301858e-05, 'epoch': 10.37}
{'loss': 1.4438, 'grad_norm': 0.2329215705394745, 'learning_rate': 7.26923465776969e-05, 'epoch': 10.37}
{'loss': 1.4476, 'grad_norm': 0.2469678819179535, 'learning_rate': 7.267549624237523e-05, 'epoch': 10.38}
{'loss': 1.4463, 'grad_norm': 0.26265472173690796, 'learning_rate': 7.265864590705356e-05, 'epoch': 10.38}
{'loss': 1.4449, 'grad_norm': 0.29929810762405396, 'learning_rate': 7.264179557173189e-05, 'epoch': 10.39}
{'loss': 1.446, 'grad_norm': 0.15641331672668457, 'learning_rate': 7.262494523641021e-05, 'epoch': 10.39}
{'loss': 1.4447, 'grad_norm': 0.20337998867034912, 'learning_rate': 7.260809490108853e-05, 'epoch': 10.4}
{'loss': 1.446, 'grad_norm': 0.42543286085128784, 'learning_rate': 7.259124456576686e-05, 'epoch': 10.4}
{'loss': 1.446, 'grad_norm': 0.19374828040599823, 'learning_rate': 7.257439423044519e-05, 'epoch': 10.4}
{'loss': 1.446, 'grad_norm': 0.18789814412593842, 'learning_rate': 7.255754389512351e-05, 'epoch': 10.41}
{'loss': 1.4459, 'grad_norm': 0.23529332876205444, 'learning_rate': 7.254069355980184e-05, 'epoch': 10.41}
{'loss': 1.4456, 'grad_norm': 0.18465900421142578, 'learning_rate': 7.252384322448017e-05, 'epoch': 10.42}
{'loss': 1.4467, 'grad_norm': 0.286788672208786, 'learning_rate': 7.25069928891585e-05, 'epoch': 10.42}
{'loss': 1.4455, 'grad_norm': 0.242555633187294, 'learning_rate': 7.249014255383682e-05, 'epoch': 10.43}
{'loss': 1.446, 'grad_norm': 0.3447505831718445, 'learning_rate': 7.247329221851516e-05, 'epoch': 10.43}
{'loss': 1.4444, 'grad_norm': 0.14755232632160187, 'learning_rate': 7.245644188319349e-05, 'epoch': 10.44}
{'loss': 1.4463, 'grad_norm': 0.2306365966796875, 'learning_rate': 7.24395915478718e-05, 'epoch': 10.44}
{'loss': 1.4451, 'grad_norm': 0.18686118721961975, 'learning_rate': 7.242274121255014e-05, 'epoch': 10.45}
{'loss': 1.4445, 'grad_norm': 0.18931296467781067, 'learning_rate': 7.240589087722846e-05, 'epoch': 10.45}
{'loss': 1.4471, 'grad_norm': 0.2093781977891922, 'learning_rate': 7.238904054190679e-05, 'epoch': 10.45}
{'loss': 1.4437, 'grad_norm': 0.2969428300857544, 'learning_rate': 7.23721902065851e-05, 'epoch': 10.46}
{'loss': 1.4446, 'grad_norm': 0.22739025950431824, 'learning_rate': 7.235533987126344e-05, 'epoch': 10.46}
{'loss': 1.4444, 'grad_norm': 0.17152506113052368, 'learning_rate': 7.233848953594177e-05, 'epoch': 10.47}
{'loss': 1.447, 'grad_norm': 0.17112533748149872, 'learning_rate': 7.23216392006201e-05, 'epoch': 10.47}
{'loss': 1.4445, 'grad_norm': 0.25454699993133545, 'learning_rate': 7.230478886529842e-05, 'epoch': 10.48}
{'loss': 1.4443, 'grad_norm': 0.27624931931495667, 'learning_rate': 7.228793852997675e-05, 'epoch': 10.48}
{'loss': 1.4454, 'grad_norm': 0.306933730840683, 'learning_rate': 7.227108819465508e-05, 'epoch': 10.49}
{'loss': 1.4459, 'grad_norm': 0.2168577015399933, 'learning_rate': 7.22542378593334e-05, 'epoch': 10.49}
{'loss': 1.4446, 'grad_norm': 0.24123843014240265, 'learning_rate': 7.223738752401173e-05, 'epoch': 10.5}
{'loss': 1.4451, 'grad_norm': 0.2587627172470093, 'learning_rate': 7.222053718869007e-05, 'epoch': 10.5}
{'loss': 1.4454, 'grad_norm': 0.14946110546588898, 'learning_rate': 7.22036868533684e-05, 'epoch': 10.51}
{'loss': 1.446, 'grad_norm': 0.21317671239376068, 'learning_rate': 7.21868365180467e-05, 'epoch': 10.51}
{'loss': 1.4463, 'grad_norm': 0.237280935049057, 'learning_rate': 7.216998618272503e-05, 'epoch': 10.51}
{'loss': 1.4461, 'grad_norm': 0.16866934299468994, 'learning_rate': 7.215313584740337e-05, 'epoch': 10.52}
{'loss': 1.4463, 'grad_norm': 0.2985624372959137, 'learning_rate': 7.21362855120817e-05, 'epoch': 10.52}
{'loss': 1.4442, 'grad_norm': 0.28751468658447266, 'learning_rate': 7.211943517676002e-05, 'epoch': 10.53}
{'loss': 1.4454, 'grad_norm': 0.27816879749298096, 'learning_rate': 7.210258484143835e-05, 'epoch': 10.53}
{'loss': 1.4457, 'grad_norm': 0.1709519922733307, 'learning_rate': 7.208573450611668e-05, 'epoch': 10.54}
{'loss': 1.4449, 'grad_norm': 0.2002803534269333, 'learning_rate': 7.2068884170795e-05, 'epoch': 10.54}
{'loss': 1.4462, 'grad_norm': 0.22568798065185547, 'learning_rate': 7.205203383547333e-05, 'epoch': 10.55}
{'loss': 1.4444, 'grad_norm': 0.2032773643732071, 'learning_rate': 7.203518350015166e-05, 'epoch': 10.55}
{'loss': 1.4461, 'grad_norm': 0.26993486285209656, 'learning_rate': 7.201833316483e-05, 'epoch': 10.56}
{'loss': 1.4434, 'grad_norm': 0.6561868190765381, 'learning_rate': 7.200148282950831e-05, 'epoch': 10.56}
{'loss': 1.4429, 'grad_norm': 0.1854165643453598, 'learning_rate': 7.198463249418663e-05, 'epoch': 10.56}
{'loss': 1.4458, 'grad_norm': 0.1809915453195572, 'learning_rate': 7.196778215886496e-05, 'epoch': 10.57}
{'loss': 1.4455, 'grad_norm': 0.2329998016357422, 'learning_rate': 7.19509318235433e-05, 'epoch': 10.57}
{'loss': 1.4453, 'grad_norm': 0.22893354296684265, 'learning_rate': 7.193408148822161e-05, 'epoch': 10.58}
{'loss': 1.447, 'grad_norm': 0.2507874369621277, 'learning_rate': 7.191723115289994e-05, 'epoch': 10.58}
{'loss': 1.4461, 'grad_norm': 0.27096226811408997, 'learning_rate': 7.190038081757828e-05, 'epoch': 10.59}
{'loss': 1.4465, 'grad_norm': 0.24668559432029724, 'learning_rate': 7.18835304822566e-05, 'epoch': 10.59}
{'loss': 1.4446, 'grad_norm': 0.24071544408798218, 'learning_rate': 7.186668014693493e-05, 'epoch': 10.6}
{'loss': 1.4462, 'grad_norm': 0.21220362186431885, 'learning_rate': 7.184982981161326e-05, 'epoch': 10.6}
{'loss': 1.4447, 'grad_norm': 0.25550535321235657, 'learning_rate': 7.183297947629159e-05, 'epoch': 10.61}
{'loss': 1.4455, 'grad_norm': 0.24528412520885468, 'learning_rate': 7.181612914096991e-05, 'epoch': 10.61}
{'loss': 1.4456, 'grad_norm': 0.2216612845659256, 'learning_rate': 7.179927880564824e-05, 'epoch': 10.61}
{'loss': 1.4461, 'grad_norm': 0.18879903852939606, 'learning_rate': 7.178242847032657e-05, 'epoch': 10.62}
{'loss': 1.4452, 'grad_norm': 0.2027590274810791, 'learning_rate': 7.176557813500489e-05, 'epoch': 10.62}
{'loss': 1.4451, 'grad_norm': 0.2241397500038147, 'learning_rate': 7.174872779968321e-05, 'epoch': 10.63}
{'loss': 1.4452, 'grad_norm': 0.2620788812637329, 'learning_rate': 7.173187746436154e-05, 'epoch': 10.63}
{'loss': 1.4457, 'grad_norm': 0.20145685970783234, 'learning_rate': 7.171502712903987e-05, 'epoch': 10.64}
{'loss': 1.4458, 'grad_norm': 0.22220364212989807, 'learning_rate': 7.169817679371819e-05, 'epoch': 10.64}
{'loss': 1.4452, 'grad_norm': 0.1677604466676712, 'learning_rate': 7.168132645839652e-05, 'epoch': 10.65}
{'loss': 1.4458, 'grad_norm': 0.2710590064525604, 'learning_rate': 7.166447612307486e-05, 'epoch': 10.65}
{'loss': 1.4444, 'grad_norm': 0.22632069885730743, 'learning_rate': 7.164762578775319e-05, 'epoch': 10.66}
{'loss': 1.4451, 'grad_norm': 0.4633505046367645, 'learning_rate': 7.16307754524315e-05, 'epoch': 10.66}
{'loss': 1.4464, 'grad_norm': 0.3488975763320923, 'learning_rate': 7.161392511710984e-05, 'epoch': 10.66}
{'loss': 1.445, 'grad_norm': 0.18531525135040283, 'learning_rate': 7.159707478178817e-05, 'epoch': 10.67}
{'loss': 1.4455, 'grad_norm': 0.49936509132385254, 'learning_rate': 7.158022444646649e-05, 'epoch': 10.67}
{'loss': 1.4451, 'grad_norm': 0.21848148107528687, 'learning_rate': 7.15633741111448e-05, 'epoch': 10.68}
{'loss': 1.4462, 'grad_norm': 0.23181498050689697, 'learning_rate': 7.154652377582314e-05, 'epoch': 10.68}
{'loss': 1.4453, 'grad_norm': 0.3887738883495331, 'learning_rate': 7.152967344050147e-05, 'epoch': 10.69}
{'loss': 1.4444, 'grad_norm': 0.17159956693649292, 'learning_rate': 7.151282310517979e-05, 'epoch': 10.69}
{'loss': 1.4459, 'grad_norm': 0.8474977016448975, 'learning_rate': 7.149597276985812e-05, 'epoch': 10.7}
{'loss': 1.4468, 'grad_norm': 0.23933297395706177, 'learning_rate': 7.147912243453645e-05, 'epoch': 10.7}
{'loss': 1.4495, 'grad_norm': 0.29355448484420776, 'learning_rate': 7.146227209921478e-05, 'epoch': 10.71}
{'loss': 1.4476, 'grad_norm': 0.34179505705833435, 'learning_rate': 7.14454217638931e-05, 'epoch': 10.71}
{'loss': 1.4466, 'grad_norm': 0.3451598584651947, 'learning_rate': 7.142857142857143e-05, 'epoch': 10.71}
{'loss': 1.4465, 'grad_norm': 0.21356220543384552, 'learning_rate': 7.141172109324977e-05, 'epoch': 10.72}
{'loss': 1.4468, 'grad_norm': 0.16596625745296478, 'learning_rate': 7.139487075792808e-05, 'epoch': 10.72}
{'loss': 1.447, 'grad_norm': 0.3790607154369354, 'learning_rate': 7.137802042260642e-05, 'epoch': 10.73}
{'loss': 1.4462, 'grad_norm': 0.6061295866966248, 'learning_rate': 7.136117008728475e-05, 'epoch': 10.73}
{'loss': 1.4476, 'grad_norm': 0.2403838187456131, 'learning_rate': 7.134431975196307e-05, 'epoch': 10.74}
{'loss': 1.4455, 'grad_norm': 0.32204321026802063, 'learning_rate': 7.132746941664138e-05, 'epoch': 10.74}
{'loss': 1.4469, 'grad_norm': 0.2015165090560913, 'learning_rate': 7.131061908131972e-05, 'epoch': 10.75}
{'loss': 1.4462, 'grad_norm': 0.25022831559181213, 'learning_rate': 7.129376874599805e-05, 'epoch': 10.75}
{'loss': 1.4485, 'grad_norm': 0.2519508898258209, 'learning_rate': 7.127691841067638e-05, 'epoch': 10.76}
{'loss': 1.4444, 'grad_norm': 0.3383147418498993, 'learning_rate': 7.12600680753547e-05, 'epoch': 10.76}
{'loss': 1.4444, 'grad_norm': 0.21776770055294037, 'learning_rate': 7.124321774003303e-05, 'epoch': 10.76}
{'loss': 1.4465, 'grad_norm': 0.22645799815654755, 'learning_rate': 7.122636740471136e-05, 'epoch': 10.77}
{'loss': 1.4459, 'grad_norm': 0.24244537949562073, 'learning_rate': 7.120951706938968e-05, 'epoch': 10.77}
{'loss': 1.4473, 'grad_norm': 0.7013069987297058, 'learning_rate': 7.119266673406801e-05, 'epoch': 10.78}
{'loss': 1.4463, 'grad_norm': 0.33492985367774963, 'learning_rate': 7.117581639874634e-05, 'epoch': 10.78}
{'loss': 1.4495, 'grad_norm': 0.3920002281665802, 'learning_rate': 7.115896606342468e-05, 'epoch': 10.79}
{'loss': 1.448, 'grad_norm': 0.18824386596679688, 'learning_rate': 7.1142115728103e-05, 'epoch': 10.79}
{'loss': 1.446, 'grad_norm': 0.1926528960466385, 'learning_rate': 7.112526539278131e-05, 'epoch': 10.8}
{'loss': 1.4456, 'grad_norm': 0.39224833250045776, 'learning_rate': 7.110841505745964e-05, 'epoch': 10.8}
{'loss': 1.4463, 'grad_norm': 0.22398915886878967, 'learning_rate': 7.109156472213798e-05, 'epoch': 10.81}
{'loss': 1.4463, 'grad_norm': 0.20153795182704926, 'learning_rate': 7.10747143868163e-05, 'epoch': 10.81}
{'loss': 1.4451, 'grad_norm': 0.23094132542610168, 'learning_rate': 7.105786405149463e-05, 'epoch': 10.81}
{'loss': 1.4469, 'grad_norm': 0.19256749749183655, 'learning_rate': 7.104101371617296e-05, 'epoch': 10.82}
{'loss': 1.446, 'grad_norm': 0.20731794834136963, 'learning_rate': 7.102416338085128e-05, 'epoch': 10.82}
{'loss': 1.4485, 'grad_norm': 0.24847914278507233, 'learning_rate': 7.100731304552961e-05, 'epoch': 10.83}
{'loss': 1.4475, 'grad_norm': 0.4208565056324005, 'learning_rate': 7.099046271020794e-05, 'epoch': 10.83}
{'loss': 1.4459, 'grad_norm': 0.2529023587703705, 'learning_rate': 7.097361237488627e-05, 'epoch': 10.84}
{'loss': 1.4491, 'grad_norm': 0.2701770067214966, 'learning_rate': 7.095676203956459e-05, 'epoch': 10.84}
{'loss': 1.4471, 'grad_norm': 0.20876900851726532, 'learning_rate': 7.093991170424292e-05, 'epoch': 10.85}
{'loss': 1.4461, 'grad_norm': 0.4026522636413574, 'learning_rate': 7.092306136892124e-05, 'epoch': 10.85}
{'loss': 1.4465, 'grad_norm': 0.2626945376396179, 'learning_rate': 7.090621103359957e-05, 'epoch': 10.86}
{'loss': 1.4457, 'grad_norm': 0.261206716299057, 'learning_rate': 7.088936069827789e-05, 'epoch': 10.86}
{'loss': 1.4463, 'grad_norm': 0.21200692653656006, 'learning_rate': 7.087251036295622e-05, 'epoch': 10.86}
{'loss': 1.4474, 'grad_norm': 0.27622678875923157, 'learning_rate': 7.085566002763456e-05, 'epoch': 10.87}
{'loss': 1.4482, 'grad_norm': 0.2150915265083313, 'learning_rate': 7.083880969231287e-05, 'epoch': 10.87}
{'loss': 1.4475, 'grad_norm': 0.19368676841259003, 'learning_rate': 7.08219593569912e-05, 'epoch': 10.88}
{'loss': 1.4474, 'grad_norm': 0.3333296477794647, 'learning_rate': 7.080510902166954e-05, 'epoch': 10.88}
{'loss': 1.4495, 'grad_norm': 0.1937941312789917, 'learning_rate': 7.078825868634787e-05, 'epoch': 10.89}
{'loss': 1.4473, 'grad_norm': 0.21159298717975616, 'learning_rate': 7.077140835102619e-05, 'epoch': 10.89}
{'loss': 1.4478, 'grad_norm': 0.20225802063941956, 'learning_rate': 7.075455801570452e-05, 'epoch': 10.9}
{'loss': 1.4477, 'grad_norm': 0.34745651483535767, 'learning_rate': 7.073770768038285e-05, 'epoch': 10.9}
{'loss': 1.4481, 'grad_norm': 0.42587122321128845, 'learning_rate': 7.072085734506117e-05, 'epoch': 10.91}
{'loss': 1.4461, 'grad_norm': 0.23974616825580597, 'learning_rate': 7.070400700973949e-05, 'epoch': 10.91}
{'loss': 1.4476, 'grad_norm': 0.5622188448905945, 'learning_rate': 7.068715667441782e-05, 'epoch': 10.91}
{'loss': 1.4491, 'grad_norm': 0.21645252406597137, 'learning_rate': 7.067030633909615e-05, 'epoch': 10.92}
pred : ardent in the prosecution of heresy cyril auspiciously opened his reign by oppressing the novations the most innocent and harmless of the sectaries
label: ardent in the prosecution of heresy cyril auspiciously opened his reign by oppressing the novatians the most innocent and harmless of the sectaries
pred : without any legal sentence without any royal mandate the patriarch at the dawn of day led a seditious multitude to the attack of the synagogues
label: without any legal sentence without any royal mandate the patriarch at the dawn of day led a seditious multitude to the attack of the synagogues
pred : such crimes would have deserved the animadversion of the magistrate but in this promiscuous outrage the innocent were confounded with the guilty and alexandria was impoverished by the loss of a wealthy and industrious colony
label: such crimes would have deserved the animadversion of the magistrate but in this promiscuous outrage the innocent were confounded with the guilty and alexandria was impoverished by the loss of a wealthy and industrious colony
pred : ardent in the prosecution of heresy cyril auspiciously opened his reign by oppressing the novations the most innocent and harmless of the sectaries
label: ardent in the prosecution of heresy cyril auspiciously opened his reign by oppressing the novatians the most innocent and harmless of the sectaries
pred : without any legal sentence without any royal mandate the patriarch at the dawn of day led a seditious multitude to the attack of the synagogues
label: without any legal sentence without any royal mandate the patriarch at the dawn of day led a seditious multitude to the attack of the synagogues
pred : such crimes would have deserved the animadversion of the magistrate but in this promiscuous outrage the innocent were confounded with the guilty and alexandria was impoverished by the loss of a wealthy and industrious colony
label: such crimes would have deserved the animadversion of the magistrate but in this promiscuous outrage the innocent were confounded with the guilty and alexandria was impoverished by the loss of a wealthy and industrious colony
pred : ardent in the prosecution of heresy cyril auspiciously opened his reign by oppressing the novations the most innocent and harmless of the sectaries
label: ardent in the prosecution of heresy cyril auspiciously opened his reign by oppressing the novatians the most innocent and harmless of the sectaries
pred : without any legal sentence without any royal mandate the patriarch at the dawn of day led a seditious multitude to the attack of the synagogues
label: without any legal sentence without any royal mandate the patriarch at the dawn of day led a seditious multitude to the attack of the synagogues
pred : such crimes would have deserved the animadversion of the magistrate but in this promiscuous outrage the innocent were confounded with the guilty and alexandria was impoverished by the loss of a wealthy and industrious colony
label: such crimes would have deserved the animadversion of the magistrate but in this promiscuous outrage the innocent were confounded with the guilty and alexandria was impoverished by the loss of a wealthy and industrious colony
pred : ardent in the prosecution of heresy cyril auspiciously opened his reign by oppressing the novations the most innocent and harmless of the sectaries
label: ardent in the prosecution of heresy cyril auspiciously opened his reign by oppressing the novatians the most innocent and harmless of the sectaries
pred : without any legal sentence without any royal mandate the patriarch at the dawn of day led a seditious multitude to the attack of the synagogues
label: without any legal sentence without any royal mandate the patriarch at the dawn of day led a seditious multitude to the attack of the synagogues
pred : such crimes would have deserved the animadversion of the magistrate but in this promiscuous outrage the innocent were confounded with the guilty and alexandria was impoverished by the loss of a wealthy and industrious colony
label: such crimes would have deserved the animadversion of the magistrate but in this promiscuous outrage the innocent were confounded with the guilty and alexandria was impoverished by the loss of a wealthy and industrious colony
{'eval_loss': 1.594204306602478, 'eval_bleu': 96.59148586036632, 'eval_wer': 0.018572119992787527, 'eval_cer': 0.008929698460384381, 'eval_rouge1': 0.9841069778319692, 'eval_rouge2': 0.9710186229877817, 'eval_rougeL': 0.9840659078112193, 'eval_runtime': 95.2399, 'eval_samples_per_second': 58.452, 'eval_steps_per_second': 0.304, 'epoch': 10.92}
{'loss': 1.4461, 'grad_norm': 0.20702777802944183, 'learning_rate': 7.065345600377447e-05, 'epoch': 10.92}
{'loss': 1.449, 'grad_norm': 0.422439843416214, 'learning_rate': 7.06366056684528e-05, 'epoch': 10.93}
{'loss': 1.446, 'grad_norm': 0.31982746720314026, 'learning_rate': 7.061975533313113e-05, 'epoch': 10.93}
{'loss': 1.4479, 'grad_norm': 0.22586089372634888, 'learning_rate': 7.060290499780947e-05, 'epoch': 10.94}
{'loss': 1.4494, 'grad_norm': 0.23818109929561615, 'learning_rate': 7.058605466248778e-05, 'epoch': 10.94}
{'loss': 1.4502, 'grad_norm': 0.24139560759067535, 'learning_rate': 7.056920432716612e-05, 'epoch': 10.95}
{'loss': 1.4472, 'grad_norm': 0.28817933797836304, 'learning_rate': 7.055235399184445e-05, 'epoch': 10.95}
{'loss': 1.4459, 'grad_norm': 0.20001859962940216, 'learning_rate': 7.053550365652277e-05, 'epoch': 10.96}
{'loss': 1.446, 'grad_norm': 0.21368686854839325, 'learning_rate': 7.05186533212011e-05, 'epoch': 10.96}
{'loss': 1.4462, 'grad_norm': 0.48879915475845337, 'learning_rate': 7.050180298587942e-05, 'epoch': 10.96}
{'loss': 1.4458, 'grad_norm': 0.2274237722158432, 'learning_rate': 7.048495265055775e-05, 'epoch': 10.97}
{'loss': 1.4459, 'grad_norm': 0.24994872510433197, 'learning_rate': 7.046810231523607e-05, 'epoch': 10.97}
{'loss': 1.4452, 'grad_norm': 0.22257596254348755, 'learning_rate': 7.04512519799144e-05, 'epoch': 10.98}
{'loss': 1.4458, 'grad_norm': 0.2381148487329483, 'learning_rate': 7.043440164459273e-05, 'epoch': 10.98}
{'loss': 1.4469, 'grad_norm': 0.24027463793754578, 'learning_rate': 7.041755130927106e-05, 'epoch': 10.99}
{'loss': 1.4458, 'grad_norm': 0.2453400194644928, 'learning_rate': 7.040070097394938e-05, 'epoch': 10.99}
{'loss': 1.4442, 'grad_norm': 0.2060624063014984, 'learning_rate': 7.038385063862771e-05, 'epoch': 11.0}
{'loss': 1.4465, 'grad_norm': 0.2804420590400696, 'learning_rate': 7.036700030330604e-05, 'epoch': 11.0}
{'loss': 1.4413, 'grad_norm': 0.18037185072898865, 'learning_rate': 7.035014996798436e-05, 'epoch': 11.01}
{'loss': 1.4418, 'grad_norm': 0.21707847714424133, 'learning_rate': 7.03332996326627e-05, 'epoch': 11.01}
{'loss': 1.4421, 'grad_norm': 0.907958447933197, 'learning_rate': 7.031644929734103e-05, 'epoch': 11.01}
{'loss': 1.4414, 'grad_norm': 0.1643976867198944, 'learning_rate': 7.029959896201936e-05, 'epoch': 11.02}
{'loss': 1.4407, 'grad_norm': 0.24901354312896729, 'learning_rate': 7.028274862669766e-05, 'epoch': 11.02}
{'loss': 1.443, 'grad_norm': 0.2119249552488327, 'learning_rate': 7.0265898291376e-05, 'epoch': 11.03}
{'loss': 1.4434, 'grad_norm': 0.21749038994312286, 'learning_rate': 7.024904795605433e-05, 'epoch': 11.03}
{'loss': 1.4416, 'grad_norm': 0.31461915373802185, 'learning_rate': 7.023219762073266e-05, 'epoch': 11.04}
{'loss': 1.4423, 'grad_norm': 0.1800074577331543, 'learning_rate': 7.021534728541098e-05, 'epoch': 11.04}
{'loss': 1.4423, 'grad_norm': 0.2263544201850891, 'learning_rate': 7.019849695008931e-05, 'epoch': 11.05}
{'loss': 1.4419, 'grad_norm': 0.161323681473732, 'learning_rate': 7.018164661476764e-05, 'epoch': 11.05}
{'loss': 1.4403, 'grad_norm': 0.15130102634429932, 'learning_rate': 7.016479627944596e-05, 'epoch': 11.06}
{'loss': 1.4396, 'grad_norm': 0.541972815990448, 'learning_rate': 7.014794594412429e-05, 'epoch': 11.06}
{'loss': 1.4405, 'grad_norm': 0.21138235926628113, 'learning_rate': 7.013109560880262e-05, 'epoch': 11.06}
{'loss': 1.4438, 'grad_norm': 0.1834232658147812, 'learning_rate': 7.011424527348096e-05, 'epoch': 11.07}
{'loss': 1.4443, 'grad_norm': 0.6866723895072937, 'learning_rate': 7.009739493815927e-05, 'epoch': 11.07}
{'loss': 1.4419, 'grad_norm': 0.21119798719882965, 'learning_rate': 7.008054460283759e-05, 'epoch': 11.08}
{'loss': 1.4458, 'grad_norm': 0.38983023166656494, 'learning_rate': 7.006369426751592e-05, 'epoch': 11.08}
{'loss': 1.4427, 'grad_norm': 0.17431217432022095, 'learning_rate': 7.004684393219426e-05, 'epoch': 11.09}
{'loss': 1.442, 'grad_norm': 0.22063839435577393, 'learning_rate': 7.002999359687257e-05, 'epoch': 11.09}
{'loss': 1.4446, 'grad_norm': 0.3373395800590515, 'learning_rate': 7.00131432615509e-05, 'epoch': 11.1}
{'loss': 1.443, 'grad_norm': 0.180724635720253, 'learning_rate': 6.999629292622924e-05, 'epoch': 11.1}
{'loss': 1.4425, 'grad_norm': 0.33405449986457825, 'learning_rate': 6.997944259090756e-05, 'epoch': 11.11}
{'loss': 1.4407, 'grad_norm': 0.4325689375400543, 'learning_rate': 6.996259225558589e-05, 'epoch': 11.11}
{'loss': 1.4423, 'grad_norm': 0.26075050234794617, 'learning_rate': 6.994574192026422e-05, 'epoch': 11.11}
{'loss': 1.4437, 'grad_norm': 0.2995730936527252, 'learning_rate': 6.992889158494255e-05, 'epoch': 11.12}
{'loss': 1.4401, 'grad_norm': 0.20482078194618225, 'learning_rate': 6.991204124962087e-05, 'epoch': 11.12}
{'loss': 1.4422, 'grad_norm': 0.277253657579422, 'learning_rate': 6.98951909142992e-05, 'epoch': 11.13}
{'loss': 1.4435, 'grad_norm': 0.22189615666866302, 'learning_rate': 6.987834057897753e-05, 'epoch': 11.13}
{'loss': 1.4422, 'grad_norm': 0.21011099219322205, 'learning_rate': 6.986149024365585e-05, 'epoch': 11.14}
{'loss': 1.4415, 'grad_norm': 1.0277595520019531, 'learning_rate': 6.984463990833417e-05, 'epoch': 11.14}
{'loss': 1.4422, 'grad_norm': 0.254239559173584, 'learning_rate': 6.98277895730125e-05, 'epoch': 11.15}
{'loss': 1.4418, 'grad_norm': 0.28892695903778076, 'learning_rate': 6.981093923769083e-05, 'epoch': 11.15}
{'loss': 1.4441, 'grad_norm': 0.16751624643802643, 'learning_rate': 6.979408890236915e-05, 'epoch': 11.16}
{'loss': 1.4418, 'grad_norm': 0.462705135345459, 'learning_rate': 6.977723856704748e-05, 'epoch': 11.16}
{'loss': 1.4426, 'grad_norm': 0.2398369461297989, 'learning_rate': 6.976038823172582e-05, 'epoch': 11.16}
{'loss': 1.4431, 'grad_norm': 0.6254886984825134, 'learning_rate': 6.974353789640415e-05, 'epoch': 11.17}
{'loss': 1.4435, 'grad_norm': 0.4734658896923065, 'learning_rate': 6.972668756108247e-05, 'epoch': 11.17}
{'loss': 1.4431, 'grad_norm': 0.5161292552947998, 'learning_rate': 6.97098372257608e-05, 'epoch': 11.18}
{'loss': 1.4429, 'grad_norm': 0.24848155677318573, 'learning_rate': 6.969298689043913e-05, 'epoch': 11.18}
{'loss': 1.4421, 'grad_norm': 0.30821487307548523, 'learning_rate': 6.967613655511745e-05, 'epoch': 11.19}
{'loss': 1.4415, 'grad_norm': 0.1570225954055786, 'learning_rate': 6.965928621979577e-05, 'epoch': 11.19}
{'loss': 1.4408, 'grad_norm': 0.1807968020439148, 'learning_rate': 6.96424358844741e-05, 'epoch': 11.2}
{'loss': 1.4398, 'grad_norm': 0.2034236490726471, 'learning_rate': 6.962558554915243e-05, 'epoch': 11.2}
{'loss': 1.4432, 'grad_norm': 0.5668982863426208, 'learning_rate': 6.960873521383075e-05, 'epoch': 11.21}
{'loss': 1.443, 'grad_norm': 0.18632933497428894, 'learning_rate': 6.959188487850908e-05, 'epoch': 11.21}
{'loss': 1.4425, 'grad_norm': 0.19384726881980896, 'learning_rate': 6.957503454318741e-05, 'epoch': 11.21}
{'loss': 1.4419, 'grad_norm': 1.4051427841186523, 'learning_rate': 6.955818420786574e-05, 'epoch': 11.22}
{'loss': 1.4433, 'grad_norm': 0.39755141735076904, 'learning_rate': 6.954133387254406e-05, 'epoch': 11.22}
{'loss': 1.441, 'grad_norm': 0.3505644202232361, 'learning_rate': 6.95244835372224e-05, 'epoch': 11.23}
{'loss': 1.442, 'grad_norm': 0.2035745531320572, 'learning_rate': 6.950763320190073e-05, 'epoch': 11.23}
{'loss': 1.4439, 'grad_norm': 0.22461625933647156, 'learning_rate': 6.949078286657905e-05, 'epoch': 11.24}
{'loss': 1.4417, 'grad_norm': 0.15935750305652618, 'learning_rate': 6.947393253125738e-05, 'epoch': 11.24}
{'loss': 1.4431, 'grad_norm': 0.3162841200828552, 'learning_rate': 6.945708219593571e-05, 'epoch': 11.25}
{'loss': 1.4409, 'grad_norm': 0.273451566696167, 'learning_rate': 6.944023186061403e-05, 'epoch': 11.25}
{'loss': 1.4417, 'grad_norm': 0.25027453899383545, 'learning_rate': 6.942338152529236e-05, 'epoch': 11.26}
{'loss': 1.441, 'grad_norm': 0.2335093766450882, 'learning_rate': 6.940653118997068e-05, 'epoch': 11.26}
{'loss': 1.4424, 'grad_norm': 0.4306447505950928, 'learning_rate': 6.938968085464901e-05, 'epoch': 11.26}
{'loss': 1.441, 'grad_norm': 0.16770541667938232, 'learning_rate': 6.937283051932734e-05, 'epoch': 11.27}
{'loss': 1.4425, 'grad_norm': 0.27926352620124817, 'learning_rate': 6.935598018400566e-05, 'epoch': 11.27}
{'loss': 1.4412, 'grad_norm': 0.17603528499603271, 'learning_rate': 6.933912984868399e-05, 'epoch': 11.28}
{'loss': 1.443, 'grad_norm': 0.2654469907283783, 'learning_rate': 6.932227951336232e-05, 'epoch': 11.28}
{'loss': 1.4426, 'grad_norm': 0.2607012987136841, 'learning_rate': 6.930542917804064e-05, 'epoch': 11.29}
{'loss': 1.442, 'grad_norm': 0.19054315984249115, 'learning_rate': 6.928857884271897e-05, 'epoch': 11.29}
{'loss': 1.4421, 'grad_norm': 0.5114149451255798, 'learning_rate': 6.92717285073973e-05, 'epoch': 11.3}
{'loss': 1.4415, 'grad_norm': 0.168870747089386, 'learning_rate': 6.925487817207564e-05, 'epoch': 11.3}
{'loss': 1.4419, 'grad_norm': 0.30399587750434875, 'learning_rate': 6.923802783675396e-05, 'epoch': 11.31}
{'loss': 1.4407, 'grad_norm': 0.23495128750801086, 'learning_rate': 6.922117750143227e-05, 'epoch': 11.31}
{'loss': 1.4436, 'grad_norm': 0.4018743932247162, 'learning_rate': 6.92043271661106e-05, 'epoch': 11.31}
{'loss': 1.4425, 'grad_norm': 0.35720932483673096, 'learning_rate': 6.918747683078894e-05, 'epoch': 11.32}
{'loss': 1.4429, 'grad_norm': 0.1859472244977951, 'learning_rate': 6.917062649546726e-05, 'epoch': 11.32}
{'loss': 1.4416, 'grad_norm': 0.2341732233762741, 'learning_rate': 6.915377616014559e-05, 'epoch': 11.33}
{'loss': 1.4423, 'grad_norm': 0.18273086845874786, 'learning_rate': 6.913692582482392e-05, 'epoch': 11.33}
{'loss': 1.4421, 'grad_norm': 0.16358287632465363, 'learning_rate': 6.912007548950224e-05, 'epoch': 11.34}
{'loss': 1.4414, 'grad_norm': 0.25332579016685486, 'learning_rate': 6.910322515418057e-05, 'epoch': 11.34}
{'loss': 1.4425, 'grad_norm': 0.1485625058412552, 'learning_rate': 6.90863748188589e-05, 'epoch': 11.35}
{'loss': 1.4418, 'grad_norm': 0.20534271001815796, 'learning_rate': 6.906952448353723e-05, 'epoch': 11.35}
{'loss': 1.4439, 'grad_norm': 0.5746393799781799, 'learning_rate': 6.905267414821555e-05, 'epoch': 11.36}
{'loss': 1.4439, 'grad_norm': 0.44303974509239197, 'learning_rate': 6.903582381289388e-05, 'epoch': 11.36}
{'loss': 1.4412, 'grad_norm': 0.3806517422199249, 'learning_rate': 6.90189734775722e-05, 'epoch': 11.36}
{'loss': 1.4423, 'grad_norm': 0.5364415645599365, 'learning_rate': 6.900212314225053e-05, 'epoch': 11.37}
{'loss': 1.4432, 'grad_norm': 0.1689806431531906, 'learning_rate': 6.898527280692885e-05, 'epoch': 11.37}
{'loss': 1.4428, 'grad_norm': 0.22190938889980316, 'learning_rate': 6.896842247160718e-05, 'epoch': 11.38}
{'loss': 1.4424, 'grad_norm': 0.3629046082496643, 'learning_rate': 6.895157213628552e-05, 'epoch': 11.38}
{'loss': 1.4445, 'grad_norm': 0.1855822056531906, 'learning_rate': 6.893472180096385e-05, 'epoch': 11.39}
{'loss': 1.4413, 'grad_norm': 0.17895565927028656, 'learning_rate': 6.891787146564217e-05, 'epoch': 11.39}
{'loss': 1.4635, 'grad_norm': 0.4601013958454132, 'learning_rate': 6.89010211303205e-05, 'epoch': 11.4}
{'loss': 1.45, 'grad_norm': 0.40497198700904846, 'learning_rate': 6.888417079499883e-05, 'epoch': 11.4}
{'loss': 1.4452, 'grad_norm': 0.2579185962677002, 'learning_rate': 6.886732045967715e-05, 'epoch': 11.41}
{'loss': 1.4474, 'grad_norm': 0.35350659489631653, 'learning_rate': 6.885047012435548e-05, 'epoch': 11.41}
{'loss': 1.4432, 'grad_norm': 0.21835416555404663, 'learning_rate': 6.883361978903381e-05, 'epoch': 11.41}
{'loss': 1.4443, 'grad_norm': 0.5001394748687744, 'learning_rate': 6.881676945371213e-05, 'epoch': 11.42}
{'loss': 1.4445, 'grad_norm': 0.47777384519577026, 'learning_rate': 6.879991911839045e-05, 'epoch': 11.42}
{'loss': 1.4426, 'grad_norm': 0.18088960647583008, 'learning_rate': 6.878306878306878e-05, 'epoch': 11.43}
{'loss': 1.4431, 'grad_norm': 0.22168831527233124, 'learning_rate': 6.876621844774711e-05, 'epoch': 11.43}
{'loss': 1.441, 'grad_norm': 0.5098649263381958, 'learning_rate': 6.874936811242544e-05, 'epoch': 11.44}
{'loss': 1.4422, 'grad_norm': 0.3657458424568176, 'learning_rate': 6.873251777710376e-05, 'epoch': 11.44}
{'loss': 1.4403, 'grad_norm': 0.20214350521564484, 'learning_rate': 6.87156674417821e-05, 'epoch': 11.45}
{'loss': 1.4431, 'grad_norm': 0.18678566813468933, 'learning_rate': 6.869881710646043e-05, 'epoch': 11.45}
{'loss': 1.4416, 'grad_norm': 0.17234057188034058, 'learning_rate': 6.868196677113875e-05, 'epoch': 11.46}
{'loss': 1.4411, 'grad_norm': 0.19286322593688965, 'learning_rate': 6.866511643581708e-05, 'epoch': 11.46}
{'loss': 1.4428, 'grad_norm': 0.22510765492916107, 'learning_rate': 6.864826610049541e-05, 'epoch': 11.46}
{'loss': 1.4445, 'grad_norm': 0.2997416853904724, 'learning_rate': 6.863141576517374e-05, 'epoch': 11.47}
{'loss': 1.4449, 'grad_norm': 0.21341246366500854, 'learning_rate': 6.861456542985206e-05, 'epoch': 11.47}
{'loss': 1.4459, 'grad_norm': 0.4389120638370514, 'learning_rate': 6.859771509453038e-05, 'epoch': 11.48}
{'loss': 1.4631, 'grad_norm': 0.4946860373020172, 'learning_rate': 6.858086475920871e-05, 'epoch': 11.48}
{'loss': 1.4602, 'grad_norm': 0.31928497552871704, 'learning_rate': 6.856401442388704e-05, 'epoch': 11.49}
{'loss': 1.4588, 'grad_norm': 1.0932224988937378, 'learning_rate': 6.854716408856536e-05, 'epoch': 11.49}
{'loss': 1.4503, 'grad_norm': 0.35079193115234375, 'learning_rate': 6.853031375324369e-05, 'epoch': 11.5}
{'loss': 1.4458, 'grad_norm': 0.9202094078063965, 'learning_rate': 6.851346341792202e-05, 'epoch': 11.5}
{'loss': 1.4486, 'grad_norm': 0.48994943499565125, 'learning_rate': 6.849661308260034e-05, 'epoch': 11.51}
{'loss': 1.4472, 'grad_norm': 0.26095229387283325, 'learning_rate': 6.847976274727867e-05, 'epoch': 11.51}
{'loss': 1.4453, 'grad_norm': 0.2325286865234375, 'learning_rate': 6.8462912411957e-05, 'epoch': 11.52}
{'loss': 1.4453, 'grad_norm': 0.17223605513572693, 'learning_rate': 6.844606207663534e-05, 'epoch': 11.52}
{'loss': 1.4446, 'grad_norm': 0.21903102099895477, 'learning_rate': 6.842921174131366e-05, 'epoch': 11.52}
{'loss': 1.4431, 'grad_norm': 0.18756899237632751, 'learning_rate': 6.841236140599199e-05, 'epoch': 11.53}
{'loss': 1.4463, 'grad_norm': 0.23579464852809906, 'learning_rate': 6.839551107067032e-05, 'epoch': 11.53}
{'loss': 1.4443, 'grad_norm': 0.23409871757030487, 'learning_rate': 6.837866073534864e-05, 'epoch': 11.54}
{'loss': 1.4455, 'grad_norm': 0.2509324550628662, 'learning_rate': 6.836181040002696e-05, 'epoch': 11.54}
{'loss': 1.445, 'grad_norm': 0.33435681462287903, 'learning_rate': 6.834496006470529e-05, 'epoch': 11.55}
{'loss': 1.4449, 'grad_norm': 0.21810071170330048, 'learning_rate': 6.832810972938362e-05, 'epoch': 11.55}
{'loss': 1.4425, 'grad_norm': 0.4327276945114136, 'learning_rate': 6.831125939406194e-05, 'epoch': 11.56}
{'loss': 1.4494, 'grad_norm': 0.1437987983226776, 'learning_rate': 6.829440905874027e-05, 'epoch': 11.56}
{'loss': 1.4433, 'grad_norm': 0.2462751865386963, 'learning_rate': 6.82775587234186e-05, 'epoch': 11.57}
{'loss': 1.4432, 'grad_norm': 0.1592075526714325, 'learning_rate': 6.826070838809693e-05, 'epoch': 11.57}
{'loss': 1.4481, 'grad_norm': 0.21700419485569, 'learning_rate': 6.824385805277525e-05, 'epoch': 11.57}
{'loss': 1.4441, 'grad_norm': 0.23263946175575256, 'learning_rate': 6.822700771745358e-05, 'epoch': 11.58}
{'loss': 1.4457, 'grad_norm': 0.18086837232112885, 'learning_rate': 6.821015738213192e-05, 'epoch': 11.58}
{'loss': 1.444, 'grad_norm': 0.2810201048851013, 'learning_rate': 6.819330704681023e-05, 'epoch': 11.59}
{'loss': 1.4427, 'grad_norm': 0.2823597192764282, 'learning_rate': 6.817645671148855e-05, 'epoch': 11.59}
{'loss': 1.4428, 'grad_norm': 0.2621869444847107, 'learning_rate': 6.815960637616688e-05, 'epoch': 11.6}
{'loss': 1.4436, 'grad_norm': 0.1972985565662384, 'learning_rate': 6.814275604084522e-05, 'epoch': 11.6}
{'loss': 1.4431, 'grad_norm': 0.2102189064025879, 'learning_rate': 6.812590570552354e-05, 'epoch': 11.61}
{'loss': 1.4424, 'grad_norm': 0.2644069194793701, 'learning_rate': 6.810905537020187e-05, 'epoch': 11.61}
{'loss': 1.4451, 'grad_norm': 0.40304285287857056, 'learning_rate': 6.80922050348802e-05, 'epoch': 11.62}
{'loss': 1.4418, 'grad_norm': 0.15584763884544373, 'learning_rate': 6.807535469955853e-05, 'epoch': 11.62}
{'loss': 1.4428, 'grad_norm': 0.17871779203414917, 'learning_rate': 6.805850436423685e-05, 'epoch': 11.62}
{'loss': 1.4405, 'grad_norm': 0.6561492085456848, 'learning_rate': 6.804165402891518e-05, 'epoch': 11.63}
{'loss': 1.4433, 'grad_norm': 0.25338390469551086, 'learning_rate': 6.802480369359351e-05, 'epoch': 11.63}
{'loss': 1.4419, 'grad_norm': 0.2647441327571869, 'learning_rate': 6.800795335827183e-05, 'epoch': 11.64}
{'loss': 1.4448, 'grad_norm': 0.1816093474626541, 'learning_rate': 6.799110302295016e-05, 'epoch': 11.64}
{'loss': 1.4421, 'grad_norm': 0.16884134709835052, 'learning_rate': 6.79742526876285e-05, 'epoch': 11.65}
{'loss': 1.4446, 'grad_norm': 0.24691423773765564, 'learning_rate': 6.795740235230681e-05, 'epoch': 11.65}
{'loss': 1.443, 'grad_norm': 0.2495698481798172, 'learning_rate': 6.794055201698513e-05, 'epoch': 11.66}
{'loss': 1.4482, 'grad_norm': 0.3571942448616028, 'learning_rate': 6.792370168166346e-05, 'epoch': 11.66}
{'loss': 1.4471, 'grad_norm': 0.22446705400943756, 'learning_rate': 6.79068513463418e-05, 'epoch': 11.67}
{'loss': 1.4439, 'grad_norm': 0.23087243735790253, 'learning_rate': 6.789000101102013e-05, 'epoch': 11.67}
{'loss': 1.4438, 'grad_norm': 0.15521396696567535, 'learning_rate': 6.787315067569845e-05, 'epoch': 11.67}
{'loss': 1.4431, 'grad_norm': 0.20147335529327393, 'learning_rate': 6.785630034037678e-05, 'epoch': 11.68}
{'loss': 1.4423, 'grad_norm': 0.22277112305164337, 'learning_rate': 6.783945000505511e-05, 'epoch': 11.68}
{'loss': 1.4418, 'grad_norm': 0.26035404205322266, 'learning_rate': 6.782259966973343e-05, 'epoch': 11.69}
{'loss': 1.4419, 'grad_norm': 0.6667747497558594, 'learning_rate': 6.780574933441176e-05, 'epoch': 11.69}
{'loss': 1.4424, 'grad_norm': 0.25242799520492554, 'learning_rate': 6.778889899909009e-05, 'epoch': 11.7}
{'loss': 1.4437, 'grad_norm': 0.2078281044960022, 'learning_rate': 6.777204866376842e-05, 'epoch': 11.7}
{'loss': 1.4435, 'grad_norm': 0.2629545331001282, 'learning_rate': 6.775519832844673e-05, 'epoch': 11.71}
{'loss': 1.4403, 'grad_norm': 0.2937927544116974, 'learning_rate': 6.773834799312506e-05, 'epoch': 11.71}
{'loss': 1.4429, 'grad_norm': 0.17899055778980255, 'learning_rate': 6.772149765780339e-05, 'epoch': 11.72}
{'loss': 1.4421, 'grad_norm': 0.35106560587882996, 'learning_rate': 6.770464732248172e-05, 'epoch': 11.72}
{'loss': 1.4434, 'grad_norm': 1.553171992301941, 'learning_rate': 6.768779698716004e-05, 'epoch': 11.72}
{'loss': 1.4431, 'grad_norm': 0.2023676335811615, 'learning_rate': 6.767094665183837e-05, 'epoch': 11.73}
{'loss': 1.4433, 'grad_norm': 0.48654359579086304, 'learning_rate': 6.76540963165167e-05, 'epoch': 11.73}
{'loss': 1.4434, 'grad_norm': 0.24324992299079895, 'learning_rate': 6.763724598119502e-05, 'epoch': 11.74}
{'loss': 1.4434, 'grad_norm': 0.2223978489637375, 'learning_rate': 6.762039564587336e-05, 'epoch': 11.74}
{'loss': 1.4434, 'grad_norm': 0.3335368037223816, 'learning_rate': 6.760354531055169e-05, 'epoch': 11.75}
{'loss': 1.445, 'grad_norm': 0.23014849424362183, 'learning_rate': 6.758669497523002e-05, 'epoch': 11.75}
{'loss': 1.4435, 'grad_norm': 0.22823025286197662, 'learning_rate': 6.756984463990834e-05, 'epoch': 11.76}
{'loss': 1.4434, 'grad_norm': 0.21710099279880524, 'learning_rate': 6.755299430458667e-05, 'epoch': 11.76}
{'loss': 1.443, 'grad_norm': 0.3586474359035492, 'learning_rate': 6.753614396926499e-05, 'epoch': 11.77}
{'loss': 1.4447, 'grad_norm': 0.3378562331199646, 'learning_rate': 6.751929363394332e-05, 'epoch': 11.77}
{'loss': 1.4427, 'grad_norm': 0.2242463380098343, 'learning_rate': 6.750244329862164e-05, 'epoch': 11.77}
{'loss': 1.4422, 'grad_norm': 0.22127318382263184, 'learning_rate': 6.748559296329997e-05, 'epoch': 11.78}
{'loss': 1.443, 'grad_norm': 0.18107354640960693, 'learning_rate': 6.74687426279783e-05, 'epoch': 11.78}
{'loss': 1.4431, 'grad_norm': 0.3651367723941803, 'learning_rate': 6.745189229265662e-05, 'epoch': 11.79}
{'loss': 1.4425, 'grad_norm': 0.2862071096897125, 'learning_rate': 6.743504195733495e-05, 'epoch': 11.79}
{'loss': 1.4411, 'grad_norm': 0.15863631665706635, 'learning_rate': 6.741819162201328e-05, 'epoch': 11.8}
{'loss': 1.4411, 'grad_norm': 0.1755068600177765, 'learning_rate': 6.740134128669162e-05, 'epoch': 11.8}
{'loss': 1.4415, 'grad_norm': 0.22422002255916595, 'learning_rate': 6.738449095136993e-05, 'epoch': 11.81}
{'loss': 1.4419, 'grad_norm': 0.21477124094963074, 'learning_rate': 6.736764061604827e-05, 'epoch': 11.81}
{'loss': 1.4426, 'grad_norm': 0.16049733757972717, 'learning_rate': 6.73507902807266e-05, 'epoch': 11.82}
{'loss': 1.442, 'grad_norm': 0.5145834684371948, 'learning_rate': 6.733393994540492e-05, 'epoch': 11.82}
{'loss': 1.4419, 'grad_norm': 0.2562224566936493, 'learning_rate': 6.731708961008324e-05, 'epoch': 11.82}
{'loss': 1.4426, 'grad_norm': 0.18698787689208984, 'learning_rate': 6.730023927476157e-05, 'epoch': 11.83}
pred : ardent in the prosecution of heresy cyril auspiciously opened his reign by oppressing the novations the most innocent and harmless of the sectaries
label: ardent in the prosecution of heresy cyril auspiciously opened his reign by oppressing the novatians the most innocent and harmless of the sectaries
pred : without any legal sentence without any royalman date the patriarch at the dawn of day led a seditious multitude to the attack of the synagogues
label: without any legal sentence without any royal mandate the patriarch at the dawn of day led a seditious multitude to the attack of the synagogues
pred : such crimes would have deserved the animadversion of the magistrate but in this promiscuous outrage the innocent were confounded with the guilty and alexandria was impoverished by the loss of a wealthy and industrious colony
label: such crimes would have deserved the animadversion of the magistrate but in this promiscuous outrage the innocent were confounded with the guilty and alexandria was impoverished by the loss of a wealthy and industrious colony
pred : ardent in the prosecution of heresy cyril auspiciously opened his reign by oppressing the novations the most innocent and harmless of the sectaries
label: ardent in the prosecution of heresy cyril auspiciously opened his reign by oppressing the novatians the most innocent and harmless of the sectaries
pred : without any legal sentence without any royalman date the patriarch at the dawn of day led a seditious multitude to the attack of the synagogues
label: without any legal sentence without any royal mandate the patriarch at the dawn of day led a seditious multitude to the attack of the synagogues
pred : such crimes would have deserved the animadversion of the magistrate but in this promiscuous outrage the innocent were confounded with the guilty and alexandria was impoverished by the loss of a wealthy and industrious colony
label: such crimes would have deserved the animadversion of the magistrate but in this promiscuous outrage the innocent were confounded with the guilty and alexandria was impoverished by the loss of a wealthy and industrious colony
pred : ardent in the prosecution of heresy cyril auspiciously opened his reign by oppressing the novations the most innocent and harmless of the sectaries
label: ardent in the prosecution of heresy cyril auspiciously opened his reign by oppressing the novatians the most innocent and harmless of the sectaries
pred : without any legal sentence without any royalman date the patriarch at the dawn of day led a seditious multitude to the attack of the synagogues
label: without any legal sentence without any royal mandate the patriarch at the dawn of day led a seditious multitude to the attack of the synagogues
pred : such crimes would have deserved the animadversion of the magistrate but in this promiscuous outrage the innocent were confounded with the guilty and alexandria was impoverished by the loss of a wealthy and industrious colony
label: such crimes would have deserved the animadversion of the magistrate but in this promiscuous outrage the innocent were confounded with the guilty and alexandria was impoverished by the loss of a wealthy and industrious colony
pred : ardent in the prosecution of heresy cyril auspiciously opened his reign by oppressing the novations the most innocent and harmless of the sectaries
label: ardent in the prosecution of heresy cyril auspiciously opened his reign by oppressing the novatians the most innocent and harmless of the sectaries
pred : without any legal sentence without any royalman date the patriarch at the dawn of day led a seditious multitude to the attack of the synagogues
label: without any legal sentence without any royal mandate the patriarch at the dawn of day led a seditious multitude to the attack of the synagogues
pred : such crimes would have deserved the animadversion of the magistrate but in this promiscuous outrage the innocent were confounded with the guilty and alexandria was impoverished by the loss of a wealthy and industrious colony
label: such crimes would have deserved the animadversion of the magistrate but in this promiscuous outrage the innocent were confounded with the guilty and alexandria was impoverished by the loss of a wealthy and industrious colony
{'eval_loss': 1.574679970741272, 'eval_bleu': 96.7387697980869, 'eval_wer': 0.017547189507748664, 'eval_cer': 0.008468066229799082, 'eval_rouge1': 0.985242184183138, 'eval_rouge2': 0.9730767896592207, 'eval_rougeL': 0.9852200977943658, 'eval_runtime': 96.4506, 'eval_samples_per_second': 57.719, 'eval_steps_per_second': 0.301, 'epoch': 11.83}
{'loss': 1.4421, 'grad_norm': 0.16756796836853027, 'learning_rate': 6.72833889394399e-05, 'epoch': 11.83}
{'loss': 1.4435, 'grad_norm': 0.21795471012592316, 'learning_rate': 6.726653860411822e-05, 'epoch': 11.84}
{'loss': 1.4427, 'grad_norm': 0.48582980036735535, 'learning_rate': 6.724968826879655e-05, 'epoch': 11.84}
{'loss': 1.4438, 'grad_norm': 0.2573102116584778, 'learning_rate': 6.723283793347488e-05, 'epoch': 11.85}
{'loss': 1.4454, 'grad_norm': 0.2575213313102722, 'learning_rate': 6.721598759815321e-05, 'epoch': 11.85}
{'loss': 1.4432, 'grad_norm': 0.2258891612291336, 'learning_rate': 6.719913726283153e-05, 'epoch': 11.86}
{'loss': 1.4432, 'grad_norm': 0.22565214335918427, 'learning_rate': 6.718228692750986e-05, 'epoch': 11.86}
{'loss': 1.4438, 'grad_norm': 0.24886010587215424, 'learning_rate': 6.71654365921882e-05, 'epoch': 11.87}
{'loss': 1.4413, 'grad_norm': 0.4879792630672455, 'learning_rate': 6.714858625686651e-05, 'epoch': 11.87}
{'loss': 1.4438, 'grad_norm': 0.36871451139450073, 'learning_rate': 6.713173592154485e-05, 'epoch': 11.87}
{'loss': 1.4421, 'grad_norm': 0.2908714711666107, 'learning_rate': 6.711488558622316e-05, 'epoch': 11.88}
{'loss': 1.443, 'grad_norm': 0.3138537108898163, 'learning_rate': 6.70980352509015e-05, 'epoch': 11.88}
{'loss': 1.443, 'grad_norm': 0.31055620312690735, 'learning_rate': 6.708118491557981e-05, 'epoch': 11.89}
{'loss': 1.4429, 'grad_norm': 0.24212399125099182, 'learning_rate': 6.706433458025815e-05, 'epoch': 11.89}
{'loss': 1.4415, 'grad_norm': 0.3148016333580017, 'learning_rate': 6.704748424493648e-05, 'epoch': 11.9}
{'loss': 1.4428, 'grad_norm': 0.2486785650253296, 'learning_rate': 6.703063390961481e-05, 'epoch': 11.9}
{'loss': 1.4433, 'grad_norm': 0.2240833193063736, 'learning_rate': 6.701378357429313e-05, 'epoch': 11.91}
{'loss': 1.4416, 'grad_norm': 0.29799672961235046, 'learning_rate': 6.699693323897146e-05, 'epoch': 11.91}
{'loss': 1.4419, 'grad_norm': 2.126779794692993, 'learning_rate': 6.698008290364979e-05, 'epoch': 11.92}
{'loss': 1.4412, 'grad_norm': 0.24567146599292755, 'learning_rate': 6.696323256832811e-05, 'epoch': 11.92}
{'loss': 1.4421, 'grad_norm': 0.34431198239326477, 'learning_rate': 6.694638223300644e-05, 'epoch': 11.92}
{'loss': 1.4414, 'grad_norm': 0.31108999252319336, 'learning_rate': 6.692953189768477e-05, 'epoch': 11.93}
{'loss': 1.4422, 'grad_norm': 0.23360203206539154, 'learning_rate': 6.691268156236309e-05, 'epoch': 11.93}
{'loss': 1.4414, 'grad_norm': 0.16584618389606476, 'learning_rate': 6.689583122704141e-05, 'epoch': 11.94}
{'loss': 1.4426, 'grad_norm': 0.19996024668216705, 'learning_rate': 6.687898089171974e-05, 'epoch': 11.94}
{'loss': 1.442, 'grad_norm': 0.2211526334285736, 'learning_rate': 6.686213055639807e-05, 'epoch': 11.95}
{'loss': 1.444, 'grad_norm': 0.28907424211502075, 'learning_rate': 6.68452802210764e-05, 'epoch': 11.95}
{'loss': 1.4424, 'grad_norm': 0.20219211280345917, 'learning_rate': 6.682842988575472e-05, 'epoch': 11.96}
{'loss': 1.4421, 'grad_norm': 0.27212151885032654, 'learning_rate': 6.681157955043306e-05, 'epoch': 11.96}
{'loss': 1.4421, 'grad_norm': 0.371715247631073, 'learning_rate': 6.679472921511139e-05, 'epoch': 11.97}
{'loss': 1.4404, 'grad_norm': 0.2896743714809418, 'learning_rate': 6.67778788797897e-05, 'epoch': 11.97}
{'loss': 1.4415, 'grad_norm': 0.2095375657081604, 'learning_rate': 6.676102854446804e-05, 'epoch': 11.97}
{'loss': 1.4415, 'grad_norm': 0.2525186538696289, 'learning_rate': 6.674417820914637e-05, 'epoch': 11.98}
{'loss': 1.441, 'grad_norm': 0.34096741676330566, 'learning_rate': 6.67273278738247e-05, 'epoch': 11.98}
{'loss': 1.4436, 'grad_norm': 0.24461087584495544, 'learning_rate': 6.671047753850302e-05, 'epoch': 11.99}
{'loss': 1.4415, 'grad_norm': 0.5464640259742737, 'learning_rate': 6.669362720318134e-05, 'epoch': 11.99}
{'loss': 1.4408, 'grad_norm': 0.2856837809085846, 'learning_rate': 6.667677686785967e-05, 'epoch': 12.0}
{'loss': 1.4403, 'grad_norm': 0.14191706478595734, 'learning_rate': 6.6659926532538e-05, 'epoch': 12.0}
{'loss': 1.4386, 'grad_norm': 0.32810086011886597, 'learning_rate': 6.664307619721632e-05, 'epoch': 12.01}
{'loss': 1.4399, 'grad_norm': 0.7201571464538574, 'learning_rate': 6.662622586189465e-05, 'epoch': 12.01}
{'loss': 1.4403, 'grad_norm': 0.23602831363677979, 'learning_rate': 6.660937552657298e-05, 'epoch': 12.02}
{'loss': 1.4405, 'grad_norm': 0.381439745426178, 'learning_rate': 6.65925251912513e-05, 'epoch': 12.02}
{'loss': 1.4412, 'grad_norm': 0.20123900473117828, 'learning_rate': 6.657567485592963e-05, 'epoch': 12.02}
{'loss': 1.4385, 'grad_norm': 0.28691229224205017, 'learning_rate': 6.655882452060797e-05, 'epoch': 12.03}
{'loss': 1.4382, 'grad_norm': 0.17655794322490692, 'learning_rate': 6.65419741852863e-05, 'epoch': 12.03}
{'loss': 1.4384, 'grad_norm': 0.13052432239055634, 'learning_rate': 6.652512384996462e-05, 'epoch': 12.04}
{'loss': 1.4399, 'grad_norm': 0.1501772254705429, 'learning_rate': 6.650827351464295e-05, 'epoch': 12.04}
{'loss': 1.439, 'grad_norm': 0.14936178922653198, 'learning_rate': 6.649142317932128e-05, 'epoch': 12.05}
{'loss': 1.4384, 'grad_norm': 0.19720208644866943, 'learning_rate': 6.64745728439996e-05, 'epoch': 12.05}
{'loss': 1.4391, 'grad_norm': 0.25026819109916687, 'learning_rate': 6.645772250867792e-05, 'epoch': 12.06}
{'loss': 1.4451, 'grad_norm': 0.17350983619689941, 'learning_rate': 6.644087217335625e-05, 'epoch': 12.06}
{'loss': 1.4495, 'grad_norm': 0.21670977771282196, 'learning_rate': 6.642402183803458e-05, 'epoch': 12.07}
{'loss': 1.4428, 'grad_norm': 0.5064035058021545, 'learning_rate': 6.64071715027129e-05, 'epoch': 12.07}
{'loss': 1.4412, 'grad_norm': 0.3327524960041046, 'learning_rate': 6.639032116739123e-05, 'epoch': 12.07}
{'loss': 1.4404, 'grad_norm': 0.21770210564136505, 'learning_rate': 6.637347083206956e-05, 'epoch': 12.08}
{'loss': 1.4407, 'grad_norm': 0.8589515089988708, 'learning_rate': 6.63566204967479e-05, 'epoch': 12.08}
{'loss': 1.4403, 'grad_norm': 0.25302207469940186, 'learning_rate': 6.633977016142621e-05, 'epoch': 12.09}
{'loss': 1.4399, 'grad_norm': 0.27924129366874695, 'learning_rate': 6.632291982610455e-05, 'epoch': 12.09}
{'loss': 1.441, 'grad_norm': 0.2978641986846924, 'learning_rate': 6.630606949078288e-05, 'epoch': 12.1}
{'loss': 1.4396, 'grad_norm': 0.32360368967056274, 'learning_rate': 6.62892191554612e-05, 'epoch': 12.1}
{'loss': 1.44, 'grad_norm': 0.16110053658485413, 'learning_rate': 6.627236882013951e-05, 'epoch': 12.11}
{'loss': 1.4403, 'grad_norm': 0.16548986732959747, 'learning_rate': 6.625551848481785e-05, 'epoch': 12.11}
{'loss': 1.4398, 'grad_norm': 0.2720201015472412, 'learning_rate': 6.623866814949618e-05, 'epoch': 12.12}
{'loss': 1.4421, 'grad_norm': 0.3507891297340393, 'learning_rate': 6.62218178141745e-05, 'epoch': 12.12}
{'loss': 1.4398, 'grad_norm': 0.2978321611881256, 'learning_rate': 6.620496747885283e-05, 'epoch': 12.12}
{'loss': 1.4404, 'grad_norm': 0.26263952255249023, 'learning_rate': 6.618811714353116e-05, 'epoch': 12.13}
{'loss': 1.4407, 'grad_norm': 0.13055424392223358, 'learning_rate': 6.617126680820949e-05, 'epoch': 12.13}
{'loss': 1.4434, 'grad_norm': 0.2765956223011017, 'learning_rate': 6.615441647288781e-05, 'epoch': 12.14}
{'loss': 1.4387, 'grad_norm': 0.18176968395709991, 'learning_rate': 6.613756613756614e-05, 'epoch': 12.14}
{'loss': 1.4394, 'grad_norm': 0.17194165289402008, 'learning_rate': 6.612071580224447e-05, 'epoch': 12.15}
{'loss': 1.4388, 'grad_norm': 0.21429134905338287, 'learning_rate': 6.610386546692279e-05, 'epoch': 12.15}
{'loss': 1.4378, 'grad_norm': 0.14640896022319794, 'learning_rate': 6.608701513160112e-05, 'epoch': 12.16}
{'loss': 1.4394, 'grad_norm': 0.2371300458908081, 'learning_rate': 6.607016479627946e-05, 'epoch': 12.16}
{'loss': 1.4377, 'grad_norm': 0.2186240255832672, 'learning_rate': 6.605331446095777e-05, 'epoch': 12.17}
{'loss': 1.4387, 'grad_norm': 0.1860356330871582, 'learning_rate': 6.603646412563609e-05, 'epoch': 12.17}
{'loss': 1.4395, 'grad_norm': 0.46249285340309143, 'learning_rate': 6.601961379031442e-05, 'epoch': 12.17}
{'loss': 1.4431, 'grad_norm': 0.22850123047828674, 'learning_rate': 6.600276345499276e-05, 'epoch': 12.18}
{'loss': 1.4403, 'grad_norm': 0.14215737581253052, 'learning_rate': 6.598591311967109e-05, 'epoch': 12.18}
{'loss': 1.4403, 'grad_norm': 0.2286854088306427, 'learning_rate': 6.59690627843494e-05, 'epoch': 12.19}
{'loss': 1.4398, 'grad_norm': 0.23571428656578064, 'learning_rate': 6.595221244902774e-05, 'epoch': 12.19}
{'loss': 1.4391, 'grad_norm': 0.15738646686077118, 'learning_rate': 6.593536211370607e-05, 'epoch': 12.2}
{'loss': 1.4403, 'grad_norm': 0.22783216834068298, 'learning_rate': 6.591851177838439e-05, 'epoch': 12.2}
{'loss': 1.4401, 'grad_norm': 0.2105926275253296, 'learning_rate': 6.590166144306272e-05, 'epoch': 12.21}
{'loss': 1.4388, 'grad_norm': 0.2725510001182556, 'learning_rate': 6.588481110774105e-05, 'epoch': 12.21}
{'loss': 1.4394, 'grad_norm': 0.2802785038948059, 'learning_rate': 6.586796077241938e-05, 'epoch': 12.22}
{'loss': 1.4399, 'grad_norm': 0.2364707589149475, 'learning_rate': 6.58511104370977e-05, 'epoch': 12.22}
{'loss': 1.4411, 'grad_norm': 1.5137691497802734, 'learning_rate': 6.583426010177602e-05, 'epoch': 12.22}
{'loss': 1.4399, 'grad_norm': 0.15111689269542694, 'learning_rate': 6.581740976645435e-05, 'epoch': 12.23}
{'loss': 1.4385, 'grad_norm': 0.1690351665019989, 'learning_rate': 6.580055943113268e-05, 'epoch': 12.23}
{'loss': 1.4397, 'grad_norm': 0.20444318652153015, 'learning_rate': 6.5783709095811e-05, 'epoch': 12.24}
{'loss': 1.4398, 'grad_norm': 0.17595386505126953, 'learning_rate': 6.576685876048934e-05, 'epoch': 12.24}
{'loss': 1.4483, 'grad_norm': 0.6420702934265137, 'learning_rate': 6.575000842516767e-05, 'epoch': 12.25}
{'loss': 1.4441, 'grad_norm': 0.1720450222492218, 'learning_rate': 6.573315808984599e-05, 'epoch': 12.25}
{'loss': 1.4426, 'grad_norm': 0.29927128553390503, 'learning_rate': 6.571630775452432e-05, 'epoch': 12.26}
{'loss': 1.4468, 'grad_norm': 0.19700086116790771, 'learning_rate': 6.569945741920265e-05, 'epoch': 12.26}
{'loss': 1.4412, 'grad_norm': 0.2248530089855194, 'learning_rate': 6.568260708388098e-05, 'epoch': 12.27}
{'loss': 1.4401, 'grad_norm': 0.2200975865125656, 'learning_rate': 6.56657567485593e-05, 'epoch': 12.27}
{'loss': 1.4438, 'grad_norm': 0.30597034096717834, 'learning_rate': 6.564890641323763e-05, 'epoch': 12.27}
{'loss': 1.4423, 'grad_norm': 0.1709291785955429, 'learning_rate': 6.563205607791595e-05, 'epoch': 12.28}
{'loss': 1.4403, 'grad_norm': 0.20717903971672058, 'learning_rate': 6.561520574259428e-05, 'epoch': 12.28}
{'loss': 1.4408, 'grad_norm': 0.19732199609279633, 'learning_rate': 6.55983554072726e-05, 'epoch': 12.29}
{'loss': 1.442, 'grad_norm': 0.2103201299905777, 'learning_rate': 6.558150507195093e-05, 'epoch': 12.29}
{'loss': 1.4389, 'grad_norm': 0.2581919729709625, 'learning_rate': 6.556465473662926e-05, 'epoch': 12.3}
{'loss': 1.4403, 'grad_norm': 0.18082073330879211, 'learning_rate': 6.55478044013076e-05, 'epoch': 12.3}
{'loss': 1.4405, 'grad_norm': 0.1637498438358307, 'learning_rate': 6.553095406598591e-05, 'epoch': 12.31}
{'loss': 1.4396, 'grad_norm': 0.2703257203102112, 'learning_rate': 6.551410373066425e-05, 'epoch': 12.31}
{'loss': 1.4396, 'grad_norm': 0.2154015600681305, 'learning_rate': 6.549725339534258e-05, 'epoch': 12.32}
{'loss': 1.4418, 'grad_norm': 0.398837685585022, 'learning_rate': 6.54804030600209e-05, 'epoch': 12.32}
{'loss': 1.4408, 'grad_norm': 0.24665625393390656, 'learning_rate': 6.546355272469923e-05, 'epoch': 12.32}
{'loss': 1.4399, 'grad_norm': 0.15005771815776825, 'learning_rate': 6.544670238937756e-05, 'epoch': 12.33}
{'loss': 1.4402, 'grad_norm': 0.3525608777999878, 'learning_rate': 6.542985205405588e-05, 'epoch': 12.33}
{'loss': 1.4403, 'grad_norm': 0.22926032543182373, 'learning_rate': 6.54130017187342e-05, 'epoch': 12.34}
{'loss': 1.4397, 'grad_norm': 0.19071191549301147, 'learning_rate': 6.539615138341253e-05, 'epoch': 12.34}
{'loss': 1.4407, 'grad_norm': 0.5513859391212463, 'learning_rate': 6.537930104809086e-05, 'epoch': 12.35}
{'loss': 1.4469, 'grad_norm': 0.15847083926200867, 'learning_rate': 6.536245071276919e-05, 'epoch': 12.35}
{'loss': 1.443, 'grad_norm': 1.289263367652893, 'learning_rate': 6.534560037744751e-05, 'epoch': 12.36}
{'loss': 1.4403, 'grad_norm': 0.22436702251434326, 'learning_rate': 6.532875004212584e-05, 'epoch': 12.36}
{'loss': 1.446, 'grad_norm': 0.1619555503129959, 'learning_rate': 6.531189970680417e-05, 'epoch': 12.37}
{'loss': 1.4416, 'grad_norm': 0.21996130049228668, 'learning_rate': 6.529504937148249e-05, 'epoch': 12.37}
{'loss': 1.4421, 'grad_norm': 0.3181127607822418, 'learning_rate': 6.527819903616082e-05, 'epoch': 12.37}
{'loss': 1.4413, 'grad_norm': 0.26508453488349915, 'learning_rate': 6.526134870083916e-05, 'epoch': 12.38}
{'loss': 1.4405, 'grad_norm': 0.44468438625335693, 'learning_rate': 6.524449836551747e-05, 'epoch': 12.38}
{'loss': 1.441, 'grad_norm': 0.3700037896633148, 'learning_rate': 6.52276480301958e-05, 'epoch': 12.39}
{'loss': 1.4407, 'grad_norm': 0.20988422632217407, 'learning_rate': 6.521079769487412e-05, 'epoch': 12.39}
{'loss': 1.4399, 'grad_norm': 0.21590670943260193, 'learning_rate': 6.519394735955246e-05, 'epoch': 12.4}
{'loss': 1.4402, 'grad_norm': 0.16557088494300842, 'learning_rate': 6.517709702423079e-05, 'epoch': 12.4}
{'loss': 1.4388, 'grad_norm': 0.14849825203418732, 'learning_rate': 6.516024668890911e-05, 'epoch': 12.41}
{'loss': 1.4386, 'grad_norm': 0.15430980920791626, 'learning_rate': 6.514339635358744e-05, 'epoch': 12.41}
{'loss': 1.4403, 'grad_norm': 0.14917497336864471, 'learning_rate': 6.512654601826577e-05, 'epoch': 12.42}
{'loss': 1.44, 'grad_norm': 0.18791499733924866, 'learning_rate': 6.510969568294409e-05, 'epoch': 12.42}
{'loss': 1.4397, 'grad_norm': 0.4022316038608551, 'learning_rate': 6.509284534762242e-05, 'epoch': 12.42}
{'loss': 1.4415, 'grad_norm': 0.19878871738910675, 'learning_rate': 6.507599501230075e-05, 'epoch': 12.43}
{'loss': 1.4397, 'grad_norm': 0.21691370010375977, 'learning_rate': 6.505914467697908e-05, 'epoch': 12.43}
{'loss': 1.4413, 'grad_norm': 0.28944939374923706, 'learning_rate': 6.50422943416574e-05, 'epoch': 12.44}
{'loss': 1.4399, 'grad_norm': 0.19415852427482605, 'learning_rate': 6.502544400633573e-05, 'epoch': 12.44}
{'loss': 1.4409, 'grad_norm': 0.28156521916389465, 'learning_rate': 6.500859367101405e-05, 'epoch': 12.45}
{'loss': 1.4397, 'grad_norm': 0.30122876167297363, 'learning_rate': 6.499174333569239e-05, 'epoch': 12.45}
{'loss': 1.4395, 'grad_norm': 0.3126583397388458, 'learning_rate': 6.49748930003707e-05, 'epoch': 12.46}
{'loss': 1.44, 'grad_norm': 0.367836594581604, 'learning_rate': 6.495804266504904e-05, 'epoch': 12.46}
{'loss': 1.44, 'grad_norm': 0.19504597783088684, 'learning_rate': 6.494119232972737e-05, 'epoch': 12.47}
{'loss': 1.4402, 'grad_norm': 0.19404856860637665, 'learning_rate': 6.492434199440569e-05, 'epoch': 12.47}
{'loss': 1.4383, 'grad_norm': 0.1895456165075302, 'learning_rate': 6.490749165908402e-05, 'epoch': 12.47}
{'loss': 1.4404, 'grad_norm': 0.27615782618522644, 'learning_rate': 6.489064132376235e-05, 'epoch': 12.48}
{'loss': 1.4391, 'grad_norm': 0.1626567840576172, 'learning_rate': 6.487379098844068e-05, 'epoch': 12.48}
{'loss': 1.4399, 'grad_norm': 0.4310811161994934, 'learning_rate': 6.4856940653119e-05, 'epoch': 12.49}
{'loss': 1.4396, 'grad_norm': 0.18275487422943115, 'learning_rate': 6.484009031779733e-05, 'epoch': 12.49}
{'loss': 1.4399, 'grad_norm': 0.33149394392967224, 'learning_rate': 6.482323998247566e-05, 'epoch': 12.5}
{'loss': 1.4381, 'grad_norm': 0.19121935963630676, 'learning_rate': 6.480638964715398e-05, 'epoch': 12.5}
{'loss': 1.4388, 'grad_norm': 0.17580890655517578, 'learning_rate': 6.47895393118323e-05, 'epoch': 12.51}
{'loss': 1.4393, 'grad_norm': 0.2533346712589264, 'learning_rate': 6.477268897651063e-05, 'epoch': 12.51}
{'loss': 1.4388, 'grad_norm': 0.4864446520805359, 'learning_rate': 6.475583864118896e-05, 'epoch': 12.52}
{'loss': 1.4396, 'grad_norm': 0.25839391350746155, 'learning_rate': 6.473898830586728e-05, 'epoch': 12.52}
{'loss': 1.4384, 'grad_norm': 0.2884499728679657, 'learning_rate': 6.472213797054561e-05, 'epoch': 12.53}
{'loss': 1.4381, 'grad_norm': 0.18432049453258514, 'learning_rate': 6.470528763522395e-05, 'epoch': 12.53}
{'loss': 1.4399, 'grad_norm': 0.29700347781181335, 'learning_rate': 6.468843729990228e-05, 'epoch': 12.53}
{'loss': 1.4414, 'grad_norm': 0.45969218015670776, 'learning_rate': 6.46715869645806e-05, 'epoch': 12.54}
{'loss': 1.4412, 'grad_norm': 0.43268057703971863, 'learning_rate': 6.465473662925893e-05, 'epoch': 12.54}
{'loss': 1.4393, 'grad_norm': 0.3106020987033844, 'learning_rate': 6.463788629393726e-05, 'epoch': 12.55}
{'loss': 1.4422, 'grad_norm': 0.43588900566101074, 'learning_rate': 6.462103595861558e-05, 'epoch': 12.55}
{'loss': 1.4397, 'grad_norm': 0.17356356978416443, 'learning_rate': 6.460418562329391e-05, 'epoch': 12.56}
{'loss': 1.4387, 'grad_norm': 0.21036764979362488, 'learning_rate': 6.458733528797223e-05, 'epoch': 12.56}
{'loss': 1.4385, 'grad_norm': 0.23913684487342834, 'learning_rate': 6.457048495265056e-05, 'epoch': 12.57}
{'loss': 1.4401, 'grad_norm': 0.27671265602111816, 'learning_rate': 6.455363461732888e-05, 'epoch': 12.57}
{'loss': 1.4406, 'grad_norm': 0.24068546295166016, 'learning_rate': 6.453678428200721e-05, 'epoch': 12.58}
{'loss': 1.4431, 'grad_norm': 0.26574885845184326, 'learning_rate': 6.451993394668554e-05, 'epoch': 12.58}
{'loss': 1.4402, 'grad_norm': 0.3292292058467865, 'learning_rate': 6.450308361136387e-05, 'epoch': 12.58}
{'loss': 1.4395, 'grad_norm': 0.3124762177467346, 'learning_rate': 6.448623327604219e-05, 'epoch': 12.59}
{'loss': 1.4376, 'grad_norm': 0.17086799442768097, 'learning_rate': 6.446938294072052e-05, 'epoch': 12.59}
{'loss': 1.4402, 'grad_norm': 0.3127342164516449, 'learning_rate': 6.445253260539886e-05, 'epoch': 12.6}
{'loss': 1.4387, 'grad_norm': 0.18163633346557617, 'learning_rate': 6.443568227007717e-05, 'epoch': 12.6}
{'loss': 1.4383, 'grad_norm': 0.21159347891807556, 'learning_rate': 6.44188319347555e-05, 'epoch': 12.61}
{'loss': 1.4401, 'grad_norm': 0.34398993849754333, 'learning_rate': 6.440198159943384e-05, 'epoch': 12.61}
{'loss': 1.4384, 'grad_norm': 2.2371513843536377, 'learning_rate': 6.438513126411217e-05, 'epoch': 12.62}
{'loss': 1.4412, 'grad_norm': 0.15699505805969238, 'learning_rate': 6.436828092879048e-05, 'epoch': 12.62}
{'loss': 1.4437, 'grad_norm': 0.20438121259212494, 'learning_rate': 6.435143059346881e-05, 'epoch': 12.63}
{'loss': 1.441, 'grad_norm': 0.17269638180732727, 'learning_rate': 6.433458025814714e-05, 'epoch': 12.63}
{'loss': 1.4422, 'grad_norm': 0.2455029934644699, 'learning_rate': 6.431772992282547e-05, 'epoch': 12.63}
{'loss': 1.4428, 'grad_norm': 0.20765841007232666, 'learning_rate': 6.430087958750379e-05, 'epoch': 12.64}
{'loss': 1.4448, 'grad_norm': 0.27602556347846985, 'learning_rate': 6.428402925218212e-05, 'epoch': 12.64}
{'loss': 1.4398, 'grad_norm': 0.22734977304935455, 'learning_rate': 6.426717891686045e-05, 'epoch': 12.65}
{'loss': 1.4431, 'grad_norm': 0.33925268054008484, 'learning_rate': 6.425032858153877e-05, 'epoch': 12.65}
{'loss': 1.4417, 'grad_norm': 0.1939976066350937, 'learning_rate': 6.42334782462171e-05, 'epoch': 12.66}
{'loss': 1.4407, 'grad_norm': 0.35954228043556213, 'learning_rate': 6.421662791089544e-05, 'epoch': 12.66}
{'loss': 1.4411, 'grad_norm': 0.22053439915180206, 'learning_rate': 6.419977757557377e-05, 'epoch': 12.67}
{'loss': 1.4411, 'grad_norm': 0.20923709869384766, 'learning_rate': 6.418292724025209e-05, 'epoch': 12.67}
{'loss': 1.4417, 'grad_norm': 0.3038061559200287, 'learning_rate': 6.416607690493042e-05, 'epoch': 12.68}
{'loss': 1.4471, 'grad_norm': 0.32323044538497925, 'learning_rate': 6.414922656960874e-05, 'epoch': 12.68}
{'loss': 1.4421, 'grad_norm': 0.21642442047595978, 'learning_rate': 6.413237623428707e-05, 'epoch': 12.68}
{'loss': 1.4459, 'grad_norm': 0.14806683361530304, 'learning_rate': 6.411552589896539e-05, 'epoch': 12.69}
{'loss': 1.4443, 'grad_norm': 0.4270186126232147, 'learning_rate': 6.409867556364372e-05, 'epoch': 12.69}
{'loss': 1.442, 'grad_norm': 0.23764292895793915, 'learning_rate': 6.408182522832205e-05, 'epoch': 12.7}
{'loss': 1.4434, 'grad_norm': 0.2794407904148102, 'learning_rate': 6.406497489300037e-05, 'epoch': 12.7}
{'loss': 1.446, 'grad_norm': 0.21242471039295197, 'learning_rate': 6.40481245576787e-05, 'epoch': 12.71}
{'loss': 1.444, 'grad_norm': 0.2596617639064789, 'learning_rate': 6.403127422235703e-05, 'epoch': 12.71}
{'loss': 1.4401, 'grad_norm': 0.24014581739902496, 'learning_rate': 6.401442388703536e-05, 'epoch': 12.72}
{'loss': 1.4407, 'grad_norm': 1.0131865739822388, 'learning_rate': 6.399757355171368e-05, 'epoch': 12.72}
{'loss': 1.4466, 'grad_norm': 0.21568964421749115, 'learning_rate': 6.398072321639201e-05, 'epoch': 12.73}
{'loss': 1.4403, 'grad_norm': 0.2588830888271332, 'learning_rate': 6.396387288107035e-05, 'epoch': 12.73}
{'loss': 1.4434, 'grad_norm': 0.19818954169750214, 'learning_rate': 6.394702254574866e-05, 'epoch': 12.73}
{'loss': 1.4426, 'grad_norm': 0.28296422958374023, 'learning_rate': 6.393017221042698e-05, 'epoch': 12.74}
pred : ardent in the prosecution of heresy cyril auspiciously opened his reign by oppressing the novations the most innocent and harmless of the sectaries
label: ardent in the prosecution of heresy cyril auspiciously opened his reign by oppressing the novatians the most innocent and harmless of the sectaries
pred : without any legal sentence without any royal mandate the patriarch at the dawn of day led a seditious multitude to the attack of the synagogues
label: without any legal sentence without any royal mandate the patriarch at the dawn of day led a seditious multitude to the attack of the synagogues
pred : such crimes would have deserved the animadversion of the magistrate but in this promiscuous outrage the innocent were confounded with the guilty and alexandria was impoverished by the loss of a wealthy and industrious colony
label: such crimes would have deserved the animadversion of the magistrate but in this promiscuous outrage the innocent were confounded with the guilty and alexandria was impoverished by the loss of a wealthy and industrious colony
pred : ardent in the prosecution of heresy cyril auspiciously opened his reign by oppressing the novations the most innocent and harmless of the sectaries
label: ardent in the prosecution of heresy cyril auspiciously opened his reign by oppressing the novatians the most innocent and harmless of the sectaries
pred : without any legal sentence without any royal mandate the patriarch at the dawn of day led a seditious multitude to the attack of the synagogues
label: without any legal sentence without any royal mandate the patriarch at the dawn of day led a seditious multitude to the attack of the synagogues
pred : such crimes would have deserved the animadversion of the magistrate but in this promiscuous outrage the innocent were confounded with the guilty and alexandria was impoverished by the loss of a wealthy and industrious colony
label: such crimes would have deserved the animadversion of the magistrate but in this promiscuous outrage the innocent were confounded with the guilty and alexandria was impoverished by the loss of a wealthy and industrious colony
pred : ardent in the prosecution of heresy cyril auspiciously opened his reign by oppressing the novations the most innocent and harmless of the sectaries
label: ardent in the prosecution of heresy cyril auspiciously opened his reign by oppressing the novatians the most innocent and harmless of the sectaries
pred : without any legal sentence without any royal mandate the patriarch at the dawn of day led a seditious multitude to the attack of the synagogues
label: without any legal sentence without any royal mandate the patriarch at the dawn of day led a seditious multitude to the attack of the synagogues
pred : such crimes would have deserved the animadversion of the magistrate but in this promiscuous outrage the innocent were confounded with the guilty and alexandria was impoverished by the loss of a wealthy and industrious colony
label: such crimes would have deserved the animadversion of the magistrate but in this promiscuous outrage the innocent were confounded with the guilty and alexandria was impoverished by the loss of a wealthy and industrious colony
pred : ardent in the prosecution of heresy cyril auspiciously opened his reign by oppressing the novations the most innocent and harmless of the sectaries
label: ardent in the prosecution of heresy cyril auspiciously opened his reign by oppressing the novatians the most innocent and harmless of the sectaries
pred : without any legal sentence without any royal mandate the patriarch at the dawn of day led a seditious multitude to the attack of the synagogues
label: without any legal sentence without any royal mandate the patriarch at the dawn of day led a seditious multitude to the attack of the synagogues
pred : such crimes would have deserved the animadversion of the magistrate but in this promiscuous outrage the innocent were confounded with the guilty and alexandria was impoverished by the loss of a wealthy and industrious colony
label: such crimes would have deserved the animadversion of the magistrate but in this promiscuous outrage the innocent were confounded with the guilty and alexandria was impoverished by the loss of a wealthy and industrious colony
{'eval_loss': 1.5670667886734009, 'eval_bleu': 96.738571341157, 'eval_wer': 0.017765461740673606, 'eval_cer': 0.008635768563566397, 'eval_rouge1': 0.9852886015667004, 'eval_rouge2': 0.9726788264772425, 'eval_rougeL': 0.9852814280028236, 'eval_runtime': 95.8716, 'eval_samples_per_second': 58.067, 'eval_steps_per_second': 0.302, 'epoch': 12.74}
{'loss': 1.4434, 'grad_norm': 0.20002642273902893, 'learning_rate': 6.391332187510531e-05, 'epoch': 12.74}
{'loss': 1.4391, 'grad_norm': 0.4017699658870697, 'learning_rate': 6.389647153978365e-05, 'epoch': 12.75}
{'loss': 1.4421, 'grad_norm': 0.22593122720718384, 'learning_rate': 6.387962120446196e-05, 'epoch': 12.75}
{'loss': 1.4409, 'grad_norm': 0.16643953323364258, 'learning_rate': 6.38627708691403e-05, 'epoch': 12.76}
{'loss': 1.4434, 'grad_norm': 0.14778444170951843, 'learning_rate': 6.384592053381863e-05, 'epoch': 12.76}
{'loss': 1.4397, 'grad_norm': 0.19152526557445526, 'learning_rate': 6.382907019849696e-05, 'epoch': 12.77}
{'loss': 1.4408, 'grad_norm': 0.2755778431892395, 'learning_rate': 6.381221986317528e-05, 'epoch': 12.77}
{'loss': 1.4383, 'grad_norm': 0.26999974250793457, 'learning_rate': 6.379536952785361e-05, 'epoch': 12.78}
{'loss': 1.44, 'grad_norm': 0.17433330416679382, 'learning_rate': 6.377851919253194e-05, 'epoch': 12.78}
{'loss': 1.4398, 'grad_norm': 0.2669093906879425, 'learning_rate': 6.376166885721026e-05, 'epoch': 12.78}
{'loss': 1.438, 'grad_norm': 0.17307662963867188, 'learning_rate': 6.374481852188859e-05, 'epoch': 12.79}
{'loss': 1.4395, 'grad_norm': 0.3322860598564148, 'learning_rate': 6.372796818656691e-05, 'epoch': 12.79}
{'loss': 1.4412, 'grad_norm': 0.1986534297466278, 'learning_rate': 6.371111785124524e-05, 'epoch': 12.8}
{'loss': 1.4389, 'grad_norm': 0.22844244539737701, 'learning_rate': 6.369426751592356e-05, 'epoch': 12.8}
{'loss': 1.4387, 'grad_norm': 0.17981788516044617, 'learning_rate': 6.367741718060189e-05, 'epoch': 12.81}
{'loss': 1.4382, 'grad_norm': 0.459683358669281, 'learning_rate': 6.366056684528022e-05, 'epoch': 12.81}
{'loss': 1.4387, 'grad_norm': 0.2227316051721573, 'learning_rate': 6.364371650995856e-05, 'epoch': 12.82}
{'loss': 1.4389, 'grad_norm': 0.37002265453338623, 'learning_rate': 6.362686617463687e-05, 'epoch': 12.82}
{'loss': 1.441, 'grad_norm': 0.18812195956707, 'learning_rate': 6.36100158393152e-05, 'epoch': 12.83}
{'loss': 1.4406, 'grad_norm': 0.19533640146255493, 'learning_rate': 6.359316550399354e-05, 'epoch': 12.83}
{'loss': 1.4401, 'grad_norm': 0.1460690051317215, 'learning_rate': 6.357631516867186e-05, 'epoch': 12.83}
{'loss': 1.4389, 'grad_norm': 1.5263640880584717, 'learning_rate': 6.355946483335019e-05, 'epoch': 12.84}
{'loss': 1.4383, 'grad_norm': 0.1697012186050415, 'learning_rate': 6.354261449802852e-05, 'epoch': 12.84}
{'loss': 1.4405, 'grad_norm': 0.23532584309577942, 'learning_rate': 6.352576416270684e-05, 'epoch': 12.85}
{'loss': 1.4422, 'grad_norm': 0.26616549491882324, 'learning_rate': 6.350891382738516e-05, 'epoch': 12.85}
{'loss': 1.4398, 'grad_norm': 0.36082717776298523, 'learning_rate': 6.349206349206349e-05, 'epoch': 12.86}
{'loss': 1.4395, 'grad_norm': 0.18654631078243256, 'learning_rate': 6.347521315674182e-05, 'epoch': 12.86}
{'loss': 1.4408, 'grad_norm': 0.2529417872428894, 'learning_rate': 6.345836282142015e-05, 'epoch': 12.87}
{'loss': 1.4394, 'grad_norm': 0.180490642786026, 'learning_rate': 6.344151248609847e-05, 'epoch': 12.87}
{'loss': 1.4399, 'grad_norm': 0.2031397521495819, 'learning_rate': 6.34246621507768e-05, 'epoch': 12.88}
{'loss': 1.4397, 'grad_norm': 0.2779257595539093, 'learning_rate': 6.340781181545514e-05, 'epoch': 12.88}
{'loss': 1.4416, 'grad_norm': 0.2835742235183716, 'learning_rate': 6.339096148013345e-05, 'epoch': 12.88}
{'loss': 1.4403, 'grad_norm': 0.20457616448402405, 'learning_rate': 6.337411114481179e-05, 'epoch': 12.89}
{'loss': 1.4402, 'grad_norm': 0.3226712942123413, 'learning_rate': 6.335726080949012e-05, 'epoch': 12.89}
{'loss': 1.4382, 'grad_norm': 0.7527124881744385, 'learning_rate': 6.334041047416845e-05, 'epoch': 12.9}
{'loss': 1.4406, 'grad_norm': 0.1733694225549698, 'learning_rate': 6.332356013884677e-05, 'epoch': 12.9}
{'loss': 1.4401, 'grad_norm': 0.19340403378009796, 'learning_rate': 6.330670980352509e-05, 'epoch': 12.91}
{'loss': 1.4407, 'grad_norm': 0.25995612144470215, 'learning_rate': 6.328985946820342e-05, 'epoch': 12.91}
{'loss': 1.4391, 'grad_norm': 0.27170076966285706, 'learning_rate': 6.327300913288175e-05, 'epoch': 12.92}
{'loss': 1.44, 'grad_norm': 0.25962769985198975, 'learning_rate': 6.325615879756007e-05, 'epoch': 12.92}
{'loss': 1.4394, 'grad_norm': 0.9351751804351807, 'learning_rate': 6.32393084622384e-05, 'epoch': 12.93}
{'loss': 1.4392, 'grad_norm': 0.19495685398578644, 'learning_rate': 6.322245812691673e-05, 'epoch': 12.93}
{'loss': 1.4393, 'grad_norm': 0.2855595648288727, 'learning_rate': 6.320560779159505e-05, 'epoch': 12.93}
{'loss': 1.4396, 'grad_norm': 0.26700854301452637, 'learning_rate': 6.318875745627338e-05, 'epoch': 12.94}
{'loss': 1.4396, 'grad_norm': 0.23453789949417114, 'learning_rate': 6.317190712095171e-05, 'epoch': 12.94}
{'loss': 1.4408, 'grad_norm': 0.24717137217521667, 'learning_rate': 6.315505678563005e-05, 'epoch': 12.95}
{'loss': 1.4384, 'grad_norm': 0.38465332984924316, 'learning_rate': 6.313820645030836e-05, 'epoch': 12.95}
{'loss': 1.4402, 'grad_norm': 1.3835980892181396, 'learning_rate': 6.31213561149867e-05, 'epoch': 12.96}
{'loss': 1.4388, 'grad_norm': 0.23119103908538818, 'learning_rate': 6.310450577966501e-05, 'epoch': 12.96}
{'loss': 1.4398, 'grad_norm': 0.28642886877059937, 'learning_rate': 6.308765544434335e-05, 'epoch': 12.97}
{'loss': 1.4392, 'grad_norm': 0.22138644754886627, 'learning_rate': 6.307080510902166e-05, 'epoch': 12.97}
{'loss': 1.4405, 'grad_norm': 0.21603816747665405, 'learning_rate': 6.30539547737e-05, 'epoch': 12.98}
{'loss': 1.4394, 'grad_norm': 0.1579475998878479, 'learning_rate': 6.303710443837833e-05, 'epoch': 12.98}
{'loss': 1.4398, 'grad_norm': 0.18594618141651154, 'learning_rate': 6.302025410305665e-05, 'epoch': 12.98}
{'loss': 1.4398, 'grad_norm': 0.14773161709308624, 'learning_rate': 6.300340376773498e-05, 'epoch': 12.99}
{'loss': 1.4406, 'grad_norm': 0.8769434690475464, 'learning_rate': 6.298655343241331e-05, 'epoch': 12.99}
{'loss': 1.4418, 'grad_norm': 0.17255724966526031, 'learning_rate': 6.296970309709164e-05, 'epoch': 13.0}
{'loss': 1.4517, 'grad_norm': 0.2952427566051483, 'learning_rate': 6.295285276176996e-05, 'epoch': 13.0}
{'loss': 1.4381, 'grad_norm': 0.3124932646751404, 'learning_rate': 6.293600242644829e-05, 'epoch': 13.01}
{'loss': 1.439, 'grad_norm': 0.23674067854881287, 'learning_rate': 6.291915209112662e-05, 'epoch': 13.01}
{'loss': 1.438, 'grad_norm': 0.18963877856731415, 'learning_rate': 6.290230175580494e-05, 'epoch': 13.02}
{'loss': 1.4362, 'grad_norm': 0.22194644808769226, 'learning_rate': 6.288545142048326e-05, 'epoch': 13.02}
{'loss': 1.4356, 'grad_norm': 0.16396014392375946, 'learning_rate': 6.286860108516159e-05, 'epoch': 13.03}
{'loss': 1.4361, 'grad_norm': 0.2576756477355957, 'learning_rate': 6.285175074983992e-05, 'epoch': 13.03}
{'loss': 1.4431, 'grad_norm': 0.5044335722923279, 'learning_rate': 6.283490041451824e-05, 'epoch': 13.03}
{'loss': 1.4369, 'grad_norm': 0.17123529314994812, 'learning_rate': 6.281805007919658e-05, 'epoch': 13.04}
{'loss': 1.4375, 'grad_norm': 0.1841503381729126, 'learning_rate': 6.280119974387491e-05, 'epoch': 13.04}
{'loss': 1.4377, 'grad_norm': 0.1772516816854477, 'learning_rate': 6.278434940855324e-05, 'epoch': 13.05}
{'loss': 1.4369, 'grad_norm': 0.19734185934066772, 'learning_rate': 6.276749907323156e-05, 'epoch': 13.05}
{'loss': 1.438, 'grad_norm': 0.1847059726715088, 'learning_rate': 6.275064873790989e-05, 'epoch': 13.06}
{'loss': 1.4377, 'grad_norm': 0.6646971702575684, 'learning_rate': 6.273379840258822e-05, 'epoch': 13.06}
{'loss': 1.4375, 'grad_norm': 0.3494117558002472, 'learning_rate': 6.271694806726654e-05, 'epoch': 13.07}
{'loss': 1.4365, 'grad_norm': 0.18214257061481476, 'learning_rate': 6.270009773194487e-05, 'epoch': 13.07}
{'loss': 1.4372, 'grad_norm': 0.22277876734733582, 'learning_rate': 6.268324739662319e-05, 'epoch': 13.08}
{'loss': 1.4359, 'grad_norm': 0.18392819166183472, 'learning_rate': 6.266639706130152e-05, 'epoch': 13.08}
{'loss': 1.4376, 'grad_norm': 0.1286119520664215, 'learning_rate': 6.264954672597984e-05, 'epoch': 13.08}
{'loss': 1.4375, 'grad_norm': 0.3732421100139618, 'learning_rate': 6.263269639065817e-05, 'epoch': 13.09}
{'loss': 1.4364, 'grad_norm': 0.16930536925792694, 'learning_rate': 6.26158460553365e-05, 'epoch': 13.09}
{'loss': 1.4359, 'grad_norm': 0.1513035148382187, 'learning_rate': 6.259899572001484e-05, 'epoch': 13.1}
{'loss': 1.4354, 'grad_norm': 0.1549714207649231, 'learning_rate': 6.258214538469315e-05, 'epoch': 13.1}
{'loss': 1.4352, 'grad_norm': 0.11930699646472931, 'learning_rate': 6.256529504937149e-05, 'epoch': 13.11}
{'loss': 1.4363, 'grad_norm': 0.30606284737586975, 'learning_rate': 6.254844471404982e-05, 'epoch': 13.11}
{'loss': 1.435, 'grad_norm': 0.13316242396831512, 'learning_rate': 6.253159437872814e-05, 'epoch': 13.12}
{'loss': 1.4364, 'grad_norm': 0.12652777135372162, 'learning_rate': 6.251474404340647e-05, 'epoch': 13.12}
{'loss': 1.4352, 'grad_norm': 0.20901872217655182, 'learning_rate': 6.24978937080848e-05, 'epoch': 13.13}
{'loss': 1.4362, 'grad_norm': 0.33996209502220154, 'learning_rate': 6.248104337276313e-05, 'epoch': 13.13}
{'loss': 1.4357, 'grad_norm': 0.15887048840522766, 'learning_rate': 6.246419303744145e-05, 'epoch': 13.13}
{'loss': 1.4369, 'grad_norm': 0.17582820355892181, 'learning_rate': 6.244734270211977e-05, 'epoch': 13.14}
{'loss': 1.4357, 'grad_norm': 0.12630510330200195, 'learning_rate': 6.24304923667981e-05, 'epoch': 13.14}
{'loss': 1.4356, 'grad_norm': 0.12988141179084778, 'learning_rate': 6.241364203147643e-05, 'epoch': 13.15}
{'loss': 1.435, 'grad_norm': 0.10811939090490341, 'learning_rate': 6.239679169615475e-05, 'epoch': 13.15}
{'loss': 1.4366, 'grad_norm': 0.5803799629211426, 'learning_rate': 6.237994136083308e-05, 'epoch': 13.16}
{'loss': 1.4383, 'grad_norm': 0.2014196217060089, 'learning_rate': 6.236309102551141e-05, 'epoch': 13.16}
{'loss': 1.4378, 'grad_norm': 0.19831091165542603, 'learning_rate': 6.234624069018973e-05, 'epoch': 13.17}
{'loss': 1.4367, 'grad_norm': 0.15447761118412018, 'learning_rate': 6.232939035486806e-05, 'epoch': 13.17}
{'loss': 1.436, 'grad_norm': 0.16746623814105988, 'learning_rate': 6.23125400195464e-05, 'epoch': 13.18}
{'loss': 1.437, 'grad_norm': 0.18343788385391235, 'learning_rate': 6.229568968422473e-05, 'epoch': 13.18}
{'loss': 1.4369, 'grad_norm': 0.15605291724205017, 'learning_rate': 6.227883934890305e-05, 'epoch': 13.18}
{'loss': 1.4357, 'grad_norm': 0.15513379871845245, 'learning_rate': 6.226198901358136e-05, 'epoch': 13.19}
{'loss': 1.4361, 'grad_norm': 0.21641911566257477, 'learning_rate': 6.22451386782597e-05, 'epoch': 13.19}
{'loss': 1.4357, 'grad_norm': 1.96892511844635, 'learning_rate': 6.222828834293803e-05, 'epoch': 13.2}
{'loss': 1.4364, 'grad_norm': 0.16523775458335876, 'learning_rate': 6.221143800761635e-05, 'epoch': 13.2}
{'loss': 1.4361, 'grad_norm': 0.20663878321647644, 'learning_rate': 6.219458767229468e-05, 'epoch': 13.21}
{'loss': 1.4362, 'grad_norm': 0.2897880971431732, 'learning_rate': 6.217773733697301e-05, 'epoch': 13.21}
{'loss': 1.4355, 'grad_norm': 0.2753216624259949, 'learning_rate': 6.216088700165133e-05, 'epoch': 13.22}
{'loss': 1.4361, 'grad_norm': 0.15060797333717346, 'learning_rate': 6.214403666632966e-05, 'epoch': 13.22}
{'loss': 1.4378, 'grad_norm': 0.2068730592727661, 'learning_rate': 6.212718633100799e-05, 'epoch': 13.23}
{'loss': 1.4376, 'grad_norm': 0.20537932217121124, 'learning_rate': 6.211033599568632e-05, 'epoch': 13.23}
{'loss': 1.4361, 'grad_norm': 0.14948229491710663, 'learning_rate': 6.209348566036464e-05, 'epoch': 13.23}
{'loss': 1.4358, 'grad_norm': 0.22282829880714417, 'learning_rate': 6.207663532504297e-05, 'epoch': 13.24}
{'loss': 1.4363, 'grad_norm': 0.11936988681554794, 'learning_rate': 6.20597849897213e-05, 'epoch': 13.24}
{'loss': 1.441, 'grad_norm': 0.18598498404026031, 'learning_rate': 6.204293465439962e-05, 'epoch': 13.25}
{'loss': 1.4396, 'grad_norm': 0.31626516580581665, 'learning_rate': 6.202608431907794e-05, 'epoch': 13.25}
{'loss': 1.4604, 'grad_norm': 0.4567123353481293, 'learning_rate': 6.200923398375628e-05, 'epoch': 13.26}
{'loss': 1.45, 'grad_norm': 0.3204248249530792, 'learning_rate': 6.199238364843461e-05, 'epoch': 13.26}
{'loss': 1.4429, 'grad_norm': 0.39701297879219055, 'learning_rate': 6.197553331311294e-05, 'epoch': 13.27}
{'loss': 1.4403, 'grad_norm': 0.20409457385540009, 'learning_rate': 6.195868297779126e-05, 'epoch': 13.27}
{'loss': 1.4407, 'grad_norm': 0.5860326886177063, 'learning_rate': 6.194183264246959e-05, 'epoch': 13.28}
{'loss': 1.4386, 'grad_norm': 0.18290120363235474, 'learning_rate': 6.192498230714792e-05, 'epoch': 13.28}
{'loss': 1.4374, 'grad_norm': 0.24417796730995178, 'learning_rate': 6.190813197182624e-05, 'epoch': 13.28}
{'loss': 1.4374, 'grad_norm': 0.2929666340351105, 'learning_rate': 6.189128163650457e-05, 'epoch': 13.29}
{'loss': 1.4399, 'grad_norm': 0.12886543571949005, 'learning_rate': 6.18744313011829e-05, 'epoch': 13.29}
{'loss': 1.4371, 'grad_norm': 0.4288668930530548, 'learning_rate': 6.185758096586122e-05, 'epoch': 13.3}
{'loss': 1.4396, 'grad_norm': 0.1978028267621994, 'learning_rate': 6.184073063053955e-05, 'epoch': 13.3}
{'loss': 1.4377, 'grad_norm': 0.24787452816963196, 'learning_rate': 6.182388029521787e-05, 'epoch': 13.31}
{'loss': 1.4384, 'grad_norm': 0.2151368111371994, 'learning_rate': 6.18070299598962e-05, 'epoch': 13.31}
{'loss': 1.4375, 'grad_norm': 0.1344437450170517, 'learning_rate': 6.179017962457454e-05, 'epoch': 13.32}
{'loss': 1.444, 'grad_norm': 0.30946749448776245, 'learning_rate': 6.177332928925285e-05, 'epoch': 13.32}
{'loss': 1.4375, 'grad_norm': 0.3194631040096283, 'learning_rate': 6.175647895393119e-05, 'epoch': 13.33}
{'loss': 1.4378, 'grad_norm': 0.8477938771247864, 'learning_rate': 6.173962861860952e-05, 'epoch': 13.33}
{'loss': 1.4448, 'grad_norm': 0.17132726311683655, 'learning_rate': 6.172277828328784e-05, 'epoch': 13.33}
{'loss': 1.4393, 'grad_norm': 0.263616144657135, 'learning_rate': 6.170592794796617e-05, 'epoch': 13.34}
{'loss': 1.4375, 'grad_norm': 0.18855345249176025, 'learning_rate': 6.16890776126445e-05, 'epoch': 13.34}
{'loss': 1.4386, 'grad_norm': 0.362081915140152, 'learning_rate': 6.167222727732283e-05, 'epoch': 13.35}
{'loss': 1.4386, 'grad_norm': 0.2267816811800003, 'learning_rate': 6.165537694200115e-05, 'epoch': 13.35}
{'loss': 1.4375, 'grad_norm': 0.18805474042892456, 'learning_rate': 6.163852660667948e-05, 'epoch': 13.36}
{'loss': 1.4414, 'grad_norm': 0.16243958473205566, 'learning_rate': 6.16216762713578e-05, 'epoch': 13.36}
{'loss': 1.4391, 'grad_norm': 0.24904465675354004, 'learning_rate': 6.160482593603613e-05, 'epoch': 13.37}
{'loss': 1.438, 'grad_norm': 0.2055252492427826, 'learning_rate': 6.158797560071445e-05, 'epoch': 13.37}
{'loss': 1.4388, 'grad_norm': 0.5303962826728821, 'learning_rate': 6.157112526539278e-05, 'epoch': 13.38}
{'loss': 1.4382, 'grad_norm': 0.2328421175479889, 'learning_rate': 6.155427493007111e-05, 'epoch': 13.38}
{'loss': 1.4386, 'grad_norm': 0.23110851645469666, 'learning_rate': 6.153742459474943e-05, 'epoch': 13.38}
{'loss': 1.4406, 'grad_norm': 0.20954622328281403, 'learning_rate': 6.152057425942776e-05, 'epoch': 13.39}
{'loss': 1.4378, 'grad_norm': 0.2838224172592163, 'learning_rate': 6.15037239241061e-05, 'epoch': 13.39}
{'loss': 1.4369, 'grad_norm': 0.12486322224140167, 'learning_rate': 6.148687358878443e-05, 'epoch': 13.4}
{'loss': 1.4371, 'grad_norm': 0.21234215795993805, 'learning_rate': 6.147002325346275e-05, 'epoch': 13.4}
{'loss': 1.4363, 'grad_norm': 0.2239571064710617, 'learning_rate': 6.145317291814108e-05, 'epoch': 13.41}
{'loss': 1.4365, 'grad_norm': 0.13954924046993256, 'learning_rate': 6.143632258281941e-05, 'epoch': 13.41}
{'loss': 1.437, 'grad_norm': 0.18738332390785217, 'learning_rate': 6.141947224749773e-05, 'epoch': 13.42}
{'loss': 1.4375, 'grad_norm': 0.33394357562065125, 'learning_rate': 6.140262191217605e-05, 'epoch': 13.42}
{'loss': 1.4353, 'grad_norm': 0.1403840035200119, 'learning_rate': 6.138577157685438e-05, 'epoch': 13.43}
{'loss': 1.4407, 'grad_norm': 0.21759657561779022, 'learning_rate': 6.136892124153271e-05, 'epoch': 13.43}
{'loss': 1.436, 'grad_norm': 0.2355741709470749, 'learning_rate': 6.135207090621103e-05, 'epoch': 13.43}
{'loss': 1.4363, 'grad_norm': 0.21655654907226562, 'learning_rate': 6.133522057088936e-05, 'epoch': 13.44}
{'loss': 1.4374, 'grad_norm': 0.32568037509918213, 'learning_rate': 6.131837023556769e-05, 'epoch': 13.44}
{'loss': 1.4364, 'grad_norm': 0.1894434541463852, 'learning_rate': 6.130151990024602e-05, 'epoch': 13.45}
{'loss': 1.4357, 'grad_norm': 0.19489073753356934, 'learning_rate': 6.128466956492434e-05, 'epoch': 13.45}
{'loss': 1.436, 'grad_norm': 0.16716191172599792, 'learning_rate': 6.126781922960267e-05, 'epoch': 13.46}
{'loss': 1.4366, 'grad_norm': 0.1530194729566574, 'learning_rate': 6.125096889428101e-05, 'epoch': 13.46}
{'loss': 1.4364, 'grad_norm': 0.2613484859466553, 'learning_rate': 6.123411855895933e-05, 'epoch': 13.47}
{'loss': 1.4366, 'grad_norm': 0.1255730390548706, 'learning_rate': 6.121726822363766e-05, 'epoch': 13.47}
{'loss': 1.4358, 'grad_norm': 0.20703721046447754, 'learning_rate': 6.120041788831598e-05, 'epoch': 13.48}
{'loss': 1.4374, 'grad_norm': 0.16960173845291138, 'learning_rate': 6.118356755299431e-05, 'epoch': 13.48}
{'loss': 1.4375, 'grad_norm': 0.3442794382572174, 'learning_rate': 6.116671721767263e-05, 'epoch': 13.48}
{'loss': 1.4355, 'grad_norm': 0.17307160794734955, 'learning_rate': 6.114986688235096e-05, 'epoch': 13.49}
{'loss': 1.4382, 'grad_norm': 0.20299048721790314, 'learning_rate': 6.113301654702929e-05, 'epoch': 13.49}
{'loss': 1.4366, 'grad_norm': 0.1956954300403595, 'learning_rate': 6.111616621170762e-05, 'epoch': 13.5}
{'loss': 1.4369, 'grad_norm': 0.15620622038841248, 'learning_rate': 6.109931587638594e-05, 'epoch': 13.5}
{'loss': 1.4355, 'grad_norm': 0.1480681300163269, 'learning_rate': 6.108246554106427e-05, 'epoch': 13.51}
{'loss': 1.4365, 'grad_norm': 0.2636832892894745, 'learning_rate': 6.10656152057426e-05, 'epoch': 13.51}
{'loss': 1.4373, 'grad_norm': 0.17989404499530792, 'learning_rate': 6.104876487042092e-05, 'epoch': 13.52}
{'loss': 1.4418, 'grad_norm': 0.20883315801620483, 'learning_rate': 6.1031914535099254e-05, 'epoch': 13.52}
{'loss': 1.4366, 'grad_norm': 0.16275306046009064, 'learning_rate': 6.1015064199777585e-05, 'epoch': 13.53}
{'loss': 1.4376, 'grad_norm': 0.24056528508663177, 'learning_rate': 6.099821386445591e-05, 'epoch': 13.53}
{'loss': 1.4373, 'grad_norm': 0.2936168611049652, 'learning_rate': 6.098136352913423e-05, 'epoch': 13.54}
{'loss': 1.4363, 'grad_norm': 0.14106114208698273, 'learning_rate': 6.0964513193812554e-05, 'epoch': 13.54}
{'loss': 1.4356, 'grad_norm': 0.2664131224155426, 'learning_rate': 6.0947662858490886e-05, 'epoch': 13.54}
{'loss': 1.4361, 'grad_norm': 0.1744702160358429, 'learning_rate': 6.093081252316921e-05, 'epoch': 13.55}
{'loss': 1.4365, 'grad_norm': 0.14305691421031952, 'learning_rate': 6.091396218784754e-05, 'epoch': 13.55}
{'loss': 1.4371, 'grad_norm': 0.23999148607254028, 'learning_rate': 6.089711185252587e-05, 'epoch': 13.56}
{'loss': 1.4387, 'grad_norm': 0.46868887543678284, 'learning_rate': 6.088026151720419e-05, 'epoch': 13.56}
{'loss': 1.437, 'grad_norm': 0.23239795863628387, 'learning_rate': 6.0863411181882525e-05, 'epoch': 13.57}
{'loss': 1.4359, 'grad_norm': 0.1692473292350769, 'learning_rate': 6.084656084656085e-05, 'epoch': 13.57}
{'loss': 1.4371, 'grad_norm': 0.14402373135089874, 'learning_rate': 6.082971051123918e-05, 'epoch': 13.58}
{'loss': 1.4378, 'grad_norm': 0.14785467088222504, 'learning_rate': 6.081286017591751e-05, 'epoch': 13.58}
{'loss': 1.4365, 'grad_norm': 0.7793208956718445, 'learning_rate': 6.079600984059583e-05, 'epoch': 13.59}
{'loss': 1.4449, 'grad_norm': 0.18899455666542053, 'learning_rate': 6.077915950527415e-05, 'epoch': 13.59}
{'loss': 1.4381, 'grad_norm': 0.14271493256092072, 'learning_rate': 6.076230916995248e-05, 'epoch': 13.59}
{'loss': 1.4364, 'grad_norm': 0.20443545281887054, 'learning_rate': 6.074545883463081e-05, 'epoch': 13.6}
{'loss': 1.4403, 'grad_norm': 0.2487439215183258, 'learning_rate': 6.072860849930914e-05, 'epoch': 13.6}
{'loss': 1.4358, 'grad_norm': 0.17338144779205322, 'learning_rate': 6.0711758163987465e-05, 'epoch': 13.61}
{'loss': 1.4422, 'grad_norm': 0.5182139873504639, 'learning_rate': 6.069490782866579e-05, 'epoch': 13.61}
{'loss': 1.4438, 'grad_norm': 0.3700667917728424, 'learning_rate': 6.067805749334412e-05, 'epoch': 13.62}
{'loss': 1.441, 'grad_norm': 0.20795659720897675, 'learning_rate': 6.066120715802245e-05, 'epoch': 13.62}
{'loss': 1.4377, 'grad_norm': 0.30201858282089233, 'learning_rate': 6.064435682270078e-05, 'epoch': 13.63}
{'loss': 1.4374, 'grad_norm': 0.1466081440448761, 'learning_rate': 6.0627506487379104e-05, 'epoch': 13.63}
{'loss': 1.4405, 'grad_norm': 0.23245088756084442, 'learning_rate': 6.0610656152057436e-05, 'epoch': 13.64}
{'loss': 1.4369, 'grad_norm': 0.1729026585817337, 'learning_rate': 6.059380581673576e-05, 'epoch': 13.64}
{'loss': 1.4369, 'grad_norm': 0.19081199169158936, 'learning_rate': 6.0576955481414086e-05, 'epoch': 13.64}
{'loss': 1.4374, 'grad_norm': 0.19595949351787567, 'learning_rate': 6.0560105146092404e-05, 'epoch': 13.65}
pred : ardent in the prosecution of heresy cyril auspiciously opened his reign by oppressing the novations the most innocent and harmless of the sectaries
label: ardent in the prosecution of heresy cyril auspiciously opened his reign by oppressing the novatians the most innocent and harmless of the sectaries
pred : without any legal sentence without any royal mandate the patriarch at the dawn of day led a seditious multitude to the attack of the synagogues
label: without any legal sentence without any royal mandate the patriarch at the dawn of day led a seditious multitude to the attack of the synagogues
pred : such crimes would have deserved the animadversion of the magistrate but in this promiscuous outrage the innocent were confounded with the guilty and alexandria was impoverished by the loss of a wealthy and industrious colony
label: such crimes would have deserved the animadversion of the magistrate but in this promiscuous outrage the innocent were confounded with the guilty and alexandria was impoverished by the loss of a wealthy and industrious colony
pred : ardent in the prosecution of heresy cyril auspiciously opened his reign by oppressing the novations the most innocent and harmless of the sectaries
label: ardent in the prosecution of heresy cyril auspiciously opened his reign by oppressing the novatians the most innocent and harmless of the sectaries
pred : without any legal sentence without any royal mandate the patriarch at the dawn of day led a seditious multitude to the attack of the synagogues
label: without any legal sentence without any royal mandate the patriarch at the dawn of day led a seditious multitude to the attack of the synagogues
pred : such crimes would have deserved the animadversion of the magistrate but in this promiscuous outrage the innocent were confounded with the guilty and alexandria was impoverished by the loss of a wealthy and industrious colony
label: such crimes would have deserved the animadversion of the magistrate but in this promiscuous outrage the innocent were confounded with the guilty and alexandria was impoverished by the loss of a wealthy and industrious colony
pred : ardent in the prosecution of heresy cyril auspiciously opened his reign by oppressing the novations the most innocent and harmless of the sectaries
label: ardent in the prosecution of heresy cyril auspiciously opened his reign by oppressing the novatians the most innocent and harmless of the sectaries
pred : without any legal sentence without any royal mandate the patriarch at the dawn of day led a seditious multitude to the attack of the synagogues
label: without any legal sentence without any royal mandate the patriarch at the dawn of day led a seditious multitude to the attack of the synagogues
pred : such crimes would have deserved the animadversion of the magistrate but in this promiscuous outrage the innocent were confounded with the guilty and alexandria was impoverished by the loss of a wealthy and industrious colony
label: such crimes would have deserved the animadversion of the magistrate but in this promiscuous outrage the innocent were confounded with the guilty and alexandria was impoverished by the loss of a wealthy and industrious colony
pred : ardent in the prosecution of heresy cyril auspiciously opened his reign by oppressing the novations the most innocent and harmless of the sectaries
label: ardent in the prosecution of heresy cyril auspiciously opened his reign by oppressing the novatians the most innocent and harmless of the sectaries
pred : without any legal sentence without any royal mandate the patriarch at the dawn of day led a seditious multitude to the attack of the synagogues
label: without any legal sentence without any royal mandate the patriarch at the dawn of day led a seditious multitude to the attack of the synagogues
pred : such crimes would have deserved the animadversion of the magistrate but in this promiscuous outrage the innocent were confounded with the guilty and alexandria was impoverished by the loss of a wealthy and industrious colony
label: such crimes would have deserved the animadversion of the magistrate but in this promiscuous outrage the innocent were confounded with the guilty and alexandria was impoverished by the loss of a wealthy and industrious colony
{'eval_loss': 1.5741084814071655, 'eval_bleu': 96.69367128662682, 'eval_wer': 0.017765461740673606, 'eval_cer': 0.008581671036544683, 'eval_rouge1': 0.9852666282264937, 'eval_rouge2': 0.9729852659965647, 'eval_rougeL': 0.9852472925781176, 'eval_runtime': 99.264, 'eval_samples_per_second': 56.083, 'eval_steps_per_second': 0.292, 'epoch': 13.65}
{'loss': 1.4376, 'grad_norm': 0.22920696437358856, 'learning_rate': 6.0543254810770736e-05, 'epoch': 13.65}
{'loss': 1.4444, 'grad_norm': 0.33940812945365906, 'learning_rate': 6.052640447544906e-05, 'epoch': 13.66}
{'loss': 1.4374, 'grad_norm': 0.1613202691078186, 'learning_rate': 6.0509554140127386e-05, 'epoch': 13.66}
{'loss': 1.4381, 'grad_norm': 0.1839010864496231, 'learning_rate': 6.049270380480572e-05, 'epoch': 13.67}
{'loss': 1.4396, 'grad_norm': 0.15041708946228027, 'learning_rate': 6.047585346948404e-05, 'epoch': 13.67}
{'loss': 1.4365, 'grad_norm': 0.31879734992980957, 'learning_rate': 6.0459003134162375e-05, 'epoch': 13.68}
{'loss': 1.4366, 'grad_norm': 0.25107282400131226, 'learning_rate': 6.04421527988407e-05, 'epoch': 13.68}
{'loss': 1.4364, 'grad_norm': 0.14272691309452057, 'learning_rate': 6.042530246351903e-05, 'epoch': 13.69}
{'loss': 1.4364, 'grad_norm': 0.23617228865623474, 'learning_rate': 6.040845212819736e-05, 'epoch': 13.69}
{'loss': 1.4372, 'grad_norm': 0.15108740329742432, 'learning_rate': 6.039160179287568e-05, 'epoch': 13.69}
{'loss': 1.4366, 'grad_norm': 0.3585372269153595, 'learning_rate': 6.0374751457554014e-05, 'epoch': 13.7}
{'loss': 1.4357, 'grad_norm': 0.16393131017684937, 'learning_rate': 6.035790112223233e-05, 'epoch': 13.7}
{'loss': 1.4357, 'grad_norm': 0.24165181815624237, 'learning_rate': 6.034105078691066e-05, 'epoch': 13.71}
{'loss': 1.4373, 'grad_norm': 0.32956764101982117, 'learning_rate': 6.032420045158898e-05, 'epoch': 13.71}
{'loss': 1.4407, 'grad_norm': 0.17747530341148376, 'learning_rate': 6.0307350116267315e-05, 'epoch': 13.72}
{'loss': 1.4389, 'grad_norm': 0.17478297650814056, 'learning_rate': 6.029049978094564e-05, 'epoch': 13.72}
{'loss': 1.4369, 'grad_norm': 0.1957784742116928, 'learning_rate': 6.027364944562397e-05, 'epoch': 13.73}
{'loss': 1.4408, 'grad_norm': 0.2600235342979431, 'learning_rate': 6.02567991103023e-05, 'epoch': 13.73}
{'loss': 1.4374, 'grad_norm': 0.17990459501743317, 'learning_rate': 6.023994877498063e-05, 'epoch': 13.74}
{'loss': 1.4378, 'grad_norm': 0.1534094214439392, 'learning_rate': 6.0223098439658954e-05, 'epoch': 13.74}
{'loss': 1.4367, 'grad_norm': 0.2191689908504486, 'learning_rate': 6.020624810433728e-05, 'epoch': 13.74}
{'loss': 1.4366, 'grad_norm': 0.3091314733028412, 'learning_rate': 6.018939776901561e-05, 'epoch': 13.75}
{'loss': 1.4357, 'grad_norm': 0.1347605288028717, 'learning_rate': 6.0172547433693936e-05, 'epoch': 13.75}
{'loss': 1.4365, 'grad_norm': 0.16905471682548523, 'learning_rate': 6.015569709837227e-05, 'epoch': 13.76}
{'loss': 1.438, 'grad_norm': 0.31052136421203613, 'learning_rate': 6.013884676305058e-05, 'epoch': 13.76}
{'loss': 1.4375, 'grad_norm': 0.16565905511379242, 'learning_rate': 6.012199642772891e-05, 'epoch': 13.77}
{'loss': 1.4373, 'grad_norm': 0.20425085723400116, 'learning_rate': 6.0105146092407236e-05, 'epoch': 13.77}
{'loss': 1.4371, 'grad_norm': 0.1880984604358673, 'learning_rate': 6.008829575708557e-05, 'epoch': 13.78}
{'loss': 1.4408, 'grad_norm': 0.13654346764087677, 'learning_rate': 6.007144542176389e-05, 'epoch': 13.78}
{'loss': 1.437, 'grad_norm': 0.13413816690444946, 'learning_rate': 6.0054595086442225e-05, 'epoch': 13.79}
{'loss': 1.4374, 'grad_norm': 0.18119408190250397, 'learning_rate': 6.003774475112055e-05, 'epoch': 13.79}
{'loss': 1.4376, 'grad_norm': 0.21525178849697113, 'learning_rate': 6.0020894415798875e-05, 'epoch': 13.79}
{'loss': 1.4361, 'grad_norm': 0.21701844036579132, 'learning_rate': 6.000404408047721e-05, 'epoch': 13.8}
{'loss': 1.4385, 'grad_norm': 3.7738726139068604, 'learning_rate': 5.998719374515553e-05, 'epoch': 13.8}
{'loss': 1.437, 'grad_norm': 0.18669134378433228, 'learning_rate': 5.9970343409833864e-05, 'epoch': 13.81}
{'loss': 1.4391, 'grad_norm': 0.2506311237812042, 'learning_rate': 5.995349307451219e-05, 'epoch': 13.81}
{'loss': 1.4458, 'grad_norm': 1.2423831224441528, 'learning_rate': 5.993664273919052e-05, 'epoch': 13.82}
{'loss': 1.5324, 'grad_norm': 11.383528709411621, 'learning_rate': 5.991979240386883e-05, 'epoch': 13.82}
{'loss': 1.4794, 'grad_norm': 0.3122844994068146, 'learning_rate': 5.9902942068547165e-05, 'epoch': 13.83}
{'loss': 1.4414, 'grad_norm': 0.19959737360477448, 'learning_rate': 5.988609173322549e-05, 'epoch': 13.83}
{'loss': 1.4385, 'grad_norm': 0.21744897961616516, 'learning_rate': 5.986924139790382e-05, 'epoch': 13.84}
{'loss': 1.4383, 'grad_norm': 0.23791667819023132, 'learning_rate': 5.985239106258215e-05, 'epoch': 13.84}
{'loss': 1.4374, 'grad_norm': 0.4593381881713867, 'learning_rate': 5.983554072726047e-05, 'epoch': 13.84}
{'loss': 1.4366, 'grad_norm': 0.1744370311498642, 'learning_rate': 5.9818690391938804e-05, 'epoch': 13.85}
{'loss': 1.4373, 'grad_norm': 0.3526986241340637, 'learning_rate': 5.980184005661713e-05, 'epoch': 13.85}
{'loss': 1.4378, 'grad_norm': 0.2294960916042328, 'learning_rate': 5.978498972129546e-05, 'epoch': 13.86}
{'loss': 1.4364, 'grad_norm': 0.13649378716945648, 'learning_rate': 5.9768139385973786e-05, 'epoch': 13.86}
{'loss': 1.4375, 'grad_norm': 0.2985089421272278, 'learning_rate': 5.975128905065212e-05, 'epoch': 13.87}
{'loss': 1.4386, 'grad_norm': 0.14621774852275848, 'learning_rate': 5.973443871533044e-05, 'epoch': 13.87}
{'loss': 1.4359, 'grad_norm': 0.2081807404756546, 'learning_rate': 5.971758838000876e-05, 'epoch': 13.88}
{'loss': 1.4363, 'grad_norm': 0.19044680893421173, 'learning_rate': 5.9700738044687086e-05, 'epoch': 13.88}
{'loss': 1.4367, 'grad_norm': 0.17902162671089172, 'learning_rate': 5.968388770936542e-05, 'epoch': 13.89}
{'loss': 1.4374, 'grad_norm': 0.24467511475086212, 'learning_rate': 5.966703737404374e-05, 'epoch': 13.89}
{'loss': 1.4362, 'grad_norm': 0.13929535448551178, 'learning_rate': 5.965018703872207e-05, 'epoch': 13.89}
{'loss': 1.4373, 'grad_norm': 0.5025498270988464, 'learning_rate': 5.96333367034004e-05, 'epoch': 13.9}
{'loss': 1.4363, 'grad_norm': 0.14032423496246338, 'learning_rate': 5.9616486368078725e-05, 'epoch': 13.9}
{'loss': 1.4366, 'grad_norm': 0.5841986536979675, 'learning_rate': 5.959963603275706e-05, 'epoch': 13.91}
{'loss': 1.4355, 'grad_norm': 0.14824020862579346, 'learning_rate': 5.958278569743538e-05, 'epoch': 13.91}
{'loss': 1.4354, 'grad_norm': 0.1710919886827469, 'learning_rate': 5.9565935362113714e-05, 'epoch': 13.92}
{'loss': 1.4396, 'grad_norm': 0.14629162847995758, 'learning_rate': 5.954908502679204e-05, 'epoch': 13.92}
{'loss': 1.4369, 'grad_norm': 0.1140492856502533, 'learning_rate': 5.9532234691470365e-05, 'epoch': 13.93}
{'loss': 1.437, 'grad_norm': 0.23554383218288422, 'learning_rate': 5.9515384356148696e-05, 'epoch': 13.93}
{'loss': 1.4359, 'grad_norm': 0.1936478465795517, 'learning_rate': 5.9498534020827015e-05, 'epoch': 13.94}
{'loss': 1.4417, 'grad_norm': 0.30246028304100037, 'learning_rate': 5.948168368550534e-05, 'epoch': 13.94}
{'loss': 1.4382, 'grad_norm': 0.3117823898792267, 'learning_rate': 5.946483335018367e-05, 'epoch': 13.94}
{'loss': 1.4357, 'grad_norm': 0.20861120522022247, 'learning_rate': 5.9447983014862e-05, 'epoch': 13.95}
{'loss': 1.4357, 'grad_norm': 0.1080605536699295, 'learning_rate': 5.943113267954032e-05, 'epoch': 13.95}
{'loss': 1.4344, 'grad_norm': 0.22609944641590118, 'learning_rate': 5.9414282344218654e-05, 'epoch': 13.96}
{'loss': 1.4338, 'grad_norm': 0.15272913873195648, 'learning_rate': 5.939743200889698e-05, 'epoch': 13.96}
{'loss': 1.4344, 'grad_norm': 0.13522742688655853, 'learning_rate': 5.938058167357531e-05, 'epoch': 13.97}
{'loss': 1.4378, 'grad_norm': 0.22083066403865814, 'learning_rate': 5.9363731338253636e-05, 'epoch': 13.97}
{'loss': 1.4371, 'grad_norm': 0.1681968718767166, 'learning_rate': 5.934688100293196e-05, 'epoch': 13.98}
{'loss': 1.4379, 'grad_norm': 0.5712272524833679, 'learning_rate': 5.933003066761029e-05, 'epoch': 13.98}
{'loss': 1.4363, 'grad_norm': 0.15264320373535156, 'learning_rate': 5.931318033228862e-05, 'epoch': 13.99}
{'loss': 1.4373, 'grad_norm': 0.3288424611091614, 'learning_rate': 5.9296329996966936e-05, 'epoch': 13.99}
{'loss': 1.4368, 'grad_norm': 0.21508537232875824, 'learning_rate': 5.927947966164527e-05, 'epoch': 13.99}
{'loss': 1.437, 'grad_norm': 0.23027555644512177, 'learning_rate': 5.9262629326323593e-05, 'epoch': 14.0}
{'loss': 1.4341, 'grad_norm': 0.21632221341133118, 'learning_rate': 5.924577899100192e-05, 'epoch': 14.0}
{'loss': 1.4339, 'grad_norm': 0.2059813290834427, 'learning_rate': 5.922892865568025e-05, 'epoch': 14.01}
{'loss': 1.4328, 'grad_norm': 0.161696195602417, 'learning_rate': 5.9212078320358576e-05, 'epoch': 14.01}
{'loss': 1.4329, 'grad_norm': 0.15194085240364075, 'learning_rate': 5.919522798503691e-05, 'epoch': 14.02}
{'loss': 1.4329, 'grad_norm': 0.21315236389636993, 'learning_rate': 5.917837764971523e-05, 'epoch': 14.02}
{'loss': 1.4338, 'grad_norm': 0.14784958958625793, 'learning_rate': 5.9161527314393564e-05, 'epoch': 14.03}
{'loss': 1.4339, 'grad_norm': 0.2445002645254135, 'learning_rate': 5.914467697907189e-05, 'epoch': 14.03}
{'loss': 1.4332, 'grad_norm': 0.22340171039104462, 'learning_rate': 5.9127826643750215e-05, 'epoch': 14.04}
{'loss': 1.4341, 'grad_norm': 0.1352940946817398, 'learning_rate': 5.9110976308428547e-05, 'epoch': 14.04}
{'loss': 1.4341, 'grad_norm': 0.18835818767547607, 'learning_rate': 5.909412597310687e-05, 'epoch': 14.04}
{'loss': 1.4351, 'grad_norm': 0.22947178781032562, 'learning_rate': 5.907727563778519e-05, 'epoch': 14.05}
{'loss': 1.4337, 'grad_norm': 0.18446585536003113, 'learning_rate': 5.9060425302463515e-05, 'epoch': 14.05}
{'loss': 1.4338, 'grad_norm': 0.1461782306432724, 'learning_rate': 5.904357496714185e-05, 'epoch': 14.06}
{'loss': 1.4341, 'grad_norm': 0.18333353102207184, 'learning_rate': 5.902672463182017e-05, 'epoch': 14.06}
{'loss': 1.4336, 'grad_norm': 0.14464175701141357, 'learning_rate': 5.9009874296498504e-05, 'epoch': 14.07}
{'loss': 1.4349, 'grad_norm': 0.26459231972694397, 'learning_rate': 5.899302396117683e-05, 'epoch': 14.07}
{'loss': 1.4353, 'grad_norm': 1.8994160890579224, 'learning_rate': 5.897617362585516e-05, 'epoch': 14.08}
{'loss': 1.4341, 'grad_norm': 0.48559245467185974, 'learning_rate': 5.8959323290533486e-05, 'epoch': 14.08}
{'loss': 1.4337, 'grad_norm': 0.14924953877925873, 'learning_rate': 5.894247295521181e-05, 'epoch': 14.09}
{'loss': 1.4339, 'grad_norm': 0.13726674020290375, 'learning_rate': 5.892562261989014e-05, 'epoch': 14.09}
{'loss': 1.4348, 'grad_norm': 0.1748322993516922, 'learning_rate': 5.890877228456847e-05, 'epoch': 14.09}
{'loss': 1.4326, 'grad_norm': 0.3111949861049652, 'learning_rate': 5.88919219492468e-05, 'epoch': 14.1}
{'loss': 1.4335, 'grad_norm': 0.3011645972728729, 'learning_rate': 5.887507161392511e-05, 'epoch': 14.1}
{'loss': 1.4334, 'grad_norm': 0.8442699313163757, 'learning_rate': 5.8858221278603444e-05, 'epoch': 14.11}
{'loss': 1.4334, 'grad_norm': 0.18930476903915405, 'learning_rate': 5.884137094328177e-05, 'epoch': 14.11}
{'loss': 1.4335, 'grad_norm': 0.24030612409114838, 'learning_rate': 5.88245206079601e-05, 'epoch': 14.12}
{'loss': 1.4343, 'grad_norm': 0.4895443320274353, 'learning_rate': 5.8807670272638426e-05, 'epoch': 14.12}
{'loss': 1.4341, 'grad_norm': 0.17062035202980042, 'learning_rate': 5.879081993731676e-05, 'epoch': 14.13}
{'loss': 1.4343, 'grad_norm': 0.4708256721496582, 'learning_rate': 5.877396960199508e-05, 'epoch': 14.13}
{'loss': 1.4337, 'grad_norm': 0.5167024731636047, 'learning_rate': 5.875711926667341e-05, 'epoch': 14.14}
{'loss': 1.4345, 'grad_norm': 0.1260145753622055, 'learning_rate': 5.874026893135174e-05, 'epoch': 14.14}
{'loss': 1.4328, 'grad_norm': 0.14306773245334625, 'learning_rate': 5.8723418596030065e-05, 'epoch': 14.14}
{'loss': 1.4334, 'grad_norm': 0.16884341835975647, 'learning_rate': 5.87065682607084e-05, 'epoch': 14.15}
{'loss': 1.433, 'grad_norm': 0.2865215837955475, 'learning_rate': 5.868971792538672e-05, 'epoch': 14.15}
{'loss': 1.4343, 'grad_norm': 0.12561821937561035, 'learning_rate': 5.8672867590065054e-05, 'epoch': 14.16}
{'loss': 1.4333, 'grad_norm': 0.23747758567333221, 'learning_rate': 5.8656017254743365e-05, 'epoch': 14.16}
{'loss': 1.434, 'grad_norm': 0.17951934039592743, 'learning_rate': 5.86391669194217e-05, 'epoch': 14.17}
{'loss': 1.4345, 'grad_norm': 0.22224754095077515, 'learning_rate': 5.862231658410002e-05, 'epoch': 14.17}
{'loss': 1.4351, 'grad_norm': 0.19116944074630737, 'learning_rate': 5.8605466248778354e-05, 'epoch': 14.18}
{'loss': 1.4334, 'grad_norm': 0.1363588273525238, 'learning_rate': 5.858861591345668e-05, 'epoch': 14.18}
{'loss': 1.434, 'grad_norm': 0.6480560898780823, 'learning_rate': 5.8571765578135004e-05, 'epoch': 14.19}
{'loss': 1.4337, 'grad_norm': 0.14305084943771362, 'learning_rate': 5.8554915242813336e-05, 'epoch': 14.19}
{'loss': 1.4336, 'grad_norm': 0.13864940404891968, 'learning_rate': 5.853806490749166e-05, 'epoch': 14.19}
{'loss': 1.4337, 'grad_norm': 0.20299150049686432, 'learning_rate': 5.852121457216999e-05, 'epoch': 14.2}
{'loss': 1.4329, 'grad_norm': 0.13452833890914917, 'learning_rate': 5.850436423684832e-05, 'epoch': 14.2}
{'loss': 1.4339, 'grad_norm': 0.17537713050842285, 'learning_rate': 5.848751390152665e-05, 'epoch': 14.21}
{'loss': 1.4327, 'grad_norm': 0.24453632533550262, 'learning_rate': 5.8470663566204975e-05, 'epoch': 14.21}
{'loss': 1.434, 'grad_norm': 0.15651823580265045, 'learning_rate': 5.8453813230883294e-05, 'epoch': 14.22}
{'loss': 1.4327, 'grad_norm': 0.13274413347244263, 'learning_rate': 5.843696289556162e-05, 'epoch': 14.22}
{'loss': 1.4332, 'grad_norm': 0.21787695586681366, 'learning_rate': 5.842011256023995e-05, 'epoch': 14.23}
{'loss': 1.4342, 'grad_norm': 0.2178124040365219, 'learning_rate': 5.8403262224918276e-05, 'epoch': 14.23}
{'loss': 1.4338, 'grad_norm': 0.12637026607990265, 'learning_rate': 5.83864118895966e-05, 'epoch': 14.24}
{'loss': 1.4333, 'grad_norm': 0.8174301385879517, 'learning_rate': 5.836956155427493e-05, 'epoch': 14.24}
{'loss': 1.4346, 'grad_norm': 0.26152998208999634, 'learning_rate': 5.835271121895326e-05, 'epoch': 14.24}
{'loss': 1.4335, 'grad_norm': 0.11926762759685516, 'learning_rate': 5.833586088363159e-05, 'epoch': 14.25}
{'loss': 1.4339, 'grad_norm': 0.19883933663368225, 'learning_rate': 5.8319010548309915e-05, 'epoch': 14.25}
{'loss': 1.4353, 'grad_norm': 0.90235835313797, 'learning_rate': 5.830216021298825e-05, 'epoch': 14.26}
{'loss': 1.4348, 'grad_norm': 0.16360381245613098, 'learning_rate': 5.828530987766657e-05, 'epoch': 14.26}
{'loss': 1.4342, 'grad_norm': 0.20795299112796783, 'learning_rate': 5.82684595423449e-05, 'epoch': 14.27}
{'loss': 1.4343, 'grad_norm': 0.11130356043577194, 'learning_rate': 5.825160920702323e-05, 'epoch': 14.27}
{'loss': 1.4346, 'grad_norm': 0.1952180117368698, 'learning_rate': 5.823475887170155e-05, 'epoch': 14.28}
{'loss': 1.4327, 'grad_norm': 0.10259218513965607, 'learning_rate': 5.821790853637987e-05, 'epoch': 14.28}
{'loss': 1.4337, 'grad_norm': 0.1934986263513565, 'learning_rate': 5.82010582010582e-05, 'epoch': 14.29}
{'loss': 1.4351, 'grad_norm': 0.16112348437309265, 'learning_rate': 5.818420786573653e-05, 'epoch': 14.29}
{'loss': 1.4339, 'grad_norm': 0.4833199083805084, 'learning_rate': 5.8167357530414854e-05, 'epoch': 14.29}
{'loss': 1.4349, 'grad_norm': 0.22838695347309113, 'learning_rate': 5.8150507195093186e-05, 'epoch': 14.3}
{'loss': 1.434, 'grad_norm': 0.28741487860679626, 'learning_rate': 5.813365685977151e-05, 'epoch': 14.3}
{'loss': 1.4343, 'grad_norm': 0.18914954364299774, 'learning_rate': 5.811680652444984e-05, 'epoch': 14.31}
{'loss': 1.4337, 'grad_norm': 0.2141731083393097, 'learning_rate': 5.809995618912817e-05, 'epoch': 14.31}
{'loss': 1.4347, 'grad_norm': 0.17590594291687012, 'learning_rate': 5.8083105853806493e-05, 'epoch': 14.32}
{'loss': 1.4347, 'grad_norm': 0.2843063175678253, 'learning_rate': 5.8066255518484825e-05, 'epoch': 14.32}
{'loss': 1.4343, 'grad_norm': 0.17948472499847412, 'learning_rate': 5.804940518316315e-05, 'epoch': 14.33}
{'loss': 1.4332, 'grad_norm': 0.17910583317279816, 'learning_rate': 5.803255484784147e-05, 'epoch': 14.33}
{'loss': 1.434, 'grad_norm': 0.2753250002861023, 'learning_rate': 5.8015704512519794e-05, 'epoch': 14.34}
{'loss': 1.4343, 'grad_norm': 0.11472795158624649, 'learning_rate': 5.7998854177198126e-05, 'epoch': 14.34}
{'loss': 1.4334, 'grad_norm': 0.14745786786079407, 'learning_rate': 5.798200384187645e-05, 'epoch': 14.34}
{'loss': 1.4333, 'grad_norm': 0.13987696170806885, 'learning_rate': 5.796515350655478e-05, 'epoch': 14.35}
{'loss': 1.4342, 'grad_norm': 0.15829625725746155, 'learning_rate': 5.794830317123311e-05, 'epoch': 14.35}
{'loss': 1.4337, 'grad_norm': 0.16605380177497864, 'learning_rate': 5.793145283591144e-05, 'epoch': 14.36}
{'loss': 1.4371, 'grad_norm': 0.20490585267543793, 'learning_rate': 5.7914602500589765e-05, 'epoch': 14.36}
{'loss': 1.4342, 'grad_norm': 0.1668732613325119, 'learning_rate': 5.789775216526809e-05, 'epoch': 14.37}
{'loss': 1.4337, 'grad_norm': 0.1431519091129303, 'learning_rate': 5.788090182994642e-05, 'epoch': 14.37}
{'loss': 1.4375, 'grad_norm': 0.17212802171707153, 'learning_rate': 5.786405149462475e-05, 'epoch': 14.38}
{'loss': 1.4337, 'grad_norm': 0.274905264377594, 'learning_rate': 5.784720115930308e-05, 'epoch': 14.38}
{'loss': 1.4341, 'grad_norm': 0.20670205354690552, 'learning_rate': 5.7830350823981404e-05, 'epoch': 14.39}
{'loss': 1.435, 'grad_norm': 0.16382180154323578, 'learning_rate': 5.781350048865972e-05, 'epoch': 14.39}
{'loss': 1.4334, 'grad_norm': 0.1406671553850174, 'learning_rate': 5.779665015333805e-05, 'epoch': 14.39}
{'loss': 1.4331, 'grad_norm': 0.17033855617046356, 'learning_rate': 5.777979981801638e-05, 'epoch': 14.4}
{'loss': 1.4328, 'grad_norm': 0.1598457396030426, 'learning_rate': 5.7762949482694704e-05, 'epoch': 14.4}
{'loss': 1.4337, 'grad_norm': 0.1401161253452301, 'learning_rate': 5.7746099147373036e-05, 'epoch': 14.41}
{'loss': 1.4346, 'grad_norm': 0.19652900099754333, 'learning_rate': 5.772924881205136e-05, 'epoch': 14.41}
{'loss': 1.4341, 'grad_norm': 0.48826301097869873, 'learning_rate': 5.7712398476729687e-05, 'epoch': 14.42}
{'loss': 1.4329, 'grad_norm': 0.17586718499660492, 'learning_rate': 5.769554814140802e-05, 'epoch': 14.42}
{'loss': 1.4324, 'grad_norm': 0.2974407970905304, 'learning_rate': 5.7678697806086344e-05, 'epoch': 14.43}
{'loss': 1.4345, 'grad_norm': 0.2435840219259262, 'learning_rate': 5.7661847470764675e-05, 'epoch': 14.43}
{'loss': 1.4334, 'grad_norm': 0.19179756939411163, 'learning_rate': 5.7644997135443e-05, 'epoch': 14.44}
{'loss': 1.4329, 'grad_norm': 0.30132240056991577, 'learning_rate': 5.762814680012133e-05, 'epoch': 14.44}
{'loss': 1.4326, 'grad_norm': 0.19611378014087677, 'learning_rate': 5.761129646479966e-05, 'epoch': 14.44}
{'loss': 1.4331, 'grad_norm': 0.16857542097568512, 'learning_rate': 5.7594446129477976e-05, 'epoch': 14.45}
{'loss': 1.4343, 'grad_norm': 0.1740247905254364, 'learning_rate': 5.75775957941563e-05, 'epoch': 14.45}
{'loss': 1.4354, 'grad_norm': 0.2819642424583435, 'learning_rate': 5.756074545883463e-05, 'epoch': 14.46}
{'loss': 1.4336, 'grad_norm': 0.12428399920463562, 'learning_rate': 5.754389512351296e-05, 'epoch': 14.46}
{'loss': 1.4347, 'grad_norm': 0.2788402736186981, 'learning_rate': 5.752704478819129e-05, 'epoch': 14.47}
{'loss': 1.435, 'grad_norm': 0.2924604117870331, 'learning_rate': 5.7510194452869615e-05, 'epoch': 14.47}
{'loss': 1.4342, 'grad_norm': 0.18636208772659302, 'learning_rate': 5.749334411754794e-05, 'epoch': 14.48}
{'loss': 1.4357, 'grad_norm': 0.14692193269729614, 'learning_rate': 5.747649378222627e-05, 'epoch': 14.48}
{'loss': 1.4364, 'grad_norm': 0.19755329191684723, 'learning_rate': 5.74596434469046e-05, 'epoch': 14.49}
{'loss': 1.4354, 'grad_norm': 0.16440579295158386, 'learning_rate': 5.744279311158293e-05, 'epoch': 14.49}
{'loss': 1.4345, 'grad_norm': 0.16448457539081573, 'learning_rate': 5.7425942776261254e-05, 'epoch': 14.49}
{'loss': 1.434, 'grad_norm': 0.32402998208999634, 'learning_rate': 5.740909244093958e-05, 'epoch': 14.5}
{'loss': 1.4349, 'grad_norm': 0.16475063562393188, 'learning_rate': 5.73922421056179e-05, 'epoch': 14.5}
{'loss': 1.4342, 'grad_norm': 0.36008331179618835, 'learning_rate': 5.737539177029623e-05, 'epoch': 14.51}
{'loss': 1.4335, 'grad_norm': 0.22730155289173126, 'learning_rate': 5.7358541434974555e-05, 'epoch': 14.51}
{'loss': 1.4346, 'grad_norm': 0.18360386788845062, 'learning_rate': 5.7341691099652886e-05, 'epoch': 14.52}
{'loss': 1.4349, 'grad_norm': 0.29441261291503906, 'learning_rate': 5.732484076433121e-05, 'epoch': 14.52}
{'loss': 1.4331, 'grad_norm': 0.230429545044899, 'learning_rate': 5.730799042900954e-05, 'epoch': 14.53}
{'loss': 1.4344, 'grad_norm': 0.2737337052822113, 'learning_rate': 5.729114009368787e-05, 'epoch': 14.53}
{'loss': 1.4332, 'grad_norm': 0.14564821124076843, 'learning_rate': 5.7274289758366194e-05, 'epoch': 14.54}
{'loss': 1.4343, 'grad_norm': 0.747279167175293, 'learning_rate': 5.7257439423044526e-05, 'epoch': 14.54}
{'loss': 1.434, 'grad_norm': 0.3017875552177429, 'learning_rate': 5.724058908772285e-05, 'epoch': 14.55}
{'loss': 1.4353, 'grad_norm': 0.15463471412658691, 'learning_rate': 5.722373875240118e-05, 'epoch': 14.55}
{'loss': 1.435, 'grad_norm': 0.3122722804546356, 'learning_rate': 5.720688841707951e-05, 'epoch': 14.55}
{'loss': 1.4353, 'grad_norm': 0.46680891513824463, 'learning_rate': 5.719003808175783e-05, 'epoch': 14.56}
pred : ardent in the prosecution of heresy cyril auspiciously opened his reign by oppressing the novations the most innocent and harmless of the sectaries
label: ardent in the prosecution of heresy cyril auspiciously opened his reign by oppressing the novatians the most innocent and harmless of the sectaries
pred : without any legal sentence without any royal mandate the patriarch at the dawn of day led a seditious multitude to the attack of the synagogues
label: without any legal sentence without any royal mandate the patriarch at the dawn of day led a seditious multitude to the attack of the synagogues
pred : such crimes would have deserved the animadversion of the magistrate but in this promiscuous outrage the innocent were confounded with the guilty and alexandria was impoverished by the loss of a wealthy and industrious colony
label: such crimes would have deserved the animadversion of the magistrate but in this promiscuous outrage the innocent were confounded with the guilty and alexandria was impoverished by the loss of a wealthy and industrious colony
pred : ardent in the prosecution of heresy cyril auspiciously opened his reign by oppressing the novations the most innocent and harmless of the sectaries
label: ardent in the prosecution of heresy cyril auspiciously opened his reign by oppressing the novatians the most innocent and harmless of the sectaries
pred : without any legal sentence without any royal mandate the patriarch at the dawn of day led a seditious multitude to the attack of the synagogues
label: without any legal sentence without any royal mandate the patriarch at the dawn of day led a seditious multitude to the attack of the synagogues
pred : such crimes would have deserved the animadversion of the magistrate but in this promiscuous outrage the innocent were confounded with the guilty and alexandria was impoverished by the loss of a wealthy and industrious colony
label: such crimes would have deserved the animadversion of the magistrate but in this promiscuous outrage the innocent were confounded with the guilty and alexandria was impoverished by the loss of a wealthy and industrious colony
pred : ardent in the prosecution of heresy cyril auspiciously opened his reign by oppressing the novations the most innocent and harmless of the sectaries
label: ardent in the prosecution of heresy cyril auspiciously opened his reign by oppressing the novatians the most innocent and harmless of the sectaries
pred : without any legal sentence without any royal mandate the patriarch at the dawn of day led a seditious multitude to the attack of the synagogues
label: without any legal sentence without any royal mandate the patriarch at the dawn of day led a seditious multitude to the attack of the synagogues
pred : such crimes would have deserved the animadversion of the magistrate but in this promiscuous outrage the innocent were confounded with the guilty and alexandria was impoverished by the loss of a wealthy and industrious colony
label: such crimes would have deserved the animadversion of the magistrate but in this promiscuous outrage the innocent were confounded with the guilty and alexandria was impoverished by the loss of a wealthy and industrious colony
pred : ardent in the prosecution of heresy cyril auspiciously opened his reign by oppressing the novations the most innocent and harmless of the sectaries
label: ardent in the prosecution of heresy cyril auspiciously opened his reign by oppressing the novatians the most innocent and harmless of the sectaries
pred : without any legal sentence without any royal mandate the patriarch at the dawn of day led a seditious multitude to the attack of the synagogues
label: without any legal sentence without any royal mandate the patriarch at the dawn of day led a seditious multitude to the attack of the synagogues
pred : such crimes would have deserved the animadversion of the magistrate but in this promiscuous outrage the innocent were confounded with the guilty and alexandria was impoverished by the loss of a wealthy and industrious colony
label: such crimes would have deserved the animadversion of the magistrate but in this promiscuous outrage the innocent were confounded with the guilty and alexandria was impoverished by the loss of a wealthy and industrious colony
{'eval_loss': 1.5683902502059937, 'eval_bleu': 96.77603964852263, 'eval_wer': 0.017499739022330197, 'eval_cer': 0.008464459727997635, 'eval_rouge1': 0.9856225371422576, 'eval_rouge2': 0.9737170241516987, 'eval_rougeL': 0.9856096155695075, 'eval_runtime': 97.5918, 'eval_samples_per_second': 57.044, 'eval_steps_per_second': 0.297, 'epoch': 14.56}
{'loss': 1.4348, 'grad_norm': 0.3590658903121948, 'learning_rate': 5.717318774643615e-05, 'epoch': 14.56}
{'loss': 1.4347, 'grad_norm': 0.11922034621238708, 'learning_rate': 5.715633741111448e-05, 'epoch': 14.57}
{'loss': 1.4343, 'grad_norm': 0.18286287784576416, 'learning_rate': 5.713948707579281e-05, 'epoch': 14.57}
{'loss': 1.4345, 'grad_norm': 0.1904776394367218, 'learning_rate': 5.712263674047113e-05, 'epoch': 14.58}
{'loss': 1.4352, 'grad_norm': 0.18435505032539368, 'learning_rate': 5.7105786405149465e-05, 'epoch': 14.58}
{'loss': 1.4348, 'grad_norm': 0.18538828194141388, 'learning_rate': 5.708893606982779e-05, 'epoch': 14.59}
{'loss': 1.435, 'grad_norm': 0.12735852599143982, 'learning_rate': 5.707208573450612e-05, 'epoch': 14.59}
{'loss': 1.4347, 'grad_norm': 0.4279927611351013, 'learning_rate': 5.705523539918445e-05, 'epoch': 14.6}
{'loss': 1.4338, 'grad_norm': 0.32282617688179016, 'learning_rate': 5.703838506386278e-05, 'epoch': 14.6}
{'loss': 1.4342, 'grad_norm': 0.1728520393371582, 'learning_rate': 5.7021534728541104e-05, 'epoch': 14.6}
{'loss': 1.4342, 'grad_norm': 0.1555737555027008, 'learning_rate': 5.700468439321943e-05, 'epoch': 14.61}
{'loss': 1.4345, 'grad_norm': 0.13870711624622345, 'learning_rate': 5.698783405789776e-05, 'epoch': 14.61}
{'loss': 1.4356, 'grad_norm': 0.2777738571166992, 'learning_rate': 5.697098372257608e-05, 'epoch': 14.62}
{'loss': 1.4348, 'grad_norm': 0.14947344362735748, 'learning_rate': 5.6954133387254405e-05, 'epoch': 14.62}
{'loss': 1.4335, 'grad_norm': 0.327393501996994, 'learning_rate': 5.693728305193273e-05, 'epoch': 14.63}
{'loss': 1.4337, 'grad_norm': 0.15489985048770905, 'learning_rate': 5.692043271661106e-05, 'epoch': 14.63}
{'loss': 1.4338, 'grad_norm': 0.15999092161655426, 'learning_rate': 5.690358238128939e-05, 'epoch': 14.64}
{'loss': 1.4344, 'grad_norm': 0.3120960593223572, 'learning_rate': 5.688673204596772e-05, 'epoch': 14.64}
{'loss': 1.4353, 'grad_norm': 0.32922226190567017, 'learning_rate': 5.6869881710646044e-05, 'epoch': 14.65}
{'loss': 1.435, 'grad_norm': 0.22260978817939758, 'learning_rate': 5.6853031375324376e-05, 'epoch': 14.65}
{'loss': 1.434, 'grad_norm': 0.1650143712759018, 'learning_rate': 5.68361810400027e-05, 'epoch': 14.65}
{'loss': 1.435, 'grad_norm': 0.17219752073287964, 'learning_rate': 5.6819330704681026e-05, 'epoch': 14.66}
{'loss': 1.4357, 'grad_norm': 0.265125572681427, 'learning_rate': 5.680248036935936e-05, 'epoch': 14.66}
{'loss': 1.4342, 'grad_norm': 0.19308225810527802, 'learning_rate': 5.678563003403768e-05, 'epoch': 14.67}
{'loss': 1.4354, 'grad_norm': 0.19198809564113617, 'learning_rate': 5.6768779698716015e-05, 'epoch': 14.67}
{'loss': 1.4345, 'grad_norm': 0.12205018848180771, 'learning_rate': 5.6751929363394326e-05, 'epoch': 14.68}
{'loss': 1.4359, 'grad_norm': 0.18445812165737152, 'learning_rate': 5.673507902807266e-05, 'epoch': 14.68}
{'loss': 1.4346, 'grad_norm': 0.8353058099746704, 'learning_rate': 5.671822869275098e-05, 'epoch': 14.69}
{'loss': 1.435, 'grad_norm': 0.4336996376514435, 'learning_rate': 5.6701378357429315e-05, 'epoch': 14.69}
{'loss': 1.4382, 'grad_norm': 0.17238080501556396, 'learning_rate': 5.668452802210764e-05, 'epoch': 14.7}
{'loss': 1.4372, 'grad_norm': 0.3694559931755066, 'learning_rate': 5.666767768678597e-05, 'epoch': 14.7}
{'loss': 1.4348, 'grad_norm': 0.1858203113079071, 'learning_rate': 5.66508273514643e-05, 'epoch': 14.7}
{'loss': 1.4348, 'grad_norm': 0.16504955291748047, 'learning_rate': 5.663397701614262e-05, 'epoch': 14.71}
{'loss': 1.4361, 'grad_norm': 0.2532852292060852, 'learning_rate': 5.6617126680820954e-05, 'epoch': 14.71}
{'loss': 1.4344, 'grad_norm': 0.4021734297275543, 'learning_rate': 5.660027634549928e-05, 'epoch': 14.72}
{'loss': 1.4336, 'grad_norm': 0.25576046109199524, 'learning_rate': 5.658342601017761e-05, 'epoch': 14.72}
{'loss': 1.434, 'grad_norm': 0.6036493182182312, 'learning_rate': 5.6566575674855936e-05, 'epoch': 14.73}
{'loss': 1.4355, 'grad_norm': 0.22559009492397308, 'learning_rate': 5.6549725339534255e-05, 'epoch': 14.73}
{'loss': 1.4361, 'grad_norm': 0.25718429684638977, 'learning_rate': 5.653287500421258e-05, 'epoch': 14.74}
{'loss': 1.4348, 'grad_norm': 0.13774260878562927, 'learning_rate': 5.651602466889091e-05, 'epoch': 14.74}
{'loss': 1.4358, 'grad_norm': 0.26801830530166626, 'learning_rate': 5.649917433356924e-05, 'epoch': 14.75}
{'loss': 1.4347, 'grad_norm': 0.20202772319316864, 'learning_rate': 5.648232399824757e-05, 'epoch': 14.75}
{'loss': 1.4339, 'grad_norm': 0.14212626218795776, 'learning_rate': 5.6465473662925894e-05, 'epoch': 14.75}
{'loss': 1.4341, 'grad_norm': 0.14869171380996704, 'learning_rate': 5.644862332760422e-05, 'epoch': 14.76}
{'loss': 1.435, 'grad_norm': 0.18919919431209564, 'learning_rate': 5.643177299228255e-05, 'epoch': 14.76}
{'loss': 1.4356, 'grad_norm': 0.3871372640132904, 'learning_rate': 5.6414922656960876e-05, 'epoch': 14.77}
{'loss': 1.4353, 'grad_norm': 0.160763680934906, 'learning_rate': 5.639807232163921e-05, 'epoch': 14.77}
{'loss': 1.4353, 'grad_norm': 0.16831864416599274, 'learning_rate': 5.638122198631753e-05, 'epoch': 14.78}
{'loss': 1.4371, 'grad_norm': 0.38307490944862366, 'learning_rate': 5.6364371650995865e-05, 'epoch': 14.78}
{'loss': 1.4371, 'grad_norm': 0.2028348296880722, 'learning_rate': 5.634752131567419e-05, 'epoch': 14.79}
{'loss': 1.4366, 'grad_norm': 0.20898288488388062, 'learning_rate': 5.633067098035251e-05, 'epoch': 14.79}
{'loss': 1.436, 'grad_norm': 0.18284913897514343, 'learning_rate': 5.631382064503083e-05, 'epoch': 14.8}
{'loss': 1.436, 'grad_norm': 0.14253972470760345, 'learning_rate': 5.6296970309709165e-05, 'epoch': 14.8}
{'loss': 1.4371, 'grad_norm': 0.24201644957065582, 'learning_rate': 5.628011997438749e-05, 'epoch': 14.8}
{'loss': 1.4358, 'grad_norm': 0.18601013720035553, 'learning_rate': 5.6263269639065815e-05, 'epoch': 14.81}
{'loss': 1.4357, 'grad_norm': 0.11924459040164948, 'learning_rate': 5.624641930374415e-05, 'epoch': 14.81}
{'loss': 1.4345, 'grad_norm': 0.46034228801727295, 'learning_rate': 5.622956896842247e-05, 'epoch': 14.82}
{'loss': 1.4382, 'grad_norm': 0.8924639821052551, 'learning_rate': 5.6212718633100804e-05, 'epoch': 14.82}
{'loss': 1.437, 'grad_norm': 0.28551778197288513, 'learning_rate': 5.619586829777913e-05, 'epoch': 14.83}
{'loss': 1.4386, 'grad_norm': 0.23049093782901764, 'learning_rate': 5.617901796245746e-05, 'epoch': 14.83}
{'loss': 1.4379, 'grad_norm': 0.15494424104690552, 'learning_rate': 5.6162167627135786e-05, 'epoch': 14.84}
{'loss': 1.4389, 'grad_norm': 0.23722179234027863, 'learning_rate': 5.614531729181411e-05, 'epoch': 14.84}
{'loss': 1.4367, 'grad_norm': 0.2280842363834381, 'learning_rate': 5.612846695649243e-05, 'epoch': 14.85}
{'loss': 1.4368, 'grad_norm': 0.2160075306892395, 'learning_rate': 5.611161662117076e-05, 'epoch': 14.85}
{'loss': 1.436, 'grad_norm': 0.41985100507736206, 'learning_rate': 5.609476628584909e-05, 'epoch': 14.85}
{'loss': 1.4375, 'grad_norm': 0.23892882466316223, 'learning_rate': 5.607791595052742e-05, 'epoch': 14.86}
{'loss': 1.4353, 'grad_norm': 0.2681143879890442, 'learning_rate': 5.6061065615205744e-05, 'epoch': 14.86}
{'loss': 1.4371, 'grad_norm': 0.17075110971927643, 'learning_rate': 5.604421527988407e-05, 'epoch': 14.87}
{'loss': 1.4365, 'grad_norm': 0.38763266801834106, 'learning_rate': 5.60273649445624e-05, 'epoch': 14.87}
{'loss': 1.4349, 'grad_norm': 0.3178579807281494, 'learning_rate': 5.6010514609240726e-05, 'epoch': 14.88}
{'loss': 1.4363, 'grad_norm': 0.15613581240177155, 'learning_rate': 5.599366427391906e-05, 'epoch': 14.88}
{'loss': 1.4362, 'grad_norm': 0.2069936990737915, 'learning_rate': 5.597681393859738e-05, 'epoch': 14.89}
{'loss': 1.4357, 'grad_norm': 0.12580043077468872, 'learning_rate': 5.595996360327571e-05, 'epoch': 14.89}
{'loss': 1.4363, 'grad_norm': 0.1481655389070511, 'learning_rate': 5.594311326795404e-05, 'epoch': 14.9}
{'loss': 1.4364, 'grad_norm': 0.18842388689517975, 'learning_rate': 5.5926262932632365e-05, 'epoch': 14.9}
{'loss': 1.4366, 'grad_norm': 0.34815436601638794, 'learning_rate': 5.5909412597310683e-05, 'epoch': 14.9}
{'loss': 1.4369, 'grad_norm': 0.19449086487293243, 'learning_rate': 5.5892562261989015e-05, 'epoch': 14.91}
{'loss': 1.4355, 'grad_norm': 1.6198807954788208, 'learning_rate': 5.587571192666734e-05, 'epoch': 14.91}
{'loss': 1.4355, 'grad_norm': 0.4016667306423187, 'learning_rate': 5.5858861591345666e-05, 'epoch': 14.92}
{'loss': 1.4368, 'grad_norm': 0.21254192292690277, 'learning_rate': 5.5842011256024e-05, 'epoch': 14.92}
{'loss': 1.4368, 'grad_norm': 0.32026663422584534, 'learning_rate': 5.582516092070232e-05, 'epoch': 14.93}
{'loss': 1.4361, 'grad_norm': 0.2842487394809723, 'learning_rate': 5.5808310585380654e-05, 'epoch': 14.93}
{'loss': 1.4351, 'grad_norm': 0.22093243896961212, 'learning_rate': 5.579146025005898e-05, 'epoch': 14.94}
{'loss': 1.436, 'grad_norm': 0.18155287206172943, 'learning_rate': 5.5774609914737305e-05, 'epoch': 14.94}
{'loss': 1.4356, 'grad_norm': 0.4503847062587738, 'learning_rate': 5.5757759579415637e-05, 'epoch': 14.95}
{'loss': 1.4346, 'grad_norm': 0.17769508063793182, 'learning_rate': 5.574090924409396e-05, 'epoch': 14.95}
{'loss': 1.436, 'grad_norm': 0.1747373789548874, 'learning_rate': 5.5724058908772294e-05, 'epoch': 14.95}
{'loss': 1.4359, 'grad_norm': 0.1693386435508728, 'learning_rate': 5.570720857345061e-05, 'epoch': 14.96}
{'loss': 1.4354, 'grad_norm': 0.2985509932041168, 'learning_rate': 5.569035823812894e-05, 'epoch': 14.96}
{'loss': 1.435, 'grad_norm': 0.16053147614002228, 'learning_rate': 5.567350790280726e-05, 'epoch': 14.97}
{'loss': 1.4343, 'grad_norm': 0.15002025663852692, 'learning_rate': 5.5656657567485594e-05, 'epoch': 14.97}
{'loss': 1.4351, 'grad_norm': 0.21412314474582672, 'learning_rate': 5.563980723216392e-05, 'epoch': 14.98}
{'loss': 1.4348, 'grad_norm': 0.2514010965824127, 'learning_rate': 5.562295689684225e-05, 'epoch': 14.98}
{'loss': 1.4348, 'grad_norm': 0.11583350598812103, 'learning_rate': 5.5606106561520576e-05, 'epoch': 14.99}
{'loss': 1.4353, 'grad_norm': 0.2518845200538635, 'learning_rate': 5.558925622619891e-05, 'epoch': 14.99}
{'loss': 1.4354, 'grad_norm': 0.29972124099731445, 'learning_rate': 5.557240589087723e-05, 'epoch': 15.0}
{'loss': 1.4351, 'grad_norm': 0.1601564586162567, 'learning_rate': 5.555555555555556e-05, 'epoch': 15.0}
{'loss': 1.4334, 'grad_norm': 0.11939413845539093, 'learning_rate': 5.553870522023389e-05, 'epoch': 15.0}
{'loss': 1.4334, 'grad_norm': 0.1443289816379547, 'learning_rate': 5.5521854884912215e-05, 'epoch': 15.01}
{'loss': 1.433, 'grad_norm': 0.15664318203926086, 'learning_rate': 5.550500454959055e-05, 'epoch': 15.01}
{'loss': 1.4332, 'grad_norm': 0.14114221930503845, 'learning_rate': 5.548815421426886e-05, 'epoch': 15.02}
{'loss': 1.4332, 'grad_norm': 0.32169950008392334, 'learning_rate': 5.547130387894719e-05, 'epoch': 15.02}
{'loss': 1.4335, 'grad_norm': 0.11901900917291641, 'learning_rate': 5.5454453543625516e-05, 'epoch': 15.03}
{'loss': 1.435, 'grad_norm': 0.1936323195695877, 'learning_rate': 5.543760320830385e-05, 'epoch': 15.03}
{'loss': 1.4332, 'grad_norm': 0.9394044280052185, 'learning_rate': 5.542075287298217e-05, 'epoch': 15.04}
{'loss': 1.4349, 'grad_norm': 0.1498754918575287, 'learning_rate': 5.5403902537660505e-05, 'epoch': 15.04}
{'loss': 1.4336, 'grad_norm': 0.20635293424129486, 'learning_rate': 5.538705220233883e-05, 'epoch': 15.05}
{'loss': 1.4378, 'grad_norm': 0.139752596616745, 'learning_rate': 5.5370201867017155e-05, 'epoch': 15.05}
{'loss': 1.4343, 'grad_norm': 0.2815253436565399, 'learning_rate': 5.535335153169549e-05, 'epoch': 15.05}
{'loss': 1.4343, 'grad_norm': 0.23285968601703644, 'learning_rate': 5.533650119637381e-05, 'epoch': 15.06}
{'loss': 1.4334, 'grad_norm': 0.13269630074501038, 'learning_rate': 5.5319650861052144e-05, 'epoch': 15.06}
{'loss': 1.4345, 'grad_norm': 0.32390591502189636, 'learning_rate': 5.530280052573047e-05, 'epoch': 15.07}
{'loss': 1.4348, 'grad_norm': 0.3328014612197876, 'learning_rate': 5.52859501904088e-05, 'epoch': 15.07}
{'loss': 1.4334, 'grad_norm': 4.171287536621094, 'learning_rate': 5.526909985508711e-05, 'epoch': 15.08}
{'loss': 1.4353, 'grad_norm': 0.1789185255765915, 'learning_rate': 5.5252249519765444e-05, 'epoch': 15.08}
{'loss': 1.4339, 'grad_norm': 0.15618421137332916, 'learning_rate': 5.523539918444377e-05, 'epoch': 15.09}
{'loss': 1.4355, 'grad_norm': 0.3829527199268341, 'learning_rate': 5.52185488491221e-05, 'epoch': 15.09}
{'loss': 1.434, 'grad_norm': 0.1641199141740799, 'learning_rate': 5.5201698513800426e-05, 'epoch': 15.1}
{'loss': 1.4338, 'grad_norm': 0.201959028840065, 'learning_rate': 5.518484817847875e-05, 'epoch': 15.1}
{'loss': 1.4334, 'grad_norm': 0.4213431775569916, 'learning_rate': 5.516799784315708e-05, 'epoch': 15.1}
{'loss': 1.4333, 'grad_norm': 0.40376001596450806, 'learning_rate': 5.515114750783541e-05, 'epoch': 15.11}
{'loss': 1.4327, 'grad_norm': 0.20572160184383392, 'learning_rate': 5.513429717251374e-05, 'epoch': 15.11}
{'loss': 1.433, 'grad_norm': 0.22059078514575958, 'learning_rate': 5.5117446837192065e-05, 'epoch': 15.12}
{'loss': 1.4332, 'grad_norm': 0.18577824532985687, 'learning_rate': 5.51005965018704e-05, 'epoch': 15.12}
{'loss': 1.4342, 'grad_norm': 0.2470674365758896, 'learning_rate': 5.508374616654872e-05, 'epoch': 15.13}
{'loss': 1.4334, 'grad_norm': 1.2011371850967407, 'learning_rate': 5.506689583122704e-05, 'epoch': 15.13}
{'loss': 1.433, 'grad_norm': 0.21502700448036194, 'learning_rate': 5.5050045495905366e-05, 'epoch': 15.14}
{'loss': 1.4321, 'grad_norm': 0.23826898634433746, 'learning_rate': 5.50331951605837e-05, 'epoch': 15.14}
{'loss': 1.4333, 'grad_norm': 0.24466800689697266, 'learning_rate': 5.501634482526202e-05, 'epoch': 15.15}
{'loss': 1.4328, 'grad_norm': 0.18970073759555817, 'learning_rate': 5.499949448994035e-05, 'epoch': 15.15}
{'loss': 1.4328, 'grad_norm': 0.1719392091035843, 'learning_rate': 5.498264415461868e-05, 'epoch': 15.15}
{'loss': 1.4333, 'grad_norm': 0.6104986071586609, 'learning_rate': 5.4965793819297005e-05, 'epoch': 15.16}
{'loss': 1.4337, 'grad_norm': 0.3583982586860657, 'learning_rate': 5.494894348397534e-05, 'epoch': 15.16}
{'loss': 1.4327, 'grad_norm': 0.14184392988681793, 'learning_rate': 5.493209314865366e-05, 'epoch': 15.17}
{'loss': 1.4331, 'grad_norm': 0.18659260869026184, 'learning_rate': 5.4915242813331994e-05, 'epoch': 15.17}
{'loss': 1.4332, 'grad_norm': 0.17831194400787354, 'learning_rate': 5.489839247801032e-05, 'epoch': 15.18}
{'loss': 1.4332, 'grad_norm': 0.16176028549671173, 'learning_rate': 5.4881542142688644e-05, 'epoch': 15.18}
{'loss': 1.4318, 'grad_norm': 0.16157835721969604, 'learning_rate': 5.4864691807366976e-05, 'epoch': 15.19}
{'loss': 1.4331, 'grad_norm': 0.28814879059791565, 'learning_rate': 5.4847841472045294e-05, 'epoch': 15.19}
{'loss': 1.4322, 'grad_norm': 0.6586179137229919, 'learning_rate': 5.483099113672362e-05, 'epoch': 15.2}
{'loss': 1.4322, 'grad_norm': 0.16317057609558105, 'learning_rate': 5.4814140801401944e-05, 'epoch': 15.2}
{'loss': 1.4326, 'grad_norm': 0.15538695454597473, 'learning_rate': 5.4797290466080276e-05, 'epoch': 15.2}
{'loss': 1.4335, 'grad_norm': 0.13426639139652252, 'learning_rate': 5.47804401307586e-05, 'epoch': 15.21}
{'loss': 1.4336, 'grad_norm': 0.2074580192565918, 'learning_rate': 5.476358979543693e-05, 'epoch': 15.21}
{'loss': 1.4388, 'grad_norm': 0.35097578167915344, 'learning_rate': 5.474673946011526e-05, 'epoch': 15.22}
{'loss': 1.4469, 'grad_norm': 2.256650686264038, 'learning_rate': 5.472988912479359e-05, 'epoch': 15.22}
{'loss': 1.4433, 'grad_norm': 0.21992556750774384, 'learning_rate': 5.4713038789471915e-05, 'epoch': 15.23}
{'loss': 1.4355, 'grad_norm': 0.30242249369621277, 'learning_rate': 5.469618845415024e-05, 'epoch': 15.23}
{'loss': 1.4329, 'grad_norm': 0.24798297882080078, 'learning_rate': 5.467933811882857e-05, 'epoch': 15.24}
{'loss': 1.4341, 'grad_norm': 0.22166287899017334, 'learning_rate': 5.46624877835069e-05, 'epoch': 15.24}
{'loss': 1.4331, 'grad_norm': 0.14144347608089447, 'learning_rate': 5.4645637448185216e-05, 'epoch': 15.25}
{'loss': 1.4465, 'grad_norm': 0.3003137409687042, 'learning_rate': 5.462878711286354e-05, 'epoch': 15.25}
{'loss': 1.4332, 'grad_norm': 0.1216571033000946, 'learning_rate': 5.461193677754187e-05, 'epoch': 15.25}
{'loss': 1.4338, 'grad_norm': 0.2293705940246582, 'learning_rate': 5.45950864422202e-05, 'epoch': 15.26}
{'loss': 1.4352, 'grad_norm': 0.32591110467910767, 'learning_rate': 5.457823610689853e-05, 'epoch': 15.26}
{'loss': 1.4502, 'grad_norm': 0.14086821675300598, 'learning_rate': 5.4561385771576855e-05, 'epoch': 15.27}
{'loss': 1.4396, 'grad_norm': 1.189201831817627, 'learning_rate': 5.454453543625519e-05, 'epoch': 15.27}
{'loss': 1.4334, 'grad_norm': 0.12956036627292633, 'learning_rate': 5.452768510093351e-05, 'epoch': 15.28}
{'loss': 1.4334, 'grad_norm': 0.1853400021791458, 'learning_rate': 5.451083476561184e-05, 'epoch': 15.28}
{'loss': 1.4332, 'grad_norm': 0.29927101731300354, 'learning_rate': 5.449398443029017e-05, 'epoch': 15.29}
{'loss': 1.4329, 'grad_norm': 0.17540857195854187, 'learning_rate': 5.4477134094968494e-05, 'epoch': 15.29}
{'loss': 1.4335, 'grad_norm': 0.15085628628730774, 'learning_rate': 5.4460283759646826e-05, 'epoch': 15.3}
{'loss': 1.4354, 'grad_norm': 0.23850320279598236, 'learning_rate': 5.444343342432515e-05, 'epoch': 15.3}
{'loss': 1.4382, 'grad_norm': 0.19328558444976807, 'learning_rate': 5.442658308900347e-05, 'epoch': 15.3}
{'loss': 1.434, 'grad_norm': 0.5774991512298584, 'learning_rate': 5.4409732753681794e-05, 'epoch': 15.31}
{'loss': 1.4337, 'grad_norm': 0.29075750708580017, 'learning_rate': 5.4392882418360126e-05, 'epoch': 15.31}
{'loss': 1.4333, 'grad_norm': 0.7494017481803894, 'learning_rate': 5.437603208303845e-05, 'epoch': 15.32}
{'loss': 1.4347, 'grad_norm': 0.11679568886756897, 'learning_rate': 5.435918174771678e-05, 'epoch': 15.32}
{'loss': 1.4333, 'grad_norm': 0.16377601027488708, 'learning_rate': 5.434233141239511e-05, 'epoch': 15.33}
{'loss': 1.4371, 'grad_norm': 0.3245031535625458, 'learning_rate': 5.4325481077073434e-05, 'epoch': 15.33}
{'loss': 1.4327, 'grad_norm': 0.16947974264621735, 'learning_rate': 5.4308630741751765e-05, 'epoch': 15.34}
{'loss': 1.4328, 'grad_norm': 0.16084997355937958, 'learning_rate': 5.429178040643009e-05, 'epoch': 15.34}
{'loss': 1.4364, 'grad_norm': 0.26351359486579895, 'learning_rate': 5.427493007110842e-05, 'epoch': 15.35}
{'loss': 1.4319, 'grad_norm': 0.18445158004760742, 'learning_rate': 5.425807973578675e-05, 'epoch': 15.35}
{'loss': 1.4376, 'grad_norm': 0.2670232951641083, 'learning_rate': 5.424122940046508e-05, 'epoch': 15.35}
{'loss': 1.4324, 'grad_norm': 0.24568301439285278, 'learning_rate': 5.422437906514339e-05, 'epoch': 15.36}
{'loss': 1.4334, 'grad_norm': 0.216609388589859, 'learning_rate': 5.420752872982172e-05, 'epoch': 15.36}
{'loss': 1.4327, 'grad_norm': 0.7934056520462036, 'learning_rate': 5.419067839450005e-05, 'epoch': 15.37}
{'loss': 1.432, 'grad_norm': 0.2082758992910385, 'learning_rate': 5.417382805917838e-05, 'epoch': 15.37}
{'loss': 1.432, 'grad_norm': 0.1727197766304016, 'learning_rate': 5.4156977723856705e-05, 'epoch': 15.38}
{'loss': 1.4334, 'grad_norm': 0.17523735761642456, 'learning_rate': 5.414012738853504e-05, 'epoch': 15.38}
{'loss': 1.4376, 'grad_norm': 0.26138803362846375, 'learning_rate': 5.412327705321336e-05, 'epoch': 15.39}
{'loss': 1.4339, 'grad_norm': 0.13906215131282806, 'learning_rate': 5.410642671789169e-05, 'epoch': 15.39}
{'loss': 1.4336, 'grad_norm': 0.16078057885169983, 'learning_rate': 5.408957638257002e-05, 'epoch': 15.4}
{'loss': 1.4327, 'grad_norm': 0.22517512738704681, 'learning_rate': 5.4072726047248344e-05, 'epoch': 15.4}
{'loss': 1.4326, 'grad_norm': 0.21970193088054657, 'learning_rate': 5.4055875711926676e-05, 'epoch': 15.4}
{'loss': 1.433, 'grad_norm': 0.40287894010543823, 'learning_rate': 5.4039025376605e-05, 'epoch': 15.41}
{'loss': 1.4331, 'grad_norm': 0.16372595727443695, 'learning_rate': 5.4022175041283326e-05, 'epoch': 15.41}
{'loss': 1.4323, 'grad_norm': 0.18248635530471802, 'learning_rate': 5.4005324705961645e-05, 'epoch': 15.42}
{'loss': 1.4334, 'grad_norm': 0.12687641382217407, 'learning_rate': 5.3988474370639976e-05, 'epoch': 15.42}
{'loss': 1.4319, 'grad_norm': 0.16155242919921875, 'learning_rate': 5.39716240353183e-05, 'epoch': 15.43}
{'loss': 1.4342, 'grad_norm': 0.21519514918327332, 'learning_rate': 5.3954773699996633e-05, 'epoch': 15.43}
{'loss': 1.4343, 'grad_norm': 0.21335217356681824, 'learning_rate': 5.393792336467496e-05, 'epoch': 15.44}
{'loss': 1.433, 'grad_norm': 0.20226119458675385, 'learning_rate': 5.3921073029353284e-05, 'epoch': 15.44}
{'loss': 1.4337, 'grad_norm': 0.1672065556049347, 'learning_rate': 5.3904222694031616e-05, 'epoch': 15.45}
{'loss': 1.433, 'grad_norm': 0.12896209955215454, 'learning_rate': 5.388737235870994e-05, 'epoch': 15.45}
{'loss': 1.4334, 'grad_norm': 0.25704407691955566, 'learning_rate': 5.387052202338827e-05, 'epoch': 15.45}
{'loss': 1.4338, 'grad_norm': 0.10464300960302353, 'learning_rate': 5.38536716880666e-05, 'epoch': 15.46}
{'loss': 1.4328, 'grad_norm': 0.1782916933298111, 'learning_rate': 5.383682135274492e-05, 'epoch': 15.46}
{'loss': 1.4329, 'grad_norm': 0.14005404710769653, 'learning_rate': 5.3819971017423255e-05, 'epoch': 15.47}
pred : ardent in the prosecution of heresy cyril auspiciously opened his reign by oppressing the novations the most innocent and harmless of the sectaries
label: ardent in the prosecution of heresy cyril auspiciously opened his reign by oppressing the novatians the most innocent and harmless of the sectaries
pred : without any legal sentence without any royal mandate the patriarch at the dawn of day led a seditious multitude to the attack of the synagogues
label: without any legal sentence without any royal mandate the patriarch at the dawn of day led a seditious multitude to the attack of the synagogues
pred : such crimes would have deserved the animadversion of the magistrate but in this promiscuous outrage the innocent were confounded with the guilty and alexandria was impoverished by the loss of a wealthy and industrious colony
label: such crimes would have deserved the animadversion of the magistrate but in this promiscuous outrage the innocent were confounded with the guilty and alexandria was impoverished by the loss of a wealthy and industrious colony
pred : ardent in the prosecution of heresy cyril auspiciously opened his reign by oppressing the novations the most innocent and harmless of the sectaries
label: ardent in the prosecution of heresy cyril auspiciously opened his reign by oppressing the novatians the most innocent and harmless of the sectaries
pred : without any legal sentence without any royal mandate the patriarch at the dawn of day led a seditious multitude to the attack of the synagogues
label: without any legal sentence without any royal mandate the patriarch at the dawn of day led a seditious multitude to the attack of the synagogues
pred : such crimes would have deserved the animadversion of the magistrate but in this promiscuous outrage the innocent were confounded with the guilty and alexandria was impoverished by the loss of a wealthy and industrious colony
label: such crimes would have deserved the animadversion of the magistrate but in this promiscuous outrage the innocent were confounded with the guilty and alexandria was impoverished by the loss of a wealthy and industrious colony
pred : ardent in the prosecution of heresy cyril auspiciously opened his reign by oppressing the novations the most innocent and harmless of the sectaries
label: ardent in the prosecution of heresy cyril auspiciously opened his reign by oppressing the novatians the most innocent and harmless of the sectaries
pred : without any legal sentence without any royal mandate the patriarch at the dawn of day led a seditious multitude to the attack of the synagogues
label: without any legal sentence without any royal mandate the patriarch at the dawn of day led a seditious multitude to the attack of the synagogues
pred : such crimes would have deserved the animadversion of the magistrate but in this promiscuous outrage the innocent were confounded with the guilty and alexandria was impoverished by the loss of a wealthy and industrious colony
label: such crimes would have deserved the animadversion of the magistrate but in this promiscuous outrage the innocent were confounded with the guilty and alexandria was impoverished by the loss of a wealthy and industrious colony
pred : ardent in the prosecution of heresy cyril auspiciously opened his reign by oppressing the novations the most innocent and harmless of the sectaries
label: ardent in the prosecution of heresy cyril auspiciously opened his reign by oppressing the novatians the most innocent and harmless of the sectaries
pred : without any legal sentence without any royal mandate the patriarch at the dawn of day led a seditious multitude to the attack of the synagogues
label: without any legal sentence without any royal mandate the patriarch at the dawn of day led a seditious multitude to the attack of the synagogues
pred : such crimes would have deserved the animadversion of the magistrate but in this promiscuous outrage the innocent were confounded with the guilty and alexandria was impoverished by the loss of a wealthy and industrious colony
label: such crimes would have deserved the animadversion of the magistrate but in this promiscuous outrage the innocent were confounded with the guilty and alexandria was impoverished by the loss of a wealthy and industrious colony
{'eval_loss': 1.5798968076705933, 'eval_bleu': 96.75908894893196, 'eval_wer': 0.017433308342744345, 'eval_cer': 0.008356264673954205, 'eval_rouge1': 0.9855112906446895, 'eval_rouge2': 0.9736438642664917, 'eval_rougeL': 0.9855253158062524, 'eval_runtime': 95.205, 'eval_samples_per_second': 58.474, 'eval_steps_per_second': 0.305, 'epoch': 15.47}
{'loss': 1.432, 'grad_norm': 0.15429286658763885, 'learning_rate': 5.380312068210157e-05, 'epoch': 15.47}
{'loss': 1.4326, 'grad_norm': 0.24028939008712769, 'learning_rate': 5.37862703467799e-05, 'epoch': 15.48}
{'loss': 1.4323, 'grad_norm': 0.18014296889305115, 'learning_rate': 5.376942001145823e-05, 'epoch': 15.48}
{'loss': 1.4322, 'grad_norm': 0.15790417790412903, 'learning_rate': 5.3752569676136555e-05, 'epoch': 15.49}
{'loss': 1.4328, 'grad_norm': 0.19040103256702423, 'learning_rate': 5.373571934081488e-05, 'epoch': 15.49}
{'loss': 1.4326, 'grad_norm': 0.17282886803150177, 'learning_rate': 5.371886900549321e-05, 'epoch': 15.5}
{'loss': 1.4317, 'grad_norm': 0.17582517862319946, 'learning_rate': 5.370201867017154e-05, 'epoch': 15.5}
{'loss': 1.4315, 'grad_norm': 0.20197667181491852, 'learning_rate': 5.368516833484987e-05, 'epoch': 15.51}
{'loss': 1.4323, 'grad_norm': 0.1392524093389511, 'learning_rate': 5.3668317999528194e-05, 'epoch': 15.51}
{'loss': 1.4319, 'grad_norm': 0.11113561689853668, 'learning_rate': 5.3651467664206526e-05, 'epoch': 15.51}
{'loss': 1.432, 'grad_norm': 0.17304395139217377, 'learning_rate': 5.363461732888485e-05, 'epoch': 15.52}
{'loss': 1.4318, 'grad_norm': 0.11619482189416885, 'learning_rate': 5.3617766993563176e-05, 'epoch': 15.52}
{'loss': 1.4333, 'grad_norm': 0.18927356600761414, 'learning_rate': 5.360091665824151e-05, 'epoch': 15.53}
{'loss': 1.4318, 'grad_norm': 0.14254900813102722, 'learning_rate': 5.3584066322919827e-05, 'epoch': 15.53}
{'loss': 1.4327, 'grad_norm': 0.2752108573913574, 'learning_rate': 5.356721598759815e-05, 'epoch': 15.54}
{'loss': 1.4319, 'grad_norm': 0.32245880365371704, 'learning_rate': 5.355036565227648e-05, 'epoch': 15.54}
{'loss': 1.4336, 'grad_norm': 0.15869519114494324, 'learning_rate': 5.353351531695481e-05, 'epoch': 15.55}
{'loss': 1.4315, 'grad_norm': 0.19510790705680847, 'learning_rate': 5.3516664981633134e-05, 'epoch': 15.55}
{'loss': 1.4326, 'grad_norm': 0.21702222526073456, 'learning_rate': 5.3499814646311466e-05, 'epoch': 15.56}
{'loss': 1.4322, 'grad_norm': 0.14348605275154114, 'learning_rate': 5.348296431098979e-05, 'epoch': 15.56}
{'loss': 1.4319, 'grad_norm': 0.20639246702194214, 'learning_rate': 5.346611397566812e-05, 'epoch': 15.56}
{'loss': 1.433, 'grad_norm': 0.41173380613327026, 'learning_rate': 5.344926364034645e-05, 'epoch': 15.57}
{'loss': 1.4325, 'grad_norm': 0.19955183565616608, 'learning_rate': 5.343241330502477e-05, 'epoch': 15.57}
{'loss': 1.432, 'grad_norm': 0.1693567931652069, 'learning_rate': 5.3415562969703105e-05, 'epoch': 15.58}
{'loss': 1.4326, 'grad_norm': 0.19876348972320557, 'learning_rate': 5.339871263438143e-05, 'epoch': 15.58}
{'loss': 1.433, 'grad_norm': 0.13915814459323883, 'learning_rate': 5.338186229905975e-05, 'epoch': 15.59}
{'loss': 1.4321, 'grad_norm': 0.13610616326332092, 'learning_rate': 5.336501196373807e-05, 'epoch': 15.59}
{'loss': 1.4324, 'grad_norm': 0.22294911742210388, 'learning_rate': 5.3348161628416405e-05, 'epoch': 15.6}
{'loss': 1.4328, 'grad_norm': 0.10086055099964142, 'learning_rate': 5.333131129309473e-05, 'epoch': 15.6}
{'loss': 1.4325, 'grad_norm': 0.19093772768974304, 'learning_rate': 5.331446095777306e-05, 'epoch': 15.61}
{'loss': 1.4328, 'grad_norm': 0.1228342056274414, 'learning_rate': 5.329761062245139e-05, 'epoch': 15.61}
{'loss': 1.4328, 'grad_norm': 0.145248144865036, 'learning_rate': 5.328076028712972e-05, 'epoch': 15.61}
{'loss': 1.4327, 'grad_norm': 0.1754249632358551, 'learning_rate': 5.3263909951808044e-05, 'epoch': 15.62}
{'loss': 1.4331, 'grad_norm': 0.12894316017627716, 'learning_rate': 5.324705961648637e-05, 'epoch': 15.62}
{'loss': 1.4325, 'grad_norm': 0.1613675355911255, 'learning_rate': 5.32302092811647e-05, 'epoch': 15.63}
{'loss': 1.4327, 'grad_norm': 0.19585660099983215, 'learning_rate': 5.3213358945843026e-05, 'epoch': 15.63}
{'loss': 1.4338, 'grad_norm': 0.20400609076023102, 'learning_rate': 5.319650861052136e-05, 'epoch': 15.64}
{'loss': 1.4326, 'grad_norm': 0.14067696034908295, 'learning_rate': 5.3179658275199683e-05, 'epoch': 15.64}
{'loss': 1.4354, 'grad_norm': 0.1875656694173813, 'learning_rate': 5.3162807939878e-05, 'epoch': 15.65}
{'loss': 1.4335, 'grad_norm': 0.2637786269187927, 'learning_rate': 5.314595760455633e-05, 'epoch': 15.65}
{'loss': 1.4326, 'grad_norm': 0.19043326377868652, 'learning_rate': 5.312910726923466e-05, 'epoch': 15.66}
{'loss': 1.433, 'grad_norm': 0.1739734560251236, 'learning_rate': 5.3112256933912984e-05, 'epoch': 15.66}
{'loss': 1.4319, 'grad_norm': 0.14062529802322388, 'learning_rate': 5.3095406598591316e-05, 'epoch': 15.66}
{'loss': 1.4361, 'grad_norm': 0.18909262120723724, 'learning_rate': 5.307855626326964e-05, 'epoch': 15.67}
{'loss': 1.4332, 'grad_norm': 0.24344901740550995, 'learning_rate': 5.3061705927947966e-05, 'epoch': 15.67}
{'loss': 1.4336, 'grad_norm': 0.4130462110042572, 'learning_rate': 5.30448555926263e-05, 'epoch': 15.68}
{'loss': 1.4323, 'grad_norm': 0.15518778562545776, 'learning_rate': 5.302800525730462e-05, 'epoch': 15.68}
{'loss': 1.4341, 'grad_norm': 0.18495216965675354, 'learning_rate': 5.3011154921982955e-05, 'epoch': 15.69}
{'loss': 1.4322, 'grad_norm': 0.15253739058971405, 'learning_rate': 5.299430458666128e-05, 'epoch': 15.69}
{'loss': 1.434, 'grad_norm': 0.3215775489807129, 'learning_rate': 5.297745425133961e-05, 'epoch': 15.7}
{'loss': 1.4336, 'grad_norm': 0.13956870138645172, 'learning_rate': 5.296060391601794e-05, 'epoch': 15.7}
{'loss': 1.433, 'grad_norm': 0.46508049964904785, 'learning_rate': 5.2943753580696255e-05, 'epoch': 15.71}
{'loss': 1.4322, 'grad_norm': 0.11393093317747116, 'learning_rate': 5.292690324537458e-05, 'epoch': 15.71}
{'loss': 1.4342, 'grad_norm': 0.16355861723423004, 'learning_rate': 5.291005291005291e-05, 'epoch': 15.71}
{'loss': 1.4345, 'grad_norm': 0.2575201392173767, 'learning_rate': 5.289320257473124e-05, 'epoch': 15.72}
{'loss': 1.433, 'grad_norm': 0.1222735047340393, 'learning_rate': 5.287635223940956e-05, 'epoch': 15.72}
{'loss': 1.4329, 'grad_norm': 0.14102643728256226, 'learning_rate': 5.2859501904087894e-05, 'epoch': 15.73}
{'loss': 1.4328, 'grad_norm': 0.1650814265012741, 'learning_rate': 5.284265156876622e-05, 'epoch': 15.73}
{'loss': 1.4334, 'grad_norm': 0.27896353602409363, 'learning_rate': 5.282580123344455e-05, 'epoch': 15.74}
{'loss': 1.4328, 'grad_norm': 0.1463164985179901, 'learning_rate': 5.2808950898122876e-05, 'epoch': 15.74}
{'loss': 1.4329, 'grad_norm': 0.17872168123722076, 'learning_rate': 5.279210056280121e-05, 'epoch': 15.75}
{'loss': 1.4341, 'grad_norm': 0.3242124319076538, 'learning_rate': 5.2775250227479533e-05, 'epoch': 15.75}
{'loss': 1.4335, 'grad_norm': 0.12750384211540222, 'learning_rate': 5.275839989215786e-05, 'epoch': 15.76}
{'loss': 1.4326, 'grad_norm': 0.12584589421749115, 'learning_rate': 5.274154955683618e-05, 'epoch': 15.76}
{'loss': 1.4321, 'grad_norm': 0.21609711647033691, 'learning_rate': 5.272469922151451e-05, 'epoch': 15.76}
{'loss': 1.4328, 'grad_norm': 0.5561189651489258, 'learning_rate': 5.2707848886192834e-05, 'epoch': 15.77}
{'loss': 1.4325, 'grad_norm': 0.17398717999458313, 'learning_rate': 5.269099855087116e-05, 'epoch': 15.77}
{'loss': 1.4339, 'grad_norm': 0.2059624344110489, 'learning_rate': 5.267414821554949e-05, 'epoch': 15.78}
{'loss': 1.4333, 'grad_norm': 0.1728886365890503, 'learning_rate': 5.2657297880227816e-05, 'epoch': 15.78}
{'loss': 1.4322, 'grad_norm': 0.1829078048467636, 'learning_rate': 5.264044754490615e-05, 'epoch': 15.79}
{'loss': 1.4327, 'grad_norm': 0.2044435739517212, 'learning_rate': 5.262359720958447e-05, 'epoch': 15.79}
{'loss': 1.433, 'grad_norm': 0.1765090674161911, 'learning_rate': 5.2606746874262805e-05, 'epoch': 15.8}
{'loss': 1.4318, 'grad_norm': 0.1310587227344513, 'learning_rate': 5.258989653894113e-05, 'epoch': 15.8}
{'loss': 1.4329, 'grad_norm': 0.13310320675373077, 'learning_rate': 5.2573046203619455e-05, 'epoch': 15.81}
{'loss': 1.4334, 'grad_norm': 0.14000846445560455, 'learning_rate': 5.255619586829779e-05, 'epoch': 15.81}
{'loss': 1.4321, 'grad_norm': 0.17632237076759338, 'learning_rate': 5.253934553297611e-05, 'epoch': 15.81}
{'loss': 1.4323, 'grad_norm': 0.179856538772583, 'learning_rate': 5.252249519765443e-05, 'epoch': 15.82}
{'loss': 1.4329, 'grad_norm': 0.2551863193511963, 'learning_rate': 5.250564486233276e-05, 'epoch': 15.82}
{'loss': 1.4331, 'grad_norm': 0.22895067930221558, 'learning_rate': 5.248879452701109e-05, 'epoch': 15.83}
{'loss': 1.4333, 'grad_norm': 0.36146876215934753, 'learning_rate': 5.247194419168941e-05, 'epoch': 15.83}
{'loss': 1.4325, 'grad_norm': 0.33006662130355835, 'learning_rate': 5.2455093856367744e-05, 'epoch': 15.84}
{'loss': 1.4338, 'grad_norm': 0.2114933431148529, 'learning_rate': 5.243824352104607e-05, 'epoch': 15.84}
{'loss': 1.4324, 'grad_norm': 0.1562497913837433, 'learning_rate': 5.24213931857244e-05, 'epoch': 15.85}
{'loss': 1.4315, 'grad_norm': 0.11563585698604584, 'learning_rate': 5.2404542850402727e-05, 'epoch': 15.85}
{'loss': 1.4334, 'grad_norm': 0.24147865176200867, 'learning_rate': 5.238769251508105e-05, 'epoch': 15.86}
{'loss': 1.4326, 'grad_norm': 0.1873120367527008, 'learning_rate': 5.2370842179759384e-05, 'epoch': 15.86}
{'loss': 1.4323, 'grad_norm': 0.14291855692863464, 'learning_rate': 5.235399184443771e-05, 'epoch': 15.86}
{'loss': 1.4332, 'grad_norm': 0.12626412510871887, 'learning_rate': 5.233714150911604e-05, 'epoch': 15.87}
{'loss': 1.433, 'grad_norm': 0.2267865687608719, 'learning_rate': 5.232029117379436e-05, 'epoch': 15.87}
{'loss': 1.4316, 'grad_norm': 0.14226536452770233, 'learning_rate': 5.2303440838472684e-05, 'epoch': 15.88}
{'loss': 1.4323, 'grad_norm': 0.12124605476856232, 'learning_rate': 5.228659050315101e-05, 'epoch': 15.88}
{'loss': 1.4338, 'grad_norm': 0.18161842226982117, 'learning_rate': 5.226974016782934e-05, 'epoch': 15.89}
{'loss': 1.4317, 'grad_norm': 0.11385571956634521, 'learning_rate': 5.2252889832507666e-05, 'epoch': 15.89}
{'loss': 1.4334, 'grad_norm': 0.16636410355567932, 'learning_rate': 5.2236039497186e-05, 'epoch': 15.9}
{'loss': 1.4335, 'grad_norm': 0.13017067313194275, 'learning_rate': 5.221918916186432e-05, 'epoch': 15.9}
{'loss': 1.4331, 'grad_norm': 0.19089455902576447, 'learning_rate': 5.2202338826542655e-05, 'epoch': 15.91}
{'loss': 1.4327, 'grad_norm': 0.14894838631153107, 'learning_rate': 5.218548849122098e-05, 'epoch': 15.91}
{'loss': 1.4321, 'grad_norm': 0.5273723006248474, 'learning_rate': 5.2168638155899305e-05, 'epoch': 15.91}
{'loss': 1.4322, 'grad_norm': 0.10439490526914597, 'learning_rate': 5.215178782057764e-05, 'epoch': 15.92}
{'loss': 1.4329, 'grad_norm': 0.16565731167793274, 'learning_rate': 5.213493748525596e-05, 'epoch': 15.92}
{'loss': 1.4333, 'grad_norm': 0.21578526496887207, 'learning_rate': 5.2118087149934294e-05, 'epoch': 15.93}
{'loss': 1.4331, 'grad_norm': 0.1150621622800827, 'learning_rate': 5.2101236814612606e-05, 'epoch': 15.93}
{'loss': 1.4328, 'grad_norm': 0.07837000489234924, 'learning_rate': 5.208438647929094e-05, 'epoch': 15.94}
{'loss': 1.432, 'grad_norm': 0.132279634475708, 'learning_rate': 5.206753614396926e-05, 'epoch': 15.94}
{'loss': 1.4332, 'grad_norm': 0.16762325167655945, 'learning_rate': 5.2050685808647595e-05, 'epoch': 15.95}
{'loss': 1.4319, 'grad_norm': 0.5210631489753723, 'learning_rate': 5.203383547332592e-05, 'epoch': 15.95}
{'loss': 1.433, 'grad_norm': 0.12623436748981476, 'learning_rate': 5.201698513800425e-05, 'epoch': 15.96}
{'loss': 1.4333, 'grad_norm': 0.1347331404685974, 'learning_rate': 5.200013480268258e-05, 'epoch': 15.96}
{'loss': 1.4323, 'grad_norm': 0.21065980195999146, 'learning_rate': 5.19832844673609e-05, 'epoch': 15.96}
{'loss': 1.4315, 'grad_norm': 0.13905611634254456, 'learning_rate': 5.1966434132039234e-05, 'epoch': 15.97}
{'loss': 1.4324, 'grad_norm': 0.1758212149143219, 'learning_rate': 5.194958379671756e-05, 'epoch': 15.97}
{'loss': 1.4337, 'grad_norm': 0.2013370543718338, 'learning_rate': 5.193273346139589e-05, 'epoch': 15.98}
{'loss': 1.4318, 'grad_norm': 0.2085510790348053, 'learning_rate': 5.1915883126074216e-05, 'epoch': 15.98}
{'loss': 1.4333, 'grad_norm': 0.11763351410627365, 'learning_rate': 5.1899032790752534e-05, 'epoch': 15.99}
{'loss': 1.4327, 'grad_norm': 0.864363431930542, 'learning_rate': 5.188218245543086e-05, 'epoch': 15.99}
{'loss': 1.4326, 'grad_norm': 0.19615769386291504, 'learning_rate': 5.186533212010919e-05, 'epoch': 16.0}
{'loss': 1.4317, 'grad_norm': 0.13253574073314667, 'learning_rate': 5.1848481784787516e-05, 'epoch': 16.0}
{'loss': 1.4307, 'grad_norm': 0.17386040091514587, 'learning_rate': 5.183163144946585e-05, 'epoch': 16.01}
{'loss': 1.43, 'grad_norm': 0.11138204485177994, 'learning_rate': 5.181478111414417e-05, 'epoch': 16.01}
{'loss': 1.4311, 'grad_norm': 0.40372487902641296, 'learning_rate': 5.17979307788225e-05, 'epoch': 16.01}
{'loss': 1.4312, 'grad_norm': 0.1319282501935959, 'learning_rate': 5.178108044350083e-05, 'epoch': 16.02}
{'loss': 1.4322, 'grad_norm': 0.1990288347005844, 'learning_rate': 5.1764230108179155e-05, 'epoch': 16.02}
{'loss': 1.431, 'grad_norm': 0.16920438408851624, 'learning_rate': 5.174737977285749e-05, 'epoch': 16.03}
{'loss': 1.4315, 'grad_norm': 0.19430801272392273, 'learning_rate': 5.173052943753581e-05, 'epoch': 16.03}
{'loss': 1.4309, 'grad_norm': 0.12734296917915344, 'learning_rate': 5.1713679102214144e-05, 'epoch': 16.04}
{'loss': 1.4299, 'grad_norm': 0.1528574824333191, 'learning_rate': 5.169682876689247e-05, 'epoch': 16.04}
{'loss': 1.4302, 'grad_norm': 0.2124171257019043, 'learning_rate': 5.167997843157079e-05, 'epoch': 16.05}
{'loss': 1.4301, 'grad_norm': 0.1186518594622612, 'learning_rate': 5.166312809624911e-05, 'epoch': 16.05}
{'loss': 1.4309, 'grad_norm': 0.12663501501083374, 'learning_rate': 5.1646277760927445e-05, 'epoch': 16.06}
{'loss': 1.4306, 'grad_norm': 0.3051008880138397, 'learning_rate': 5.162942742560577e-05, 'epoch': 16.06}
{'loss': 1.4307, 'grad_norm': 0.4560520350933075, 'learning_rate': 5.1612577090284095e-05, 'epoch': 16.06}
{'loss': 1.4305, 'grad_norm': 0.1220683827996254, 'learning_rate': 5.159572675496243e-05, 'epoch': 16.07}
{'loss': 1.4305, 'grad_norm': 0.18122553825378418, 'learning_rate': 5.157887641964075e-05, 'epoch': 16.07}
{'loss': 1.4303, 'grad_norm': 0.12907709181308746, 'learning_rate': 5.1562026084319084e-05, 'epoch': 16.08}
{'loss': 1.4312, 'grad_norm': 0.29212990403175354, 'learning_rate': 5.154517574899741e-05, 'epoch': 16.08}
{'loss': 1.4311, 'grad_norm': 0.12249205261468887, 'learning_rate': 5.152832541367574e-05, 'epoch': 16.09}
{'loss': 1.4308, 'grad_norm': 0.09751617908477783, 'learning_rate': 5.1511475078354066e-05, 'epoch': 16.09}
{'loss': 1.43, 'grad_norm': 0.2367013841867447, 'learning_rate': 5.149462474303239e-05, 'epoch': 16.1}
{'loss': 1.431, 'grad_norm': 0.1747095286846161, 'learning_rate': 5.147777440771071e-05, 'epoch': 16.1}
{'loss': 1.4301, 'grad_norm': 0.16901808977127075, 'learning_rate': 5.146092407238904e-05, 'epoch': 16.11}
{'loss': 1.4318, 'grad_norm': 0.1444236934185028, 'learning_rate': 5.1444073737067366e-05, 'epoch': 16.11}
{'loss': 1.4304, 'grad_norm': 0.25985682010650635, 'learning_rate': 5.142722340174569e-05, 'epoch': 16.11}
{'loss': 1.4309, 'grad_norm': 0.1206284761428833, 'learning_rate': 5.141037306642402e-05, 'epoch': 16.12}
{'loss': 1.4313, 'grad_norm': 0.5161381363868713, 'learning_rate': 5.139352273110235e-05, 'epoch': 16.12}
{'loss': 1.4314, 'grad_norm': 0.2803106904029846, 'learning_rate': 5.137667239578068e-05, 'epoch': 16.13}
{'loss': 1.4306, 'grad_norm': 0.1824900209903717, 'learning_rate': 5.1359822060459005e-05, 'epoch': 16.13}
{'loss': 1.4307, 'grad_norm': 0.10235942155122757, 'learning_rate': 5.134297172513734e-05, 'epoch': 16.14}
{'loss': 1.4307, 'grad_norm': 0.25321435928344727, 'learning_rate': 5.132612138981566e-05, 'epoch': 16.14}
{'loss': 1.4301, 'grad_norm': 0.21048563718795776, 'learning_rate': 5.130927105449399e-05, 'epoch': 16.15}
{'loss': 1.4297, 'grad_norm': 0.20720012485980988, 'learning_rate': 5.129242071917232e-05, 'epoch': 16.15}
{'loss': 1.4311, 'grad_norm': 0.10536113381385803, 'learning_rate': 5.1275570383850644e-05, 'epoch': 16.16}
{'loss': 1.4309, 'grad_norm': 0.3034064471721649, 'learning_rate': 5.125872004852896e-05, 'epoch': 16.16}
{'loss': 1.4335, 'grad_norm': 0.2984680235385895, 'learning_rate': 5.124186971320729e-05, 'epoch': 16.16}
{'loss': 1.4319, 'grad_norm': 0.3439696133136749, 'learning_rate': 5.122501937788562e-05, 'epoch': 16.17}
{'loss': 1.4317, 'grad_norm': 0.176319420337677, 'learning_rate': 5.1208169042563945e-05, 'epoch': 16.17}
{'loss': 1.4323, 'grad_norm': 0.17480769753456116, 'learning_rate': 5.119131870724228e-05, 'epoch': 16.18}
{'loss': 1.431, 'grad_norm': 0.1839645653963089, 'learning_rate': 5.11744683719206e-05, 'epoch': 16.18}
{'loss': 1.4325, 'grad_norm': 0.11775413155555725, 'learning_rate': 5.1157618036598934e-05, 'epoch': 16.19}
{'loss': 1.4314, 'grad_norm': 0.2759542763233185, 'learning_rate': 5.114076770127726e-05, 'epoch': 16.19}
{'loss': 1.4316, 'grad_norm': 0.1023385152220726, 'learning_rate': 5.1123917365955584e-05, 'epoch': 16.2}
{'loss': 1.4313, 'grad_norm': 0.14681899547576904, 'learning_rate': 5.1107067030633916e-05, 'epoch': 16.2}
{'loss': 1.4309, 'grad_norm': 0.302617609500885, 'learning_rate': 5.109021669531224e-05, 'epoch': 16.21}
{'loss': 1.4309, 'grad_norm': 0.296320378780365, 'learning_rate': 5.107336635999057e-05, 'epoch': 16.21}
{'loss': 1.4311, 'grad_norm': 0.23471446335315704, 'learning_rate': 5.1056516024668884e-05, 'epoch': 16.21}
{'loss': 1.4311, 'grad_norm': 0.1304575353860855, 'learning_rate': 5.1039665689347216e-05, 'epoch': 16.22}
{'loss': 1.4309, 'grad_norm': 0.13321822881698608, 'learning_rate': 5.102281535402554e-05, 'epoch': 16.22}
{'loss': 1.4299, 'grad_norm': 0.15061011910438538, 'learning_rate': 5.100596501870387e-05, 'epoch': 16.23}
{'loss': 1.4314, 'grad_norm': 0.17400644719600677, 'learning_rate': 5.09891146833822e-05, 'epoch': 16.23}
{'loss': 1.4302, 'grad_norm': 0.13391432166099548, 'learning_rate': 5.097226434806053e-05, 'epoch': 16.24}
{'loss': 1.4303, 'grad_norm': 0.11236848682165146, 'learning_rate': 5.0955414012738855e-05, 'epoch': 16.24}
{'loss': 1.4309, 'grad_norm': 0.12920285761356354, 'learning_rate': 5.093856367741718e-05, 'epoch': 16.25}
{'loss': 1.4312, 'grad_norm': 0.17837557196617126, 'learning_rate': 5.092171334209551e-05, 'epoch': 16.25}
{'loss': 1.4304, 'grad_norm': 0.10824476927518845, 'learning_rate': 5.090486300677384e-05, 'epoch': 16.26}
{'loss': 1.4294, 'grad_norm': 0.14157789945602417, 'learning_rate': 5.088801267145217e-05, 'epoch': 16.26}
{'loss': 1.4302, 'grad_norm': 0.15875659883022308, 'learning_rate': 5.0871162336130495e-05, 'epoch': 16.26}
{'loss': 1.4305, 'grad_norm': 0.18976359069347382, 'learning_rate': 5.0854312000808826e-05, 'epoch': 16.27}
{'loss': 1.431, 'grad_norm': 0.2231835126876831, 'learning_rate': 5.083746166548714e-05, 'epoch': 16.27}
{'loss': 1.4307, 'grad_norm': 0.16138379275798798, 'learning_rate': 5.082061133016547e-05, 'epoch': 16.28}
{'loss': 1.4316, 'grad_norm': 0.2644297480583191, 'learning_rate': 5.0803760994843795e-05, 'epoch': 16.28}
{'loss': 1.4307, 'grad_norm': 0.12217272818088531, 'learning_rate': 5.078691065952213e-05, 'epoch': 16.29}
{'loss': 1.4302, 'grad_norm': 0.21766658127307892, 'learning_rate': 5.077006032420045e-05, 'epoch': 16.29}
{'loss': 1.4307, 'grad_norm': 0.10750062763690948, 'learning_rate': 5.075320998887878e-05, 'epoch': 16.3}
{'loss': 1.431, 'grad_norm': 0.11317051202058792, 'learning_rate': 5.073635965355711e-05, 'epoch': 16.3}
{'loss': 1.4312, 'grad_norm': 0.11990035325288773, 'learning_rate': 5.0719509318235434e-05, 'epoch': 16.31}
{'loss': 1.4325, 'grad_norm': 0.14375020563602448, 'learning_rate': 5.0702658982913766e-05, 'epoch': 16.31}
{'loss': 1.431, 'grad_norm': 0.18117383122444153, 'learning_rate': 5.068580864759209e-05, 'epoch': 16.31}
{'loss': 1.4318, 'grad_norm': 0.12028777599334717, 'learning_rate': 5.066895831227042e-05, 'epoch': 16.32}
{'loss': 1.4312, 'grad_norm': 0.2635486125946045, 'learning_rate': 5.065210797694875e-05, 'epoch': 16.32}
{'loss': 1.4315, 'grad_norm': 0.16384842991828918, 'learning_rate': 5.063525764162707e-05, 'epoch': 16.33}
{'loss': 1.4303, 'grad_norm': 0.40018343925476074, 'learning_rate': 5.061840730630539e-05, 'epoch': 16.33}
{'loss': 1.43, 'grad_norm': 0.12911760807037354, 'learning_rate': 5.0601556970983723e-05, 'epoch': 16.34}
{'loss': 1.4317, 'grad_norm': 0.6379454731941223, 'learning_rate': 5.058470663566205e-05, 'epoch': 16.34}
{'loss': 1.431, 'grad_norm': 0.24809947609901428, 'learning_rate': 5.056785630034038e-05, 'epoch': 16.35}
{'loss': 1.43, 'grad_norm': 0.20716699957847595, 'learning_rate': 5.0551005965018706e-05, 'epoch': 16.35}
{'loss': 1.4304, 'grad_norm': 0.16315017640590668, 'learning_rate': 5.053415562969703e-05, 'epoch': 16.36}
{'loss': 1.4304, 'grad_norm': 0.12601450085639954, 'learning_rate': 5.051730529437536e-05, 'epoch': 16.36}
{'loss': 1.4306, 'grad_norm': 0.1893700510263443, 'learning_rate': 5.050045495905369e-05, 'epoch': 16.36}
{'loss': 1.4295, 'grad_norm': 0.31822308897972107, 'learning_rate': 5.048360462373202e-05, 'epoch': 16.37}
{'loss': 1.4304, 'grad_norm': 0.2946491241455078, 'learning_rate': 5.0466754288410345e-05, 'epoch': 16.37}
{'loss': 1.4307, 'grad_norm': 0.11541570723056793, 'learning_rate': 5.044990395308867e-05, 'epoch': 16.38}
pred : ardent in the prosecution of heresy cyril o'spicially opened his reign by oppressing the novations the most innocent and harmless of the sectaries
label: ardent in the prosecution of heresy cyril auspiciously opened his reign by oppressing the novatians the most innocent and harmless of the sectaries
pred : without any legal sentence without any royal mandate the patriarch at the dawn of day led a seditious multitude to the attack of the synagogues
label: without any legal sentence without any royal mandate the patriarch at the dawn of day led a seditious multitude to the attack of the synagogues
pred : such crimes would have deserved the animadversion of the magistrate but in this promiscuous outrage the innocent were confounded with the guilty and alexandria was impoverished by the loss of a wealthy and industrious colony
label: such crimes would have deserved the animadversion of the magistrate but in this promiscuous outrage the innocent were confounded with the guilty and alexandria was impoverished by the loss of a wealthy and industrious colony
pred : ardent in the prosecution of heresy cyril o'spicially opened his reign by oppressing the novations the most innocent and harmless of the sectaries
label: ardent in the prosecution of heresy cyril auspiciously opened his reign by oppressing the novatians the most innocent and harmless of the sectaries
pred : without any legal sentence without any royal mandate the patriarch at the dawn of day led a seditious multitude to the attack of the synagogues
label: without any legal sentence without any royal mandate the patriarch at the dawn of day led a seditious multitude to the attack of the synagogues
pred : such crimes would have deserved the animadversion of the magistrate but in this promiscuous outrage the innocent were confounded with the guilty and alexandria was impoverished by the loss of a wealthy and industrious colony
label: such crimes would have deserved the animadversion of the magistrate but in this promiscuous outrage the innocent were confounded with the guilty and alexandria was impoverished by the loss of a wealthy and industrious colony
pred : ardent in the prosecution of heresy cyril o'spicially opened his reign by oppressing the novations the most innocent and harmless of the sectaries
label: ardent in the prosecution of heresy cyril auspiciously opened his reign by oppressing the novatians the most innocent and harmless of the sectaries
pred : without any legal sentence without any royal mandate the patriarch at the dawn of day led a seditious multitude to the attack of the synagogues
label: without any legal sentence without any royal mandate the patriarch at the dawn of day led a seditious multitude to the attack of the synagogues
pred : such crimes would have deserved the animadversion of the magistrate but in this promiscuous outrage the innocent were confounded with the guilty and alexandria was impoverished by the loss of a wealthy and industrious colony
label: such crimes would have deserved the animadversion of the magistrate but in this promiscuous outrage the innocent were confounded with the guilty and alexandria was impoverished by the loss of a wealthy and industrious colony
pred : ardent in the prosecution of heresy cyril o'spicially opened his reign by oppressing the novations the most innocent and harmless of the sectaries
label: ardent in the prosecution of heresy cyril auspiciously opened his reign by oppressing the novatians the most innocent and harmless of the sectaries
pred : without any legal sentence without any royal mandate the patriarch at the dawn of day led a seditious multitude to the attack of the synagogues
label: without any legal sentence without any royal mandate the patriarch at the dawn of day led a seditious multitude to the attack of the synagogues
pred : such crimes would have deserved the animadversion of the magistrate but in this promiscuous outrage the innocent were confounded with the guilty and alexandria was impoverished by the loss of a wealthy and industrious colony
label: such crimes would have deserved the animadversion of the magistrate but in this promiscuous outrage the innocent were confounded with the guilty and alexandria was impoverished by the loss of a wealthy and industrious colony
{'eval_loss': 1.5746663808822632, 'eval_bleu': 96.83260874317448, 'eval_wer': 0.0170821747506477, 'eval_cer': 0.008092990042448527, 'eval_rouge1': 0.9856578344188613, 'eval_rouge2': 0.9738921275853427, 'eval_rougeL': 0.9856143812958584, 'eval_runtime': 96.2213, 'eval_samples_per_second': 57.856, 'eval_steps_per_second': 0.301, 'epoch': 16.38}
{'loss': 1.4308, 'grad_norm': 0.2211083471775055, 'learning_rate': 5.0433053617767e-05, 'epoch': 16.38}
{'loss': 1.4317, 'grad_norm': 0.15229623019695282, 'learning_rate': 5.041620328244532e-05, 'epoch': 16.39}
{'loss': 1.4302, 'grad_norm': 0.11302773654460907, 'learning_rate': 5.0399352947123645e-05, 'epoch': 16.39}
{'loss': 1.4295, 'grad_norm': 0.130508691072464, 'learning_rate': 5.038250261180198e-05, 'epoch': 16.4}
{'loss': 1.4315, 'grad_norm': 0.21646112203598022, 'learning_rate': 5.03656522764803e-05, 'epoch': 16.4}
{'loss': 1.4306, 'grad_norm': 0.11640078574419022, 'learning_rate': 5.034880194115863e-05, 'epoch': 16.41}
{'loss': 1.4302, 'grad_norm': 0.13463737070560455, 'learning_rate': 5.033195160583696e-05, 'epoch': 16.41}
{'loss': 1.431, 'grad_norm': 0.19937151670455933, 'learning_rate': 5.0315101270515284e-05, 'epoch': 16.41}
{'loss': 1.4308, 'grad_norm': 0.18879078328609467, 'learning_rate': 5.0298250935193616e-05, 'epoch': 16.42}
{'loss': 1.4303, 'grad_norm': 0.1788855940103531, 'learning_rate': 5.028140059987194e-05, 'epoch': 16.42}
{'loss': 1.4309, 'grad_norm': 0.18110351264476776, 'learning_rate': 5.026455026455027e-05, 'epoch': 16.43}
{'loss': 1.4304, 'grad_norm': 0.10743939876556396, 'learning_rate': 5.02476999292286e-05, 'epoch': 16.43}
{'loss': 1.4301, 'grad_norm': 0.13081388175487518, 'learning_rate': 5.023084959390692e-05, 'epoch': 16.44}
{'loss': 1.4308, 'grad_norm': 0.139261856675148, 'learning_rate': 5.0213999258585255e-05, 'epoch': 16.44}
{'loss': 1.4302, 'grad_norm': 0.17323540151119232, 'learning_rate': 5.0197148923263574e-05, 'epoch': 16.45}
{'loss': 1.4315, 'grad_norm': 0.12588317692279816, 'learning_rate': 5.01802985879419e-05, 'epoch': 16.45}
{'loss': 1.4306, 'grad_norm': 0.2097586989402771, 'learning_rate': 5.0163448252620224e-05, 'epoch': 16.46}
{'loss': 1.4314, 'grad_norm': 0.7729620337486267, 'learning_rate': 5.0146597917298556e-05, 'epoch': 16.46}
{'loss': 1.4318, 'grad_norm': 0.3695458471775055, 'learning_rate': 5.012974758197688e-05, 'epoch': 16.46}
{'loss': 1.4314, 'grad_norm': 0.18617182970046997, 'learning_rate': 5.011289724665521e-05, 'epoch': 16.47}
{'loss': 1.4302, 'grad_norm': 0.18180659413337708, 'learning_rate': 5.009604691133354e-05, 'epoch': 16.47}
{'loss': 1.4322, 'grad_norm': 0.16708387434482574, 'learning_rate': 5.007919657601187e-05, 'epoch': 16.48}
{'loss': 1.4319, 'grad_norm': 0.14376334846019745, 'learning_rate': 5.0062346240690195e-05, 'epoch': 16.48}
{'loss': 1.4307, 'grad_norm': 0.22540108859539032, 'learning_rate': 5.004549590536852e-05, 'epoch': 16.49}
{'loss': 1.4323, 'grad_norm': 0.1981004923582077, 'learning_rate': 5.002864557004685e-05, 'epoch': 16.49}
{'loss': 1.4309, 'grad_norm': 0.199196919798851, 'learning_rate': 5.001179523472518e-05, 'epoch': 16.5}
{'loss': 1.4322, 'grad_norm': 0.4803716242313385, 'learning_rate': 4.99949448994035e-05, 'epoch': 16.5}
{'loss': 1.4322, 'grad_norm': 0.2119228094816208, 'learning_rate': 4.997809456408183e-05, 'epoch': 16.51}
{'loss': 1.4316, 'grad_norm': 0.19846002757549286, 'learning_rate': 4.996124422876016e-05, 'epoch': 16.51}
{'loss': 1.4305, 'grad_norm': 0.3328479528427124, 'learning_rate': 4.994439389343848e-05, 'epoch': 16.52}
{'loss': 1.4301, 'grad_norm': 0.21914653480052948, 'learning_rate': 4.992754355811681e-05, 'epoch': 16.52}
{'loss': 1.4312, 'grad_norm': 0.20893557369709015, 'learning_rate': 4.9910693222795134e-05, 'epoch': 16.52}
{'loss': 1.4307, 'grad_norm': 0.09930428117513657, 'learning_rate': 4.9893842887473466e-05, 'epoch': 16.53}
{'loss': 1.4316, 'grad_norm': 0.14111705124378204, 'learning_rate': 4.987699255215179e-05, 'epoch': 16.53}
{'loss': 1.4312, 'grad_norm': 0.14445385336875916, 'learning_rate': 4.9860142216830116e-05, 'epoch': 16.54}
{'loss': 1.4308, 'grad_norm': 0.12870152294635773, 'learning_rate': 4.984329188150845e-05, 'epoch': 16.54}
{'loss': 1.4311, 'grad_norm': 0.20567870140075684, 'learning_rate': 4.982644154618677e-05, 'epoch': 16.55}
{'loss': 1.4309, 'grad_norm': 0.12028203904628754, 'learning_rate': 4.98095912108651e-05, 'epoch': 16.55}
{'loss': 1.4298, 'grad_norm': 0.14247901737689972, 'learning_rate': 4.9792740875543424e-05, 'epoch': 16.56}
{'loss': 1.4306, 'grad_norm': 0.1249338909983635, 'learning_rate': 4.9775890540221756e-05, 'epoch': 16.56}
{'loss': 1.431, 'grad_norm': 0.264623761177063, 'learning_rate': 4.975904020490008e-05, 'epoch': 16.57}
{'loss': 1.4303, 'grad_norm': 0.2009648084640503, 'learning_rate': 4.974218986957841e-05, 'epoch': 16.57}
{'loss': 1.4309, 'grad_norm': 0.43028292059898376, 'learning_rate': 4.972533953425673e-05, 'epoch': 16.57}
{'loss': 1.4301, 'grad_norm': 0.1281755417585373, 'learning_rate': 4.970848919893506e-05, 'epoch': 16.58}
{'loss': 1.4316, 'grad_norm': 0.11298201233148575, 'learning_rate': 4.969163886361339e-05, 'epoch': 16.58}
{'loss': 1.4307, 'grad_norm': 0.17751862108707428, 'learning_rate': 4.967478852829171e-05, 'epoch': 16.59}
{'loss': 1.431, 'grad_norm': 0.13254068791866302, 'learning_rate': 4.9657938192970045e-05, 'epoch': 16.59}
{'loss': 1.4317, 'grad_norm': 0.18784180283546448, 'learning_rate': 4.964108785764837e-05, 'epoch': 16.6}
{'loss': 1.4311, 'grad_norm': 0.16072465479373932, 'learning_rate': 4.9624237522326695e-05, 'epoch': 16.6}
{'loss': 1.4314, 'grad_norm': 0.19244347512722015, 'learning_rate': 4.960738718700502e-05, 'epoch': 16.61}
{'loss': 1.4319, 'grad_norm': 0.16202549636363983, 'learning_rate': 4.959053685168335e-05, 'epoch': 16.61}
{'loss': 1.4314, 'grad_norm': 0.34400036931037903, 'learning_rate': 4.957368651636168e-05, 'epoch': 16.62}
{'loss': 1.4316, 'grad_norm': 0.12510888278484344, 'learning_rate': 4.955683618104001e-05, 'epoch': 16.62}
{'loss': 1.4306, 'grad_norm': 0.7212467193603516, 'learning_rate': 4.9539985845718334e-05, 'epoch': 16.62}
{'loss': 1.4319, 'grad_norm': 0.14716437458992004, 'learning_rate': 4.952313551039666e-05, 'epoch': 16.63}
{'loss': 1.4316, 'grad_norm': 0.21802271902561188, 'learning_rate': 4.9506285175074984e-05, 'epoch': 16.63}
{'loss': 1.4324, 'grad_norm': 0.14832139015197754, 'learning_rate': 4.948943483975331e-05, 'epoch': 16.64}
{'loss': 1.4319, 'grad_norm': 0.3081359565258026, 'learning_rate': 4.947258450443164e-05, 'epoch': 16.64}
{'loss': 1.4335, 'grad_norm': 0.12651638686656952, 'learning_rate': 4.9455734169109966e-05, 'epoch': 16.65}
{'loss': 1.4324, 'grad_norm': 0.2118726223707199, 'learning_rate': 4.94388838337883e-05, 'epoch': 16.65}
{'loss': 1.4315, 'grad_norm': 0.15711306035518646, 'learning_rate': 4.9422033498466623e-05, 'epoch': 16.66}
{'loss': 1.4316, 'grad_norm': 0.14719326794147491, 'learning_rate': 4.940518316314495e-05, 'epoch': 16.66}
{'loss': 1.4317, 'grad_norm': 0.0893547385931015, 'learning_rate': 4.9388332827823274e-05, 'epoch': 16.67}
{'loss': 1.4318, 'grad_norm': 0.1374034285545349, 'learning_rate': 4.9371482492501606e-05, 'epoch': 16.67}
{'loss': 1.4319, 'grad_norm': 0.1640559583902359, 'learning_rate': 4.935463215717993e-05, 'epoch': 16.67}
{'loss': 1.4313, 'grad_norm': 0.3395194709300995, 'learning_rate': 4.9337781821858256e-05, 'epoch': 16.68}
{'loss': 1.4303, 'grad_norm': 0.10211371630430222, 'learning_rate': 4.932093148653659e-05, 'epoch': 16.68}
{'loss': 1.4311, 'grad_norm': 0.151286780834198, 'learning_rate': 4.9304081151214906e-05, 'epoch': 16.69}
{'loss': 1.4316, 'grad_norm': 0.17855419218540192, 'learning_rate': 4.928723081589324e-05, 'epoch': 16.69}
{'loss': 1.431, 'grad_norm': 0.23839661478996277, 'learning_rate': 4.927038048057156e-05, 'epoch': 16.7}
{'loss': 1.4314, 'grad_norm': 0.13295918703079224, 'learning_rate': 4.9253530145249895e-05, 'epoch': 16.7}
{'loss': 1.4302, 'grad_norm': 0.12337268888950348, 'learning_rate': 4.923667980992822e-05, 'epoch': 16.71}
{'loss': 1.4311, 'grad_norm': 0.1526808887720108, 'learning_rate': 4.921982947460655e-05, 'epoch': 16.71}
{'loss': 1.4311, 'grad_norm': 0.30118992924690247, 'learning_rate': 4.920297913928487e-05, 'epoch': 16.72}
{'loss': 1.432, 'grad_norm': 0.129381462931633, 'learning_rate': 4.91861288039632e-05, 'epoch': 16.72}
{'loss': 1.4313, 'grad_norm': 0.1333359330892563, 'learning_rate': 4.916927846864153e-05, 'epoch': 16.72}
{'loss': 1.4312, 'grad_norm': 0.1413705199956894, 'learning_rate': 4.915242813331985e-05, 'epoch': 16.73}
{'loss': 1.4299, 'grad_norm': 0.17075404524803162, 'learning_rate': 4.9135577797998184e-05, 'epoch': 16.73}
{'loss': 1.4314, 'grad_norm': 0.15080979466438293, 'learning_rate': 4.911872746267651e-05, 'epoch': 16.74}
{'loss': 1.4302, 'grad_norm': 0.27323538064956665, 'learning_rate': 4.910187712735484e-05, 'epoch': 16.74}
{'loss': 1.4309, 'grad_norm': 0.13870321214199066, 'learning_rate': 4.908502679203316e-05, 'epoch': 16.75}
{'loss': 1.432, 'grad_norm': 0.16050899028778076, 'learning_rate': 4.906817645671149e-05, 'epoch': 16.75}
{'loss': 1.4296, 'grad_norm': 0.13550016283988953, 'learning_rate': 4.9051326121389817e-05, 'epoch': 16.76}
{'loss': 1.4308, 'grad_norm': 0.690544605255127, 'learning_rate': 4.903447578606815e-05, 'epoch': 16.76}
{'loss': 1.4309, 'grad_norm': 0.16943049430847168, 'learning_rate': 4.9017625450746474e-05, 'epoch': 16.77}
{'loss': 1.4315, 'grad_norm': 0.128876194357872, 'learning_rate': 4.90007751154248e-05, 'epoch': 16.77}
{'loss': 1.4316, 'grad_norm': 0.14269205927848816, 'learning_rate': 4.8983924780103124e-05, 'epoch': 16.77}
{'loss': 1.4312, 'grad_norm': 0.15963196754455566, 'learning_rate': 4.896707444478145e-05, 'epoch': 16.78}
{'loss': 1.4321, 'grad_norm': 0.1995219588279724, 'learning_rate': 4.895022410945978e-05, 'epoch': 16.78}
{'loss': 1.4318, 'grad_norm': 0.20059794187545776, 'learning_rate': 4.8933373774138106e-05, 'epoch': 16.79}
{'loss': 1.4315, 'grad_norm': 0.12330998480319977, 'learning_rate': 4.891652343881644e-05, 'epoch': 16.79}
{'loss': 1.4309, 'grad_norm': 0.18813690543174744, 'learning_rate': 4.889967310349476e-05, 'epoch': 16.8}
{'loss': 1.4313, 'grad_norm': 0.2301175892353058, 'learning_rate': 4.888282276817309e-05, 'epoch': 16.8}
{'loss': 1.4299, 'grad_norm': 0.16388669610023499, 'learning_rate': 4.886597243285141e-05, 'epoch': 16.81}
{'loss': 1.431, 'grad_norm': 0.20342539250850677, 'learning_rate': 4.8849122097529745e-05, 'epoch': 16.81}
{'loss': 1.4323, 'grad_norm': 0.2653658986091614, 'learning_rate': 4.883227176220807e-05, 'epoch': 16.82}
{'loss': 1.43, 'grad_norm': 0.44542884826660156, 'learning_rate': 4.8815421426886395e-05, 'epoch': 16.82}
{'loss': 1.4305, 'grad_norm': 0.1403656303882599, 'learning_rate': 4.879857109156473e-05, 'epoch': 16.82}
{'loss': 1.4308, 'grad_norm': 0.22483617067337036, 'learning_rate': 4.878172075624305e-05, 'epoch': 16.83}
{'loss': 1.4314, 'grad_norm': 0.13550932705402374, 'learning_rate': 4.876487042092138e-05, 'epoch': 16.83}
{'loss': 1.4319, 'grad_norm': 0.23849698901176453, 'learning_rate': 4.87480200855997e-05, 'epoch': 16.84}
{'loss': 1.4311, 'grad_norm': 0.1466781347990036, 'learning_rate': 4.8731169750278034e-05, 'epoch': 16.84}
{'loss': 1.4304, 'grad_norm': 0.200042724609375, 'learning_rate': 4.871431941495636e-05, 'epoch': 16.85}
{'loss': 1.4315, 'grad_norm': 0.29349392652511597, 'learning_rate': 4.869746907963469e-05, 'epoch': 16.85}
{'loss': 1.4316, 'grad_norm': 0.17090880870819092, 'learning_rate': 4.8680618744313016e-05, 'epoch': 16.86}
{'loss': 1.4313, 'grad_norm': 0.18717060983181, 'learning_rate': 4.866376840899134e-05, 'epoch': 16.86}
{'loss': 1.4314, 'grad_norm': 0.11940526217222214, 'learning_rate': 4.864691807366967e-05, 'epoch': 16.87}
{'loss': 1.4305, 'grad_norm': 0.19088631868362427, 'learning_rate': 4.8630067738348e-05, 'epoch': 16.87}
{'loss': 1.4306, 'grad_norm': 0.20152226090431213, 'learning_rate': 4.8613217403026324e-05, 'epoch': 16.87}
{'loss': 1.4302, 'grad_norm': 0.12660376727581024, 'learning_rate': 4.859636706770465e-05, 'epoch': 16.88}
{'loss': 1.4302, 'grad_norm': 0.13711877167224884, 'learning_rate': 4.857951673238298e-05, 'epoch': 16.88}
{'loss': 1.4318, 'grad_norm': 0.173958882689476, 'learning_rate': 4.85626663970613e-05, 'epoch': 16.89}
{'loss': 1.4303, 'grad_norm': 0.10707192867994308, 'learning_rate': 4.854581606173963e-05, 'epoch': 16.89}
{'loss': 1.4304, 'grad_norm': 0.11248018592596054, 'learning_rate': 4.8528965726417956e-05, 'epoch': 16.9}
{'loss': 1.4292, 'grad_norm': 0.18783487379550934, 'learning_rate': 4.851211539109629e-05, 'epoch': 16.9}
{'loss': 1.4301, 'grad_norm': 0.14156214892864227, 'learning_rate': 4.849526505577461e-05, 'epoch': 16.91}
{'loss': 1.43, 'grad_norm': 0.1892281025648117, 'learning_rate': 4.8478414720452945e-05, 'epoch': 16.91}
{'loss': 1.4302, 'grad_norm': 0.10286705940961838, 'learning_rate': 4.846156438513126e-05, 'epoch': 16.92}
{'loss': 1.4308, 'grad_norm': 0.10589028149843216, 'learning_rate': 4.8444714049809595e-05, 'epoch': 16.92}
{'loss': 1.4322, 'grad_norm': 0.13310565054416656, 'learning_rate': 4.842786371448792e-05, 'epoch': 16.92}
{'loss': 1.4306, 'grad_norm': 0.18829090893268585, 'learning_rate': 4.8411013379166245e-05, 'epoch': 16.93}
{'loss': 1.4301, 'grad_norm': 0.20002876222133636, 'learning_rate': 4.839416304384458e-05, 'epoch': 16.93}
{'loss': 1.4307, 'grad_norm': 0.1922335922718048, 'learning_rate': 4.83773127085229e-05, 'epoch': 16.94}
{'loss': 1.4306, 'grad_norm': 0.11279456317424774, 'learning_rate': 4.836046237320123e-05, 'epoch': 16.94}
{'loss': 1.4308, 'grad_norm': 0.14503957331180573, 'learning_rate': 4.834361203787955e-05, 'epoch': 16.95}
{'loss': 1.4302, 'grad_norm': 0.18400079011917114, 'learning_rate': 4.8326761702557884e-05, 'epoch': 16.95}
{'loss': 1.4305, 'grad_norm': 0.17859584093093872, 'learning_rate': 4.830991136723621e-05, 'epoch': 16.96}
{'loss': 1.431, 'grad_norm': 0.13626843690872192, 'learning_rate': 4.829306103191454e-05, 'epoch': 16.96}
{'loss': 1.4306, 'grad_norm': 0.11690918356180191, 'learning_rate': 4.8276210696592867e-05, 'epoch': 16.97}
{'loss': 1.4309, 'grad_norm': 0.12966759502887726, 'learning_rate': 4.825936036127119e-05, 'epoch': 16.97}
{'loss': 1.4306, 'grad_norm': 0.11022190004587173, 'learning_rate': 4.824251002594952e-05, 'epoch': 16.97}
{'loss': 1.4318, 'grad_norm': 0.15179643034934998, 'learning_rate': 4.822565969062784e-05, 'epoch': 16.98}
{'loss': 1.431, 'grad_norm': 0.1343275010585785, 'learning_rate': 4.8208809355306174e-05, 'epoch': 16.98}
{'loss': 1.4301, 'grad_norm': 0.12938520312309265, 'learning_rate': 4.81919590199845e-05, 'epoch': 16.99}
{'loss': 1.4301, 'grad_norm': 0.12958352267742157, 'learning_rate': 4.817510868466283e-05, 'epoch': 16.99}
{'loss': 1.4311, 'grad_norm': 0.5620861649513245, 'learning_rate': 4.8158258349341156e-05, 'epoch': 17.0}
{'loss': 1.4304, 'grad_norm': 0.1300053894519806, 'learning_rate': 4.814140801401948e-05, 'epoch': 17.0}
{'loss': 1.4286, 'grad_norm': 0.5334954857826233, 'learning_rate': 4.8124557678697806e-05, 'epoch': 17.01}
{'loss': 1.4292, 'grad_norm': 0.2028244435787201, 'learning_rate': 4.810770734337614e-05, 'epoch': 17.01}
{'loss': 1.4291, 'grad_norm': 0.19776514172554016, 'learning_rate': 4.809085700805446e-05, 'epoch': 17.02}
{'loss': 1.4285, 'grad_norm': 0.12999412417411804, 'learning_rate': 4.807400667273279e-05, 'epoch': 17.02}
{'loss': 1.4285, 'grad_norm': 0.12647248804569244, 'learning_rate': 4.805715633741112e-05, 'epoch': 17.02}
{'loss': 1.4284, 'grad_norm': 0.09416306763887405, 'learning_rate': 4.804030600208944e-05, 'epoch': 17.03}
{'loss': 1.4291, 'grad_norm': 0.22563588619232178, 'learning_rate': 4.802345566676777e-05, 'epoch': 17.03}
{'loss': 1.4294, 'grad_norm': 0.10620903968811035, 'learning_rate': 4.8006605331446095e-05, 'epoch': 17.04}
{'loss': 1.4291, 'grad_norm': 0.35182780027389526, 'learning_rate': 4.798975499612443e-05, 'epoch': 17.04}
{'loss': 1.4292, 'grad_norm': 0.14922738075256348, 'learning_rate': 4.797290466080275e-05, 'epoch': 17.05}
{'loss': 1.4279, 'grad_norm': 0.14395129680633545, 'learning_rate': 4.7956054325481084e-05, 'epoch': 17.05}
{'loss': 1.429, 'grad_norm': 0.4055972993373871, 'learning_rate': 4.793920399015941e-05, 'epoch': 17.06}
{'loss': 1.4289, 'grad_norm': 0.3509969711303711, 'learning_rate': 4.7922353654837734e-05, 'epoch': 17.06}
{'loss': 1.4294, 'grad_norm': 0.2620637118816376, 'learning_rate': 4.790550331951606e-05, 'epoch': 17.07}
{'loss': 1.4291, 'grad_norm': 0.13078974187374115, 'learning_rate': 4.7888652984194385e-05, 'epoch': 17.07}
{'loss': 1.4287, 'grad_norm': 0.16410888731479645, 'learning_rate': 4.7871802648872717e-05, 'epoch': 17.07}
{'loss': 1.4293, 'grad_norm': 0.16556459665298462, 'learning_rate': 4.785495231355104e-05, 'epoch': 17.08}
{'loss': 1.4288, 'grad_norm': 0.12918880581855774, 'learning_rate': 4.7838101978229374e-05, 'epoch': 17.08}
{'loss': 1.4301, 'grad_norm': 0.12639907002449036, 'learning_rate': 4.782125164290769e-05, 'epoch': 17.09}
{'loss': 1.4294, 'grad_norm': 0.2773439884185791, 'learning_rate': 4.7804401307586024e-05, 'epoch': 17.09}
{'loss': 1.4301, 'grad_norm': 0.2847456634044647, 'learning_rate': 4.778755097226435e-05, 'epoch': 17.1}
{'loss': 1.4295, 'grad_norm': 0.1720009744167328, 'learning_rate': 4.777070063694268e-05, 'epoch': 17.1}
{'loss': 1.4301, 'grad_norm': 0.13239510357379913, 'learning_rate': 4.7753850301621006e-05, 'epoch': 17.11}
{'loss': 1.4291, 'grad_norm': 0.15054361522197723, 'learning_rate': 4.773699996629933e-05, 'epoch': 17.11}
{'loss': 1.4293, 'grad_norm': 0.172047957777977, 'learning_rate': 4.7720149630977656e-05, 'epoch': 17.12}
{'loss': 1.429, 'grad_norm': 0.19641980528831482, 'learning_rate': 4.770329929565598e-05, 'epoch': 17.12}
{'loss': 1.4302, 'grad_norm': 0.14127732813358307, 'learning_rate': 4.768644896033431e-05, 'epoch': 17.12}
{'loss': 1.429, 'grad_norm': 0.14205220341682434, 'learning_rate': 4.766959862501264e-05, 'epoch': 17.13}
{'loss': 1.4291, 'grad_norm': 0.14234384894371033, 'learning_rate': 4.765274828969097e-05, 'epoch': 17.13}
{'loss': 1.4289, 'grad_norm': 0.09494519978761673, 'learning_rate': 4.7635897954369295e-05, 'epoch': 17.14}
{'loss': 1.4289, 'grad_norm': 0.16307435929775238, 'learning_rate': 4.761904761904762e-05, 'epoch': 17.14}
{'loss': 1.4291, 'grad_norm': 0.43745777010917664, 'learning_rate': 4.7602197283725945e-05, 'epoch': 17.15}
{'loss': 1.4284, 'grad_norm': 0.1406753808259964, 'learning_rate': 4.758534694840428e-05, 'epoch': 17.15}
{'loss': 1.43, 'grad_norm': 0.14778468012809753, 'learning_rate': 4.75684966130826e-05, 'epoch': 17.16}
{'loss': 1.429, 'grad_norm': 0.3546246886253357, 'learning_rate': 4.755164627776093e-05, 'epoch': 17.16}
{'loss': 1.4296, 'grad_norm': 0.38640424609184265, 'learning_rate': 4.753479594243926e-05, 'epoch': 17.17}
{'loss': 1.4288, 'grad_norm': 0.31292882561683655, 'learning_rate': 4.7517945607117585e-05, 'epoch': 17.17}
{'loss': 1.4286, 'grad_norm': 0.11541161686182022, 'learning_rate': 4.750109527179591e-05, 'epoch': 17.17}
{'loss': 1.4284, 'grad_norm': 0.10137664526700974, 'learning_rate': 4.7484244936474235e-05, 'epoch': 17.18}
{'loss': 1.4288, 'grad_norm': 0.14170806109905243, 'learning_rate': 4.746739460115257e-05, 'epoch': 17.18}
{'loss': 1.4287, 'grad_norm': 0.11670924723148346, 'learning_rate': 4.745054426583089e-05, 'epoch': 17.19}
{'loss': 1.4296, 'grad_norm': 0.20623071491718292, 'learning_rate': 4.7433693930509224e-05, 'epoch': 17.19}
{'loss': 1.4289, 'grad_norm': 0.2493370622396469, 'learning_rate': 4.741684359518755e-05, 'epoch': 17.2}
{'loss': 1.4287, 'grad_norm': 0.11996059119701385, 'learning_rate': 4.7399993259865874e-05, 'epoch': 17.2}
{'loss': 1.4294, 'grad_norm': 0.19214820861816406, 'learning_rate': 4.73831429245442e-05, 'epoch': 17.21}
{'loss': 1.429, 'grad_norm': 0.2157839685678482, 'learning_rate': 4.7366292589222524e-05, 'epoch': 17.21}
{'loss': 1.4282, 'grad_norm': 0.12373477965593338, 'learning_rate': 4.7349442253900856e-05, 'epoch': 17.22}
{'loss': 1.4289, 'grad_norm': 0.12961788475513458, 'learning_rate': 4.733259191857918e-05, 'epoch': 17.22}
{'loss': 1.428, 'grad_norm': 0.09723098576068878, 'learning_rate': 4.731574158325751e-05, 'epoch': 17.22}
{'loss': 1.429, 'grad_norm': 0.5809858441352844, 'learning_rate': 4.729889124793583e-05, 'epoch': 17.23}
{'loss': 1.4301, 'grad_norm': 0.21404726803302765, 'learning_rate': 4.728204091261416e-05, 'epoch': 17.23}
{'loss': 1.4291, 'grad_norm': 0.33918365836143494, 'learning_rate': 4.726519057729249e-05, 'epoch': 17.24}
{'loss': 1.4283, 'grad_norm': 0.4784514904022217, 'learning_rate': 4.724834024197082e-05, 'epoch': 17.24}
{'loss': 1.4289, 'grad_norm': 0.18009911477565765, 'learning_rate': 4.7231489906649145e-05, 'epoch': 17.25}
{'loss': 1.4286, 'grad_norm': 0.1229185089468956, 'learning_rate': 4.721463957132747e-05, 'epoch': 17.25}
{'loss': 1.4286, 'grad_norm': 0.17893005907535553, 'learning_rate': 4.7197789236005796e-05, 'epoch': 17.26}
{'loss': 1.4294, 'grad_norm': 0.2351856380701065, 'learning_rate': 4.718093890068412e-05, 'epoch': 17.26}
{'loss': 1.4289, 'grad_norm': 0.18037398159503937, 'learning_rate': 4.716408856536245e-05, 'epoch': 17.27}
{'loss': 1.4283, 'grad_norm': 0.09915591031312943, 'learning_rate': 4.714723823004078e-05, 'epoch': 17.27}
{'loss': 1.4289, 'grad_norm': 0.16623172163963318, 'learning_rate': 4.713038789471911e-05, 'epoch': 17.27}
{'loss': 1.4281, 'grad_norm': 0.16435468196868896, 'learning_rate': 4.7113537559397435e-05, 'epoch': 17.28}
{'loss': 1.4283, 'grad_norm': 0.10780847817659378, 'learning_rate': 4.7096687224075767e-05, 'epoch': 17.28}
{'loss': 1.4283, 'grad_norm': 0.11228562891483307, 'learning_rate': 4.7079836888754085e-05, 'epoch': 17.29}
pred : ardent in the prosecution of heresy cyril auspiciously opened his reign by oppressing the novations the most innocent and harmless of the sectaries
label: ardent in the prosecution of heresy cyril auspiciously opened his reign by oppressing the novatians the most innocent and harmless of the sectaries
pred : without any legal sentence without any royal mandate the patriarch at the dawn of day led a seditious multitude to the attack of the synagogues
label: without any legal sentence without any royal mandate the patriarch at the dawn of day led a seditious multitude to the attack of the synagogues
pred : such crimes would have deserved the animadversion of the magistrate but in this promiscuous outrage the innocent were confounded with the guilty and alexandria was impoverished by the loss of a wealthy and industrious colony
label: such crimes would have deserved the animadversion of the magistrate but in this promiscuous outrage the innocent were confounded with the guilty and alexandria was impoverished by the loss of a wealthy and industrious colony
pred : ardent in the prosecution of heresy cyril auspiciously opened his reign by oppressing the novations the most innocent and harmless of the sectaries
label: ardent in the prosecution of heresy cyril auspiciously opened his reign by oppressing the novatians the most innocent and harmless of the sectaries
pred : without any legal sentence without any royal mandate the patriarch at the dawn of day led a seditious multitude to the attack of the synagogues
label: without any legal sentence without any royal mandate the patriarch at the dawn of day led a seditious multitude to the attack of the synagogues
pred : such crimes would have deserved the animadversion of the magistrate but in this promiscuous outrage the innocent were confounded with the guilty and alexandria was impoverished by the loss of a wealthy and industrious colony
label: such crimes would have deserved the animadversion of the magistrate but in this promiscuous outrage the innocent were confounded with the guilty and alexandria was impoverished by the loss of a wealthy and industrious colony
pred : ardent in the prosecution of heresy cyril auspiciously opened his reign by oppressing the novations the most innocent and harmless of the sectaries
label: ardent in the prosecution of heresy cyril auspiciously opened his reign by oppressing the novatians the most innocent and harmless of the sectaries
pred : without any legal sentence without any royal mandate the patriarch at the dawn of day led a seditious multitude to the attack of the synagogues
label: without any legal sentence without any royal mandate the patriarch at the dawn of day led a seditious multitude to the attack of the synagogues
pred : such crimes would have deserved the animadversion of the magistrate but in this promiscuous outrage the innocent were confounded with the guilty and alexandria was impoverished by the loss of a wealthy and industrious colony
label: such crimes would have deserved the animadversion of the magistrate but in this promiscuous outrage the innocent were confounded with the guilty and alexandria was impoverished by the loss of a wealthy and industrious colony
pred : ardent in the prosecution of heresy cyril auspiciously opened his reign by oppressing the novations the most innocent and harmless of the sectaries
label: ardent in the prosecution of heresy cyril auspiciously opened his reign by oppressing the novatians the most innocent and harmless of the sectaries
pred : without any legal sentence without any royal mandate the patriarch at the dawn of day led a seditious multitude to the attack of the synagogues
label: without any legal sentence without any royal mandate the patriarch at the dawn of day led a seditious multitude to the attack of the synagogues
pred : such crimes would have deserved the animadversion of the magistrate but in this promiscuous outrage the innocent were confounded with the guilty and alexandria was impoverished by the loss of a wealthy and industrious colony
label: such crimes would have deserved the animadversion of the magistrate but in this promiscuous outrage the innocent were confounded with the guilty and alexandria was impoverished by the loss of a wealthy and industrious colony
{'eval_loss': 1.5675987005233765, 'eval_bleu': 96.82474337475702, 'eval_wer': 0.017556679604832356, 'eval_cer': 0.00866462057797798, 'eval_rouge1': 0.9857010340955175, 'eval_rouge2': 0.9735019992451402, 'eval_rougeL': 0.9856830331645927, 'eval_runtime': 98.5976, 'eval_samples_per_second': 56.462, 'eval_steps_per_second': 0.294, 'epoch': 17.29}
{'loss': 1.4282, 'grad_norm': 0.12395932525396347, 'learning_rate': 4.706298655343242e-05, 'epoch': 17.29}
{'loss': 1.4289, 'grad_norm': 0.1662198007106781, 'learning_rate': 4.704613621811074e-05, 'epoch': 17.3}
{'loss': 1.4295, 'grad_norm': 0.11030861735343933, 'learning_rate': 4.702928588278907e-05, 'epoch': 17.3}
{'loss': 1.4295, 'grad_norm': 0.16705422103405, 'learning_rate': 4.70124355474674e-05, 'epoch': 17.31}
{'loss': 1.4289, 'grad_norm': 0.12436269223690033, 'learning_rate': 4.6995585212145724e-05, 'epoch': 17.31}
{'loss': 1.4287, 'grad_norm': 0.10415009409189224, 'learning_rate': 4.697873487682405e-05, 'epoch': 17.32}
{'loss': 1.429, 'grad_norm': 0.45414477586746216, 'learning_rate': 4.6961884541502374e-05, 'epoch': 17.32}
{'loss': 1.4292, 'grad_norm': 0.130656898021698, 'learning_rate': 4.6945034206180706e-05, 'epoch': 17.32}
{'loss': 1.4298, 'grad_norm': 0.13468435406684875, 'learning_rate': 4.692818387085903e-05, 'epoch': 17.33}
{'loss': 1.4289, 'grad_norm': 0.3617837131023407, 'learning_rate': 4.691133353553736e-05, 'epoch': 17.33}
{'loss': 1.4282, 'grad_norm': 0.12164833396673203, 'learning_rate': 4.689448320021569e-05, 'epoch': 17.34}
{'loss': 1.4295, 'grad_norm': 0.12968477606773376, 'learning_rate': 4.687763286489401e-05, 'epoch': 17.34}
{'loss': 1.429, 'grad_norm': 0.5083026885986328, 'learning_rate': 4.686078252957234e-05, 'epoch': 17.35}
{'loss': 1.4293, 'grad_norm': 0.2468143105506897, 'learning_rate': 4.684393219425067e-05, 'epoch': 17.35}
{'loss': 1.43, 'grad_norm': 0.15792858600616455, 'learning_rate': 4.6827081858928995e-05, 'epoch': 17.36}
{'loss': 1.4289, 'grad_norm': 0.20351426303386688, 'learning_rate': 4.681023152360732e-05, 'epoch': 17.36}
{'loss': 1.4292, 'grad_norm': 0.08690250664949417, 'learning_rate': 4.679338118828565e-05, 'epoch': 17.37}
{'loss': 1.4287, 'grad_norm': 0.10982757061719894, 'learning_rate': 4.677653085296398e-05, 'epoch': 17.37}
{'loss': 1.4296, 'grad_norm': 0.14469318091869354, 'learning_rate': 4.67596805176423e-05, 'epoch': 17.37}
{'loss': 1.4301, 'grad_norm': 0.12891905009746552, 'learning_rate': 4.674283018232063e-05, 'epoch': 17.38}
{'loss': 1.4301, 'grad_norm': 0.14104673266410828, 'learning_rate': 4.672597984699896e-05, 'epoch': 17.38}
{'loss': 1.4304, 'grad_norm': 0.11437621712684631, 'learning_rate': 4.6709129511677285e-05, 'epoch': 17.39}
{'loss': 1.4288, 'grad_norm': 0.11302739381790161, 'learning_rate': 4.669227917635562e-05, 'epoch': 17.39}
{'loss': 1.4289, 'grad_norm': 0.20059247314929962, 'learning_rate': 4.667542884103394e-05, 'epoch': 17.4}
{'loss': 1.429, 'grad_norm': 0.18164004385471344, 'learning_rate': 4.665857850571227e-05, 'epoch': 17.4}
{'loss': 1.4288, 'grad_norm': 0.10244294255971909, 'learning_rate': 4.664172817039059e-05, 'epoch': 17.41}
{'loss': 1.4296, 'grad_norm': 0.17163269221782684, 'learning_rate': 4.662487783506892e-05, 'epoch': 17.41}
{'loss': 1.4291, 'grad_norm': 0.12598221004009247, 'learning_rate': 4.660802749974725e-05, 'epoch': 17.42}
{'loss': 1.429, 'grad_norm': 0.10888627916574478, 'learning_rate': 4.6591177164425574e-05, 'epoch': 17.42}
{'loss': 1.429, 'grad_norm': 0.16505394876003265, 'learning_rate': 4.6574326829103906e-05, 'epoch': 17.42}
{'loss': 1.4288, 'grad_norm': 0.14884310960769653, 'learning_rate': 4.6557476493782224e-05, 'epoch': 17.43}
{'loss': 1.4289, 'grad_norm': 0.15352417528629303, 'learning_rate': 4.6540626158460556e-05, 'epoch': 17.43}
{'loss': 1.4291, 'grad_norm': 0.1563120186328888, 'learning_rate': 4.652377582313888e-05, 'epoch': 17.44}
{'loss': 1.4299, 'grad_norm': 0.19107124209403992, 'learning_rate': 4.650692548781721e-05, 'epoch': 17.44}
{'loss': 1.4292, 'grad_norm': 0.12196981906890869, 'learning_rate': 4.649007515249554e-05, 'epoch': 17.45}
{'loss': 1.4298, 'grad_norm': 0.14441543817520142, 'learning_rate': 4.6473224817173863e-05, 'epoch': 17.45}
{'loss': 1.4301, 'grad_norm': 0.22506597638130188, 'learning_rate': 4.645637448185219e-05, 'epoch': 17.46}
{'loss': 1.4296, 'grad_norm': 0.31025099754333496, 'learning_rate': 4.6439524146530514e-05, 'epoch': 17.46}
{'loss': 1.4291, 'grad_norm': 0.6646460890769958, 'learning_rate': 4.6422673811208846e-05, 'epoch': 17.47}
{'loss': 1.4296, 'grad_norm': 0.13087549805641174, 'learning_rate': 4.640582347588717e-05, 'epoch': 17.47}
{'loss': 1.4297, 'grad_norm': 0.17055104672908783, 'learning_rate': 4.63889731405655e-05, 'epoch': 17.47}
{'loss': 1.4295, 'grad_norm': 0.14015433192253113, 'learning_rate': 4.637212280524383e-05, 'epoch': 17.48}
{'loss': 1.4296, 'grad_norm': 0.232523113489151, 'learning_rate': 4.635527246992216e-05, 'epoch': 17.48}
{'loss': 1.4299, 'grad_norm': 0.14577120542526245, 'learning_rate': 4.633842213460048e-05, 'epoch': 17.49}
{'loss': 1.4285, 'grad_norm': 0.172353133559227, 'learning_rate': 4.632157179927881e-05, 'epoch': 17.49}
{'loss': 1.4303, 'grad_norm': 0.15556718409061432, 'learning_rate': 4.6304721463957135e-05, 'epoch': 17.5}
{'loss': 1.4285, 'grad_norm': 0.24208740890026093, 'learning_rate': 4.628787112863546e-05, 'epoch': 17.5}
{'loss': 1.4289, 'grad_norm': 0.11879891157150269, 'learning_rate': 4.627102079331379e-05, 'epoch': 17.51}
{'loss': 1.4305, 'grad_norm': 0.1552778035402298, 'learning_rate': 4.625417045799212e-05, 'epoch': 17.51}
{'loss': 1.4295, 'grad_norm': 0.10672764480113983, 'learning_rate': 4.623732012267044e-05, 'epoch': 17.52}
{'loss': 1.4286, 'grad_norm': 0.15717151761054993, 'learning_rate': 4.622046978734877e-05, 'epoch': 17.52}
{'loss': 1.4285, 'grad_norm': 0.1585395336151123, 'learning_rate': 4.62036194520271e-05, 'epoch': 17.53}
{'loss': 1.4287, 'grad_norm': 0.1006016656756401, 'learning_rate': 4.6186769116705424e-05, 'epoch': 17.53}
{'loss': 1.4301, 'grad_norm': 0.18946236371994019, 'learning_rate': 4.6169918781383756e-05, 'epoch': 17.53}
{'loss': 1.4288, 'grad_norm': 0.13598555326461792, 'learning_rate': 4.615306844606208e-05, 'epoch': 17.54}
{'loss': 1.43, 'grad_norm': 0.19071438908576965, 'learning_rate': 4.6136218110740406e-05, 'epoch': 17.54}
{'loss': 1.4291, 'grad_norm': 0.263243705034256, 'learning_rate': 4.611936777541873e-05, 'epoch': 17.55}
{'loss': 1.4295, 'grad_norm': 0.11495200544595718, 'learning_rate': 4.6102517440097056e-05, 'epoch': 17.55}
{'loss': 1.4286, 'grad_norm': 0.1586344987154007, 'learning_rate': 4.608566710477539e-05, 'epoch': 17.56}
{'loss': 1.4293, 'grad_norm': 0.15826234221458435, 'learning_rate': 4.6068816769453713e-05, 'epoch': 17.56}
{'loss': 1.4287, 'grad_norm': 0.32195064425468445, 'learning_rate': 4.6051966434132045e-05, 'epoch': 17.57}
{'loss': 1.4292, 'grad_norm': 0.19582290947437286, 'learning_rate': 4.6035116098810364e-05, 'epoch': 17.57}
{'loss': 1.4289, 'grad_norm': 0.09711727499961853, 'learning_rate': 4.6018265763488696e-05, 'epoch': 17.58}
{'loss': 1.4289, 'grad_norm': 0.2018972486257553, 'learning_rate': 4.600141542816702e-05, 'epoch': 17.58}
{'loss': 1.4292, 'grad_norm': 0.16354838013648987, 'learning_rate': 4.598456509284535e-05, 'epoch': 17.58}
{'loss': 1.4298, 'grad_norm': 0.16499188542366028, 'learning_rate': 4.596771475752368e-05, 'epoch': 17.59}
{'loss': 1.4298, 'grad_norm': 0.12569713592529297, 'learning_rate': 4.5950864422202e-05, 'epoch': 17.59}
{'loss': 1.4293, 'grad_norm': 0.16003015637397766, 'learning_rate': 4.5934014086880335e-05, 'epoch': 17.6}
{'loss': 1.4303, 'grad_norm': 0.2230779379606247, 'learning_rate': 4.591716375155865e-05, 'epoch': 17.6}
{'loss': 1.4295, 'grad_norm': 0.14788617193698883, 'learning_rate': 4.5900313416236985e-05, 'epoch': 17.61}
{'loss': 1.4286, 'grad_norm': 0.3092939555644989, 'learning_rate': 4.588346308091531e-05, 'epoch': 17.61}
{'loss': 1.4293, 'grad_norm': 0.19692577421665192, 'learning_rate': 4.586661274559364e-05, 'epoch': 17.62}
{'loss': 1.4298, 'grad_norm': 0.19349068403244019, 'learning_rate': 4.584976241027197e-05, 'epoch': 17.62}
{'loss': 1.4298, 'grad_norm': 0.15482355654239655, 'learning_rate': 4.58329120749503e-05, 'epoch': 17.63}
{'loss': 1.4294, 'grad_norm': 0.09898979216814041, 'learning_rate': 4.581606173962862e-05, 'epoch': 17.63}
{'loss': 1.4297, 'grad_norm': 0.2598125636577606, 'learning_rate': 4.579921140430695e-05, 'epoch': 17.63}
{'loss': 1.4299, 'grad_norm': 0.2052205353975296, 'learning_rate': 4.5782361068985274e-05, 'epoch': 17.64}
{'loss': 1.4291, 'grad_norm': 0.14064817130565643, 'learning_rate': 4.57655107336636e-05, 'epoch': 17.64}
{'loss': 1.4294, 'grad_norm': 0.146623894572258, 'learning_rate': 4.574866039834193e-05, 'epoch': 17.65}
{'loss': 1.4284, 'grad_norm': 0.0986674353480339, 'learning_rate': 4.5731810063020256e-05, 'epoch': 17.65}
{'loss': 1.4287, 'grad_norm': 0.10379759222269058, 'learning_rate': 4.571495972769858e-05, 'epoch': 17.66}
{'loss': 1.4296, 'grad_norm': 0.3917543888092041, 'learning_rate': 4.5698109392376907e-05, 'epoch': 17.66}
{'loss': 1.4288, 'grad_norm': 0.14314524829387665, 'learning_rate': 4.568125905705524e-05, 'epoch': 17.67}
{'loss': 1.4287, 'grad_norm': 0.12654967606067657, 'learning_rate': 4.5664408721733564e-05, 'epoch': 17.67}
{'loss': 1.4287, 'grad_norm': 0.11887593567371368, 'learning_rate': 4.5647558386411895e-05, 'epoch': 17.68}
{'loss': 1.4288, 'grad_norm': 0.09079611301422119, 'learning_rate': 4.563070805109022e-05, 'epoch': 17.68}
{'loss': 1.4319, 'grad_norm': 0.28252774477005005, 'learning_rate': 4.5613857715768546e-05, 'epoch': 17.68}
{'loss': 1.4287, 'grad_norm': 0.11035850644111633, 'learning_rate': 4.559700738044687e-05, 'epoch': 17.69}
{'loss': 1.4302, 'grad_norm': 0.23645132780075073, 'learning_rate': 4.5580157045125196e-05, 'epoch': 17.69}
{'loss': 1.429, 'grad_norm': 0.175524041056633, 'learning_rate': 4.556330670980353e-05, 'epoch': 17.7}
{'loss': 1.4303, 'grad_norm': 0.1746896505355835, 'learning_rate': 4.554645637448185e-05, 'epoch': 17.7}
{'loss': 1.4296, 'grad_norm': 0.24227166175842285, 'learning_rate': 4.5529606039160185e-05, 'epoch': 17.71}
{'loss': 1.4289, 'grad_norm': 0.12449042499065399, 'learning_rate': 4.551275570383851e-05, 'epoch': 17.71}
{'loss': 1.4295, 'grad_norm': 0.13375984132289886, 'learning_rate': 4.5495905368516835e-05, 'epoch': 17.72}
{'loss': 1.4291, 'grad_norm': 0.10498140007257462, 'learning_rate': 4.547905503319516e-05, 'epoch': 17.72}
{'loss': 1.4299, 'grad_norm': 0.31189441680908203, 'learning_rate': 4.546220469787349e-05, 'epoch': 17.73}
{'loss': 1.4301, 'grad_norm': 0.12235214561223984, 'learning_rate': 4.544535436255182e-05, 'epoch': 17.73}
{'loss': 1.4309, 'grad_norm': 0.14151506125926971, 'learning_rate': 4.542850402723014e-05, 'epoch': 17.73}
{'loss': 1.4288, 'grad_norm': 0.1669285148382187, 'learning_rate': 4.5411653691908474e-05, 'epoch': 17.74}
{'loss': 1.4286, 'grad_norm': 0.1747542917728424, 'learning_rate': 4.53948033565868e-05, 'epoch': 17.74}
{'loss': 1.4296, 'grad_norm': 0.3304527699947357, 'learning_rate': 4.5377953021265124e-05, 'epoch': 17.75}
{'loss': 1.4293, 'grad_norm': 0.1674336940050125, 'learning_rate': 4.536110268594345e-05, 'epoch': 17.75}
{'loss': 1.4298, 'grad_norm': 0.1650155633687973, 'learning_rate': 4.534425235062178e-05, 'epoch': 17.76}
{'loss': 1.4297, 'grad_norm': 0.16850008070468903, 'learning_rate': 4.5327402015300106e-05, 'epoch': 17.76}
{'loss': 1.4295, 'grad_norm': 0.11750605702400208, 'learning_rate': 4.531055167997844e-05, 'epoch': 17.77}
{'loss': 1.4295, 'grad_norm': 0.6507256031036377, 'learning_rate': 4.529370134465676e-05, 'epoch': 17.77}
{'loss': 1.4301, 'grad_norm': 0.2510744035243988, 'learning_rate': 4.527685100933509e-05, 'epoch': 17.78}
{'loss': 1.4302, 'grad_norm': 0.13922014832496643, 'learning_rate': 4.5260000674013414e-05, 'epoch': 17.78}
{'loss': 1.43, 'grad_norm': 0.1664322167634964, 'learning_rate': 4.524315033869174e-05, 'epoch': 17.78}
{'loss': 1.4287, 'grad_norm': 0.1599739044904709, 'learning_rate': 4.522630000337007e-05, 'epoch': 17.79}
{'loss': 1.4298, 'grad_norm': 0.1327383816242218, 'learning_rate': 4.5209449668048396e-05, 'epoch': 17.79}
{'loss': 1.43, 'grad_norm': 0.15156204998493195, 'learning_rate': 4.519259933272673e-05, 'epoch': 17.8}
{'loss': 1.4292, 'grad_norm': 0.19799239933490753, 'learning_rate': 4.5175748997405046e-05, 'epoch': 17.8}
{'loss': 1.4302, 'grad_norm': 0.12214040011167526, 'learning_rate': 4.515889866208338e-05, 'epoch': 17.81}
{'loss': 1.4304, 'grad_norm': 0.15293186902999878, 'learning_rate': 4.51420483267617e-05, 'epoch': 17.81}
{'loss': 1.4305, 'grad_norm': 0.14687873423099518, 'learning_rate': 4.5125197991440035e-05, 'epoch': 17.82}
{'loss': 1.4291, 'grad_norm': 0.12823086977005005, 'learning_rate': 4.510834765611836e-05, 'epoch': 17.82}
{'loss': 1.4297, 'grad_norm': 0.2343565970659256, 'learning_rate': 4.5091497320796685e-05, 'epoch': 17.83}
{'loss': 1.4288, 'grad_norm': 0.15311314165592194, 'learning_rate': 4.507464698547501e-05, 'epoch': 17.83}
{'loss': 1.4295, 'grad_norm': 0.10955775529146194, 'learning_rate': 4.505779665015334e-05, 'epoch': 17.83}
{'loss': 1.4301, 'grad_norm': 0.4969345033168793, 'learning_rate': 4.504094631483167e-05, 'epoch': 17.84}
{'loss': 1.4294, 'grad_norm': 0.12707482278347015, 'learning_rate': 4.502409597950999e-05, 'epoch': 17.84}
{'loss': 1.4296, 'grad_norm': 0.17609040439128876, 'learning_rate': 4.5007245644188324e-05, 'epoch': 17.85}
{'loss': 1.4294, 'grad_norm': 0.29084548354148865, 'learning_rate': 4.499039530886665e-05, 'epoch': 17.85}
{'loss': 1.4289, 'grad_norm': 0.1264112889766693, 'learning_rate': 4.4973544973544974e-05, 'epoch': 17.86}
{'loss': 1.4302, 'grad_norm': 0.15266656875610352, 'learning_rate': 4.49566946382233e-05, 'epoch': 17.86}
{'loss': 1.43, 'grad_norm': 0.543081521987915, 'learning_rate': 4.493984430290163e-05, 'epoch': 17.87}
{'loss': 1.43, 'grad_norm': 0.11122186481952667, 'learning_rate': 4.4922993967579957e-05, 'epoch': 17.87}
{'loss': 1.4297, 'grad_norm': 0.20586581528186798, 'learning_rate': 4.490614363225829e-05, 'epoch': 17.88}
{'loss': 1.4305, 'grad_norm': 0.18181785941123962, 'learning_rate': 4.4889293296936614e-05, 'epoch': 17.88}
{'loss': 1.4301, 'grad_norm': 0.14776942133903503, 'learning_rate': 4.487244296161494e-05, 'epoch': 17.88}
{'loss': 1.4291, 'grad_norm': 0.1613134741783142, 'learning_rate': 4.4855592626293264e-05, 'epoch': 17.89}
{'loss': 1.4288, 'grad_norm': 0.2616178095340729, 'learning_rate': 4.483874229097159e-05, 'epoch': 17.89}
{'loss': 1.4296, 'grad_norm': 0.1520695984363556, 'learning_rate': 4.482189195564992e-05, 'epoch': 17.9}
{'loss': 1.429, 'grad_norm': 0.1601305454969406, 'learning_rate': 4.4805041620328246e-05, 'epoch': 17.9}
{'loss': 1.4298, 'grad_norm': 0.14185139536857605, 'learning_rate': 4.478819128500658e-05, 'epoch': 17.91}
{'loss': 1.4289, 'grad_norm': 0.11662933975458145, 'learning_rate': 4.47713409496849e-05, 'epoch': 17.91}
{'loss': 1.4295, 'grad_norm': 0.18940477073192596, 'learning_rate': 4.475449061436323e-05, 'epoch': 17.92}
{'loss': 1.4293, 'grad_norm': 0.15132242441177368, 'learning_rate': 4.473764027904155e-05, 'epoch': 17.92}
{'loss': 1.43, 'grad_norm': 0.1334327906370163, 'learning_rate': 4.4720789943719885e-05, 'epoch': 17.93}
{'loss': 1.4292, 'grad_norm': 0.13775092363357544, 'learning_rate': 4.470393960839821e-05, 'epoch': 17.93}
{'loss': 1.4287, 'grad_norm': 0.13988333940505981, 'learning_rate': 4.4687089273076535e-05, 'epoch': 17.93}
{'loss': 1.4297, 'grad_norm': 0.12157328426837921, 'learning_rate': 4.467023893775487e-05, 'epoch': 17.94}
{'loss': 1.4287, 'grad_norm': 0.1441192924976349, 'learning_rate': 4.4653388602433185e-05, 'epoch': 17.94}
{'loss': 1.4287, 'grad_norm': 0.23314814269542694, 'learning_rate': 4.463653826711152e-05, 'epoch': 17.95}
{'loss': 1.4292, 'grad_norm': 0.3381665349006653, 'learning_rate': 4.461968793178984e-05, 'epoch': 17.95}
{'loss': 1.4288, 'grad_norm': 0.2879794239997864, 'learning_rate': 4.4602837596468174e-05, 'epoch': 17.96}
{'loss': 1.4284, 'grad_norm': 0.10625623166561127, 'learning_rate': 4.45859872611465e-05, 'epoch': 17.96}
{'loss': 1.4295, 'grad_norm': 0.10117283463478088, 'learning_rate': 4.456913692582483e-05, 'epoch': 17.97}
{'loss': 1.4301, 'grad_norm': 0.15167281031608582, 'learning_rate': 4.455228659050315e-05, 'epoch': 17.97}
{'loss': 1.4294, 'grad_norm': 0.12394378334283829, 'learning_rate': 4.453543625518148e-05, 'epoch': 17.98}
{'loss': 1.4301, 'grad_norm': 0.1723138839006424, 'learning_rate': 4.4518585919859807e-05, 'epoch': 17.98}
{'loss': 1.4295, 'grad_norm': 0.39056429266929626, 'learning_rate': 4.450173558453813e-05, 'epoch': 17.98}
{'loss': 1.4297, 'grad_norm': 0.15567097067832947, 'learning_rate': 4.4484885249216464e-05, 'epoch': 17.99}
{'loss': 1.4301, 'grad_norm': 0.1196405217051506, 'learning_rate': 4.446803491389479e-05, 'epoch': 17.99}
{'loss': 1.4292, 'grad_norm': 0.12025322765111923, 'learning_rate': 4.445118457857312e-05, 'epoch': 18.0}
{'loss': 1.4284, 'grad_norm': 0.1580449342727661, 'learning_rate': 4.443433424325144e-05, 'epoch': 18.0}
{'loss': 1.4272, 'grad_norm': 0.19152536988258362, 'learning_rate': 4.441748390792977e-05, 'epoch': 18.01}
{'loss': 1.4283, 'grad_norm': 0.10855629295110703, 'learning_rate': 4.4400633572608096e-05, 'epoch': 18.01}
{'loss': 1.4283, 'grad_norm': 0.16338427364826202, 'learning_rate': 4.438378323728643e-05, 'epoch': 18.02}
{'loss': 1.4282, 'grad_norm': 0.138094961643219, 'learning_rate': 4.436693290196475e-05, 'epoch': 18.02}
{'loss': 1.4281, 'grad_norm': 0.16186071932315826, 'learning_rate': 4.435008256664308e-05, 'epoch': 18.03}
{'loss': 1.4283, 'grad_norm': 0.2220921367406845, 'learning_rate': 4.43332322313214e-05, 'epoch': 18.03}
{'loss': 1.4286, 'grad_norm': 0.1436205506324768, 'learning_rate': 4.431638189599973e-05, 'epoch': 18.03}
{'loss': 1.4289, 'grad_norm': 0.10752599686384201, 'learning_rate': 4.429953156067806e-05, 'epoch': 18.04}
{'loss': 1.4278, 'grad_norm': 0.138513445854187, 'learning_rate': 4.4282681225356385e-05, 'epoch': 18.04}
{'loss': 1.4285, 'grad_norm': 0.12694236636161804, 'learning_rate': 4.426583089003472e-05, 'epoch': 18.05}
{'loss': 1.428, 'grad_norm': 0.08673817664384842, 'learning_rate': 4.424898055471304e-05, 'epoch': 18.05}
{'loss': 1.4278, 'grad_norm': 0.10622020810842514, 'learning_rate': 4.423213021939137e-05, 'epoch': 18.06}
{'loss': 1.4274, 'grad_norm': 0.12886318564414978, 'learning_rate': 4.421527988406969e-05, 'epoch': 18.06}
{'loss': 1.4281, 'grad_norm': 0.12335196137428284, 'learning_rate': 4.4198429548748024e-05, 'epoch': 18.07}
{'loss': 1.4286, 'grad_norm': 0.11555295437574387, 'learning_rate': 4.418157921342635e-05, 'epoch': 18.07}
{'loss': 1.4282, 'grad_norm': 0.12270469218492508, 'learning_rate': 4.4164728878104675e-05, 'epoch': 18.08}
{'loss': 1.4277, 'grad_norm': 0.18727247416973114, 'learning_rate': 4.4147878542783006e-05, 'epoch': 18.08}
{'loss': 1.4283, 'grad_norm': 0.18158048391342163, 'learning_rate': 4.4131028207461325e-05, 'epoch': 18.08}
{'loss': 1.4283, 'grad_norm': 0.2026110291481018, 'learning_rate': 4.411417787213966e-05, 'epoch': 18.09}
{'loss': 1.4279, 'grad_norm': 0.19337822496891022, 'learning_rate': 4.409732753681798e-05, 'epoch': 18.09}
{'loss': 1.4282, 'grad_norm': 0.129658505320549, 'learning_rate': 4.4080477201496314e-05, 'epoch': 18.1}
{'loss': 1.4278, 'grad_norm': 0.08753781765699387, 'learning_rate': 4.406362686617464e-05, 'epoch': 18.1}
{'loss': 1.4276, 'grad_norm': 0.11996162682771683, 'learning_rate': 4.404677653085297e-05, 'epoch': 18.11}
{'loss': 1.4281, 'grad_norm': 0.22032921016216278, 'learning_rate': 4.4029926195531296e-05, 'epoch': 18.11}
{'loss': 1.4278, 'grad_norm': 0.08969172090291977, 'learning_rate': 4.401307586020962e-05, 'epoch': 18.12}
{'loss': 1.4283, 'grad_norm': 0.2415519654750824, 'learning_rate': 4.3996225524887946e-05, 'epoch': 18.12}
{'loss': 1.429, 'grad_norm': 0.17393776774406433, 'learning_rate': 4.397937518956627e-05, 'epoch': 18.13}
{'loss': 1.429, 'grad_norm': 0.16897118091583252, 'learning_rate': 4.39625248542446e-05, 'epoch': 18.13}
{'loss': 1.4284, 'grad_norm': 0.10130559653043747, 'learning_rate': 4.394567451892293e-05, 'epoch': 18.13}
{'loss': 1.4281, 'grad_norm': 0.1225883960723877, 'learning_rate': 4.392882418360126e-05, 'epoch': 18.14}
{'loss': 1.4286, 'grad_norm': 0.18461841344833374, 'learning_rate': 4.391197384827958e-05, 'epoch': 18.14}
{'loss': 1.4288, 'grad_norm': 0.15499894320964813, 'learning_rate': 4.389512351295791e-05, 'epoch': 18.15}
{'loss': 1.4289, 'grad_norm': 0.1851891279220581, 'learning_rate': 4.3878273177636235e-05, 'epoch': 18.15}
{'loss': 1.428, 'grad_norm': 0.12920796871185303, 'learning_rate': 4.386142284231457e-05, 'epoch': 18.16}
{'loss': 1.4287, 'grad_norm': 0.15068122744560242, 'learning_rate': 4.384457250699289e-05, 'epoch': 18.16}
{'loss': 1.4278, 'grad_norm': 0.08431035280227661, 'learning_rate': 4.382772217167122e-05, 'epoch': 18.17}
{'loss': 1.4274, 'grad_norm': 0.23767982423305511, 'learning_rate': 4.381087183634954e-05, 'epoch': 18.17}
{'loss': 1.4276, 'grad_norm': 0.1259993314743042, 'learning_rate': 4.379402150102787e-05, 'epoch': 18.18}
{'loss': 1.4284, 'grad_norm': 0.16463208198547363, 'learning_rate': 4.37771711657062e-05, 'epoch': 18.18}
{'loss': 1.4279, 'grad_norm': 0.39187711477279663, 'learning_rate': 4.3760320830384525e-05, 'epoch': 18.18}
{'loss': 1.4281, 'grad_norm': 0.10512048751115799, 'learning_rate': 4.3743470495062857e-05, 'epoch': 18.19}
{'loss': 1.4276, 'grad_norm': 0.13765762746334076, 'learning_rate': 4.372662015974118e-05, 'epoch': 18.19}
{'loss': 1.4278, 'grad_norm': 0.31386953592300415, 'learning_rate': 4.370976982441951e-05, 'epoch': 18.2}
pred : ardent in the prosecution of heresy cyril auspiciously opened his reign by oppressing the novations the most innocent and harmless of the sectaries
label: ardent in the prosecution of heresy cyril auspiciously opened his reign by oppressing the novatians the most innocent and harmless of the sectaries
pred : without any legal sentence without any royal mandate the patriarch at the dawn of day led a seditious multitude to the attack of the synagogues
label: without any legal sentence without any royal mandate the patriarch at the dawn of day led a seditious multitude to the attack of the synagogues
pred : such crimes would have deserved the animadversion of the magistrate but in this promiscuous outrage the innocent were confounded with the guilty and alexandria was impoverished by the loss of a wealthy and industrious colony
label: such crimes would have deserved the animadversion of the magistrate but in this promiscuous outrage the innocent were confounded with the guilty and alexandria was impoverished by the loss of a wealthy and industrious colony
pred : ardent in the prosecution of heresy cyril auspiciously opened his reign by oppressing the novations the most innocent and harmless of the sectaries
label: ardent in the prosecution of heresy cyril auspiciously opened his reign by oppressing the novatians the most innocent and harmless of the sectaries
pred : without any legal sentence without any royal mandate the patriarch at the dawn of day led a seditious multitude to the attack of the synagogues
label: without any legal sentence without any royal mandate the patriarch at the dawn of day led a seditious multitude to the attack of the synagogues
pred : such crimes would have deserved the animadversion of the magistrate but in this promiscuous outrage the innocent were confounded with the guilty and alexandria was impoverished by the loss of a wealthy and industrious colony
label: such crimes would have deserved the animadversion of the magistrate but in this promiscuous outrage the innocent were confounded with the guilty and alexandria was impoverished by the loss of a wealthy and industrious colony
pred : ardent in the prosecution of heresy cyril auspiciously opened his reign by oppressing the novations the most innocent and harmless of the sectaries
label: ardent in the prosecution of heresy cyril auspiciously opened his reign by oppressing the novatians the most innocent and harmless of the sectaries
pred : without any legal sentence without any royal mandate the patriarch at the dawn of day led a seditious multitude to the attack of the synagogues
label: without any legal sentence without any royal mandate the patriarch at the dawn of day led a seditious multitude to the attack of the synagogues
pred : such crimes would have deserved the animadversion of the magistrate but in this promiscuous outrage the innocent were confounded with the guilty and alexandria was impoverished by the loss of a wealthy and industrious colony
label: such crimes would have deserved the animadversion of the magistrate but in this promiscuous outrage the innocent were confounded with the guilty and alexandria was impoverished by the loss of a wealthy and industrious colony
pred : ardent in the prosecution of heresy cyril auspiciously opened his reign by oppressing the novations the most innocent and harmless of the sectaries
label: ardent in the prosecution of heresy cyril auspiciously opened his reign by oppressing the novatians the most innocent and harmless of the sectaries
pred : without any legal sentence without any royal mandate the patriarch at the dawn of day led a seditious multitude to the attack of the synagogues
label: without any legal sentence without any royal mandate the patriarch at the dawn of day led a seditious multitude to the attack of the synagogues
pred : such crimes would have deserved the animadversion of the magistrate but in this promiscuous outrage the innocent were confounded with the guilty and alexandria was impoverished by the loss of a wealthy and industrious colony
label: such crimes would have deserved the animadversion of the magistrate but in this promiscuous outrage the innocent were confounded with the guilty and alexandria was impoverished by the loss of a wealthy and industrious colony
{'eval_loss': 1.5623130798339844, 'eval_bleu': 96.8603418536158, 'eval_wer': 0.017015744071061847, 'eval_cer': 0.00824085661630788, 'eval_rouge1': 0.9860060080698473, 'eval_rouge2': 0.974503099886759, 'eval_rougeL': 0.9860237749499066, 'eval_runtime': 96.2357, 'eval_samples_per_second': 57.848, 'eval_steps_per_second': 0.301, 'epoch': 18.2}
{'loss': 1.428, 'grad_norm': 0.11027853190898895, 'learning_rate': 4.369291948909783e-05, 'epoch': 18.2}
{'loss': 1.4281, 'grad_norm': 0.11771369725465775, 'learning_rate': 4.3676069153776164e-05, 'epoch': 18.21}
{'loss': 1.4277, 'grad_norm': 0.18581028282642365, 'learning_rate': 4.365921881845449e-05, 'epoch': 18.21}
{'loss': 1.428, 'grad_norm': 0.12173086404800415, 'learning_rate': 4.3642368483132814e-05, 'epoch': 18.22}
{'loss': 1.4271, 'grad_norm': 0.08616260439157486, 'learning_rate': 4.3625518147811146e-05, 'epoch': 18.22}
{'loss': 1.427, 'grad_norm': 0.12564875185489655, 'learning_rate': 4.360866781248947e-05, 'epoch': 18.23}
{'loss': 1.4276, 'grad_norm': 0.10684224218130112, 'learning_rate': 4.3591817477167796e-05, 'epoch': 18.23}
{'loss': 1.427, 'grad_norm': 0.1789451688528061, 'learning_rate': 4.357496714184612e-05, 'epoch': 18.23}
{'loss': 1.4282, 'grad_norm': 0.26220452785491943, 'learning_rate': 4.355811680652445e-05, 'epoch': 18.24}
{'loss': 1.4283, 'grad_norm': 0.13791070878505707, 'learning_rate': 4.354126647120278e-05, 'epoch': 18.24}
{'loss': 1.4282, 'grad_norm': 0.10589560866355896, 'learning_rate': 4.352441613588111e-05, 'epoch': 18.25}
{'loss': 1.4277, 'grad_norm': 0.12849169969558716, 'learning_rate': 4.3507565800559435e-05, 'epoch': 18.25}
{'loss': 1.4277, 'grad_norm': 0.11496103554964066, 'learning_rate': 4.349071546523776e-05, 'epoch': 18.26}
{'loss': 1.4272, 'grad_norm': 0.11804661899805069, 'learning_rate': 4.3473865129916085e-05, 'epoch': 18.26}
{'loss': 1.4281, 'grad_norm': 0.23394180834293365, 'learning_rate': 4.345701479459442e-05, 'epoch': 18.27}
{'loss': 1.4272, 'grad_norm': 0.1343417912721634, 'learning_rate': 4.344016445927274e-05, 'epoch': 18.27}
{'loss': 1.4282, 'grad_norm': 0.1491965651512146, 'learning_rate': 4.342331412395107e-05, 'epoch': 18.28}
{'loss': 1.4273, 'grad_norm': 0.14437301456928253, 'learning_rate': 4.34064637886294e-05, 'epoch': 18.28}
{'loss': 1.428, 'grad_norm': 0.12934815883636475, 'learning_rate': 4.338961345330772e-05, 'epoch': 18.28}
{'loss': 1.4278, 'grad_norm': 0.13536474108695984, 'learning_rate': 4.337276311798605e-05, 'epoch': 18.29}
{'loss': 1.4285, 'grad_norm': 0.14440645277500153, 'learning_rate': 4.3355912782664375e-05, 'epoch': 18.29}
{'loss': 1.4282, 'grad_norm': 0.15004566311836243, 'learning_rate': 4.333906244734271e-05, 'epoch': 18.3}
{'loss': 1.4279, 'grad_norm': 0.12175282090902328, 'learning_rate': 4.332221211202103e-05, 'epoch': 18.3}
{'loss': 1.4279, 'grad_norm': 0.40961766242980957, 'learning_rate': 4.330536177669936e-05, 'epoch': 18.31}
{'loss': 1.4272, 'grad_norm': 0.11517401784658432, 'learning_rate': 4.328851144137769e-05, 'epoch': 18.31}
{'loss': 1.4273, 'grad_norm': 0.14544200897216797, 'learning_rate': 4.3271661106056014e-05, 'epoch': 18.32}
{'loss': 1.4275, 'grad_norm': 0.09624532610177994, 'learning_rate': 4.325481077073434e-05, 'epoch': 18.32}
{'loss': 1.4277, 'grad_norm': 0.15526799857616425, 'learning_rate': 4.3237960435412664e-05, 'epoch': 18.33}
{'loss': 1.4274, 'grad_norm': 0.12955822050571442, 'learning_rate': 4.3221110100090996e-05, 'epoch': 18.33}
{'loss': 1.427, 'grad_norm': 0.1867653876543045, 'learning_rate': 4.320425976476932e-05, 'epoch': 18.33}
{'loss': 1.4274, 'grad_norm': 0.20290540158748627, 'learning_rate': 4.318740942944765e-05, 'epoch': 18.34}
{'loss': 1.4279, 'grad_norm': 0.10444185882806778, 'learning_rate': 4.317055909412597e-05, 'epoch': 18.34}
{'loss': 1.4284, 'grad_norm': 0.2075720578432083, 'learning_rate': 4.31537087588043e-05, 'epoch': 18.35}
{'loss': 1.4281, 'grad_norm': 0.17588858306407928, 'learning_rate': 4.313685842348263e-05, 'epoch': 18.35}
{'loss': 1.4285, 'grad_norm': 0.1682564616203308, 'learning_rate': 4.312000808816096e-05, 'epoch': 18.36}
{'loss': 1.4272, 'grad_norm': 0.20100711286067963, 'learning_rate': 4.3103157752839285e-05, 'epoch': 18.36}
{'loss': 1.4283, 'grad_norm': 0.15462209284305573, 'learning_rate': 4.308630741751761e-05, 'epoch': 18.37}
{'loss': 1.4272, 'grad_norm': 0.22322377562522888, 'learning_rate': 4.3069457082195936e-05, 'epoch': 18.37}
{'loss': 1.4279, 'grad_norm': 0.12010520696640015, 'learning_rate': 4.305260674687426e-05, 'epoch': 18.38}
{'loss': 1.4278, 'grad_norm': 0.1487998217344284, 'learning_rate': 4.303575641155259e-05, 'epoch': 18.38}
{'loss': 1.4288, 'grad_norm': 0.2694917917251587, 'learning_rate': 4.301890607623092e-05, 'epoch': 18.38}
{'loss': 1.4287, 'grad_norm': 0.1122363954782486, 'learning_rate': 4.300205574090925e-05, 'epoch': 18.39}
{'loss': 1.429, 'grad_norm': 0.2751816511154175, 'learning_rate': 4.2985205405587575e-05, 'epoch': 18.39}
{'loss': 1.4276, 'grad_norm': 0.1462061107158661, 'learning_rate': 4.29683550702659e-05, 'epoch': 18.4}
{'loss': 1.4271, 'grad_norm': 0.25550970435142517, 'learning_rate': 4.2951504734944225e-05, 'epoch': 18.4}
{'loss': 1.4279, 'grad_norm': 0.12217821180820465, 'learning_rate': 4.293465439962256e-05, 'epoch': 18.41}
{'loss': 1.4278, 'grad_norm': 0.151487797498703, 'learning_rate': 4.291780406430088e-05, 'epoch': 18.41}
{'loss': 1.4278, 'grad_norm': 0.1294173002243042, 'learning_rate': 4.290095372897921e-05, 'epoch': 18.42}
{'loss': 1.4278, 'grad_norm': 0.19585493206977844, 'learning_rate': 4.288410339365754e-05, 'epoch': 18.42}
{'loss': 1.429, 'grad_norm': 0.141242116689682, 'learning_rate': 4.2867253058335864e-05, 'epoch': 18.43}
{'loss': 1.4287, 'grad_norm': 0.15865203738212585, 'learning_rate': 4.285040272301419e-05, 'epoch': 18.43}
{'loss': 1.4283, 'grad_norm': 0.1733163297176361, 'learning_rate': 4.2833552387692514e-05, 'epoch': 18.43}
{'loss': 1.4272, 'grad_norm': 0.10897620022296906, 'learning_rate': 4.2816702052370846e-05, 'epoch': 18.44}
{'loss': 1.4276, 'grad_norm': 0.12555581331253052, 'learning_rate': 4.279985171704917e-05, 'epoch': 18.44}
{'loss': 1.4271, 'grad_norm': 0.1455438882112503, 'learning_rate': 4.27830013817275e-05, 'epoch': 18.45}
{'loss': 1.4278, 'grad_norm': 0.43864643573760986, 'learning_rate': 4.276615104640583e-05, 'epoch': 18.45}
{'loss': 1.4277, 'grad_norm': 0.15311352908611298, 'learning_rate': 4.274930071108415e-05, 'epoch': 18.46}
{'loss': 1.4281, 'grad_norm': 0.13750052452087402, 'learning_rate': 4.273245037576248e-05, 'epoch': 18.46}
{'loss': 1.4288, 'grad_norm': 0.22138096392154694, 'learning_rate': 4.2715600040440803e-05, 'epoch': 18.47}
{'loss': 1.428, 'grad_norm': 0.12265317887067795, 'learning_rate': 4.2698749705119135e-05, 'epoch': 18.47}
{'loss': 1.428, 'grad_norm': 0.08294267952442169, 'learning_rate': 4.268189936979746e-05, 'epoch': 18.48}
{'loss': 1.4271, 'grad_norm': 0.17381447553634644, 'learning_rate': 4.266504903447579e-05, 'epoch': 18.48}
{'loss': 1.4279, 'grad_norm': 0.12006771564483643, 'learning_rate': 4.264819869915411e-05, 'epoch': 18.48}
{'loss': 1.4285, 'grad_norm': 0.13097530603408813, 'learning_rate': 4.263134836383244e-05, 'epoch': 18.49}
{'loss': 1.4273, 'grad_norm': 0.12998570501804352, 'learning_rate': 4.261449802851077e-05, 'epoch': 18.49}
{'loss': 1.4272, 'grad_norm': 0.1235838383436203, 'learning_rate': 4.25976476931891e-05, 'epoch': 18.5}
{'loss': 1.4275, 'grad_norm': 0.12055356055498123, 'learning_rate': 4.2580797357867425e-05, 'epoch': 18.5}
{'loss': 1.427, 'grad_norm': 0.11323422193527222, 'learning_rate': 4.256394702254575e-05, 'epoch': 18.51}
{'loss': 1.4284, 'grad_norm': 0.08127440512180328, 'learning_rate': 4.2547096687224075e-05, 'epoch': 18.51}
{'loss': 1.4278, 'grad_norm': 0.10962191224098206, 'learning_rate': 4.25302463519024e-05, 'epoch': 18.52}
{'loss': 1.4278, 'grad_norm': 0.2596224248409271, 'learning_rate': 4.251339601658073e-05, 'epoch': 18.52}
{'loss': 1.4276, 'grad_norm': 0.13335543870925903, 'learning_rate': 4.249654568125906e-05, 'epoch': 18.53}
{'loss': 1.427, 'grad_norm': 0.13693319261074066, 'learning_rate': 4.247969534593739e-05, 'epoch': 18.53}
{'loss': 1.4284, 'grad_norm': 0.1375531405210495, 'learning_rate': 4.2462845010615714e-05, 'epoch': 18.54}
{'loss': 1.4275, 'grad_norm': 0.1464310586452484, 'learning_rate': 4.2445994675294046e-05, 'epoch': 18.54}
{'loss': 1.4274, 'grad_norm': 0.09357842803001404, 'learning_rate': 4.2429144339972364e-05, 'epoch': 18.54}
{'loss': 1.4272, 'grad_norm': 0.12591324746608734, 'learning_rate': 4.2412294004650696e-05, 'epoch': 18.55}
{'loss': 1.427, 'grad_norm': 0.08758047968149185, 'learning_rate': 4.239544366932902e-05, 'epoch': 18.55}
{'loss': 1.4272, 'grad_norm': 0.3242345452308655, 'learning_rate': 4.2378593334007346e-05, 'epoch': 18.56}
{'loss': 1.4275, 'grad_norm': 0.12760360538959503, 'learning_rate': 4.236174299868568e-05, 'epoch': 18.56}
{'loss': 1.4279, 'grad_norm': 0.09827237576246262, 'learning_rate': 4.2344892663364e-05, 'epoch': 18.57}
{'loss': 1.4287, 'grad_norm': 0.15393702685832977, 'learning_rate': 4.232804232804233e-05, 'epoch': 18.57}
{'loss': 1.4275, 'grad_norm': 0.13298355042934418, 'learning_rate': 4.2311191992720654e-05, 'epoch': 18.58}
{'loss': 1.4279, 'grad_norm': 0.25216662883758545, 'learning_rate': 4.2294341657398985e-05, 'epoch': 18.58}
{'loss': 1.4278, 'grad_norm': 0.1619129180908203, 'learning_rate': 4.227749132207731e-05, 'epoch': 18.59}
{'loss': 1.4278, 'grad_norm': 0.11114528775215149, 'learning_rate': 4.226064098675564e-05, 'epoch': 18.59}
{'loss': 1.4278, 'grad_norm': 0.28291335701942444, 'learning_rate': 4.224379065143397e-05, 'epoch': 18.59}
{'loss': 1.4279, 'grad_norm': 0.09530193358659744, 'learning_rate': 4.222694031611229e-05, 'epoch': 18.6}
{'loss': 1.4273, 'grad_norm': 0.07837510854005814, 'learning_rate': 4.221008998079062e-05, 'epoch': 18.6}
{'loss': 1.4277, 'grad_norm': 0.12810975313186646, 'learning_rate': 4.219323964546894e-05, 'epoch': 18.61}
{'loss': 1.4277, 'grad_norm': 0.14870041608810425, 'learning_rate': 4.2176389310147275e-05, 'epoch': 18.61}
{'loss': 1.4276, 'grad_norm': 0.14291369915008545, 'learning_rate': 4.21595389748256e-05, 'epoch': 18.62}
{'loss': 1.4284, 'grad_norm': 0.14501681923866272, 'learning_rate': 4.214268863950393e-05, 'epoch': 18.62}
{'loss': 1.4283, 'grad_norm': 0.21683844923973083, 'learning_rate': 4.212583830418226e-05, 'epoch': 18.63}
{'loss': 1.4271, 'grad_norm': 0.07832034677267075, 'learning_rate': 4.210898796886058e-05, 'epoch': 18.63}
{'loss': 1.4279, 'grad_norm': 0.13589240610599518, 'learning_rate': 4.209213763353891e-05, 'epoch': 18.64}
{'loss': 1.4279, 'grad_norm': 0.1382337063550949, 'learning_rate': 4.207528729821724e-05, 'epoch': 18.64}
{'loss': 1.4274, 'grad_norm': 0.13150876760482788, 'learning_rate': 4.2058436962895564e-05, 'epoch': 18.64}
{'loss': 1.4284, 'grad_norm': 0.12126825004816055, 'learning_rate': 4.204158662757389e-05, 'epoch': 18.65}
{'loss': 1.4271, 'grad_norm': 0.22380030155181885, 'learning_rate': 4.202473629225222e-05, 'epoch': 18.65}
{'loss': 1.4274, 'grad_norm': 0.17567890882492065, 'learning_rate': 4.200788595693054e-05, 'epoch': 18.66}
{'loss': 1.4281, 'grad_norm': 0.235132098197937, 'learning_rate': 4.199103562160887e-05, 'epoch': 18.66}
{'loss': 1.4268, 'grad_norm': 0.14701810479164124, 'learning_rate': 4.1974185286287196e-05, 'epoch': 18.67}
{'loss': 1.4279, 'grad_norm': 0.18049751222133636, 'learning_rate': 4.195733495096553e-05, 'epoch': 18.67}
{'loss': 1.4282, 'grad_norm': 0.18390899896621704, 'learning_rate': 4.1940484615643853e-05, 'epoch': 18.68}
{'loss': 1.4277, 'grad_norm': 0.8134866952896118, 'learning_rate': 4.1923634280322185e-05, 'epoch': 18.68}
{'loss': 1.4277, 'grad_norm': 0.16280533373355865, 'learning_rate': 4.1906783945000504e-05, 'epoch': 18.69}
{'loss': 1.4282, 'grad_norm': 0.09765058010816574, 'learning_rate': 4.1889933609678836e-05, 'epoch': 18.69}
{'loss': 1.4274, 'grad_norm': 0.16520468890666962, 'learning_rate': 4.187308327435716e-05, 'epoch': 18.69}
{'loss': 1.4295, 'grad_norm': 0.5036930441856384, 'learning_rate': 4.1856232939035486e-05, 'epoch': 18.7}
{'loss': 1.4282, 'grad_norm': 0.1865883320569992, 'learning_rate': 4.183938260371382e-05, 'epoch': 18.7}
{'loss': 1.4276, 'grad_norm': 0.23175792396068573, 'learning_rate': 4.182253226839214e-05, 'epoch': 18.71}
{'loss': 1.4283, 'grad_norm': 0.10252035409212112, 'learning_rate': 4.180568193307047e-05, 'epoch': 18.71}
{'loss': 1.4285, 'grad_norm': 0.13621371984481812, 'learning_rate': 4.178883159774879e-05, 'epoch': 18.72}
{'loss': 1.4291, 'grad_norm': 0.3875102400779724, 'learning_rate': 4.1771981262427125e-05, 'epoch': 18.72}
{'loss': 1.4279, 'grad_norm': 0.1506684422492981, 'learning_rate': 4.175513092710545e-05, 'epoch': 18.73}
{'loss': 1.4289, 'grad_norm': 0.8450085520744324, 'learning_rate': 4.173828059178378e-05, 'epoch': 18.73}
{'loss': 1.4286, 'grad_norm': 0.11331609636545181, 'learning_rate': 4.172143025646211e-05, 'epoch': 18.74}
{'loss': 1.4282, 'grad_norm': 0.16316357254981995, 'learning_rate': 4.170457992114043e-05, 'epoch': 18.74}
{'loss': 1.4284, 'grad_norm': 0.3763318657875061, 'learning_rate': 4.168772958581876e-05, 'epoch': 18.74}
{'loss': 1.4284, 'grad_norm': 0.14869776368141174, 'learning_rate': 4.167087925049709e-05, 'epoch': 18.75}
{'loss': 1.4276, 'grad_norm': 0.20096233487129211, 'learning_rate': 4.1654028915175414e-05, 'epoch': 18.75}
{'loss': 1.4278, 'grad_norm': 0.09653743356466293, 'learning_rate': 4.163717857985374e-05, 'epoch': 18.76}
{'loss': 1.4278, 'grad_norm': 0.14798098802566528, 'learning_rate': 4.162032824453207e-05, 'epoch': 18.76}
{'loss': 1.4281, 'grad_norm': 0.131392702460289, 'learning_rate': 4.1603477909210396e-05, 'epoch': 18.77}
{'loss': 1.4269, 'grad_norm': 0.11804268509149551, 'learning_rate': 4.158662757388872e-05, 'epoch': 18.77}
{'loss': 1.4278, 'grad_norm': 0.12126009911298752, 'learning_rate': 4.1569777238567047e-05, 'epoch': 18.78}
{'loss': 1.4269, 'grad_norm': 0.08705349266529083, 'learning_rate': 4.155292690324538e-05, 'epoch': 18.78}
{'loss': 1.4286, 'grad_norm': 0.09731999039649963, 'learning_rate': 4.1536076567923704e-05, 'epoch': 18.79}
{'loss': 1.4283, 'grad_norm': 0.12958599627017975, 'learning_rate': 4.1519226232602035e-05, 'epoch': 18.79}
{'loss': 1.4278, 'grad_norm': 1.0185227394104004, 'learning_rate': 4.150237589728036e-05, 'epoch': 18.79}
{'loss': 1.4274, 'grad_norm': 0.16513127088546753, 'learning_rate': 4.1485525561958686e-05, 'epoch': 18.8}
{'loss': 1.4278, 'grad_norm': 0.13381405174732208, 'learning_rate': 4.146867522663701e-05, 'epoch': 18.8}
{'loss': 1.4274, 'grad_norm': 0.13643865287303925, 'learning_rate': 4.1451824891315336e-05, 'epoch': 18.81}
{'loss': 1.4276, 'grad_norm': 0.14466695487499237, 'learning_rate': 4.143497455599367e-05, 'epoch': 18.81}
{'loss': 1.4287, 'grad_norm': 0.19227217137813568, 'learning_rate': 4.141812422067199e-05, 'epoch': 18.82}
{'loss': 1.4279, 'grad_norm': 0.22940053045749664, 'learning_rate': 4.1401273885350325e-05, 'epoch': 18.82}
{'loss': 1.4279, 'grad_norm': 0.17139862477779388, 'learning_rate': 4.138442355002864e-05, 'epoch': 18.83}
{'loss': 1.4275, 'grad_norm': 0.15974052250385284, 'learning_rate': 4.1367573214706975e-05, 'epoch': 18.83}
{'loss': 1.4273, 'grad_norm': 0.21402284502983093, 'learning_rate': 4.13507228793853e-05, 'epoch': 18.84}
{'loss': 1.4278, 'grad_norm': 0.1092308908700943, 'learning_rate': 4.133387254406363e-05, 'epoch': 18.84}
{'loss': 1.4277, 'grad_norm': 0.23073777556419373, 'learning_rate': 4.131702220874196e-05, 'epoch': 18.84}
{'loss': 1.4267, 'grad_norm': 0.11612178385257721, 'learning_rate': 4.130017187342028e-05, 'epoch': 18.85}
{'loss': 1.4275, 'grad_norm': 0.18787941336631775, 'learning_rate': 4.1283321538098614e-05, 'epoch': 18.85}
{'loss': 1.4277, 'grad_norm': 0.347865492105484, 'learning_rate': 4.126647120277693e-05, 'epoch': 18.86}
{'loss': 1.4274, 'grad_norm': 0.12616102397441864, 'learning_rate': 4.1249620867455264e-05, 'epoch': 18.86}
{'loss': 1.4279, 'grad_norm': 0.12766295671463013, 'learning_rate': 4.123277053213359e-05, 'epoch': 18.87}
{'loss': 1.4275, 'grad_norm': 0.18678243458271027, 'learning_rate': 4.121592019681192e-05, 'epoch': 18.87}
{'loss': 1.4282, 'grad_norm': 0.10360059887170792, 'learning_rate': 4.1199069861490246e-05, 'epoch': 18.88}
{'loss': 1.4275, 'grad_norm': 0.14269325137138367, 'learning_rate': 4.118221952616858e-05, 'epoch': 18.88}
{'loss': 1.4276, 'grad_norm': 0.10294395685195923, 'learning_rate': 4.1165369190846897e-05, 'epoch': 18.89}
{'loss': 1.4278, 'grad_norm': 0.2012956738471985, 'learning_rate': 4.114851885552523e-05, 'epoch': 18.89}
{'loss': 1.4281, 'grad_norm': 0.1255701184272766, 'learning_rate': 4.1131668520203554e-05, 'epoch': 18.89}
{'loss': 1.4279, 'grad_norm': 0.2204904407262802, 'learning_rate': 4.111481818488188e-05, 'epoch': 18.9}
{'loss': 1.4281, 'grad_norm': 0.35223856568336487, 'learning_rate': 4.109796784956021e-05, 'epoch': 18.9}
{'loss': 1.4278, 'grad_norm': 0.2230256199836731, 'learning_rate': 4.1081117514238536e-05, 'epoch': 18.91}
{'loss': 1.4279, 'grad_norm': 0.13426832854747772, 'learning_rate': 4.106426717891686e-05, 'epoch': 18.91}
{'loss': 1.4271, 'grad_norm': 0.144142746925354, 'learning_rate': 4.1047416843595186e-05, 'epoch': 18.92}
{'loss': 1.4278, 'grad_norm': 0.6281668543815613, 'learning_rate': 4.103056650827352e-05, 'epoch': 18.92}
{'loss': 1.4274, 'grad_norm': 0.2914317548274994, 'learning_rate': 4.101371617295184e-05, 'epoch': 18.93}
{'loss': 1.4274, 'grad_norm': 0.21272219717502594, 'learning_rate': 4.0996865837630175e-05, 'epoch': 18.93}
{'loss': 1.4274, 'grad_norm': 0.10824701189994812, 'learning_rate': 4.09800155023085e-05, 'epoch': 18.94}
{'loss': 1.4273, 'grad_norm': 0.14541609585285187, 'learning_rate': 4.0963165166986825e-05, 'epoch': 18.94}
{'loss': 1.4276, 'grad_norm': 0.1693326234817505, 'learning_rate': 4.094631483166515e-05, 'epoch': 18.94}
{'loss': 1.4277, 'grad_norm': 0.12547872960567474, 'learning_rate': 4.0929464496343475e-05, 'epoch': 18.95}
{'loss': 1.4279, 'grad_norm': 0.11262811720371246, 'learning_rate': 4.091261416102181e-05, 'epoch': 18.95}
{'loss': 1.4281, 'grad_norm': 0.1346491575241089, 'learning_rate': 4.089576382570013e-05, 'epoch': 18.96}
{'loss': 1.4277, 'grad_norm': 0.12822601199150085, 'learning_rate': 4.0878913490378464e-05, 'epoch': 18.96}
{'loss': 1.4281, 'grad_norm': 0.11329196393489838, 'learning_rate': 4.086206315505679e-05, 'epoch': 18.97}
{'loss': 1.4274, 'grad_norm': 0.1427736133337021, 'learning_rate': 4.0845212819735114e-05, 'epoch': 18.97}
{'loss': 1.4283, 'grad_norm': 0.14765816926956177, 'learning_rate': 4.082836248441344e-05, 'epoch': 18.98}
{'loss': 1.4274, 'grad_norm': 0.10034439712762833, 'learning_rate': 4.081151214909177e-05, 'epoch': 18.98}
{'loss': 1.4273, 'grad_norm': 0.24329590797424316, 'learning_rate': 4.0794661813770096e-05, 'epoch': 18.99}
{'loss': 1.4279, 'grad_norm': 0.1683681160211563, 'learning_rate': 4.077781147844842e-05, 'epoch': 18.99}
{'loss': 1.427, 'grad_norm': 0.17620868980884552, 'learning_rate': 4.0760961143126753e-05, 'epoch': 18.99}
{'loss': 1.4273, 'grad_norm': 0.1618707776069641, 'learning_rate': 4.074411080780507e-05, 'epoch': 19.0}
{'loss': 1.427, 'grad_norm': 0.11790814995765686, 'learning_rate': 4.0727260472483404e-05, 'epoch': 19.0}
{'loss': 1.4261, 'grad_norm': 0.08575046807527542, 'learning_rate': 4.071041013716173e-05, 'epoch': 19.01}
{'loss': 1.4266, 'grad_norm': 0.2571132481098175, 'learning_rate': 4.069355980184006e-05, 'epoch': 19.01}
{'loss': 1.4262, 'grad_norm': 0.08748036623001099, 'learning_rate': 4.0676709466518386e-05, 'epoch': 19.02}
{'loss': 1.4277, 'grad_norm': 0.09137578308582306, 'learning_rate': 4.065985913119672e-05, 'epoch': 19.02}
{'loss': 1.4271, 'grad_norm': 0.12552250921726227, 'learning_rate': 4.0643008795875036e-05, 'epoch': 19.03}
{'loss': 1.4261, 'grad_norm': 0.17847241461277008, 'learning_rate': 4.062615846055337e-05, 'epoch': 19.03}
{'loss': 1.4265, 'grad_norm': 0.11256518959999084, 'learning_rate': 4.060930812523169e-05, 'epoch': 19.04}
{'loss': 1.4266, 'grad_norm': 0.08249091356992722, 'learning_rate': 4.059245778991002e-05, 'epoch': 19.04}
{'loss': 1.4271, 'grad_norm': 0.12424244731664658, 'learning_rate': 4.057560745458835e-05, 'epoch': 19.04}
{'loss': 1.4264, 'grad_norm': 0.08867824077606201, 'learning_rate': 4.0558757119266675e-05, 'epoch': 19.05}
{'loss': 1.4266, 'grad_norm': 0.10525760054588318, 'learning_rate': 4.054190678394501e-05, 'epoch': 19.05}
{'loss': 1.4265, 'grad_norm': 0.11554493755102158, 'learning_rate': 4.0525056448623325e-05, 'epoch': 19.06}
{'loss': 1.4274, 'grad_norm': 0.11317161470651627, 'learning_rate': 4.050820611330166e-05, 'epoch': 19.06}
{'loss': 1.4258, 'grad_norm': 0.2506070137023926, 'learning_rate': 4.049135577797998e-05, 'epoch': 19.07}
{'loss': 1.4249, 'grad_norm': 0.16692392528057098, 'learning_rate': 4.0474505442658314e-05, 'epoch': 19.07}
{'loss': 1.4265, 'grad_norm': 0.15688489377498627, 'learning_rate': 4.045765510733664e-05, 'epoch': 19.08}
{'loss': 1.4261, 'grad_norm': 0.09106142073869705, 'learning_rate': 4.0440804772014964e-05, 'epoch': 19.08}
{'loss': 1.4269, 'grad_norm': 0.15857183933258057, 'learning_rate': 4.042395443669329e-05, 'epoch': 19.09}
{'loss': 1.4265, 'grad_norm': 0.08761042356491089, 'learning_rate': 4.0407104101371615e-05, 'epoch': 19.09}
{'loss': 1.4266, 'grad_norm': 0.13395458459854126, 'learning_rate': 4.0390253766049947e-05, 'epoch': 19.09}
{'loss': 1.4261, 'grad_norm': 0.09775076806545258, 'learning_rate': 4.037340343072827e-05, 'epoch': 19.1}
{'loss': 1.4262, 'grad_norm': 0.1805368810892105, 'learning_rate': 4.0356553095406604e-05, 'epoch': 19.1}
{'loss': 1.4259, 'grad_norm': 0.08554886281490326, 'learning_rate': 4.033970276008493e-05, 'epoch': 19.11}
pred : ardent in the prosecution of heresy cyril auspiciously opened his reign by oppressing the novations the most innocent and harmless of the sectaries
label: ardent in the prosecution of heresy cyril auspiciously opened his reign by oppressing the novatians the most innocent and harmless of the sectaries
pred : without any legal sentence without any royal mandate the patriarch at the dawn of day led a seditious multitude to the attack of the synagogues
label: without any legal sentence without any royal mandate the patriarch at the dawn of day led a seditious multitude to the attack of the synagogues
pred : such crimes would have deserved the animadversion of the magistrate but in this promiscuous outrage the innocent were confounded with the guilty and alexandria was impoverished by the loss of a wealthy and industrious colony
label: such crimes would have deserved the animadversion of the magistrate but in this promiscuous outrage the innocent were confounded with the guilty and alexandria was impoverished by the loss of a wealthy and industrious colony
pred : ardent in the prosecution of heresy cyril auspiciously opened his reign by oppressing the novations the most innocent and harmless of the sectaries
label: ardent in the prosecution of heresy cyril auspiciously opened his reign by oppressing the novatians the most innocent and harmless of the sectaries
pred : without any legal sentence without any royal mandate the patriarch at the dawn of day led a seditious multitude to the attack of the synagogues
label: without any legal sentence without any royal mandate the patriarch at the dawn of day led a seditious multitude to the attack of the synagogues
pred : such crimes would have deserved the animadversion of the magistrate but in this promiscuous outrage the innocent were confounded with the guilty and alexandria was impoverished by the loss of a wealthy and industrious colony
label: such crimes would have deserved the animadversion of the magistrate but in this promiscuous outrage the innocent were confounded with the guilty and alexandria was impoverished by the loss of a wealthy and industrious colony
pred : ardent in the prosecution of heresy cyril auspiciously opened his reign by oppressing the novations the most innocent and harmless of the sectaries
label: ardent in the prosecution of heresy cyril auspiciously opened his reign by oppressing the novatians the most innocent and harmless of the sectaries
pred : without any legal sentence without any royal mandate the patriarch at the dawn of day led a seditious multitude to the attack of the synagogues
label: without any legal sentence without any royal mandate the patriarch at the dawn of day led a seditious multitude to the attack of the synagogues
pred : such crimes would have deserved the animadversion of the magistrate but in this promiscuous outrage the innocent were confounded with the guilty and alexandria was impoverished by the loss of a wealthy and industrious colony
label: such crimes would have deserved the animadversion of the magistrate but in this promiscuous outrage the innocent were confounded with the guilty and alexandria was impoverished by the loss of a wealthy and industrious colony
pred : ardent in the prosecution of heresy cyril auspiciously opened his reign by oppressing the novations the most innocent and harmless of the sectaries
label: ardent in the prosecution of heresy cyril auspiciously opened his reign by oppressing the novatians the most innocent and harmless of the sectaries
pred : without any legal sentence without any royal mandate the patriarch at the dawn of day led a seditious multitude to the attack of the synagogues
label: without any legal sentence without any royal mandate the patriarch at the dawn of day led a seditious multitude to the attack of the synagogues
pred : such crimes would have deserved the animadversion of the magistrate but in this promiscuous outrage the innocent were confounded with the guilty and alexandria was impoverished by the loss of a wealthy and industrious colony
label: such crimes would have deserved the animadversion of the magistrate but in this promiscuous outrage the innocent were confounded with the guilty and alexandria was impoverished by the loss of a wealthy and industrious colony
{'eval_loss': 1.5887963771820068, 'eval_bleu': 96.80416581291556, 'eval_wer': 0.017186565818568325, 'eval_cer': 0.008314789903237557, 'eval_rouge1': 0.9856207083289585, 'eval_rouge2': 0.9737323593005704, 'eval_rougeL': 0.9855889697671137, 'eval_runtime': 96.3303, 'eval_samples_per_second': 57.791, 'eval_steps_per_second': 0.301, 'epoch': 19.11}
{'loss': 1.4261, 'grad_norm': 0.11279352754354477, 'learning_rate': 4.0322852424763254e-05, 'epoch': 19.11}
{'loss': 1.4266, 'grad_norm': 0.1910887509584427, 'learning_rate': 4.030600208944158e-05, 'epoch': 19.12}
{'loss': 1.4262, 'grad_norm': 0.09620693325996399, 'learning_rate': 4.028915175411991e-05, 'epoch': 19.12}
{'loss': 1.4257, 'grad_norm': 0.09991325438022614, 'learning_rate': 4.0272301418798236e-05, 'epoch': 19.13}
{'loss': 1.4263, 'grad_norm': 0.1306993067264557, 'learning_rate': 4.025545108347656e-05, 'epoch': 19.13}
{'loss': 1.426, 'grad_norm': 0.12200314551591873, 'learning_rate': 4.023860074815489e-05, 'epoch': 19.14}
{'loss': 1.4263, 'grad_norm': 0.12147877365350723, 'learning_rate': 4.022175041283321e-05, 'epoch': 19.14}
{'loss': 1.4265, 'grad_norm': 0.0960414931178093, 'learning_rate': 4.020490007751154e-05, 'epoch': 19.14}
{'loss': 1.4257, 'grad_norm': 0.14055880904197693, 'learning_rate': 4.018804974218987e-05, 'epoch': 19.15}
{'loss': 1.4262, 'grad_norm': 0.1967942863702774, 'learning_rate': 4.01711994068682e-05, 'epoch': 19.15}
{'loss': 1.4262, 'grad_norm': 0.24273429811000824, 'learning_rate': 4.0154349071546525e-05, 'epoch': 19.16}
{'loss': 1.4262, 'grad_norm': 0.095118448138237, 'learning_rate': 4.013749873622486e-05, 'epoch': 19.16}
{'loss': 1.4253, 'grad_norm': 0.17923712730407715, 'learning_rate': 4.012064840090318e-05, 'epoch': 19.17}
{'loss': 1.4263, 'grad_norm': 0.19575515389442444, 'learning_rate': 4.010379806558151e-05, 'epoch': 19.17}
{'loss': 1.426, 'grad_norm': 0.15458479523658752, 'learning_rate': 4.008694773025983e-05, 'epoch': 19.18}
{'loss': 1.426, 'grad_norm': 0.13271841406822205, 'learning_rate': 4.007009739493816e-05, 'epoch': 19.18}
{'loss': 1.4266, 'grad_norm': 0.24824410676956177, 'learning_rate': 4.005324705961649e-05, 'epoch': 19.19}
{'loss': 1.4263, 'grad_norm': 0.5719296932220459, 'learning_rate': 4.0036396724294815e-05, 'epoch': 19.19}
{'loss': 1.4264, 'grad_norm': 0.12264881283044815, 'learning_rate': 4.0019546388973146e-05, 'epoch': 19.19}
{'loss': 1.4266, 'grad_norm': 0.1050243228673935, 'learning_rate': 4.0002696053651465e-05, 'epoch': 19.2}
{'loss': 1.4261, 'grad_norm': 0.18763367831707, 'learning_rate': 3.99858457183298e-05, 'epoch': 19.2}
{'loss': 1.4266, 'grad_norm': 0.14626257121562958, 'learning_rate': 3.996899538300812e-05, 'epoch': 19.21}
{'loss': 1.4264, 'grad_norm': 0.12231102585792542, 'learning_rate': 3.9952145047686454e-05, 'epoch': 19.21}
{'loss': 1.4256, 'grad_norm': 0.18076924979686737, 'learning_rate': 3.993529471236478e-05, 'epoch': 19.22}
{'loss': 1.4264, 'grad_norm': 0.10972513258457184, 'learning_rate': 3.9918444377043104e-05, 'epoch': 19.22}
{'loss': 1.4269, 'grad_norm': 0.10556015372276306, 'learning_rate': 3.990159404172143e-05, 'epoch': 19.23}
{'loss': 1.4271, 'grad_norm': 0.11213511973619461, 'learning_rate': 3.988474370639976e-05, 'epoch': 19.23}
{'loss': 1.4259, 'grad_norm': 0.12944193184375763, 'learning_rate': 3.9867893371078086e-05, 'epoch': 19.24}
{'loss': 1.4261, 'grad_norm': 0.1257343888282776, 'learning_rate': 3.985104303575641e-05, 'epoch': 19.24}
{'loss': 1.4264, 'grad_norm': 0.2550825774669647, 'learning_rate': 3.983419270043474e-05, 'epoch': 19.24}
{'loss': 1.4265, 'grad_norm': 0.17831672728061676, 'learning_rate': 3.981734236511307e-05, 'epoch': 19.25}
{'loss': 1.4264, 'grad_norm': 0.09814749658107758, 'learning_rate': 3.98004920297914e-05, 'epoch': 19.25}
{'loss': 1.4255, 'grad_norm': 0.17013628780841827, 'learning_rate': 3.978364169446972e-05, 'epoch': 19.26}
{'loss': 1.4261, 'grad_norm': 0.11937015503644943, 'learning_rate': 3.976679135914805e-05, 'epoch': 19.26}
{'loss': 1.4263, 'grad_norm': 0.10087031126022339, 'learning_rate': 3.9749941023826375e-05, 'epoch': 19.27}
{'loss': 1.4264, 'grad_norm': 0.14624391496181488, 'learning_rate': 3.973309068850471e-05, 'epoch': 19.27}
{'loss': 1.4257, 'grad_norm': 0.11412641406059265, 'learning_rate': 3.971624035318303e-05, 'epoch': 19.28}
{'loss': 1.4259, 'grad_norm': 0.170848086476326, 'learning_rate': 3.969939001786136e-05, 'epoch': 19.28}
{'loss': 1.426, 'grad_norm': 0.2577155828475952, 'learning_rate': 3.968253968253968e-05, 'epoch': 19.29}
{'loss': 1.4267, 'grad_norm': 0.11985266208648682, 'learning_rate': 3.966568934721801e-05, 'epoch': 19.29}
{'loss': 1.4255, 'grad_norm': 0.07901948690414429, 'learning_rate': 3.964883901189634e-05, 'epoch': 19.29}
{'loss': 1.426, 'grad_norm': 0.5908045768737793, 'learning_rate': 3.9631988676574665e-05, 'epoch': 19.3}
{'loss': 1.4261, 'grad_norm': 0.3047780394554138, 'learning_rate': 3.9615138341252996e-05, 'epoch': 19.3}
{'loss': 1.4257, 'grad_norm': 0.11823438853025436, 'learning_rate': 3.959828800593132e-05, 'epoch': 19.31}
{'loss': 1.4263, 'grad_norm': 0.09651481360197067, 'learning_rate': 3.958143767060965e-05, 'epoch': 19.31}
{'loss': 1.4264, 'grad_norm': 0.21812927722930908, 'learning_rate': 3.956458733528797e-05, 'epoch': 19.32}
{'loss': 1.426, 'grad_norm': 0.08221633732318878, 'learning_rate': 3.9547736999966304e-05, 'epoch': 19.32}
{'loss': 1.4263, 'grad_norm': 0.08721448481082916, 'learning_rate': 3.953088666464463e-05, 'epoch': 19.33}
{'loss': 1.4267, 'grad_norm': 0.17395295202732086, 'learning_rate': 3.9514036329322954e-05, 'epoch': 19.33}
{'loss': 1.4261, 'grad_norm': 0.1508234739303589, 'learning_rate': 3.9497185994001286e-05, 'epoch': 19.34}
{'loss': 1.4266, 'grad_norm': 0.19185204803943634, 'learning_rate': 3.9480335658679604e-05, 'epoch': 19.34}
{'loss': 1.4259, 'grad_norm': 0.17906390130519867, 'learning_rate': 3.9463485323357936e-05, 'epoch': 19.34}
{'loss': 1.4268, 'grad_norm': 0.1740717738866806, 'learning_rate': 3.944663498803626e-05, 'epoch': 19.35}
{'loss': 1.4264, 'grad_norm': 0.09359324723482132, 'learning_rate': 3.942978465271459e-05, 'epoch': 19.35}
{'loss': 1.4268, 'grad_norm': 0.1078675240278244, 'learning_rate': 3.941293431739292e-05, 'epoch': 19.36}
{'loss': 1.4255, 'grad_norm': 0.12401525676250458, 'learning_rate': 3.939608398207125e-05, 'epoch': 19.36}
{'loss': 1.4259, 'grad_norm': 0.14725689589977264, 'learning_rate': 3.9379233646749575e-05, 'epoch': 19.37}
{'loss': 1.426, 'grad_norm': 0.12757886946201324, 'learning_rate': 3.93623833114279e-05, 'epoch': 19.37}
{'loss': 1.4263, 'grad_norm': 0.1561286896467209, 'learning_rate': 3.9345532976106225e-05, 'epoch': 19.38}
{'loss': 1.4259, 'grad_norm': 0.11308102309703827, 'learning_rate': 3.932868264078455e-05, 'epoch': 19.38}
{'loss': 1.4266, 'grad_norm': 0.5121952891349792, 'learning_rate': 3.931183230546288e-05, 'epoch': 19.39}
{'loss': 1.4264, 'grad_norm': 0.13287411630153656, 'learning_rate': 3.929498197014121e-05, 'epoch': 19.39}
{'loss': 1.426, 'grad_norm': 0.09843341261148453, 'learning_rate': 3.927813163481954e-05, 'epoch': 19.39}
{'loss': 1.426, 'grad_norm': 0.09879545867443085, 'learning_rate': 3.926128129949786e-05, 'epoch': 19.4}
{'loss': 1.427, 'grad_norm': 0.1810077428817749, 'learning_rate': 3.924443096417619e-05, 'epoch': 19.4}
{'loss': 1.4262, 'grad_norm': 0.09102264791727066, 'learning_rate': 3.9227580628854515e-05, 'epoch': 19.41}
{'loss': 1.4279, 'grad_norm': 0.2083393931388855, 'learning_rate': 3.9210730293532847e-05, 'epoch': 19.41}
{'loss': 1.4268, 'grad_norm': 0.11350282281637192, 'learning_rate': 3.919387995821117e-05, 'epoch': 19.42}
{'loss': 1.4268, 'grad_norm': 0.2598329186439514, 'learning_rate': 3.91770296228895e-05, 'epoch': 19.42}
{'loss': 1.427, 'grad_norm': 0.1382909119129181, 'learning_rate': 3.916017928756782e-05, 'epoch': 19.43}
{'loss': 1.4268, 'grad_norm': 0.12455439567565918, 'learning_rate': 3.914332895224615e-05, 'epoch': 19.43}
{'loss': 1.4262, 'grad_norm': 0.1391962617635727, 'learning_rate': 3.912647861692448e-05, 'epoch': 19.44}
{'loss': 1.4271, 'grad_norm': 0.20984359085559845, 'learning_rate': 3.9109628281602804e-05, 'epoch': 19.44}
{'loss': 1.4266, 'grad_norm': 0.1044532060623169, 'learning_rate': 3.9092777946281136e-05, 'epoch': 19.44}
{'loss': 1.4278, 'grad_norm': 0.20520944893360138, 'learning_rate': 3.907592761095946e-05, 'epoch': 19.45}
{'loss': 1.4277, 'grad_norm': 0.10771603882312775, 'learning_rate': 3.9059077275637786e-05, 'epoch': 19.45}
{'loss': 1.4273, 'grad_norm': 0.25125277042388916, 'learning_rate': 3.904222694031611e-05, 'epoch': 19.46}
{'loss': 1.4265, 'grad_norm': 0.10076338052749634, 'learning_rate': 3.902537660499444e-05, 'epoch': 19.46}
{'loss': 1.4267, 'grad_norm': 0.09187795966863632, 'learning_rate': 3.900852626967277e-05, 'epoch': 19.47}
{'loss': 1.4263, 'grad_norm': 0.1349102109670639, 'learning_rate': 3.899167593435109e-05, 'epoch': 19.47}
{'loss': 1.4267, 'grad_norm': 0.15894867479801178, 'learning_rate': 3.8974825599029425e-05, 'epoch': 19.48}
{'loss': 1.427, 'grad_norm': 0.18117816746234894, 'learning_rate': 3.895797526370775e-05, 'epoch': 19.48}
{'loss': 1.426, 'grad_norm': 0.12054608762264252, 'learning_rate': 3.8941124928386075e-05, 'epoch': 19.49}
{'loss': 1.4269, 'grad_norm': 0.32045334577560425, 'learning_rate': 3.89242745930644e-05, 'epoch': 19.49}
{'loss': 1.4262, 'grad_norm': 0.14557704329490662, 'learning_rate': 3.890742425774273e-05, 'epoch': 19.49}
{'loss': 1.4272, 'grad_norm': 0.19078437983989716, 'learning_rate': 3.889057392242106e-05, 'epoch': 19.5}
{'loss': 1.4267, 'grad_norm': 0.07787667214870453, 'learning_rate': 3.887372358709939e-05, 'epoch': 19.5}
{'loss': 1.426, 'grad_norm': 0.10833244770765305, 'learning_rate': 3.8856873251777715e-05, 'epoch': 19.51}
{'loss': 1.4265, 'grad_norm': 0.1252526193857193, 'learning_rate': 3.884002291645604e-05, 'epoch': 19.51}
{'loss': 1.4266, 'grad_norm': 0.31953930854797363, 'learning_rate': 3.8823172581134365e-05, 'epoch': 19.52}
{'loss': 1.4266, 'grad_norm': 0.18036596477031708, 'learning_rate': 3.880632224581269e-05, 'epoch': 19.52}
{'loss': 1.4261, 'grad_norm': 0.0957881510257721, 'learning_rate': 3.878947191049102e-05, 'epoch': 19.53}
{'loss': 1.4261, 'grad_norm': 0.13478940725326538, 'learning_rate': 3.877262157516935e-05, 'epoch': 19.53}
{'loss': 1.4263, 'grad_norm': 0.1118064597249031, 'learning_rate': 3.875577123984768e-05, 'epoch': 19.54}
{'loss': 1.4264, 'grad_norm': 0.12276361137628555, 'learning_rate': 3.8738920904526e-05, 'epoch': 19.54}
{'loss': 1.4268, 'grad_norm': 0.15741178393363953, 'learning_rate': 3.872207056920433e-05, 'epoch': 19.55}
{'loss': 1.4261, 'grad_norm': 0.13763153553009033, 'learning_rate': 3.8705220233882654e-05, 'epoch': 19.55}
{'loss': 1.4261, 'grad_norm': 0.11893010884523392, 'learning_rate': 3.8688369898560986e-05, 'epoch': 19.55}
{'loss': 1.4274, 'grad_norm': 0.11701230704784393, 'learning_rate': 3.867151956323931e-05, 'epoch': 19.56}
{'loss': 1.427, 'grad_norm': 0.088457390666008, 'learning_rate': 3.8654669227917636e-05, 'epoch': 19.56}
{'loss': 1.427, 'grad_norm': 0.13381840288639069, 'learning_rate': 3.863781889259597e-05, 'epoch': 19.57}
{'loss': 1.4268, 'grad_norm': 0.08993121981620789, 'learning_rate': 3.8620968557274286e-05, 'epoch': 19.57}
{'loss': 1.4259, 'grad_norm': 0.07930869609117508, 'learning_rate': 3.860411822195262e-05, 'epoch': 19.58}
{'loss': 1.4259, 'grad_norm': 0.10178113728761673, 'learning_rate': 3.8587267886630943e-05, 'epoch': 19.58}
{'loss': 1.4267, 'grad_norm': 0.11600115150213242, 'learning_rate': 3.8570417551309275e-05, 'epoch': 19.59}
{'loss': 1.4266, 'grad_norm': 0.18612445890903473, 'learning_rate': 3.85535672159876e-05, 'epoch': 19.59}
{'loss': 1.4261, 'grad_norm': 0.17430752515792847, 'learning_rate': 3.853671688066593e-05, 'epoch': 19.6}
{'loss': 1.4266, 'grad_norm': 0.3316808044910431, 'learning_rate': 3.851986654534425e-05, 'epoch': 19.6}
{'loss': 1.4262, 'grad_norm': 0.1166929379105568, 'learning_rate': 3.850301621002258e-05, 'epoch': 19.6}
{'loss': 1.427, 'grad_norm': 0.37493592500686646, 'learning_rate': 3.848616587470091e-05, 'epoch': 19.61}
{'loss': 1.4264, 'grad_norm': 0.10962936282157898, 'learning_rate': 3.846931553937923e-05, 'epoch': 19.61}
{'loss': 1.4268, 'grad_norm': 0.0908772274851799, 'learning_rate': 3.8452465204057565e-05, 'epoch': 19.62}
{'loss': 1.426, 'grad_norm': 0.15705560147762299, 'learning_rate': 3.843561486873589e-05, 'epoch': 19.62}
{'loss': 1.4267, 'grad_norm': 0.13941419124603271, 'learning_rate': 3.8418764533414215e-05, 'epoch': 19.63}
{'loss': 1.4265, 'grad_norm': 0.06746823340654373, 'learning_rate': 3.840191419809254e-05, 'epoch': 19.63}
{'loss': 1.4264, 'grad_norm': 0.1137157678604126, 'learning_rate': 3.838506386277087e-05, 'epoch': 19.64}
{'loss': 1.4264, 'grad_norm': 0.21753720939159393, 'learning_rate': 3.83682135274492e-05, 'epoch': 19.64}
{'loss': 1.4258, 'grad_norm': 0.08975192159414291, 'learning_rate': 3.835136319212753e-05, 'epoch': 19.65}
{'loss': 1.426, 'grad_norm': 0.10023549944162369, 'learning_rate': 3.8334512856805854e-05, 'epoch': 19.65}
{'loss': 1.4267, 'grad_norm': 0.09579164534807205, 'learning_rate': 3.831766252148418e-05, 'epoch': 19.65}
{'loss': 1.4252, 'grad_norm': 0.17449705302715302, 'learning_rate': 3.8300812186162504e-05, 'epoch': 19.66}
{'loss': 1.4258, 'grad_norm': 0.16275820136070251, 'learning_rate': 3.828396185084083e-05, 'epoch': 19.66}
{'loss': 1.4262, 'grad_norm': 0.10823571681976318, 'learning_rate': 3.826711151551916e-05, 'epoch': 19.67}
{'loss': 1.427, 'grad_norm': 0.1215384304523468, 'learning_rate': 3.8250261180197486e-05, 'epoch': 19.67}
{'loss': 1.4269, 'grad_norm': 0.13530893623828888, 'learning_rate': 3.823341084487582e-05, 'epoch': 19.68}
{'loss': 1.426, 'grad_norm': 0.1415303647518158, 'learning_rate': 3.821656050955414e-05, 'epoch': 19.68}
{'loss': 1.4263, 'grad_norm': 0.11988762766122818, 'learning_rate': 3.819971017423247e-05, 'epoch': 19.69}
{'loss': 1.4266, 'grad_norm': 0.1551515907049179, 'learning_rate': 3.8182859838910794e-05, 'epoch': 19.69}
{'loss': 1.4267, 'grad_norm': 0.20155243575572968, 'learning_rate': 3.8166009503589125e-05, 'epoch': 19.7}
{'loss': 1.4265, 'grad_norm': 0.14200612902641296, 'learning_rate': 3.814915916826745e-05, 'epoch': 19.7}
{'loss': 1.4265, 'grad_norm': 0.09023672342300415, 'learning_rate': 3.8132308832945776e-05, 'epoch': 19.7}
{'loss': 1.4267, 'grad_norm': 0.09749309718608856, 'learning_rate': 3.811545849762411e-05, 'epoch': 19.71}
{'loss': 1.4267, 'grad_norm': 0.13823513686656952, 'learning_rate': 3.809860816230243e-05, 'epoch': 19.71}
{'loss': 1.4271, 'grad_norm': 0.29443368315696716, 'learning_rate': 3.808175782698076e-05, 'epoch': 19.72}
{'loss': 1.426, 'grad_norm': 0.18799825012683868, 'learning_rate': 3.806490749165908e-05, 'epoch': 19.72}
{'loss': 1.4265, 'grad_norm': 0.21026253700256348, 'learning_rate': 3.8048057156337415e-05, 'epoch': 19.73}
{'loss': 1.4265, 'grad_norm': 0.11961141973733902, 'learning_rate': 3.803120682101574e-05, 'epoch': 19.73}
{'loss': 1.4262, 'grad_norm': 0.11691402643918991, 'learning_rate': 3.801435648569407e-05, 'epoch': 19.74}
{'loss': 1.4256, 'grad_norm': 0.09035893529653549, 'learning_rate': 3.799750615037239e-05, 'epoch': 19.74}
{'loss': 1.4266, 'grad_norm': 0.13920842111110687, 'learning_rate': 3.798065581505072e-05, 'epoch': 19.75}
{'loss': 1.4266, 'grad_norm': 0.1161402091383934, 'learning_rate': 3.796380547972905e-05, 'epoch': 19.75}
{'loss': 1.4265, 'grad_norm': 0.168727844953537, 'learning_rate': 3.794695514440738e-05, 'epoch': 19.75}
{'loss': 1.4263, 'grad_norm': 0.18469266593456268, 'learning_rate': 3.7930104809085704e-05, 'epoch': 19.76}
{'loss': 1.4268, 'grad_norm': 0.17195868492126465, 'learning_rate': 3.791325447376403e-05, 'epoch': 19.76}
{'loss': 1.4266, 'grad_norm': 0.17054162919521332, 'learning_rate': 3.7896404138442354e-05, 'epoch': 19.77}
{'loss': 1.4271, 'grad_norm': 0.11645147204399109, 'learning_rate': 3.787955380312068e-05, 'epoch': 19.77}
{'loss': 1.4267, 'grad_norm': 0.11813270300626755, 'learning_rate': 3.786270346779901e-05, 'epoch': 19.78}
{'loss': 1.4268, 'grad_norm': 0.10699452459812164, 'learning_rate': 3.7845853132477336e-05, 'epoch': 19.78}
{'loss': 1.4262, 'grad_norm': 0.12186309695243835, 'learning_rate': 3.782900279715567e-05, 'epoch': 19.79}
{'loss': 1.426, 'grad_norm': 0.2139417827129364, 'learning_rate': 3.781215246183399e-05, 'epoch': 19.79}
{'loss': 1.4266, 'grad_norm': 0.10186614096164703, 'learning_rate': 3.7795302126512325e-05, 'epoch': 19.8}
{'loss': 1.4264, 'grad_norm': 0.09753634035587311, 'learning_rate': 3.7778451791190644e-05, 'epoch': 19.8}
{'loss': 1.4261, 'grad_norm': 0.20384612679481506, 'learning_rate': 3.7761601455868975e-05, 'epoch': 19.8}
{'loss': 1.4271, 'grad_norm': 0.12767760455608368, 'learning_rate': 3.77447511205473e-05, 'epoch': 19.81}
{'loss': 1.4264, 'grad_norm': 0.09619513154029846, 'learning_rate': 3.7727900785225626e-05, 'epoch': 19.81}
{'loss': 1.4258, 'grad_norm': 0.10218352824449539, 'learning_rate': 3.771105044990396e-05, 'epoch': 19.82}
{'loss': 1.4261, 'grad_norm': 0.13920031487941742, 'learning_rate': 3.769420011458228e-05, 'epoch': 19.82}
{'loss': 1.426, 'grad_norm': 0.11672462522983551, 'learning_rate': 3.767734977926061e-05, 'epoch': 19.83}
{'loss': 1.4264, 'grad_norm': 0.10541142523288727, 'learning_rate': 3.766049944393893e-05, 'epoch': 19.83}
{'loss': 1.4262, 'grad_norm': 0.09657792001962662, 'learning_rate': 3.7643649108617265e-05, 'epoch': 19.84}
{'loss': 1.4258, 'grad_norm': 0.16738562285900116, 'learning_rate': 3.762679877329559e-05, 'epoch': 19.84}
{'loss': 1.4265, 'grad_norm': 0.1822565644979477, 'learning_rate': 3.760994843797392e-05, 'epoch': 19.85}
{'loss': 1.4269, 'grad_norm': 0.21259097754955292, 'learning_rate': 3.759309810265225e-05, 'epoch': 19.85}
{'loss': 1.4265, 'grad_norm': 0.4100608825683594, 'learning_rate': 3.757624776733057e-05, 'epoch': 19.85}
{'loss': 1.4267, 'grad_norm': 0.4347264766693115, 'learning_rate': 3.75593974320089e-05, 'epoch': 19.86}
{'loss': 1.4263, 'grad_norm': 0.08728957921266556, 'learning_rate': 3.754254709668722e-05, 'epoch': 19.86}
{'loss': 1.4265, 'grad_norm': 0.10096516460180283, 'learning_rate': 3.7525696761365554e-05, 'epoch': 19.87}
{'loss': 1.4262, 'grad_norm': 0.10016515105962753, 'learning_rate': 3.750884642604388e-05, 'epoch': 19.87}
{'loss': 1.4268, 'grad_norm': 0.28046807646751404, 'learning_rate': 3.749199609072221e-05, 'epoch': 19.88}
{'loss': 1.427, 'grad_norm': 0.17805510759353638, 'learning_rate': 3.7475145755400536e-05, 'epoch': 19.88}
{'loss': 1.4271, 'grad_norm': 0.1605524718761444, 'learning_rate': 3.745829542007886e-05, 'epoch': 19.89}
{'loss': 1.4274, 'grad_norm': 0.13291069865226746, 'learning_rate': 3.7441445084757186e-05, 'epoch': 19.89}
{'loss': 1.4261, 'grad_norm': 0.09805525094270706, 'learning_rate': 3.742459474943552e-05, 'epoch': 19.9}
{'loss': 1.4268, 'grad_norm': 0.27864450216293335, 'learning_rate': 3.7407744414113843e-05, 'epoch': 19.9}
{'loss': 1.4264, 'grad_norm': 0.11959662288427353, 'learning_rate': 3.739089407879217e-05, 'epoch': 19.9}
{'loss': 1.4271, 'grad_norm': 0.08321504294872284, 'learning_rate': 3.73740437434705e-05, 'epoch': 19.91}
{'loss': 1.427, 'grad_norm': 0.13402874767780304, 'learning_rate': 3.735719340814882e-05, 'epoch': 19.91}
{'loss': 1.4268, 'grad_norm': 0.09911052882671356, 'learning_rate': 3.734034307282715e-05, 'epoch': 19.92}
{'loss': 1.4255, 'grad_norm': 0.10333544760942459, 'learning_rate': 3.7323492737505476e-05, 'epoch': 19.92}
{'loss': 1.4269, 'grad_norm': 0.13541029393672943, 'learning_rate': 3.730664240218381e-05, 'epoch': 19.93}
{'loss': 1.4263, 'grad_norm': 0.22578825056552887, 'learning_rate': 3.728979206686213e-05, 'epoch': 19.93}
{'loss': 1.4265, 'grad_norm': 0.20327626168727875, 'learning_rate': 3.7272941731540465e-05, 'epoch': 19.94}
{'loss': 1.4268, 'grad_norm': 0.15959684550762177, 'learning_rate': 3.725609139621878e-05, 'epoch': 19.94}
{'loss': 1.4259, 'grad_norm': 0.13263094425201416, 'learning_rate': 3.7239241060897115e-05, 'epoch': 19.95}
{'loss': 1.4263, 'grad_norm': 0.16639356315135956, 'learning_rate': 3.722239072557544e-05, 'epoch': 19.95}
{'loss': 1.4263, 'grad_norm': 0.15468928217887878, 'learning_rate': 3.7205540390253765e-05, 'epoch': 19.95}
{'loss': 1.4261, 'grad_norm': 0.10593529045581818, 'learning_rate': 3.71886900549321e-05, 'epoch': 19.96}
{'loss': 1.426, 'grad_norm': 0.09954946488142014, 'learning_rate': 3.717183971961042e-05, 'epoch': 19.96}
{'loss': 1.4269, 'grad_norm': 0.11574200540781021, 'learning_rate': 3.715498938428875e-05, 'epoch': 19.97}
{'loss': 1.4269, 'grad_norm': 0.388379842042923, 'learning_rate': 3.713813904896707e-05, 'epoch': 19.97}
{'loss': 1.426, 'grad_norm': 0.11152651906013489, 'learning_rate': 3.7121288713645404e-05, 'epoch': 19.98}
{'loss': 1.4268, 'grad_norm': 0.15991458296775818, 'learning_rate': 3.710443837832373e-05, 'epoch': 19.98}
{'loss': 1.4267, 'grad_norm': 0.254101425409317, 'learning_rate': 3.708758804300206e-05, 'epoch': 19.99}
{'loss': 1.426, 'grad_norm': 0.24211378395557404, 'learning_rate': 3.7070737707680386e-05, 'epoch': 19.99}
{'loss': 1.4275, 'grad_norm': 0.3720911741256714, 'learning_rate': 3.705388737235871e-05, 'epoch': 20.0}
{'loss': 1.4262, 'grad_norm': 0.09992820769548416, 'learning_rate': 3.7037037037037037e-05, 'epoch': 20.0}
{'loss': 1.4254, 'grad_norm': 0.08511999994516373, 'learning_rate': 3.702018670171536e-05, 'epoch': 20.0}
{'loss': 1.4256, 'grad_norm': 0.07981624454259872, 'learning_rate': 3.7003336366393694e-05, 'epoch': 20.01}
{'loss': 1.4253, 'grad_norm': 0.13626481592655182, 'learning_rate': 3.698648603107202e-05, 'epoch': 20.01}
{'loss': 1.4261, 'grad_norm': 0.1055888682603836, 'learning_rate': 3.696963569575035e-05, 'epoch': 20.02}
pred : ardent in the prosecution of heresy cyril auspiciously opened his reign by oppressing the novations the most innocent and harmless of the sectaries
label: ardent in the prosecution of heresy cyril auspiciously opened his reign by oppressing the novatians the most innocent and harmless of the sectaries
pred : without any legal sentence without any royal mandate the patriarch at the dawn of day led a seditious multitude to the attack of the synagogues
label: without any legal sentence without any royal mandate the patriarch at the dawn of day led a seditious multitude to the attack of the synagogues
pred : such crimes would have deserved the animadversion of the magistrate but in this promiscuous outrage the innocent were confounded with the guilty and alexandria was impoverished by the loss of a wealthy and industrious colony
label: such crimes would have deserved the animadversion of the magistrate but in this promiscuous outrage the innocent were confounded with the guilty and alexandria was impoverished by the loss of a wealthy and industrious colony
pred : ardent in the prosecution of heresy cyril auspiciously opened his reign by oppressing the novations the most innocent and harmless of the sectaries
label: ardent in the prosecution of heresy cyril auspiciously opened his reign by oppressing the novatians the most innocent and harmless of the sectaries
pred : without any legal sentence without any royal mandate the patriarch at the dawn of day led a seditious multitude to the attack of the synagogues
label: without any legal sentence without any royal mandate the patriarch at the dawn of day led a seditious multitude to the attack of the synagogues
pred : such crimes would have deserved the animadversion of the magistrate but in this promiscuous outrage the innocent were confounded with the guilty and alexandria was impoverished by the loss of a wealthy and industrious colony
label: such crimes would have deserved the animadversion of the magistrate but in this promiscuous outrage the innocent were confounded with the guilty and alexandria was impoverished by the loss of a wealthy and industrious colony
pred : ardent in the prosecution of heresy cyril auspiciously opened his reign by oppressing the novations the most innocent and harmless of the sectaries
label: ardent in the prosecution of heresy cyril auspiciously opened his reign by oppressing the novatians the most innocent and harmless of the sectaries
pred : without any legal sentence without any royal mandate the patriarch at the dawn of day led a seditious multitude to the attack of the synagogues
label: without any legal sentence without any royal mandate the patriarch at the dawn of day led a seditious multitude to the attack of the synagogues
pred : such crimes would have deserved the animadversion of the magistrate but in this promiscuous outrage the innocent were confounded with the guilty and alexandria was impoverished by the loss of a wealthy and industrious colony
label: such crimes would have deserved the animadversion of the magistrate but in this promiscuous outrage the innocent were confounded with the guilty and alexandria was impoverished by the loss of a wealthy and industrious colony
pred : ardent in the prosecution of heresy cyril auspiciously opened his reign by oppressing the novations the most innocent and harmless of the sectaries
label: ardent in the prosecution of heresy cyril auspiciously opened his reign by oppressing the novatians the most innocent and harmless of the sectaries
pred : without any legal sentence without any royal mandate the patriarch at the dawn of day led a seditious multitude to the attack of the synagogues
label: without any legal sentence without any royal mandate the patriarch at the dawn of day led a seditious multitude to the attack of the synagogues
pred : such crimes would have deserved the animadversion of the magistrate but in this promiscuous outrage the innocent were confounded with the guilty and alexandria was impoverished by the loss of a wealthy and industrious colony
label: such crimes would have deserved the animadversion of the magistrate but in this promiscuous outrage the innocent were confounded with the guilty and alexandria was impoverished by the loss of a wealthy and industrious colony
{'eval_loss': 1.640679955482483, 'eval_bleu': 96.80288843341202, 'eval_wer': 0.017129625236066166, 'eval_cer': 0.008184955838385442, 'eval_rouge1': 0.9859429569768614, 'eval_rouge2': 0.9739494386539249, 'eval_rougeL': 0.9858405838175437, 'eval_runtime': 95.4218, 'eval_samples_per_second': 58.341, 'eval_steps_per_second': 0.304, 'epoch': 20.02}
{'loss': 1.4259, 'grad_norm': 0.12914450466632843, 'learning_rate': 3.6952785360428676e-05, 'epoch': 20.02}
{'loss': 1.4254, 'grad_norm': 0.2062205821275711, 'learning_rate': 3.6935935025107e-05, 'epoch': 20.03}
{'loss': 1.4253, 'grad_norm': 0.09428730607032776, 'learning_rate': 3.6919084689785326e-05, 'epoch': 20.03}
{'loss': 1.4243, 'grad_norm': 0.09661152213811874, 'learning_rate': 3.690223435446366e-05, 'epoch': 20.04}
{'loss': 1.4251, 'grad_norm': 0.1352313905954361, 'learning_rate': 3.688538401914198e-05, 'epoch': 20.04}
{'loss': 1.4258, 'grad_norm': 0.10972671210765839, 'learning_rate': 3.686853368382031e-05, 'epoch': 20.05}
{'loss': 1.4258, 'grad_norm': 0.23932646214962006, 'learning_rate': 3.685168334849864e-05, 'epoch': 20.05}
{'loss': 1.4249, 'grad_norm': 0.08753795176744461, 'learning_rate': 3.683483301317696e-05, 'epoch': 20.05}
{'loss': 1.4258, 'grad_norm': 0.1287948340177536, 'learning_rate': 3.681798267785529e-05, 'epoch': 20.06}
{'loss': 1.426, 'grad_norm': 0.4690534472465515, 'learning_rate': 3.6801132342533615e-05, 'epoch': 20.06}
{'loss': 1.4257, 'grad_norm': 0.1701422780752182, 'learning_rate': 3.678428200721195e-05, 'epoch': 20.07}
{'loss': 1.4258, 'grad_norm': 0.2790287435054779, 'learning_rate': 3.676743167189027e-05, 'epoch': 20.07}
{'loss': 1.4254, 'grad_norm': 0.11417289823293686, 'learning_rate': 3.6750581336568604e-05, 'epoch': 20.08}
{'loss': 1.4251, 'grad_norm': 0.35769933462142944, 'learning_rate': 3.673373100124693e-05, 'epoch': 20.08}
{'loss': 1.4252, 'grad_norm': 0.14250294864177704, 'learning_rate': 3.6716880665925254e-05, 'epoch': 20.09}
{'loss': 1.4257, 'grad_norm': 0.14386625587940216, 'learning_rate': 3.670003033060358e-05, 'epoch': 20.09}
{'loss': 1.4253, 'grad_norm': 0.10412200540304184, 'learning_rate': 3.6683179995281905e-05, 'epoch': 20.1}
{'loss': 1.4257, 'grad_norm': 0.14743593335151672, 'learning_rate': 3.6666329659960236e-05, 'epoch': 20.1}
{'loss': 1.4251, 'grad_norm': 0.10676565021276474, 'learning_rate': 3.664947932463856e-05, 'epoch': 20.1}
{'loss': 1.4263, 'grad_norm': 0.09816218167543411, 'learning_rate': 3.6632628989316893e-05, 'epoch': 20.11}
{'loss': 1.425, 'grad_norm': 0.14274930953979492, 'learning_rate': 3.661577865399521e-05, 'epoch': 20.11}
{'loss': 1.4254, 'grad_norm': 0.3285812735557556, 'learning_rate': 3.6598928318673544e-05, 'epoch': 20.12}
{'loss': 1.4254, 'grad_norm': 0.115415558218956, 'learning_rate': 3.658207798335187e-05, 'epoch': 20.12}
{'loss': 1.4251, 'grad_norm': 0.14114247262477875, 'learning_rate': 3.65652276480302e-05, 'epoch': 20.13}
{'loss': 1.4265, 'grad_norm': 0.30708828568458557, 'learning_rate': 3.6548377312708526e-05, 'epoch': 20.13}
{'loss': 1.4251, 'grad_norm': 0.10801468044519424, 'learning_rate': 3.653152697738685e-05, 'epoch': 20.14}
{'loss': 1.4246, 'grad_norm': 0.11044545471668243, 'learning_rate': 3.6514676642065176e-05, 'epoch': 20.14}
{'loss': 1.4255, 'grad_norm': 0.08293909579515457, 'learning_rate': 3.64978263067435e-05, 'epoch': 20.15}
{'loss': 1.4255, 'grad_norm': 0.07923166453838348, 'learning_rate': 3.648097597142183e-05, 'epoch': 20.15}
{'loss': 1.4251, 'grad_norm': 0.08385082334280014, 'learning_rate': 3.646412563610016e-05, 'epoch': 20.15}
{'loss': 1.425, 'grad_norm': 0.09692833572626114, 'learning_rate': 3.644727530077849e-05, 'epoch': 20.16}
{'loss': 1.4258, 'grad_norm': 0.09320153295993805, 'learning_rate': 3.6430424965456815e-05, 'epoch': 20.16}
{'loss': 1.4253, 'grad_norm': 0.24589277803897858, 'learning_rate': 3.641357463013514e-05, 'epoch': 20.17}
{'loss': 1.4253, 'grad_norm': 0.11322800070047379, 'learning_rate': 3.6396724294813465e-05, 'epoch': 20.17}
{'loss': 1.4252, 'grad_norm': 0.15437623858451843, 'learning_rate': 3.63798739594918e-05, 'epoch': 20.18}
{'loss': 1.4252, 'grad_norm': 0.12077462673187256, 'learning_rate': 3.636302362417012e-05, 'epoch': 20.18}
{'loss': 1.4254, 'grad_norm': 0.06838680803775787, 'learning_rate': 3.634617328884845e-05, 'epoch': 20.19}
{'loss': 1.4251, 'grad_norm': 0.5664517879486084, 'learning_rate': 3.632932295352678e-05, 'epoch': 20.19}
{'loss': 1.4251, 'grad_norm': 0.06908947229385376, 'learning_rate': 3.6312472618205104e-05, 'epoch': 20.2}
{'loss': 1.4262, 'grad_norm': 0.21316583454608917, 'learning_rate': 3.629562228288343e-05, 'epoch': 20.2}
{'loss': 1.4248, 'grad_norm': 0.08764109760522842, 'learning_rate': 3.6278771947561755e-05, 'epoch': 20.2}
{'loss': 1.4258, 'grad_norm': 0.16099919378757477, 'learning_rate': 3.6261921612240087e-05, 'epoch': 20.21}
{'loss': 1.4247, 'grad_norm': 0.10760314017534256, 'learning_rate': 3.624507127691841e-05, 'epoch': 20.21}
{'loss': 1.4249, 'grad_norm': 0.13746535778045654, 'learning_rate': 3.6228220941596743e-05, 'epoch': 20.22}
{'loss': 1.4252, 'grad_norm': 0.19029104709625244, 'learning_rate': 3.621137060627507e-05, 'epoch': 20.22}
{'loss': 1.4261, 'grad_norm': 0.10379162430763245, 'learning_rate': 3.6194520270953394e-05, 'epoch': 20.23}
{'loss': 1.4259, 'grad_norm': 0.1416240632534027, 'learning_rate': 3.617766993563172e-05, 'epoch': 20.23}
{'loss': 1.4266, 'grad_norm': 0.6904796957969666, 'learning_rate': 3.616081960031005e-05, 'epoch': 20.24}
{'loss': 1.4263, 'grad_norm': 0.20647552609443665, 'learning_rate': 3.6143969264988376e-05, 'epoch': 20.24}
{'loss': 1.4261, 'grad_norm': 0.4747122824192047, 'learning_rate': 3.61271189296667e-05, 'epoch': 20.25}
{'loss': 1.4264, 'grad_norm': 0.146970734000206, 'learning_rate': 3.611026859434503e-05, 'epoch': 20.25}
{'loss': 1.4257, 'grad_norm': 0.10028710216283798, 'learning_rate': 3.609341825902335e-05, 'epoch': 20.25}
{'loss': 1.4264, 'grad_norm': 0.15737494826316833, 'learning_rate': 3.607656792370168e-05, 'epoch': 20.26}
{'loss': 1.426, 'grad_norm': 0.11489290744066238, 'learning_rate': 3.605971758838001e-05, 'epoch': 20.26}
{'loss': 1.4256, 'grad_norm': 0.14628849923610687, 'learning_rate': 3.604286725305834e-05, 'epoch': 20.27}
{'loss': 1.4264, 'grad_norm': 0.0998176634311676, 'learning_rate': 3.6026016917736665e-05, 'epoch': 20.27}
{'loss': 1.4257, 'grad_norm': 0.11506375670433044, 'learning_rate': 3.6009166582415e-05, 'epoch': 20.28}
{'loss': 1.4257, 'grad_norm': 0.09098128974437714, 'learning_rate': 3.5992316247093315e-05, 'epoch': 20.28}
{'loss': 1.4256, 'grad_norm': 0.20556777715682983, 'learning_rate': 3.597546591177165e-05, 'epoch': 20.29}
{'loss': 1.426, 'grad_norm': 0.07714838534593582, 'learning_rate': 3.595861557644997e-05, 'epoch': 20.29}
{'loss': 1.4253, 'grad_norm': 0.16727326810359955, 'learning_rate': 3.59417652411283e-05, 'epoch': 20.3}
{'loss': 1.4252, 'grad_norm': 0.09092450886964798, 'learning_rate': 3.592491490580663e-05, 'epoch': 20.3}
{'loss': 1.4256, 'grad_norm': 0.11239349097013474, 'learning_rate': 3.5908064570484954e-05, 'epoch': 20.3}
{'loss': 1.4261, 'grad_norm': 0.3140750527381897, 'learning_rate': 3.5891214235163286e-05, 'epoch': 20.31}
{'loss': 1.4256, 'grad_norm': 0.1850137859582901, 'learning_rate': 3.5874363899841605e-05, 'epoch': 20.31}
{'loss': 1.4255, 'grad_norm': 0.10930649191141129, 'learning_rate': 3.5857513564519937e-05, 'epoch': 20.32}
{'loss': 1.4251, 'grad_norm': 0.1312285214662552, 'learning_rate': 3.584066322919826e-05, 'epoch': 20.32}
{'loss': 1.4254, 'grad_norm': 0.08464021980762482, 'learning_rate': 3.5823812893876594e-05, 'epoch': 20.33}
{'loss': 1.425, 'grad_norm': 0.14607006311416626, 'learning_rate': 3.580696255855492e-05, 'epoch': 20.33}
{'loss': 1.4255, 'grad_norm': 0.09792064875364304, 'learning_rate': 3.5790112223233244e-05, 'epoch': 20.34}
{'loss': 1.4252, 'grad_norm': 0.1644437164068222, 'learning_rate': 3.577326188791157e-05, 'epoch': 20.34}
{'loss': 1.4252, 'grad_norm': 0.14248119294643402, 'learning_rate': 3.5756411552589894e-05, 'epoch': 20.35}
{'loss': 1.4254, 'grad_norm': 0.1448109745979309, 'learning_rate': 3.5739561217268226e-05, 'epoch': 20.35}
{'loss': 1.4257, 'grad_norm': 0.16381195187568665, 'learning_rate': 3.572271088194655e-05, 'epoch': 20.35}
{'loss': 1.4258, 'grad_norm': 0.13398513197898865, 'learning_rate': 3.570586054662488e-05, 'epoch': 20.36}
{'loss': 1.4258, 'grad_norm': 0.10580264031887054, 'learning_rate': 3.568901021130321e-05, 'epoch': 20.36}
{'loss': 1.4255, 'grad_norm': 0.08100400865077972, 'learning_rate': 3.567215987598153e-05, 'epoch': 20.37}
{'loss': 1.4256, 'grad_norm': 0.6031320691108704, 'learning_rate': 3.565530954065986e-05, 'epoch': 20.37}
{'loss': 1.4262, 'grad_norm': 0.15552061796188354, 'learning_rate': 3.563845920533819e-05, 'epoch': 20.38}
{'loss': 1.4256, 'grad_norm': 0.08992919325828552, 'learning_rate': 3.5621608870016515e-05, 'epoch': 20.38}
{'loss': 1.4258, 'grad_norm': 0.08865145593881607, 'learning_rate': 3.560475853469484e-05, 'epoch': 20.39}
{'loss': 1.4255, 'grad_norm': 0.14143334329128265, 'learning_rate': 3.558790819937317e-05, 'epoch': 20.39}
{'loss': 1.4257, 'grad_norm': 0.09646906703710556, 'learning_rate': 3.55710578640515e-05, 'epoch': 20.4}
{'loss': 1.4256, 'grad_norm': 0.10322818160057068, 'learning_rate': 3.555420752872982e-05, 'epoch': 20.4}
{'loss': 1.4255, 'grad_norm': 0.09539393335580826, 'learning_rate': 3.553735719340815e-05, 'epoch': 20.4}
{'loss': 1.426, 'grad_norm': 0.2696751356124878, 'learning_rate': 3.552050685808648e-05, 'epoch': 20.41}
{'loss': 1.4256, 'grad_norm': 0.17865023016929626, 'learning_rate': 3.5503656522764805e-05, 'epoch': 20.41}
{'loss': 1.4263, 'grad_norm': 0.11395999044179916, 'learning_rate': 3.5486806187443136e-05, 'epoch': 20.42}
{'loss': 1.4265, 'grad_norm': 0.1100320816040039, 'learning_rate': 3.546995585212146e-05, 'epoch': 20.42}
{'loss': 1.4264, 'grad_norm': 0.1631196141242981, 'learning_rate': 3.545310551679979e-05, 'epoch': 20.43}
{'loss': 1.4261, 'grad_norm': 0.1509971171617508, 'learning_rate': 3.543625518147811e-05, 'epoch': 20.43}
{'loss': 1.4262, 'grad_norm': 0.10858526825904846, 'learning_rate': 3.541940484615644e-05, 'epoch': 20.44}
{'loss': 1.4266, 'grad_norm': 0.27554139494895935, 'learning_rate': 3.540255451083477e-05, 'epoch': 20.44}
{'loss': 1.4265, 'grad_norm': 0.1508544534444809, 'learning_rate': 3.5385704175513094e-05, 'epoch': 20.45}
{'loss': 1.4256, 'grad_norm': 0.13143819570541382, 'learning_rate': 3.5368853840191426e-05, 'epoch': 20.45}
{'loss': 1.4252, 'grad_norm': 0.1023227795958519, 'learning_rate': 3.5352003504869744e-05, 'epoch': 20.45}
{'loss': 1.4251, 'grad_norm': 0.293155699968338, 'learning_rate': 3.5335153169548076e-05, 'epoch': 20.46}
{'loss': 1.4257, 'grad_norm': 0.14680247008800507, 'learning_rate': 3.53183028342264e-05, 'epoch': 20.46}
{'loss': 1.4256, 'grad_norm': 0.1034073606133461, 'learning_rate': 3.530145249890473e-05, 'epoch': 20.47}
{'loss': 1.4256, 'grad_norm': 0.08877750486135483, 'learning_rate': 3.528460216358306e-05, 'epoch': 20.47}
{'loss': 1.4249, 'grad_norm': 0.09451012313365936, 'learning_rate': 3.526775182826138e-05, 'epoch': 20.48}
{'loss': 1.426, 'grad_norm': 0.2165197879076004, 'learning_rate': 3.525090149293971e-05, 'epoch': 20.48}
{'loss': 1.4251, 'grad_norm': 0.09868345409631729, 'learning_rate': 3.5234051157618033e-05, 'epoch': 20.49}
{'loss': 1.4251, 'grad_norm': 0.095579594373703, 'learning_rate': 3.5217200822296365e-05, 'epoch': 20.49}
{'loss': 1.4252, 'grad_norm': 0.08631699532270432, 'learning_rate': 3.520035048697469e-05, 'epoch': 20.5}
{'loss': 1.4254, 'grad_norm': 0.11035507172346115, 'learning_rate': 3.518350015165302e-05, 'epoch': 20.5}
{'loss': 1.4259, 'grad_norm': 0.1453128308057785, 'learning_rate': 3.516664981633135e-05, 'epoch': 20.51}
{'loss': 1.4264, 'grad_norm': 0.12529224157333374, 'learning_rate': 3.514979948100968e-05, 'epoch': 20.51}
{'loss': 1.4256, 'grad_norm': 0.15817461907863617, 'learning_rate': 3.5132949145688e-05, 'epoch': 20.51}
{'loss': 1.4254, 'grad_norm': 0.11581617593765259, 'learning_rate': 3.511609881036633e-05, 'epoch': 20.52}
{'loss': 1.4258, 'grad_norm': 0.23835226893424988, 'learning_rate': 3.5099248475044655e-05, 'epoch': 20.52}
{'loss': 1.4249, 'grad_norm': 0.1179971918463707, 'learning_rate': 3.508239813972298e-05, 'epoch': 20.53}
{'loss': 1.4253, 'grad_norm': 0.2866469621658325, 'learning_rate': 3.506554780440131e-05, 'epoch': 20.53}
{'loss': 1.4256, 'grad_norm': 0.10467396676540375, 'learning_rate': 3.504869746907964e-05, 'epoch': 20.54}
{'loss': 1.4257, 'grad_norm': 0.07513653486967087, 'learning_rate': 3.503184713375796e-05, 'epoch': 20.54}
{'loss': 1.4251, 'grad_norm': 0.3243601620197296, 'learning_rate': 3.501499679843629e-05, 'epoch': 20.55}
{'loss': 1.4252, 'grad_norm': 0.1529432237148285, 'learning_rate': 3.499814646311462e-05, 'epoch': 20.55}
{'loss': 1.4255, 'grad_norm': 0.2521568536758423, 'learning_rate': 3.4981296127792944e-05, 'epoch': 20.56}
{'loss': 1.4252, 'grad_norm': 0.10970886051654816, 'learning_rate': 3.4964445792471276e-05, 'epoch': 20.56}
{'loss': 1.4255, 'grad_norm': 0.11568020284175873, 'learning_rate': 3.49475954571496e-05, 'epoch': 20.56}
{'loss': 1.4258, 'grad_norm': 0.17755521833896637, 'learning_rate': 3.4930745121827926e-05, 'epoch': 20.57}
{'loss': 1.4258, 'grad_norm': 0.19139613211154938, 'learning_rate': 3.491389478650625e-05, 'epoch': 20.57}
{'loss': 1.4259, 'grad_norm': 0.1040133535861969, 'learning_rate': 3.4897044451184576e-05, 'epoch': 20.58}
{'loss': 1.4256, 'grad_norm': 0.18751278519630432, 'learning_rate': 3.488019411586291e-05, 'epoch': 20.58}
{'loss': 1.4258, 'grad_norm': 0.35048502683639526, 'learning_rate': 3.486334378054123e-05, 'epoch': 20.59}
{'loss': 1.4261, 'grad_norm': 0.13794027268886566, 'learning_rate': 3.4846493445219565e-05, 'epoch': 20.59}
{'loss': 1.4256, 'grad_norm': 0.21016456186771393, 'learning_rate': 3.4829643109897884e-05, 'epoch': 20.6}
{'loss': 1.4256, 'grad_norm': 0.12279675155878067, 'learning_rate': 3.4812792774576215e-05, 'epoch': 20.6}
{'loss': 1.4259, 'grad_norm': 0.20329104363918304, 'learning_rate': 3.479594243925454e-05, 'epoch': 20.61}
{'loss': 1.4256, 'grad_norm': 0.12594358623027802, 'learning_rate': 3.477909210393287e-05, 'epoch': 20.61}
{'loss': 1.426, 'grad_norm': 0.19708700478076935, 'learning_rate': 3.47622417686112e-05, 'epoch': 20.61}
{'loss': 1.4257, 'grad_norm': 0.1105145514011383, 'learning_rate': 3.474539143328952e-05, 'epoch': 20.62}
{'loss': 1.4252, 'grad_norm': 0.11376479268074036, 'learning_rate': 3.4728541097967855e-05, 'epoch': 20.62}
{'loss': 1.4248, 'grad_norm': 0.11411719024181366, 'learning_rate': 3.471169076264618e-05, 'epoch': 20.63}
{'loss': 1.426, 'grad_norm': 0.5012620091438293, 'learning_rate': 3.4694840427324505e-05, 'epoch': 20.63}
{'loss': 1.4252, 'grad_norm': 0.09236002713441849, 'learning_rate': 3.467799009200283e-05, 'epoch': 20.64}
{'loss': 1.425, 'grad_norm': 0.09080331772565842, 'learning_rate': 3.466113975668116e-05, 'epoch': 20.64}
{'loss': 1.4253, 'grad_norm': 0.23359543085098267, 'learning_rate': 3.464428942135949e-05, 'epoch': 20.65}
{'loss': 1.4249, 'grad_norm': 0.08163683116436005, 'learning_rate': 3.462743908603782e-05, 'epoch': 20.65}
{'loss': 1.4259, 'grad_norm': 0.10367686301469803, 'learning_rate': 3.461058875071614e-05, 'epoch': 20.66}
{'loss': 1.4256, 'grad_norm': 0.1365378201007843, 'learning_rate': 3.459373841539447e-05, 'epoch': 20.66}
{'loss': 1.4256, 'grad_norm': 0.10426076501607895, 'learning_rate': 3.4576888080072794e-05, 'epoch': 20.66}
{'loss': 1.426, 'grad_norm': 0.14051096141338348, 'learning_rate': 3.456003774475112e-05, 'epoch': 20.67}
{'loss': 1.426, 'grad_norm': 0.1266563981771469, 'learning_rate': 3.454318740942945e-05, 'epoch': 20.67}
{'loss': 1.4256, 'grad_norm': 0.10594183206558228, 'learning_rate': 3.4526337074107776e-05, 'epoch': 20.68}
{'loss': 1.4255, 'grad_norm': 0.12084919214248657, 'learning_rate': 3.45094867387861e-05, 'epoch': 20.68}
{'loss': 1.4257, 'grad_norm': 0.15330259501934052, 'learning_rate': 3.4492636403464426e-05, 'epoch': 20.69}
{'loss': 1.4257, 'grad_norm': 0.20375066995620728, 'learning_rate': 3.447578606814276e-05, 'epoch': 20.69}
{'loss': 1.4255, 'grad_norm': 0.14288152754306793, 'learning_rate': 3.445893573282108e-05, 'epoch': 20.7}
{'loss': 1.4252, 'grad_norm': 0.17262250185012817, 'learning_rate': 3.4442085397499415e-05, 'epoch': 20.7}
{'loss': 1.4259, 'grad_norm': 0.25798723101615906, 'learning_rate': 3.442523506217774e-05, 'epoch': 20.71}
{'loss': 1.4258, 'grad_norm': 0.16461612284183502, 'learning_rate': 3.4408384726856065e-05, 'epoch': 20.71}
{'loss': 1.4253, 'grad_norm': 0.11913802474737167, 'learning_rate': 3.439153439153439e-05, 'epoch': 20.71}
{'loss': 1.4257, 'grad_norm': 0.4514147639274597, 'learning_rate': 3.437468405621272e-05, 'epoch': 20.72}
{'loss': 1.4254, 'grad_norm': 0.0875464379787445, 'learning_rate': 3.435783372089105e-05, 'epoch': 20.72}
{'loss': 1.4256, 'grad_norm': 0.11285039037466049, 'learning_rate': 3.434098338556937e-05, 'epoch': 20.73}
{'loss': 1.4257, 'grad_norm': 0.12473749369382858, 'learning_rate': 3.4324133050247705e-05, 'epoch': 20.73}
{'loss': 1.4258, 'grad_norm': 0.16741015017032623, 'learning_rate': 3.430728271492603e-05, 'epoch': 20.74}
{'loss': 1.4252, 'grad_norm': 0.16414692997932434, 'learning_rate': 3.4290432379604355e-05, 'epoch': 20.74}
{'loss': 1.4255, 'grad_norm': 0.1061607077717781, 'learning_rate': 3.427358204428268e-05, 'epoch': 20.75}
{'loss': 1.4248, 'grad_norm': 0.12911716103553772, 'learning_rate': 3.425673170896101e-05, 'epoch': 20.75}
{'loss': 1.4253, 'grad_norm': 0.3148760199546814, 'learning_rate': 3.423988137363934e-05, 'epoch': 20.76}
{'loss': 1.4254, 'grad_norm': 0.09625039249658585, 'learning_rate': 3.422303103831767e-05, 'epoch': 20.76}
{'loss': 1.4263, 'grad_norm': 0.10868740826845169, 'learning_rate': 3.4206180702995994e-05, 'epoch': 20.76}
{'loss': 1.4258, 'grad_norm': 0.12323753535747528, 'learning_rate': 3.418933036767432e-05, 'epoch': 20.77}
{'loss': 1.4262, 'grad_norm': 0.15896941721439362, 'learning_rate': 3.4172480032352644e-05, 'epoch': 20.77}
{'loss': 1.4256, 'grad_norm': 0.10489381849765778, 'learning_rate': 3.415562969703097e-05, 'epoch': 20.78}
{'loss': 1.4259, 'grad_norm': 0.16054534912109375, 'learning_rate': 3.41387793617093e-05, 'epoch': 20.78}
{'loss': 1.4252, 'grad_norm': 0.09667040407657623, 'learning_rate': 3.4121929026387626e-05, 'epoch': 20.79}
{'loss': 1.4252, 'grad_norm': 0.42510712146759033, 'learning_rate': 3.410507869106596e-05, 'epoch': 20.79}
{'loss': 1.4254, 'grad_norm': 0.17648737132549286, 'learning_rate': 3.4088228355744276e-05, 'epoch': 20.8}
{'loss': 1.4264, 'grad_norm': 0.13542093336582184, 'learning_rate': 3.407137802042261e-05, 'epoch': 20.8}
{'loss': 1.4263, 'grad_norm': 0.21509866416454315, 'learning_rate': 3.4054527685100933e-05, 'epoch': 20.81}
{'loss': 1.426, 'grad_norm': 0.1582462191581726, 'learning_rate': 3.4037677349779265e-05, 'epoch': 20.81}
{'loss': 1.4271, 'grad_norm': 0.09961840510368347, 'learning_rate': 3.402082701445759e-05, 'epoch': 20.81}
{'loss': 1.4249, 'grad_norm': 0.07953063398599625, 'learning_rate': 3.4003976679135916e-05, 'epoch': 20.82}
{'loss': 1.4253, 'grad_norm': 0.09586982429027557, 'learning_rate': 3.398712634381425e-05, 'epoch': 20.82}
{'loss': 1.4257, 'grad_norm': 0.12374355643987656, 'learning_rate': 3.3970276008492566e-05, 'epoch': 20.83}
{'loss': 1.4259, 'grad_norm': 0.14909493923187256, 'learning_rate': 3.39534256731709e-05, 'epoch': 20.83}
{'loss': 1.4261, 'grad_norm': 0.20106270909309387, 'learning_rate': 3.393657533784922e-05, 'epoch': 20.84}
{'loss': 1.4256, 'grad_norm': 0.12484864145517349, 'learning_rate': 3.3919725002527555e-05, 'epoch': 20.84}
{'loss': 1.426, 'grad_norm': 0.10573995858430862, 'learning_rate': 3.390287466720588e-05, 'epoch': 20.85}
{'loss': 1.4256, 'grad_norm': 0.15247872471809387, 'learning_rate': 3.388602433188421e-05, 'epoch': 20.85}
{'loss': 1.4263, 'grad_norm': 0.10836340487003326, 'learning_rate': 3.386917399656253e-05, 'epoch': 20.86}
{'loss': 1.4254, 'grad_norm': 0.177221417427063, 'learning_rate': 3.385232366124086e-05, 'epoch': 20.86}
{'loss': 1.426, 'grad_norm': 0.1438504010438919, 'learning_rate': 3.383547332591919e-05, 'epoch': 20.86}
{'loss': 1.4257, 'grad_norm': 0.1657368391752243, 'learning_rate': 3.381862299059751e-05, 'epoch': 20.87}
{'loss': 1.426, 'grad_norm': 0.1014915332198143, 'learning_rate': 3.3801772655275844e-05, 'epoch': 20.87}
{'loss': 1.4259, 'grad_norm': 0.3215414881706238, 'learning_rate': 3.378492231995417e-05, 'epoch': 20.88}
{'loss': 1.4257, 'grad_norm': 0.10173871368169785, 'learning_rate': 3.3768071984632494e-05, 'epoch': 20.88}
{'loss': 1.4258, 'grad_norm': 0.12498660385608673, 'learning_rate': 3.375122164931082e-05, 'epoch': 20.89}
{'loss': 1.4259, 'grad_norm': 0.09629042446613312, 'learning_rate': 3.373437131398915e-05, 'epoch': 20.89}
{'loss': 1.4258, 'grad_norm': 0.37347811460494995, 'learning_rate': 3.3717520978667476e-05, 'epoch': 20.9}
{'loss': 1.4248, 'grad_norm': 0.13707023859024048, 'learning_rate': 3.370067064334581e-05, 'epoch': 20.9}
{'loss': 1.4255, 'grad_norm': 0.09329938888549805, 'learning_rate': 3.368382030802413e-05, 'epoch': 20.91}
{'loss': 1.4253, 'grad_norm': 0.1094258651137352, 'learning_rate': 3.366696997270246e-05, 'epoch': 20.91}
{'loss': 1.4252, 'grad_norm': 0.09108568727970123, 'learning_rate': 3.3650119637380784e-05, 'epoch': 20.91}
{'loss': 1.4252, 'grad_norm': 0.09133215993642807, 'learning_rate': 3.363326930205911e-05, 'epoch': 20.92}
{'loss': 1.4258, 'grad_norm': 0.18761616945266724, 'learning_rate': 3.361641896673744e-05, 'epoch': 20.92}
{'loss': 1.4255, 'grad_norm': 0.14353275299072266, 'learning_rate': 3.3599568631415766e-05, 'epoch': 20.93}
pred : ardent in the prosecution of heresy cyril auspiciously opened his reign by oppressing the novations the most innocent and harmless of the sectaries
label: ardent in the prosecution of heresy cyril auspiciously opened his reign by oppressing the novatians the most innocent and harmless of the sectaries
pred : without any legal sentence without any royal mandate the patriarch at the dawn of day led a seditious multitude to the attack of the synagogues
label: without any legal sentence without any royal mandate the patriarch at the dawn of day led a seditious multitude to the attack of the synagogues
pred : such crimes would have deserved the animadversion of the magistrate but in this promiscuous outrage the innocent were confounded with the guilty and alexandria was impoverished by the loss of a wealthy and industrious colony
label: such crimes would have deserved the animadversion of the magistrate but in this promiscuous outrage the innocent were confounded with the guilty and alexandria was impoverished by the loss of a wealthy and industrious colony
pred : ardent in the prosecution of heresy cyril auspiciously opened his reign by oppressing the novations the most innocent and harmless of the sectaries
label: ardent in the prosecution of heresy cyril auspiciously opened his reign by oppressing the novatians the most innocent and harmless of the sectaries
pred : without any legal sentence without any royal mandate the patriarch at the dawn of day led a seditious multitude to the attack of the synagogues
label: without any legal sentence without any royal mandate the patriarch at the dawn of day led a seditious multitude to the attack of the synagogues
pred : such crimes would have deserved the animadversion of the magistrate but in this promiscuous outrage the innocent were confounded with the guilty and alexandria was impoverished by the loss of a wealthy and industrious colony
label: such crimes would have deserved the animadversion of the magistrate but in this promiscuous outrage the innocent were confounded with the guilty and alexandria was impoverished by the loss of a wealthy and industrious colony
pred : ardent in the prosecution of heresy cyril auspiciously opened his reign by oppressing the novations the most innocent and harmless of the sectaries
label: ardent in the prosecution of heresy cyril auspiciously opened his reign by oppressing the novatians the most innocent and harmless of the sectaries
pred : without any legal sentence without any royal mandate the patriarch at the dawn of day led a seditious multitude to the attack of the synagogues
label: without any legal sentence without any royal mandate the patriarch at the dawn of day led a seditious multitude to the attack of the synagogues
pred : such crimes would have deserved the animadversion of the magistrate but in this promiscuous outrage the innocent were confounded with the guilty and alexandria was impoverished by the loss of a wealthy and industrious colony
label: such crimes would have deserved the animadversion of the magistrate but in this promiscuous outrage the innocent were confounded with the guilty and alexandria was impoverished by the loss of a wealthy and industrious colony
pred : ardent in the prosecution of heresy cyril auspiciously opened his reign by oppressing the novations the most innocent and harmless of the sectaries
label: ardent in the prosecution of heresy cyril auspiciously opened his reign by oppressing the novatians the most innocent and harmless of the sectaries
pred : without any legal sentence without any royal mandate the patriarch at the dawn of day led a seditious multitude to the attack of the synagogues
label: without any legal sentence without any royal mandate the patriarch at the dawn of day led a seditious multitude to the attack of the synagogues
pred : such crimes would have deserved the animadversion of the magistrate but in this promiscuous outrage the innocent were confounded with the guilty and alexandria was impoverished by the loss of a wealthy and industrious colony
label: such crimes would have deserved the animadversion of the magistrate but in this promiscuous outrage the innocent were confounded with the guilty and alexandria was impoverished by the loss of a wealthy and industrious colony
{'eval_loss': 1.5652704238891602, 'eval_bleu': 96.88069031039178, 'eval_wer': 0.016825942129387983, 'eval_cer': 0.008114629053257213, 'eval_rouge1': 0.9861751812911924, 'eval_rouge2': 0.9745074799114037, 'eval_rougeL': 0.9861626483984651, 'eval_runtime': 95.1569, 'eval_samples_per_second': 58.503, 'eval_steps_per_second': 0.305, 'epoch': 20.93}
{'loss': 1.4255, 'grad_norm': 0.18986254930496216, 'learning_rate': 3.35827182960941e-05, 'epoch': 20.93}
{'loss': 1.4261, 'grad_norm': 0.16792045533657074, 'learning_rate': 3.356586796077242e-05, 'epoch': 20.94}
{'loss': 1.4255, 'grad_norm': 0.12335123866796494, 'learning_rate': 3.354901762545075e-05, 'epoch': 20.94}
{'loss': 1.4254, 'grad_norm': 0.10923858731985092, 'learning_rate': 3.353216729012907e-05, 'epoch': 20.95}
{'loss': 1.4259, 'grad_norm': 0.07782815396785736, 'learning_rate': 3.3515316954807405e-05, 'epoch': 20.95}
{'loss': 1.4255, 'grad_norm': 0.14619599282741547, 'learning_rate': 3.349846661948573e-05, 'epoch': 20.96}
{'loss': 1.4255, 'grad_norm': 0.12636110186576843, 'learning_rate': 3.3481616284164055e-05, 'epoch': 20.96}
{'loss': 1.426, 'grad_norm': 0.13742807507514954, 'learning_rate': 3.346476594884239e-05, 'epoch': 20.96}
{'loss': 1.4265, 'grad_norm': 0.13310645520687103, 'learning_rate': 3.3447915613520705e-05, 'epoch': 20.97}
{'loss': 1.4259, 'grad_norm': 0.1946248710155487, 'learning_rate': 3.343106527819904e-05, 'epoch': 20.97}
{'loss': 1.4253, 'grad_norm': 0.41232338547706604, 'learning_rate': 3.341421494287736e-05, 'epoch': 20.98}
{'loss': 1.425, 'grad_norm': 0.10352081805467606, 'learning_rate': 3.3397364607555694e-05, 'epoch': 20.98}
{'loss': 1.4255, 'grad_norm': 0.12656114995479584, 'learning_rate': 3.338051427223402e-05, 'epoch': 20.99}
{'loss': 1.4252, 'grad_norm': 0.1797933727502823, 'learning_rate': 3.336366393691235e-05, 'epoch': 20.99}
{'loss': 1.4257, 'grad_norm': 0.09051988273859024, 'learning_rate': 3.334681360159067e-05, 'epoch': 21.0}
{'loss': 1.4244, 'grad_norm': 0.08613791316747665, 'learning_rate': 3.3329963266269e-05, 'epoch': 21.0}
{'loss': 1.4245, 'grad_norm': 0.1556037962436676, 'learning_rate': 3.3313112930947326e-05, 'epoch': 21.01}
{'loss': 1.4244, 'grad_norm': 0.13217826187610626, 'learning_rate': 3.329626259562565e-05, 'epoch': 21.01}
{'loss': 1.4243, 'grad_norm': 0.07386207580566406, 'learning_rate': 3.3279412260303983e-05, 'epoch': 21.01}
{'loss': 1.4244, 'grad_norm': 0.15091881155967712, 'learning_rate': 3.326256192498231e-05, 'epoch': 21.02}
{'loss': 1.4241, 'grad_norm': 0.08103249222040176, 'learning_rate': 3.324571158966064e-05, 'epoch': 21.02}
{'loss': 1.4247, 'grad_norm': 0.08762488514184952, 'learning_rate': 3.322886125433896e-05, 'epoch': 21.03}
{'loss': 1.4236, 'grad_norm': 0.11942801624536514, 'learning_rate': 3.321201091901729e-05, 'epoch': 21.03}
{'loss': 1.4239, 'grad_norm': 0.10559440404176712, 'learning_rate': 3.3195160583695616e-05, 'epoch': 21.04}
{'loss': 1.424, 'grad_norm': 0.12670359015464783, 'learning_rate': 3.317831024837395e-05, 'epoch': 21.04}
{'loss': 1.4245, 'grad_norm': 0.27722111344337463, 'learning_rate': 3.316145991305227e-05, 'epoch': 21.05}
{'loss': 1.4254, 'grad_norm': 0.11160972714424133, 'learning_rate': 3.31446095777306e-05, 'epoch': 21.05}
{'loss': 1.4248, 'grad_norm': 0.11006288230419159, 'learning_rate': 3.312775924240892e-05, 'epoch': 21.06}
{'loss': 1.4249, 'grad_norm': 0.33878055214881897, 'learning_rate': 3.311090890708725e-05, 'epoch': 21.06}
{'loss': 1.4248, 'grad_norm': 0.08959664404392242, 'learning_rate': 3.309405857176558e-05, 'epoch': 21.06}
{'loss': 1.4245, 'grad_norm': 0.16606828570365906, 'learning_rate': 3.3077208236443905e-05, 'epoch': 21.07}
{'loss': 1.4243, 'grad_norm': 0.07576476037502289, 'learning_rate': 3.306035790112224e-05, 'epoch': 21.07}
{'loss': 1.4246, 'grad_norm': 0.13360022008419037, 'learning_rate': 3.304350756580056e-05, 'epoch': 21.08}
{'loss': 1.4246, 'grad_norm': 0.08101506531238556, 'learning_rate': 3.302665723047889e-05, 'epoch': 21.08}
{'loss': 1.4239, 'grad_norm': 0.09124398976564407, 'learning_rate': 3.300980689515721e-05, 'epoch': 21.09}
{'loss': 1.4247, 'grad_norm': 0.11994149535894394, 'learning_rate': 3.2992956559835544e-05, 'epoch': 21.09}
{'loss': 1.4253, 'grad_norm': 0.16416649520397186, 'learning_rate': 3.297610622451387e-05, 'epoch': 21.1}
{'loss': 1.425, 'grad_norm': 0.13806287944316864, 'learning_rate': 3.2959255889192194e-05, 'epoch': 21.1}
{'loss': 1.4248, 'grad_norm': 0.07718480378389359, 'learning_rate': 3.2942405553870526e-05, 'epoch': 21.11}
{'loss': 1.4253, 'grad_norm': 0.16336210072040558, 'learning_rate': 3.292555521854885e-05, 'epoch': 21.11}
{'loss': 1.4252, 'grad_norm': 0.08245900273323059, 'learning_rate': 3.2908704883227177e-05, 'epoch': 21.11}
{'loss': 1.4242, 'grad_norm': 0.08811638504266739, 'learning_rate': 3.28918545479055e-05, 'epoch': 21.12}
{'loss': 1.4243, 'grad_norm': 0.12207058072090149, 'learning_rate': 3.2875004212583834e-05, 'epoch': 21.12}
{'loss': 1.4252, 'grad_norm': 0.09458182007074356, 'learning_rate': 3.285815387726216e-05, 'epoch': 21.13}
{'loss': 1.4246, 'grad_norm': 0.1206863522529602, 'learning_rate': 3.284130354194049e-05, 'epoch': 21.13}
{'loss': 1.4246, 'grad_norm': 0.1546177715063095, 'learning_rate': 3.2824453206618816e-05, 'epoch': 21.14}
{'loss': 1.4257, 'grad_norm': 0.1553233563899994, 'learning_rate': 3.280760287129714e-05, 'epoch': 21.14}
{'loss': 1.4247, 'grad_norm': 0.12325531989336014, 'learning_rate': 3.2790752535975466e-05, 'epoch': 21.15}
{'loss': 1.4242, 'grad_norm': 0.14488252997398376, 'learning_rate': 3.27739022006538e-05, 'epoch': 21.15}
{'loss': 1.4245, 'grad_norm': 0.07049605995416641, 'learning_rate': 3.275705186533212e-05, 'epoch': 21.16}
{'loss': 1.4247, 'grad_norm': 0.13164937496185303, 'learning_rate': 3.274020153001045e-05, 'epoch': 21.16}
{'loss': 1.4256, 'grad_norm': 0.2965720295906067, 'learning_rate': 3.272335119468878e-05, 'epoch': 21.16}
{'loss': 1.4242, 'grad_norm': 0.27624768018722534, 'learning_rate': 3.27065008593671e-05, 'epoch': 21.17}
{'loss': 1.4246, 'grad_norm': 0.10820495337247849, 'learning_rate': 3.268965052404543e-05, 'epoch': 21.17}
{'loss': 1.4254, 'grad_norm': 0.09136532992124557, 'learning_rate': 3.2672800188723755e-05, 'epoch': 21.18}
{'loss': 1.4249, 'grad_norm': 0.079727403819561, 'learning_rate': 3.265594985340209e-05, 'epoch': 21.18}
{'loss': 1.4256, 'grad_norm': 2.2552268505096436, 'learning_rate': 3.263909951808041e-05, 'epoch': 21.19}
{'loss': 1.4248, 'grad_norm': 0.26491785049438477, 'learning_rate': 3.262224918275874e-05, 'epoch': 21.19}
{'loss': 1.4247, 'grad_norm': 0.12624923884868622, 'learning_rate': 3.260539884743706e-05, 'epoch': 21.2}
{'loss': 1.4248, 'grad_norm': 0.07128719985485077, 'learning_rate': 3.2588548512115394e-05, 'epoch': 21.2}
{'loss': 1.4245, 'grad_norm': 0.11388157308101654, 'learning_rate': 3.257169817679372e-05, 'epoch': 21.21}
{'loss': 1.4243, 'grad_norm': 0.08825934678316116, 'learning_rate': 3.2554847841472044e-05, 'epoch': 21.21}
{'loss': 1.4276, 'grad_norm': 0.08776522427797318, 'learning_rate': 3.2537997506150376e-05, 'epoch': 21.21}
{'loss': 1.4245, 'grad_norm': 0.1514887809753418, 'learning_rate': 3.25211471708287e-05, 'epoch': 21.22}
{'loss': 1.4246, 'grad_norm': 0.2447655349969864, 'learning_rate': 3.2504296835507027e-05, 'epoch': 21.22}
{'loss': 1.4249, 'grad_norm': 0.1589575707912445, 'learning_rate': 3.248744650018535e-05, 'epoch': 21.23}
{'loss': 1.4245, 'grad_norm': 0.0955861285328865, 'learning_rate': 3.2470596164863684e-05, 'epoch': 21.23}
{'loss': 1.4245, 'grad_norm': 0.0803527906537056, 'learning_rate': 3.245374582954201e-05, 'epoch': 21.24}
{'loss': 1.4244, 'grad_norm': 0.08213936537504196, 'learning_rate': 3.243689549422034e-05, 'epoch': 21.24}
{'loss': 1.4245, 'grad_norm': 0.166266068816185, 'learning_rate': 3.2420045158898666e-05, 'epoch': 21.25}
{'loss': 1.4245, 'grad_norm': 0.12724851071834564, 'learning_rate': 3.240319482357699e-05, 'epoch': 21.25}
{'loss': 1.4245, 'grad_norm': 0.07211824506521225, 'learning_rate': 3.2386344488255316e-05, 'epoch': 21.26}
{'loss': 1.4239, 'grad_norm': 0.14474956691265106, 'learning_rate': 3.236949415293364e-05, 'epoch': 21.26}
{'loss': 1.4239, 'grad_norm': 0.09171247482299805, 'learning_rate': 3.235264381761197e-05, 'epoch': 21.26}
{'loss': 1.4238, 'grad_norm': 0.06500976532697678, 'learning_rate': 3.23357934822903e-05, 'epoch': 21.27}
{'loss': 1.4244, 'grad_norm': 0.1370496302843094, 'learning_rate': 3.231894314696863e-05, 'epoch': 21.27}
{'loss': 1.4246, 'grad_norm': 0.39886099100112915, 'learning_rate': 3.2302092811646955e-05, 'epoch': 21.28}
{'loss': 1.4241, 'grad_norm': 0.0865929126739502, 'learning_rate': 3.228524247632528e-05, 'epoch': 21.28}
{'loss': 1.4244, 'grad_norm': 0.08024071156978607, 'learning_rate': 3.2268392141003605e-05, 'epoch': 21.29}
{'loss': 1.4239, 'grad_norm': 0.06607186049222946, 'learning_rate': 3.225154180568194e-05, 'epoch': 21.29}
{'loss': 1.4246, 'grad_norm': 0.09551213681697845, 'learning_rate': 3.223469147036026e-05, 'epoch': 21.3}
{'loss': 1.4299, 'grad_norm': 0.08050483465194702, 'learning_rate': 3.221784113503859e-05, 'epoch': 21.3}
{'loss': 1.4242, 'grad_norm': 0.12623634934425354, 'learning_rate': 3.220099079971692e-05, 'epoch': 21.31}
{'loss': 1.4251, 'grad_norm': 0.2726418375968933, 'learning_rate': 3.218414046439524e-05, 'epoch': 21.31}
{'loss': 1.4251, 'grad_norm': 0.1777304708957672, 'learning_rate': 3.216729012907357e-05, 'epoch': 21.31}
{'loss': 1.4245, 'grad_norm': 0.10674324631690979, 'learning_rate': 3.2150439793751895e-05, 'epoch': 21.32}
{'loss': 1.4249, 'grad_norm': 0.15002302825450897, 'learning_rate': 3.2133589458430226e-05, 'epoch': 21.32}
{'loss': 1.4239, 'grad_norm': 0.146811842918396, 'learning_rate': 3.211673912310855e-05, 'epoch': 21.33}
{'loss': 1.4242, 'grad_norm': 0.07238703966140747, 'learning_rate': 3.2099888787786883e-05, 'epoch': 21.33}
{'loss': 1.4236, 'grad_norm': 0.06981173902750015, 'learning_rate': 3.208303845246521e-05, 'epoch': 21.34}
{'loss': 1.4234, 'grad_norm': 0.0958373174071312, 'learning_rate': 3.2066188117143534e-05, 'epoch': 21.34}
{'loss': 1.4243, 'grad_norm': 0.0972054973244667, 'learning_rate': 3.204933778182186e-05, 'epoch': 21.35}
{'loss': 1.424, 'grad_norm': 0.10526089370250702, 'learning_rate': 3.2032487446500184e-05, 'epoch': 21.35}
{'loss': 1.4241, 'grad_norm': 0.11819576472043991, 'learning_rate': 3.2015637111178516e-05, 'epoch': 21.36}
{'loss': 1.4244, 'grad_norm': 0.07275474816560745, 'learning_rate': 3.199878677585684e-05, 'epoch': 21.36}
{'loss': 1.4242, 'grad_norm': 0.09212114661931992, 'learning_rate': 3.198193644053517e-05, 'epoch': 21.36}
{'loss': 1.424, 'grad_norm': 0.16661493480205536, 'learning_rate': 3.196508610521349e-05, 'epoch': 21.37}
{'loss': 1.4239, 'grad_norm': 0.319038987159729, 'learning_rate': 3.194823576989182e-05, 'epoch': 21.37}
{'loss': 1.4251, 'grad_norm': 0.13839909434318542, 'learning_rate': 3.193138543457015e-05, 'epoch': 21.38}
{'loss': 1.4241, 'grad_norm': 0.313311368227005, 'learning_rate': 3.191453509924848e-05, 'epoch': 21.38}
{'loss': 1.4238, 'grad_norm': 0.08500204235315323, 'learning_rate': 3.1897684763926805e-05, 'epoch': 21.39}
{'loss': 1.4232, 'grad_norm': 0.136673703789711, 'learning_rate': 3.188083442860513e-05, 'epoch': 21.39}
{'loss': 1.4246, 'grad_norm': 0.09471651911735535, 'learning_rate': 3.1863984093283455e-05, 'epoch': 21.4}
{'loss': 1.424, 'grad_norm': 0.2216334342956543, 'learning_rate': 3.184713375796178e-05, 'epoch': 21.4}
{'loss': 1.4242, 'grad_norm': 0.3286539316177368, 'learning_rate': 3.183028342264011e-05, 'epoch': 21.41}
{'loss': 1.4242, 'grad_norm': 0.1267072558403015, 'learning_rate': 3.181343308731844e-05, 'epoch': 21.41}
{'loss': 1.424, 'grad_norm': 0.19439679384231567, 'learning_rate': 3.179658275199677e-05, 'epoch': 21.41}
{'loss': 1.4244, 'grad_norm': 0.15408140420913696, 'learning_rate': 3.1779732416675094e-05, 'epoch': 21.42}
{'loss': 1.4246, 'grad_norm': 0.10064838081598282, 'learning_rate': 3.176288208135342e-05, 'epoch': 21.42}
{'loss': 1.4245, 'grad_norm': 0.07155291736125946, 'learning_rate': 3.1746031746031745e-05, 'epoch': 21.43}
{'loss': 1.4242, 'grad_norm': 0.14772924780845642, 'learning_rate': 3.1729181410710077e-05, 'epoch': 21.43}
{'loss': 1.4245, 'grad_norm': 0.10356498509645462, 'learning_rate': 3.17123310753884e-05, 'epoch': 21.44}
{'loss': 1.4242, 'grad_norm': 0.10667452216148376, 'learning_rate': 3.169548074006673e-05, 'epoch': 21.44}
{'loss': 1.4245, 'grad_norm': 0.17063437402248383, 'learning_rate': 3.167863040474506e-05, 'epoch': 21.45}
{'loss': 1.4246, 'grad_norm': 0.09255065023899078, 'learning_rate': 3.1661780069423384e-05, 'epoch': 21.45}
{'loss': 1.424, 'grad_norm': 0.08863536268472672, 'learning_rate': 3.164492973410171e-05, 'epoch': 21.46}
{'loss': 1.4241, 'grad_norm': 0.12233161926269531, 'learning_rate': 3.1628079398780034e-05, 'epoch': 21.46}
{'loss': 1.4243, 'grad_norm': 0.12274833768606186, 'learning_rate': 3.1611229063458366e-05, 'epoch': 21.46}
{'loss': 1.424, 'grad_norm': 0.09067299216985703, 'learning_rate': 3.159437872813669e-05, 'epoch': 21.47}
{'loss': 1.4236, 'grad_norm': 0.06971864402294159, 'learning_rate': 3.157752839281502e-05, 'epoch': 21.47}
{'loss': 1.4241, 'grad_norm': 0.09569898992776871, 'learning_rate': 3.156067805749335e-05, 'epoch': 21.48}
{'loss': 1.4234, 'grad_norm': 0.10787481814622879, 'learning_rate': 3.154382772217167e-05, 'epoch': 21.48}
{'loss': 1.424, 'grad_norm': 0.07712318748235703, 'learning_rate': 3.152697738685e-05, 'epoch': 21.49}
{'loss': 1.4249, 'grad_norm': 0.10497794300317764, 'learning_rate': 3.151012705152832e-05, 'epoch': 21.49}
{'loss': 1.4237, 'grad_norm': 0.09645029157400131, 'learning_rate': 3.1493276716206655e-05, 'epoch': 21.5}
{'loss': 1.4249, 'grad_norm': 0.16916216909885406, 'learning_rate': 3.147642638088498e-05, 'epoch': 21.5}
{'loss': 1.4242, 'grad_norm': 0.11285589635372162, 'learning_rate': 3.145957604556331e-05, 'epoch': 21.51}
{'loss': 1.4243, 'grad_norm': 0.17015330493450165, 'learning_rate': 3.144272571024163e-05, 'epoch': 21.51}
{'loss': 1.4244, 'grad_norm': 0.09424087405204773, 'learning_rate': 3.142587537491996e-05, 'epoch': 21.52}
{'loss': 1.424, 'grad_norm': 0.08661395311355591, 'learning_rate': 3.140902503959829e-05, 'epoch': 21.52}
{'loss': 1.4239, 'grad_norm': 0.139893040060997, 'learning_rate': 3.139217470427662e-05, 'epoch': 21.52}
{'loss': 1.4238, 'grad_norm': 0.4278377592563629, 'learning_rate': 3.1375324368954945e-05, 'epoch': 21.53}
{'loss': 1.4241, 'grad_norm': 0.1449253112077713, 'learning_rate': 3.135847403363327e-05, 'epoch': 21.53}
{'loss': 1.4249, 'grad_norm': 0.11423341184854507, 'learning_rate': 3.1341623698311595e-05, 'epoch': 21.54}
{'loss': 1.4247, 'grad_norm': 0.0831572487950325, 'learning_rate': 3.132477336298992e-05, 'epoch': 21.54}
{'loss': 1.4244, 'grad_norm': 0.1701676994562149, 'learning_rate': 3.130792302766825e-05, 'epoch': 21.55}
{'loss': 1.4247, 'grad_norm': 0.08965717256069183, 'learning_rate': 3.129107269234658e-05, 'epoch': 21.55}
{'loss': 1.425, 'grad_norm': 0.1397808939218521, 'learning_rate': 3.127422235702491e-05, 'epoch': 21.56}
{'loss': 1.4257, 'grad_norm': 0.2089996188879013, 'learning_rate': 3.1257372021703234e-05, 'epoch': 21.56}
{'loss': 1.425, 'grad_norm': 0.12061507254838943, 'learning_rate': 3.1240521686381566e-05, 'epoch': 21.57}
{'loss': 1.424, 'grad_norm': 0.08315270394086838, 'learning_rate': 3.1223671351059884e-05, 'epoch': 21.57}
{'loss': 1.4248, 'grad_norm': 0.07014240324497223, 'learning_rate': 3.1206821015738216e-05, 'epoch': 21.57}
{'loss': 1.4241, 'grad_norm': 0.14330743253231049, 'learning_rate': 3.118997068041654e-05, 'epoch': 21.58}
{'loss': 1.4243, 'grad_norm': 0.13681846857070923, 'learning_rate': 3.1173120345094866e-05, 'epoch': 21.58}
{'loss': 1.4238, 'grad_norm': 0.11059531569480896, 'learning_rate': 3.11562700097732e-05, 'epoch': 21.59}
{'loss': 1.4241, 'grad_norm': 0.12702403962612152, 'learning_rate': 3.113941967445152e-05, 'epoch': 21.59}
{'loss': 1.4245, 'grad_norm': 0.4105461537837982, 'learning_rate': 3.112256933912985e-05, 'epoch': 21.6}
{'loss': 1.424, 'grad_norm': 0.1193922609090805, 'learning_rate': 3.110571900380817e-05, 'epoch': 21.6}
{'loss': 1.4244, 'grad_norm': 0.12052324414253235, 'learning_rate': 3.1088868668486505e-05, 'epoch': 21.61}
{'loss': 1.4243, 'grad_norm': 0.1173076406121254, 'learning_rate': 3.107201833316483e-05, 'epoch': 21.61}
{'loss': 1.4249, 'grad_norm': 0.18411259353160858, 'learning_rate': 3.105516799784316e-05, 'epoch': 21.62}
{'loss': 1.4242, 'grad_norm': 0.08251556009054184, 'learning_rate': 3.103831766252149e-05, 'epoch': 21.62}
{'loss': 1.4246, 'grad_norm': 0.08024348318576813, 'learning_rate': 3.102146732719981e-05, 'epoch': 21.62}
{'loss': 1.4238, 'grad_norm': 0.08357344567775726, 'learning_rate': 3.100461699187814e-05, 'epoch': 21.63}
{'loss': 1.4241, 'grad_norm': 0.10766005516052246, 'learning_rate': 3.098776665655647e-05, 'epoch': 21.63}
{'loss': 1.4241, 'grad_norm': 0.06740441918373108, 'learning_rate': 3.0970916321234795e-05, 'epoch': 21.64}
{'loss': 1.4244, 'grad_norm': 0.15430787205696106, 'learning_rate': 3.095406598591312e-05, 'epoch': 21.64}
{'loss': 1.424, 'grad_norm': 0.27452316880226135, 'learning_rate': 3.093721565059145e-05, 'epoch': 21.65}
{'loss': 1.4244, 'grad_norm': 0.10857874155044556, 'learning_rate': 3.092036531526978e-05, 'epoch': 21.65}
{'loss': 1.4239, 'grad_norm': 0.089322529733181, 'learning_rate': 3.09035149799481e-05, 'epoch': 21.66}
{'loss': 1.4245, 'grad_norm': 0.0800560787320137, 'learning_rate': 3.088666464462643e-05, 'epoch': 21.66}
{'loss': 1.4241, 'grad_norm': 0.12797966599464417, 'learning_rate': 3.086981430930476e-05, 'epoch': 21.67}
{'loss': 1.4242, 'grad_norm': 0.10084626078605652, 'learning_rate': 3.0852963973983084e-05, 'epoch': 21.67}
{'loss': 1.4243, 'grad_norm': 0.27179086208343506, 'learning_rate': 3.0836113638661416e-05, 'epoch': 21.67}
{'loss': 1.4252, 'grad_norm': 0.21881243586540222, 'learning_rate': 3.081926330333974e-05, 'epoch': 21.68}
{'loss': 1.4245, 'grad_norm': 0.13616831600666046, 'learning_rate': 3.0802412968018066e-05, 'epoch': 21.68}
{'loss': 1.4244, 'grad_norm': 0.13172441720962524, 'learning_rate': 3.078556263269639e-05, 'epoch': 21.69}
{'loss': 1.4245, 'grad_norm': 0.22306208312511444, 'learning_rate': 3.0768712297374716e-05, 'epoch': 21.69}
{'loss': 1.4245, 'grad_norm': 0.18001239001750946, 'learning_rate': 3.075186196205305e-05, 'epoch': 21.7}
{'loss': 1.424, 'grad_norm': 0.31833261251449585, 'learning_rate': 3.073501162673137e-05, 'epoch': 21.7}
{'loss': 1.4244, 'grad_norm': 0.2704927921295166, 'learning_rate': 3.0718161291409705e-05, 'epoch': 21.71}
{'loss': 1.4239, 'grad_norm': 0.11956068128347397, 'learning_rate': 3.0701310956088023e-05, 'epoch': 21.71}
{'loss': 1.4252, 'grad_norm': 0.1734417825937271, 'learning_rate': 3.0684460620766355e-05, 'epoch': 21.72}
{'loss': 1.4251, 'grad_norm': 0.10433971881866455, 'learning_rate': 3.066761028544468e-05, 'epoch': 21.72}
{'loss': 1.4249, 'grad_norm': 0.12627126276493073, 'learning_rate': 3.065075995012301e-05, 'epoch': 21.72}
{'loss': 1.4241, 'grad_norm': 0.31718575954437256, 'learning_rate': 3.063390961480134e-05, 'epoch': 21.73}
{'loss': 1.4244, 'grad_norm': 0.1000441461801529, 'learning_rate': 3.061705927947966e-05, 'epoch': 21.73}
{'loss': 1.424, 'grad_norm': 0.48563992977142334, 'learning_rate': 3.060020894415799e-05, 'epoch': 21.74}
{'loss': 1.4237, 'grad_norm': 0.12655769288539886, 'learning_rate': 3.058335860883631e-05, 'epoch': 21.74}
{'loss': 1.4255, 'grad_norm': 0.125159353017807, 'learning_rate': 3.0566508273514645e-05, 'epoch': 21.75}
{'loss': 1.4247, 'grad_norm': 0.18025794625282288, 'learning_rate': 3.054965793819297e-05, 'epoch': 21.75}
{'loss': 1.425, 'grad_norm': 0.29592546820640564, 'learning_rate': 3.05328076028713e-05, 'epoch': 21.76}
{'loss': 1.4242, 'grad_norm': 0.211089625954628, 'learning_rate': 3.0515957267549627e-05, 'epoch': 21.76}
{'loss': 1.4246, 'grad_norm': 0.14923503994941711, 'learning_rate': 3.0499106932227955e-05, 'epoch': 21.77}
{'loss': 1.4242, 'grad_norm': 0.165806844830513, 'learning_rate': 3.0482256596906277e-05, 'epoch': 21.77}
{'loss': 1.4239, 'grad_norm': 0.07173876464366913, 'learning_rate': 3.0465406261584606e-05, 'epoch': 21.77}
{'loss': 1.4245, 'grad_norm': 0.2011646330356598, 'learning_rate': 3.0448555926262934e-05, 'epoch': 21.78}
{'loss': 1.4242, 'grad_norm': 0.08162784576416016, 'learning_rate': 3.0431705590941263e-05, 'epoch': 21.78}
{'loss': 1.4251, 'grad_norm': 0.13632065057754517, 'learning_rate': 3.041485525561959e-05, 'epoch': 21.79}
{'loss': 1.4244, 'grad_norm': 0.11943083256483078, 'learning_rate': 3.0398004920297916e-05, 'epoch': 21.79}
{'loss': 1.424, 'grad_norm': 0.09244789928197861, 'learning_rate': 3.038115458497624e-05, 'epoch': 21.8}
{'loss': 1.424, 'grad_norm': 0.17333941161632538, 'learning_rate': 3.036430424965457e-05, 'epoch': 21.8}
{'loss': 1.4243, 'grad_norm': 0.09854285418987274, 'learning_rate': 3.0347453914332895e-05, 'epoch': 21.81}
{'loss': 1.4246, 'grad_norm': 0.10719212889671326, 'learning_rate': 3.0330603579011223e-05, 'epoch': 21.81}
{'loss': 1.4245, 'grad_norm': 0.07425401359796524, 'learning_rate': 3.0313753243689552e-05, 'epoch': 21.82}
{'loss': 1.4241, 'grad_norm': 0.12426797300577164, 'learning_rate': 3.029690290836788e-05, 'epoch': 21.82}
{'loss': 1.4237, 'grad_norm': 0.1349637806415558, 'learning_rate': 3.0280052573046202e-05, 'epoch': 21.82}
{'loss': 1.4241, 'grad_norm': 0.10979585349559784, 'learning_rate': 3.026320223772453e-05, 'epoch': 21.83}
{'loss': 1.4247, 'grad_norm': 0.10632804781198502, 'learning_rate': 3.024635190240286e-05, 'epoch': 21.83}
{'loss': 1.4239, 'grad_norm': 1.1372700929641724, 'learning_rate': 3.0229501567081188e-05, 'epoch': 21.84}
pred : ardent in the prosecution of heresy cyril auspiciously opened his reign by oppressing the novations the most innocent and harmless of the sectaries
label: ardent in the prosecution of heresy cyril auspiciously opened his reign by oppressing the novatians the most innocent and harmless of the sectaries
pred : without any legal sentence without any royal mandate the patriarch at the dawn of day led a seditious multitude to the attack of the synagogues
label: without any legal sentence without any royal mandate the patriarch at the dawn of day led a seditious multitude to the attack of the synagogues
pred : such crimes would have deserved the animadversion of the magistrate but in this promiscuous outrage the innocent were confounded with the guilty and alexandria was impoverished by the loss of a wealthy and industrious colony
label: such crimes would have deserved the animadversion of the magistrate but in this promiscuous outrage the innocent were confounded with the guilty and alexandria was impoverished by the loss of a wealthy and industrious colony
pred : ardent in the prosecution of heresy cyril auspiciously opened his reign by oppressing the novations the most innocent and harmless of the sectaries
label: ardent in the prosecution of heresy cyril auspiciously opened his reign by oppressing the novatians the most innocent and harmless of the sectaries
pred : without any legal sentence without any royal mandate the patriarch at the dawn of day led a seditious multitude to the attack of the synagogues
label: without any legal sentence without any royal mandate the patriarch at the dawn of day led a seditious multitude to the attack of the synagogues
pred : such crimes would have deserved the animadversion of the magistrate but in this promiscuous outrage the innocent were confounded with the guilty and alexandria was impoverished by the loss of a wealthy and industrious colony
label: such crimes would have deserved the animadversion of the magistrate but in this promiscuous outrage the innocent were confounded with the guilty and alexandria was impoverished by the loss of a wealthy and industrious colony
pred : ardent in the prosecution of heresy cyril auspiciously opened his reign by oppressing the novations the most innocent and harmless of the sectaries
label: ardent in the prosecution of heresy cyril auspiciously opened his reign by oppressing the novatians the most innocent and harmless of the sectaries
pred : without any legal sentence without any royal mandate the patriarch at the dawn of day led a seditious multitude to the attack of the synagogues
label: without any legal sentence without any royal mandate the patriarch at the dawn of day led a seditious multitude to the attack of the synagogues
pred : such crimes would have deserved the animadversion of the magistrate but in this promiscuous outrage the innocent were confounded with the guilty and alexandria was impoverished by the loss of a wealthy and industrious colony
label: such crimes would have deserved the animadversion of the magistrate but in this promiscuous outrage the innocent were confounded with the guilty and alexandria was impoverished by the loss of a wealthy and industrious colony
pred : ardent in the prosecution of heresy cyril auspiciously opened his reign by oppressing the novations the most innocent and harmless of the sectaries
label: ardent in the prosecution of heresy cyril auspiciously opened his reign by oppressing the novatians the most innocent and harmless of the sectaries
pred : without any legal sentence without any royal mandate the patriarch at the dawn of day led a seditious multitude to the attack of the synagogues
label: without any legal sentence without any royal mandate the patriarch at the dawn of day led a seditious multitude to the attack of the synagogues
pred : such crimes would have deserved the animadversion of the magistrate but in this promiscuous outrage the innocent were confounded with the guilty and alexandria was impoverished by the loss of a wealthy and industrious colony
label: such crimes would have deserved the animadversion of the magistrate but in this promiscuous outrage the innocent were confounded with the guilty and alexandria was impoverished by the loss of a wealthy and industrious colony
{'eval_loss': 1.562455654144287, 'eval_bleu': 96.90499509398639, 'eval_wer': 0.016645630284797812, 'eval_cer': 0.007900042196071077, 'eval_rouge1': 0.9862489764515712, 'eval_rouge2': 0.9745989681737549, 'eval_rougeL': 0.9862437393098017, 'eval_runtime': 95.2906, 'eval_samples_per_second': 58.421, 'eval_steps_per_second': 0.304, 'epoch': 21.84}
{'loss': 1.425, 'grad_norm': 0.09247159212827682, 'learning_rate': 3.0212651231759516e-05, 'epoch': 21.84}
{'loss': 1.424, 'grad_norm': 0.09412870556116104, 'learning_rate': 3.019580089643784e-05, 'epoch': 21.85}
{'loss': 1.4234, 'grad_norm': 0.13362586498260498, 'learning_rate': 3.0178950561116166e-05, 'epoch': 21.85}
{'loss': 1.4244, 'grad_norm': 0.21351014077663422, 'learning_rate': 3.016210022579449e-05, 'epoch': 21.86}
{'loss': 1.4243, 'grad_norm': 0.11741217225790024, 'learning_rate': 3.014524989047282e-05, 'epoch': 21.86}
{'loss': 1.4246, 'grad_norm': 0.23388217389583588, 'learning_rate': 3.012839955515115e-05, 'epoch': 21.87}
{'loss': 1.4246, 'grad_norm': 0.1587563306093216, 'learning_rate': 3.0111549219829477e-05, 'epoch': 21.87}
{'loss': 1.4238, 'grad_norm': 0.17909587919712067, 'learning_rate': 3.0094698884507805e-05, 'epoch': 21.87}
{'loss': 1.4247, 'grad_norm': 0.07914337515830994, 'learning_rate': 3.0077848549186134e-05, 'epoch': 21.88}
{'loss': 1.424, 'grad_norm': 0.11616675555706024, 'learning_rate': 3.0060998213864456e-05, 'epoch': 21.88}
{'loss': 1.4242, 'grad_norm': 0.10346642136573792, 'learning_rate': 3.0044147878542784e-05, 'epoch': 21.89}
{'loss': 1.4246, 'grad_norm': 0.10410954803228378, 'learning_rate': 3.0027297543221113e-05, 'epoch': 21.89}
{'loss': 1.4241, 'grad_norm': 0.11592406779527664, 'learning_rate': 3.0010447207899438e-05, 'epoch': 21.9}
{'loss': 1.4235, 'grad_norm': 0.13789436221122742, 'learning_rate': 2.9993596872577766e-05, 'epoch': 21.9}
{'loss': 1.4287, 'grad_norm': 0.22333045303821564, 'learning_rate': 2.9976746537256095e-05, 'epoch': 21.91}
{'loss': 1.4243, 'grad_norm': 0.15891961753368378, 'learning_rate': 2.9959896201934416e-05, 'epoch': 21.91}
{'loss': 1.424, 'grad_norm': 0.16641657054424286, 'learning_rate': 2.9943045866612745e-05, 'epoch': 21.92}
{'loss': 1.424, 'grad_norm': 0.29700207710266113, 'learning_rate': 2.9926195531291073e-05, 'epoch': 21.92}
{'loss': 1.4236, 'grad_norm': 0.11007491499185562, 'learning_rate': 2.9909345195969402e-05, 'epoch': 21.92}
{'loss': 1.4242, 'grad_norm': 0.111813023686409, 'learning_rate': 2.989249486064773e-05, 'epoch': 21.93}
{'loss': 1.4241, 'grad_norm': 0.12623447179794312, 'learning_rate': 2.987564452532606e-05, 'epoch': 21.93}
{'loss': 1.4244, 'grad_norm': 0.20876654982566833, 'learning_rate': 2.985879419000438e-05, 'epoch': 21.94}
{'loss': 1.424, 'grad_norm': 0.12698611617088318, 'learning_rate': 2.984194385468271e-05, 'epoch': 21.94}
{'loss': 1.4239, 'grad_norm': 0.07340897619724274, 'learning_rate': 2.9825093519361034e-05, 'epoch': 21.95}
{'loss': 1.424, 'grad_norm': 0.17235718667507172, 'learning_rate': 2.9808243184039363e-05, 'epoch': 21.95}
{'loss': 1.4249, 'grad_norm': 0.25998038053512573, 'learning_rate': 2.979139284871769e-05, 'epoch': 21.96}
{'loss': 1.4247, 'grad_norm': 0.08994201570749283, 'learning_rate': 2.977454251339602e-05, 'epoch': 21.96}
{'loss': 1.4243, 'grad_norm': 0.22039954364299774, 'learning_rate': 2.9757692178074348e-05, 'epoch': 21.97}
{'loss': 1.4249, 'grad_norm': 0.12030993402004242, 'learning_rate': 2.974084184275267e-05, 'epoch': 21.97}
{'loss': 1.4245, 'grad_norm': 0.10240133851766586, 'learning_rate': 2.9723991507431e-05, 'epoch': 21.97}
{'loss': 1.424, 'grad_norm': 0.09457673877477646, 'learning_rate': 2.9707141172109327e-05, 'epoch': 21.98}
{'loss': 1.4235, 'grad_norm': 0.14027206599712372, 'learning_rate': 2.9690290836787655e-05, 'epoch': 21.98}
{'loss': 1.4246, 'grad_norm': 0.10611565411090851, 'learning_rate': 2.967344050146598e-05, 'epoch': 21.99}
{'loss': 1.4243, 'grad_norm': 0.20530854165554047, 'learning_rate': 2.965659016614431e-05, 'epoch': 21.99}
{'loss': 1.4243, 'grad_norm': 0.08771415054798126, 'learning_rate': 2.9639739830822634e-05, 'epoch': 22.0}
{'loss': 1.425, 'grad_norm': 0.141914963722229, 'learning_rate': 2.962288949550096e-05, 'epoch': 22.0}
{'loss': 1.4243, 'grad_norm': 0.15800881385803223, 'learning_rate': 2.9606039160179288e-05, 'epoch': 22.01}
{'loss': 1.4242, 'grad_norm': 0.08664818853139877, 'learning_rate': 2.9589188824857616e-05, 'epoch': 22.01}
{'loss': 1.4233, 'grad_norm': 0.08088038861751556, 'learning_rate': 2.9572338489535945e-05, 'epoch': 22.02}
{'loss': 1.4236, 'grad_norm': 0.10001722723245621, 'learning_rate': 2.9555488154214273e-05, 'epoch': 22.02}
{'loss': 1.4237, 'grad_norm': 0.1545969545841217, 'learning_rate': 2.9538637818892595e-05, 'epoch': 22.02}
{'loss': 1.4234, 'grad_norm': 0.09686977416276932, 'learning_rate': 2.9521787483570924e-05, 'epoch': 22.03}
{'loss': 1.4235, 'grad_norm': 0.08229561895132065, 'learning_rate': 2.9504937148249252e-05, 'epoch': 22.03}
{'loss': 1.4242, 'grad_norm': 0.11739584803581238, 'learning_rate': 2.948808681292758e-05, 'epoch': 22.04}
{'loss': 1.4238, 'grad_norm': 0.10678727924823761, 'learning_rate': 2.9471236477605906e-05, 'epoch': 22.04}
{'loss': 1.4235, 'grad_norm': 0.08872606605291367, 'learning_rate': 2.9454386142284234e-05, 'epoch': 22.05}
{'loss': 1.4236, 'grad_norm': 0.11248673498630524, 'learning_rate': 2.9437535806962556e-05, 'epoch': 22.05}
{'loss': 1.4229, 'grad_norm': 0.32216206192970276, 'learning_rate': 2.9420685471640884e-05, 'epoch': 22.06}
{'loss': 1.4243, 'grad_norm': 0.1837216168642044, 'learning_rate': 2.9403835136319213e-05, 'epoch': 22.06}
{'loss': 1.4247, 'grad_norm': 0.07706016302108765, 'learning_rate': 2.938698480099754e-05, 'epoch': 22.07}
{'loss': 1.4243, 'grad_norm': 0.13164201378822327, 'learning_rate': 2.937013446567587e-05, 'epoch': 22.07}
{'loss': 1.4235, 'grad_norm': 0.09332527220249176, 'learning_rate': 2.93532841303542e-05, 'epoch': 22.07}
{'loss': 1.4237, 'grad_norm': 0.11880529671907425, 'learning_rate': 2.9336433795032527e-05, 'epoch': 22.08}
{'loss': 1.4231, 'grad_norm': 0.08241087943315506, 'learning_rate': 2.931958345971085e-05, 'epoch': 22.08}
{'loss': 1.4228, 'grad_norm': 0.08134547621011734, 'learning_rate': 2.9302733124389177e-05, 'epoch': 22.09}
{'loss': 1.424, 'grad_norm': 0.17766709625720978, 'learning_rate': 2.9285882789067502e-05, 'epoch': 22.09}
{'loss': 1.4242, 'grad_norm': 0.09204058349132538, 'learning_rate': 2.926903245374583e-05, 'epoch': 22.1}
{'loss': 1.4236, 'grad_norm': 0.19752557575702667, 'learning_rate': 2.925218211842416e-05, 'epoch': 22.1}
{'loss': 1.424, 'grad_norm': 0.06422557681798935, 'learning_rate': 2.9235331783102488e-05, 'epoch': 22.11}
{'loss': 1.4234, 'grad_norm': 0.10200155526399612, 'learning_rate': 2.921848144778081e-05, 'epoch': 22.11}
{'loss': 1.4237, 'grad_norm': 0.09371914714574814, 'learning_rate': 2.9201631112459138e-05, 'epoch': 22.12}
{'loss': 1.4232, 'grad_norm': 0.08395474404096603, 'learning_rate': 2.9184780777137466e-05, 'epoch': 22.12}
{'loss': 1.4232, 'grad_norm': 0.08206461369991302, 'learning_rate': 2.9167930441815795e-05, 'epoch': 22.12}
{'loss': 1.4231, 'grad_norm': 0.34971970319747925, 'learning_rate': 2.9151080106494123e-05, 'epoch': 22.13}
{'loss': 1.4233, 'grad_norm': 0.19225294888019562, 'learning_rate': 2.913422977117245e-05, 'epoch': 22.13}
{'loss': 1.4236, 'grad_norm': 0.2573276162147522, 'learning_rate': 2.9117379435850774e-05, 'epoch': 22.14}
{'loss': 1.4236, 'grad_norm': 0.11331649869680405, 'learning_rate': 2.91005291005291e-05, 'epoch': 22.14}
{'loss': 1.4233, 'grad_norm': 0.11135192960500717, 'learning_rate': 2.9083678765207427e-05, 'epoch': 22.15}
{'loss': 1.4232, 'grad_norm': 0.10443534702062607, 'learning_rate': 2.9066828429885756e-05, 'epoch': 22.15}
{'loss': 1.4231, 'grad_norm': 0.12732960283756256, 'learning_rate': 2.9049978094564084e-05, 'epoch': 22.16}
{'loss': 1.4235, 'grad_norm': 0.061963073909282684, 'learning_rate': 2.9033127759242413e-05, 'epoch': 22.16}
{'loss': 1.4239, 'grad_norm': 0.07669904828071594, 'learning_rate': 2.9016277423920734e-05, 'epoch': 22.17}
{'loss': 1.4232, 'grad_norm': 0.07743030041456223, 'learning_rate': 2.8999427088599063e-05, 'epoch': 22.17}
{'loss': 1.4237, 'grad_norm': 0.2374383956193924, 'learning_rate': 2.898257675327739e-05, 'epoch': 22.17}
{'loss': 1.4234, 'grad_norm': 0.12102729082107544, 'learning_rate': 2.896572641795572e-05, 'epoch': 22.18}
{'loss': 1.4229, 'grad_norm': 0.0753994807600975, 'learning_rate': 2.8948876082634045e-05, 'epoch': 22.18}
{'loss': 1.4233, 'grad_norm': 0.0800069272518158, 'learning_rate': 2.8932025747312374e-05, 'epoch': 22.19}
{'loss': 1.4237, 'grad_norm': 0.20250678062438965, 'learning_rate': 2.8915175411990702e-05, 'epoch': 22.19}
{'loss': 1.4243, 'grad_norm': 0.09054885059595108, 'learning_rate': 2.8898325076669024e-05, 'epoch': 22.2}
{'loss': 1.4231, 'grad_norm': 0.19577515125274658, 'learning_rate': 2.8881474741347352e-05, 'epoch': 22.2}
{'loss': 1.4239, 'grad_norm': 0.08356048166751862, 'learning_rate': 2.886462440602568e-05, 'epoch': 22.21}
{'loss': 1.4236, 'grad_norm': 0.285605788230896, 'learning_rate': 2.884777407070401e-05, 'epoch': 22.21}
{'loss': 1.4232, 'grad_norm': 0.26953741908073425, 'learning_rate': 2.8830923735382338e-05, 'epoch': 22.22}
{'loss': 1.4238, 'grad_norm': 0.09813951700925827, 'learning_rate': 2.8814073400060666e-05, 'epoch': 22.22}
{'loss': 1.4235, 'grad_norm': 0.19770047068595886, 'learning_rate': 2.8797223064738988e-05, 'epoch': 22.22}
{'loss': 1.4235, 'grad_norm': 0.07924499362707138, 'learning_rate': 2.8780372729417316e-05, 'epoch': 22.23}
{'loss': 1.4234, 'grad_norm': 0.0689878836274147, 'learning_rate': 2.8763522394095645e-05, 'epoch': 22.23}
{'loss': 1.4235, 'grad_norm': 0.09369312226772308, 'learning_rate': 2.874667205877397e-05, 'epoch': 22.24}
{'loss': 1.4228, 'grad_norm': 0.17967718839645386, 'learning_rate': 2.87298217234523e-05, 'epoch': 22.24}
{'loss': 1.4238, 'grad_norm': 0.15819315612316132, 'learning_rate': 2.8712971388130627e-05, 'epoch': 22.25}
{'loss': 1.4234, 'grad_norm': 0.26557457447052, 'learning_rate': 2.869612105280895e-05, 'epoch': 22.25}
{'loss': 1.4235, 'grad_norm': 0.20900967717170715, 'learning_rate': 2.8679270717487277e-05, 'epoch': 22.26}
{'loss': 1.4235, 'grad_norm': 0.0928623229265213, 'learning_rate': 2.8662420382165606e-05, 'epoch': 22.26}
{'loss': 1.4232, 'grad_norm': 0.1547941416501999, 'learning_rate': 2.8645570046843934e-05, 'epoch': 22.27}
{'loss': 1.4229, 'grad_norm': 0.07432757318019867, 'learning_rate': 2.8628719711522263e-05, 'epoch': 22.27}
{'loss': 1.4243, 'grad_norm': 0.10599711537361145, 'learning_rate': 2.861186937620059e-05, 'epoch': 22.27}
{'loss': 1.4239, 'grad_norm': 0.19727827608585358, 'learning_rate': 2.8595019040878916e-05, 'epoch': 22.28}
{'loss': 1.4235, 'grad_norm': 0.12539613246917725, 'learning_rate': 2.857816870555724e-05, 'epoch': 22.28}
{'loss': 1.424, 'grad_norm': 0.5413453578948975, 'learning_rate': 2.8561318370235567e-05, 'epoch': 22.29}
{'loss': 1.4236, 'grad_norm': 0.12962493300437927, 'learning_rate': 2.8544468034913895e-05, 'epoch': 22.29}
{'loss': 1.4232, 'grad_norm': 0.12154994904994965, 'learning_rate': 2.8527617699592224e-05, 'epoch': 22.3}
{'loss': 1.4232, 'grad_norm': 0.12026520073413849, 'learning_rate': 2.8510767364270552e-05, 'epoch': 22.3}
{'loss': 1.4237, 'grad_norm': 0.07436690479516983, 'learning_rate': 2.849391702894888e-05, 'epoch': 22.31}
{'loss': 1.4239, 'grad_norm': 0.2565930485725403, 'learning_rate': 2.8477066693627202e-05, 'epoch': 22.31}
{'loss': 1.4238, 'grad_norm': 0.07808177918195724, 'learning_rate': 2.846021635830553e-05, 'epoch': 22.32}
{'loss': 1.4238, 'grad_norm': 0.9543061256408691, 'learning_rate': 2.844336602298386e-05, 'epoch': 22.32}
{'loss': 1.4237, 'grad_norm': 0.2552647888660431, 'learning_rate': 2.8426515687662188e-05, 'epoch': 22.32}
{'loss': 1.4238, 'grad_norm': 0.07631829380989075, 'learning_rate': 2.8409665352340513e-05, 'epoch': 22.33}
{'loss': 1.4234, 'grad_norm': 0.08560800552368164, 'learning_rate': 2.839281501701884e-05, 'epoch': 22.33}
{'loss': 1.4234, 'grad_norm': 0.07636962085962296, 'learning_rate': 2.8375964681697163e-05, 'epoch': 22.34}
{'loss': 1.4234, 'grad_norm': 0.09708244353532791, 'learning_rate': 2.835911434637549e-05, 'epoch': 22.34}
{'loss': 1.4232, 'grad_norm': 0.08500409871339798, 'learning_rate': 2.834226401105382e-05, 'epoch': 22.35}
{'loss': 1.4236, 'grad_norm': 0.37774986028671265, 'learning_rate': 2.832541367573215e-05, 'epoch': 22.35}
{'loss': 1.4231, 'grad_norm': 0.11417952179908752, 'learning_rate': 2.8308563340410477e-05, 'epoch': 22.36}
{'loss': 1.4233, 'grad_norm': 0.1220032349228859, 'learning_rate': 2.8291713005088806e-05, 'epoch': 22.36}
{'loss': 1.4237, 'grad_norm': 0.3482488989830017, 'learning_rate': 2.8274862669767127e-05, 'epoch': 22.37}
{'loss': 1.4238, 'grad_norm': 0.11216263473033905, 'learning_rate': 2.8258012334445456e-05, 'epoch': 22.37}
{'loss': 1.4238, 'grad_norm': 0.09487703442573547, 'learning_rate': 2.8241161999123784e-05, 'epoch': 22.37}
{'loss': 1.4224, 'grad_norm': 0.10074420273303986, 'learning_rate': 2.822431166380211e-05, 'epoch': 22.38}
{'loss': 1.4234, 'grad_norm': 0.07412361353635788, 'learning_rate': 2.8207461328480438e-05, 'epoch': 22.38}
{'loss': 1.423, 'grad_norm': 0.13097360730171204, 'learning_rate': 2.8190610993158766e-05, 'epoch': 22.39}
{'loss': 1.4239, 'grad_norm': 0.11498052626848221, 'learning_rate': 2.8173760657837095e-05, 'epoch': 22.39}
{'loss': 1.4235, 'grad_norm': 0.07915833592414856, 'learning_rate': 2.8156910322515417e-05, 'epoch': 22.4}
{'loss': 1.4236, 'grad_norm': 0.1468743085861206, 'learning_rate': 2.8140059987193745e-05, 'epoch': 22.4}
{'loss': 1.4235, 'grad_norm': 0.2572224736213684, 'learning_rate': 2.8123209651872074e-05, 'epoch': 22.41}
{'loss': 1.4233, 'grad_norm': 0.441323846578598, 'learning_rate': 2.8106359316550402e-05, 'epoch': 22.41}
{'loss': 1.4238, 'grad_norm': 0.1321014016866684, 'learning_rate': 2.808950898122873e-05, 'epoch': 22.42}
{'loss': 1.4234, 'grad_norm': 0.3086419105529785, 'learning_rate': 2.8072658645907056e-05, 'epoch': 22.42}
{'loss': 1.4234, 'grad_norm': 0.08303052186965942, 'learning_rate': 2.805580831058538e-05, 'epoch': 22.42}
{'loss': 1.4233, 'grad_norm': 0.1258930265903473, 'learning_rate': 2.803895797526371e-05, 'epoch': 22.43}
{'loss': 1.4231, 'grad_norm': 0.07958085089921951, 'learning_rate': 2.8022107639942035e-05, 'epoch': 22.43}
{'loss': 1.4238, 'grad_norm': 0.09528560936450958, 'learning_rate': 2.8005257304620363e-05, 'epoch': 22.44}
{'loss': 1.4236, 'grad_norm': 0.15048545598983765, 'learning_rate': 2.798840696929869e-05, 'epoch': 22.44}
{'loss': 1.4238, 'grad_norm': 0.08584199100732803, 'learning_rate': 2.797155663397702e-05, 'epoch': 22.45}
{'loss': 1.4236, 'grad_norm': 0.07703780382871628, 'learning_rate': 2.7954706298655342e-05, 'epoch': 22.45}
{'loss': 1.4232, 'grad_norm': 0.09120867401361465, 'learning_rate': 2.793785596333367e-05, 'epoch': 22.46}
{'loss': 1.4235, 'grad_norm': 0.08732964843511581, 'learning_rate': 2.7921005628012e-05, 'epoch': 22.46}
{'loss': 1.4241, 'grad_norm': 0.21263839304447174, 'learning_rate': 2.7904155292690327e-05, 'epoch': 22.47}
{'loss': 1.4238, 'grad_norm': 0.09294541925191879, 'learning_rate': 2.7887304957368652e-05, 'epoch': 22.47}
{'loss': 1.4241, 'grad_norm': 0.2077195942401886, 'learning_rate': 2.787045462204698e-05, 'epoch': 22.47}
{'loss': 1.4236, 'grad_norm': 0.08325319737195969, 'learning_rate': 2.7853604286725306e-05, 'epoch': 22.48}
{'loss': 1.423, 'grad_norm': 0.07960858941078186, 'learning_rate': 2.783675395140363e-05, 'epoch': 22.48}
{'loss': 1.4233, 'grad_norm': 0.10244056582450867, 'learning_rate': 2.781990361608196e-05, 'epoch': 22.49}
{'loss': 1.4233, 'grad_norm': 0.0876784548163414, 'learning_rate': 2.7803053280760288e-05, 'epoch': 22.49}
{'loss': 1.424, 'grad_norm': 0.07962223887443542, 'learning_rate': 2.7786202945438617e-05, 'epoch': 22.5}
{'loss': 1.4234, 'grad_norm': 0.2545395493507385, 'learning_rate': 2.7769352610116945e-05, 'epoch': 22.5}
{'loss': 1.4243, 'grad_norm': 0.2139933705329895, 'learning_rate': 2.7752502274795274e-05, 'epoch': 22.51}
{'loss': 1.424, 'grad_norm': 0.13916324079036713, 'learning_rate': 2.7735651939473595e-05, 'epoch': 22.51}
{'loss': 1.4243, 'grad_norm': 0.09531524777412415, 'learning_rate': 2.7718801604151924e-05, 'epoch': 22.52}
{'loss': 1.4237, 'grad_norm': 0.08068659156560898, 'learning_rate': 2.7701951268830252e-05, 'epoch': 22.52}
{'loss': 1.424, 'grad_norm': 0.2715558707714081, 'learning_rate': 2.7685100933508577e-05, 'epoch': 22.53}
{'loss': 1.4237, 'grad_norm': 0.07053270190954208, 'learning_rate': 2.7668250598186906e-05, 'epoch': 22.53}
{'loss': 1.4237, 'grad_norm': 0.09961026906967163, 'learning_rate': 2.7651400262865234e-05, 'epoch': 22.53}
{'loss': 1.4245, 'grad_norm': 0.10972526669502258, 'learning_rate': 2.7634549927543556e-05, 'epoch': 22.54}
{'loss': 1.4232, 'grad_norm': 0.1307898610830307, 'learning_rate': 2.7617699592221885e-05, 'epoch': 22.54}
{'loss': 1.4233, 'grad_norm': 0.16361276805400848, 'learning_rate': 2.7600849256900213e-05, 'epoch': 22.55}
{'loss': 1.424, 'grad_norm': 0.1438703089952469, 'learning_rate': 2.758399892157854e-05, 'epoch': 22.55}
{'loss': 1.4245, 'grad_norm': 0.266204833984375, 'learning_rate': 2.756714858625687e-05, 'epoch': 22.56}
{'loss': 1.4241, 'grad_norm': 0.30317166447639465, 'learning_rate': 2.75502982509352e-05, 'epoch': 22.56}
{'loss': 1.4236, 'grad_norm': 0.13407377898693085, 'learning_rate': 2.753344791561352e-05, 'epoch': 22.57}
{'loss': 1.4242, 'grad_norm': 0.08335160464048386, 'learning_rate': 2.751659758029185e-05, 'epoch': 22.57}
{'loss': 1.424, 'grad_norm': 0.20446525514125824, 'learning_rate': 2.7499747244970174e-05, 'epoch': 22.58}
{'loss': 1.4245, 'grad_norm': 0.09750419855117798, 'learning_rate': 2.7482896909648502e-05, 'epoch': 22.58}
{'loss': 1.4239, 'grad_norm': 0.37108826637268066, 'learning_rate': 2.746604657432683e-05, 'epoch': 22.58}
{'loss': 1.4238, 'grad_norm': 0.09500455111265182, 'learning_rate': 2.744919623900516e-05, 'epoch': 22.59}
{'loss': 1.4238, 'grad_norm': 0.10560909658670425, 'learning_rate': 2.7432345903683488e-05, 'epoch': 22.59}
{'loss': 1.4241, 'grad_norm': 0.08699387311935425, 'learning_rate': 2.741549556836181e-05, 'epoch': 22.6}
{'loss': 1.4234, 'grad_norm': 0.08456471562385559, 'learning_rate': 2.7398645233040138e-05, 'epoch': 22.6}
{'loss': 1.4236, 'grad_norm': 0.1598769575357437, 'learning_rate': 2.7381794897718467e-05, 'epoch': 22.61}
{'loss': 1.4238, 'grad_norm': 0.35742124915122986, 'learning_rate': 2.7364944562396795e-05, 'epoch': 22.61}
{'loss': 1.4242, 'grad_norm': 0.0954916924238205, 'learning_rate': 2.734809422707512e-05, 'epoch': 22.62}
{'loss': 1.4234, 'grad_norm': 0.22261904180049896, 'learning_rate': 2.733124389175345e-05, 'epoch': 22.62}
{'loss': 1.4238, 'grad_norm': 0.10508086532354355, 'learning_rate': 2.731439355643177e-05, 'epoch': 22.63}
{'loss': 1.4236, 'grad_norm': 0.11175722628831863, 'learning_rate': 2.72975432211101e-05, 'epoch': 22.63}
{'loss': 1.4234, 'grad_norm': 0.16877059638500214, 'learning_rate': 2.7280692885788427e-05, 'epoch': 22.63}
{'loss': 1.4237, 'grad_norm': 0.09285823255777359, 'learning_rate': 2.7263842550466756e-05, 'epoch': 22.64}
{'loss': 1.4238, 'grad_norm': 0.32560858130455017, 'learning_rate': 2.7246992215145084e-05, 'epoch': 22.64}
{'loss': 1.4234, 'grad_norm': 0.16561506688594818, 'learning_rate': 2.7230141879823413e-05, 'epoch': 22.65}
{'loss': 1.4236, 'grad_norm': 0.08566121757030487, 'learning_rate': 2.7213291544501735e-05, 'epoch': 22.65}
{'loss': 1.4239, 'grad_norm': 0.13872486352920532, 'learning_rate': 2.7196441209180063e-05, 'epoch': 22.66}
{'loss': 1.4243, 'grad_norm': 0.11926565319299698, 'learning_rate': 2.717959087385839e-05, 'epoch': 22.66}
{'loss': 1.4248, 'grad_norm': 0.10356723517179489, 'learning_rate': 2.7162740538536717e-05, 'epoch': 22.67}
{'loss': 1.424, 'grad_norm': 0.11984111368656158, 'learning_rate': 2.7145890203215045e-05, 'epoch': 22.67}
{'loss': 1.4234, 'grad_norm': 0.10865471512079239, 'learning_rate': 2.7129039867893374e-05, 'epoch': 22.68}
{'loss': 1.4235, 'grad_norm': 0.14308881759643555, 'learning_rate': 2.7112189532571696e-05, 'epoch': 22.68}
{'loss': 1.4235, 'grad_norm': 0.12671172618865967, 'learning_rate': 2.7095339197250024e-05, 'epoch': 22.68}
{'loss': 1.4237, 'grad_norm': 0.49727463722229004, 'learning_rate': 2.7078488861928353e-05, 'epoch': 22.69}
{'loss': 1.4234, 'grad_norm': 0.08287453651428223, 'learning_rate': 2.706163852660668e-05, 'epoch': 22.69}
{'loss': 1.4236, 'grad_norm': 0.09571833163499832, 'learning_rate': 2.704478819128501e-05, 'epoch': 22.7}
{'loss': 1.4239, 'grad_norm': 0.22170624136924744, 'learning_rate': 2.7027937855963338e-05, 'epoch': 22.7}
{'loss': 1.4237, 'grad_norm': 0.08809118717908859, 'learning_rate': 2.7011087520641663e-05, 'epoch': 22.71}
{'loss': 1.4237, 'grad_norm': 0.2048993557691574, 'learning_rate': 2.6994237185319988e-05, 'epoch': 22.71}
{'loss': 1.4283, 'grad_norm': 0.0912383571267128, 'learning_rate': 2.6977386849998317e-05, 'epoch': 22.72}
{'loss': 1.4236, 'grad_norm': 0.16386742889881134, 'learning_rate': 2.6960536514676642e-05, 'epoch': 22.72}
{'loss': 1.4241, 'grad_norm': 0.2863337993621826, 'learning_rate': 2.694368617935497e-05, 'epoch': 22.73}
{'loss': 1.4233, 'grad_norm': 0.3805732727050781, 'learning_rate': 2.69268358440333e-05, 'epoch': 22.73}
{'loss': 1.4231, 'grad_norm': 0.09694039821624756, 'learning_rate': 2.6909985508711627e-05, 'epoch': 22.73}
{'loss': 1.4237, 'grad_norm': 0.39645931124687195, 'learning_rate': 2.689313517338995e-05, 'epoch': 22.74}
{'loss': 1.4235, 'grad_norm': 0.21990221738815308, 'learning_rate': 2.6876284838068278e-05, 'epoch': 22.74}
{'loss': 1.424, 'grad_norm': 0.07669509947299957, 'learning_rate': 2.6859434502746606e-05, 'epoch': 22.75}
pred : ardent in the prosecution of heresy cyril auspiciously opened his reign by oppressing the novations the most innocent and harmless of the sectaries
label: ardent in the prosecution of heresy cyril auspiciously opened his reign by oppressing the novatians the most innocent and harmless of the sectaries
pred : without any legal sentence without any royal mandate the patriarch at the dawn of day led a seditious multitude to the attack of the synagogues
label: without any legal sentence without any royal mandate the patriarch at the dawn of day led a seditious multitude to the attack of the synagogues
pred : such crimes would have deserved the animadversion of the magistrate but in this promiscuous outrage the innocent were confounded with the guilty and alexandria was impoverished by the loss of a wealthy and industrious colony
label: such crimes would have deserved the animadversion of the magistrate but in this promiscuous outrage the innocent were confounded with the guilty and alexandria was impoverished by the loss of a wealthy and industrious colony
pred : ardent in the prosecution of heresy cyril auspiciously opened his reign by oppressing the novations the most innocent and harmless of the sectaries
label: ardent in the prosecution of heresy cyril auspiciously opened his reign by oppressing the novatians the most innocent and harmless of the sectaries
pred : without any legal sentence without any royal mandate the patriarch at the dawn of day led a seditious multitude to the attack of the synagogues
label: without any legal sentence without any royal mandate the patriarch at the dawn of day led a seditious multitude to the attack of the synagogues
pred : such crimes would have deserved the animadversion of the magistrate but in this promiscuous outrage the innocent were confounded with the guilty and alexandria was impoverished by the loss of a wealthy and industrious colony
label: such crimes would have deserved the animadversion of the magistrate but in this promiscuous outrage the innocent were confounded with the guilty and alexandria was impoverished by the loss of a wealthy and industrious colony
pred : ardent in the prosecution of heresy cyril auspiciously opened his reign by oppressing the novations the most innocent and harmless of the sectaries
label: ardent in the prosecution of heresy cyril auspiciously opened his reign by oppressing the novatians the most innocent and harmless of the sectaries
pred : without any legal sentence without any royal mandate the patriarch at the dawn of day led a seditious multitude to the attack of the synagogues
label: without any legal sentence without any royal mandate the patriarch at the dawn of day led a seditious multitude to the attack of the synagogues
pred : such crimes would have deserved the animadversion of the magistrate but in this promiscuous outrage the innocent were confounded with the guilty and alexandria was impoverished by the loss of a wealthy and industrious colony
label: such crimes would have deserved the animadversion of the magistrate but in this promiscuous outrage the innocent were confounded with the guilty and alexandria was impoverished by the loss of a wealthy and industrious colony
pred : ardent in the prosecution of heresy cyril auspiciously opened his reign by oppressing the novations the most innocent and harmless of the sectaries
label: ardent in the prosecution of heresy cyril auspiciously opened his reign by oppressing the novatians the most innocent and harmless of the sectaries
pred : without any legal sentence without any royal mandate the patriarch at the dawn of day led a seditious multitude to the attack of the synagogues
label: without any legal sentence without any royal mandate the patriarch at the dawn of day led a seditious multitude to the attack of the synagogues
pred : such crimes would have deserved the animadversion of the magistrate but in this promiscuous outrage the innocent were confounded with the guilty and alexandria was impoverished by the loss of a wealthy and industrious colony
label: such crimes would have deserved the animadversion of the magistrate but in this promiscuous outrage the innocent were confounded with the guilty and alexandria was impoverished by the loss of a wealthy and industrious colony
{'eval_loss': 1.5659995079040527, 'eval_bleu': 96.87544459076663, 'eval_wer': 0.016920843100224917, 'eval_cer': 0.008150694071271688, 'eval_rouge1': 0.9864315395633048, 'eval_rouge2': 0.9746324220949474, 'eval_rougeL': 0.9864263483849549, 'eval_runtime': 95.7014, 'eval_samples_per_second': 58.171, 'eval_steps_per_second': 0.303, 'epoch': 22.75}
{'loss': 1.4229, 'grad_norm': 0.25886985659599304, 'learning_rate': 2.6842584167424935e-05, 'epoch': 22.75}
{'loss': 1.423, 'grad_norm': 0.07565635442733765, 'learning_rate': 2.6825733832103263e-05, 'epoch': 22.76}
{'loss': 1.4242, 'grad_norm': 0.1320398598909378, 'learning_rate': 2.6808883496781588e-05, 'epoch': 22.76}
{'loss': 1.4231, 'grad_norm': 0.10263574123382568, 'learning_rate': 2.6792033161459913e-05, 'epoch': 22.77}
{'loss': 1.4288, 'grad_norm': 0.08144158124923706, 'learning_rate': 2.677518282613824e-05, 'epoch': 22.77}
{'loss': 1.4235, 'grad_norm': 0.0895460844039917, 'learning_rate': 2.6758332490816567e-05, 'epoch': 22.78}
{'loss': 1.4228, 'grad_norm': 0.09336807578802109, 'learning_rate': 2.6741482155494895e-05, 'epoch': 22.78}
{'loss': 1.424, 'grad_norm': 0.07106296718120575, 'learning_rate': 2.6724631820173224e-05, 'epoch': 22.78}
{'loss': 1.4236, 'grad_norm': 0.18365581333637238, 'learning_rate': 2.6707781484851552e-05, 'epoch': 22.79}
{'loss': 1.4238, 'grad_norm': 0.10297850519418716, 'learning_rate': 2.6690931149529874e-05, 'epoch': 22.79}
{'loss': 1.4233, 'grad_norm': 0.11461462825536728, 'learning_rate': 2.6674080814208203e-05, 'epoch': 22.8}
{'loss': 1.4235, 'grad_norm': 0.24284183979034424, 'learning_rate': 2.665723047888653e-05, 'epoch': 22.8}
{'loss': 1.4236, 'grad_norm': 0.08222737908363342, 'learning_rate': 2.664038014356486e-05, 'epoch': 22.81}
{'loss': 1.423, 'grad_norm': 0.11997594684362411, 'learning_rate': 2.6623529808243185e-05, 'epoch': 22.81}
{'loss': 1.4234, 'grad_norm': 0.25561654567718506, 'learning_rate': 2.6606679472921513e-05, 'epoch': 22.82}
{'loss': 1.4238, 'grad_norm': 0.1573706716299057, 'learning_rate': 2.6589829137599842e-05, 'epoch': 22.82}
{'loss': 1.4233, 'grad_norm': 0.08176562190055847, 'learning_rate': 2.6572978802278163e-05, 'epoch': 22.83}
{'loss': 1.4232, 'grad_norm': 0.11766423285007477, 'learning_rate': 2.6556128466956492e-05, 'epoch': 22.83}
{'loss': 1.4235, 'grad_norm': 0.11953679472208023, 'learning_rate': 2.653927813163482e-05, 'epoch': 22.83}
{'loss': 1.4233, 'grad_norm': 0.20825326442718506, 'learning_rate': 2.652242779631315e-05, 'epoch': 22.84}
{'loss': 1.4232, 'grad_norm': 0.26563799381256104, 'learning_rate': 2.6505577460991477e-05, 'epoch': 22.84}
{'loss': 1.4239, 'grad_norm': 0.13429418206214905, 'learning_rate': 2.6488727125669806e-05, 'epoch': 22.85}
{'loss': 1.4236, 'grad_norm': 0.09442432969808578, 'learning_rate': 2.6471876790348128e-05, 'epoch': 22.85}
{'loss': 1.4235, 'grad_norm': 0.09191793203353882, 'learning_rate': 2.6455026455026456e-05, 'epoch': 22.86}
{'loss': 1.4233, 'grad_norm': 0.07836481928825378, 'learning_rate': 2.643817611970478e-05, 'epoch': 22.86}
{'loss': 1.4238, 'grad_norm': 0.10132619738578796, 'learning_rate': 2.642132578438311e-05, 'epoch': 22.87}
{'loss': 1.4239, 'grad_norm': 0.17283828556537628, 'learning_rate': 2.6404475449061438e-05, 'epoch': 22.87}
{'loss': 1.4236, 'grad_norm': 0.07537456601858139, 'learning_rate': 2.6387625113739767e-05, 'epoch': 22.88}
{'loss': 1.423, 'grad_norm': 0.13282877206802368, 'learning_rate': 2.637077477841809e-05, 'epoch': 22.88}
{'loss': 1.4231, 'grad_norm': 0.07854516804218292, 'learning_rate': 2.6353924443096417e-05, 'epoch': 22.88}
{'loss': 1.4236, 'grad_norm': 0.254242479801178, 'learning_rate': 2.6337074107774745e-05, 'epoch': 22.89}
{'loss': 1.4231, 'grad_norm': 0.36273807287216187, 'learning_rate': 2.6320223772453074e-05, 'epoch': 22.89}
{'loss': 1.4228, 'grad_norm': 0.1845332533121109, 'learning_rate': 2.6303373437131402e-05, 'epoch': 22.9}
{'loss': 1.4234, 'grad_norm': 0.12229693681001663, 'learning_rate': 2.6286523101809728e-05, 'epoch': 22.9}
{'loss': 1.4227, 'grad_norm': 0.11859239637851715, 'learning_rate': 2.6269672766488056e-05, 'epoch': 22.91}
{'loss': 1.4232, 'grad_norm': 0.08977390080690384, 'learning_rate': 2.625282243116638e-05, 'epoch': 22.91}
{'loss': 1.4231, 'grad_norm': 0.10581804811954498, 'learning_rate': 2.6235972095844706e-05, 'epoch': 22.92}
{'loss': 1.423, 'grad_norm': 0.10882699489593506, 'learning_rate': 2.6219121760523035e-05, 'epoch': 22.92}
{'loss': 1.4237, 'grad_norm': 0.11931119859218597, 'learning_rate': 2.6202271425201363e-05, 'epoch': 22.93}
{'loss': 1.4238, 'grad_norm': 0.31303414702415466, 'learning_rate': 2.6185421089879692e-05, 'epoch': 22.93}
{'loss': 1.423, 'grad_norm': 0.0599990077316761, 'learning_rate': 2.616857075455802e-05, 'epoch': 22.93}
{'loss': 1.4229, 'grad_norm': 0.09523862600326538, 'learning_rate': 2.6151720419236342e-05, 'epoch': 22.94}
{'loss': 1.4228, 'grad_norm': 0.08191262185573578, 'learning_rate': 2.613487008391467e-05, 'epoch': 22.94}
{'loss': 1.423, 'grad_norm': 0.14811381697654724, 'learning_rate': 2.6118019748593e-05, 'epoch': 22.95}
{'loss': 1.4236, 'grad_norm': 0.14519882202148438, 'learning_rate': 2.6101169413271327e-05, 'epoch': 22.95}
{'loss': 1.4238, 'grad_norm': 0.2630128860473633, 'learning_rate': 2.6084319077949653e-05, 'epoch': 22.96}
{'loss': 1.4232, 'grad_norm': 0.21655143797397614, 'learning_rate': 2.606746874262798e-05, 'epoch': 22.96}
{'loss': 1.4231, 'grad_norm': 0.06591766327619553, 'learning_rate': 2.6050618407306303e-05, 'epoch': 22.97}
{'loss': 1.4237, 'grad_norm': 0.0709565281867981, 'learning_rate': 2.603376807198463e-05, 'epoch': 22.97}
{'loss': 1.4232, 'grad_norm': 0.08836835622787476, 'learning_rate': 2.601691773666296e-05, 'epoch': 22.98}
{'loss': 1.4232, 'grad_norm': 0.19898074865341187, 'learning_rate': 2.600006740134129e-05, 'epoch': 22.98}
{'loss': 1.4234, 'grad_norm': 0.2820987403392792, 'learning_rate': 2.5983217066019617e-05, 'epoch': 22.98}
{'loss': 1.4234, 'grad_norm': 0.27762359380722046, 'learning_rate': 2.5966366730697945e-05, 'epoch': 22.99}
{'loss': 1.423, 'grad_norm': 0.07954361289739609, 'learning_rate': 2.5949516395376267e-05, 'epoch': 22.99}
{'loss': 1.4235, 'grad_norm': 0.09023467451334, 'learning_rate': 2.5932666060054596e-05, 'epoch': 23.0}
{'loss': 1.4226, 'grad_norm': 0.06797374039888382, 'learning_rate': 2.5915815724732924e-05, 'epoch': 23.0}
{'loss': 1.4225, 'grad_norm': 0.07373541593551636, 'learning_rate': 2.589896538941125e-05, 'epoch': 23.01}
{'loss': 1.423, 'grad_norm': 0.23596248030662537, 'learning_rate': 2.5882115054089578e-05, 'epoch': 23.01}
{'loss': 1.4224, 'grad_norm': 0.07588614523410797, 'learning_rate': 2.5865264718767906e-05, 'epoch': 23.02}
{'loss': 1.4229, 'grad_norm': 0.06586050242185593, 'learning_rate': 2.5848414383446235e-05, 'epoch': 23.02}
{'loss': 1.4228, 'grad_norm': 0.1233230009675026, 'learning_rate': 2.5831564048124556e-05, 'epoch': 23.03}
{'loss': 1.4228, 'grad_norm': 0.0704379677772522, 'learning_rate': 2.5814713712802885e-05, 'epoch': 23.03}
{'loss': 1.4233, 'grad_norm': 0.2027471959590912, 'learning_rate': 2.5797863377481213e-05, 'epoch': 23.03}
{'loss': 1.4227, 'grad_norm': 0.1068444699048996, 'learning_rate': 2.5781013042159542e-05, 'epoch': 23.04}
{'loss': 1.4223, 'grad_norm': 0.20737355947494507, 'learning_rate': 2.576416270683787e-05, 'epoch': 23.04}
{'loss': 1.4233, 'grad_norm': 0.12243617326021194, 'learning_rate': 2.5747312371516195e-05, 'epoch': 23.05}
{'loss': 1.4224, 'grad_norm': 0.11329050362110138, 'learning_rate': 2.573046203619452e-05, 'epoch': 23.05}
{'loss': 1.4223, 'grad_norm': 0.09232264757156372, 'learning_rate': 2.5713611700872846e-05, 'epoch': 23.06}
{'loss': 1.4228, 'grad_norm': 0.09218482673168182, 'learning_rate': 2.5696761365551174e-05, 'epoch': 23.06}
{'loss': 1.4227, 'grad_norm': 0.1630178689956665, 'learning_rate': 2.5679911030229503e-05, 'epoch': 23.07}
{'loss': 1.4232, 'grad_norm': 0.0830811932682991, 'learning_rate': 2.566306069490783e-05, 'epoch': 23.07}
{'loss': 1.4225, 'grad_norm': 0.08036424219608307, 'learning_rate': 2.564621035958616e-05, 'epoch': 23.08}
{'loss': 1.423, 'grad_norm': 0.09722621738910675, 'learning_rate': 2.562936002426448e-05, 'epoch': 23.08}
{'loss': 1.4225, 'grad_norm': 0.0728832557797432, 'learning_rate': 2.561250968894281e-05, 'epoch': 23.08}
{'loss': 1.4224, 'grad_norm': 0.12002014368772507, 'learning_rate': 2.559565935362114e-05, 'epoch': 23.09}
{'loss': 1.422, 'grad_norm': 0.06607038527727127, 'learning_rate': 2.5578809018299467e-05, 'epoch': 23.09}
{'loss': 1.4225, 'grad_norm': 0.10387624800205231, 'learning_rate': 2.5561958682977792e-05, 'epoch': 23.1}
{'loss': 1.4225, 'grad_norm': 0.3339429795742035, 'learning_rate': 2.554510834765612e-05, 'epoch': 23.1}
{'loss': 1.4223, 'grad_norm': 0.21713389456272125, 'learning_rate': 2.5528258012334442e-05, 'epoch': 23.11}
{'loss': 1.4223, 'grad_norm': 0.0677667185664177, 'learning_rate': 2.551140767701277e-05, 'epoch': 23.11}
{'loss': 1.4219, 'grad_norm': 0.12443451583385468, 'learning_rate': 2.54945573416911e-05, 'epoch': 23.12}
{'loss': 1.4224, 'grad_norm': 0.07979527115821838, 'learning_rate': 2.5477707006369428e-05, 'epoch': 23.12}
{'loss': 1.4225, 'grad_norm': 0.08228898793458939, 'learning_rate': 2.5460856671047756e-05, 'epoch': 23.13}
{'loss': 1.4223, 'grad_norm': 0.11472770571708679, 'learning_rate': 2.5444006335726085e-05, 'epoch': 23.13}
{'loss': 1.4227, 'grad_norm': 0.11716310679912567, 'learning_rate': 2.5427156000404413e-05, 'epoch': 23.13}
{'loss': 1.4226, 'grad_norm': 0.12451799213886261, 'learning_rate': 2.5410305665082735e-05, 'epoch': 23.14}
{'loss': 1.4225, 'grad_norm': 0.10354378074407578, 'learning_rate': 2.5393455329761063e-05, 'epoch': 23.14}
{'loss': 1.4231, 'grad_norm': 0.14287985861301422, 'learning_rate': 2.537660499443939e-05, 'epoch': 23.15}
{'loss': 1.4232, 'grad_norm': 0.37875089049339294, 'learning_rate': 2.5359754659117717e-05, 'epoch': 23.15}
{'loss': 1.4229, 'grad_norm': 0.22468553483486176, 'learning_rate': 2.5342904323796046e-05, 'epoch': 23.16}
{'loss': 1.4227, 'grad_norm': 0.05674397200345993, 'learning_rate': 2.5326053988474374e-05, 'epoch': 23.16}
{'loss': 1.4223, 'grad_norm': 0.07749555259943008, 'learning_rate': 2.5309203653152696e-05, 'epoch': 23.17}
{'loss': 1.4225, 'grad_norm': 0.10966593772172928, 'learning_rate': 2.5292353317831024e-05, 'epoch': 23.17}
{'loss': 1.4225, 'grad_norm': 0.10023817420005798, 'learning_rate': 2.5275502982509353e-05, 'epoch': 23.18}
{'loss': 1.4223, 'grad_norm': 0.06854370981454849, 'learning_rate': 2.525865264718768e-05, 'epoch': 23.18}
{'loss': 1.4236, 'grad_norm': 0.18848559260368347, 'learning_rate': 2.524180231186601e-05, 'epoch': 23.18}
{'loss': 1.4226, 'grad_norm': 0.1064053624868393, 'learning_rate': 2.5224951976544335e-05, 'epoch': 23.19}
{'loss': 1.4234, 'grad_norm': 0.2177613228559494, 'learning_rate': 2.520810164122266e-05, 'epoch': 23.19}
{'loss': 1.4222, 'grad_norm': 0.08512694388628006, 'learning_rate': 2.519125130590099e-05, 'epoch': 23.2}
{'loss': 1.4223, 'grad_norm': 0.07627172023057938, 'learning_rate': 2.5174400970579314e-05, 'epoch': 23.2}
{'loss': 1.4234, 'grad_norm': 0.16845841705799103, 'learning_rate': 2.5157550635257642e-05, 'epoch': 23.21}
{'loss': 1.4225, 'grad_norm': 0.12727507948875427, 'learning_rate': 2.514070029993597e-05, 'epoch': 23.21}
{'loss': 1.423, 'grad_norm': 0.058620285242795944, 'learning_rate': 2.51238499646143e-05, 'epoch': 23.22}
{'loss': 1.4224, 'grad_norm': 0.06456931680440903, 'learning_rate': 2.5106999629292628e-05, 'epoch': 23.22}
{'loss': 1.4223, 'grad_norm': 0.08645159006118774, 'learning_rate': 2.509014929397095e-05, 'epoch': 23.23}
{'loss': 1.4229, 'grad_norm': 0.1347273886203766, 'learning_rate': 2.5073298958649278e-05, 'epoch': 23.23}
{'loss': 1.4227, 'grad_norm': 0.12963037192821503, 'learning_rate': 2.5056448623327606e-05, 'epoch': 23.23}
{'loss': 1.4231, 'grad_norm': 0.07265505194664001, 'learning_rate': 2.5039598288005935e-05, 'epoch': 23.24}
{'loss': 1.4227, 'grad_norm': 0.15936344861984253, 'learning_rate': 2.502274795268426e-05, 'epoch': 23.24}
{'loss': 1.4223, 'grad_norm': 0.09417795389890671, 'learning_rate': 2.500589761736259e-05, 'epoch': 23.25}
{'loss': 1.4227, 'grad_norm': 0.06821970641613007, 'learning_rate': 2.4989047282040914e-05, 'epoch': 23.25}
{'loss': 1.4226, 'grad_norm': 0.18149998784065247, 'learning_rate': 2.497219694671924e-05, 'epoch': 23.26}
{'loss': 1.4223, 'grad_norm': 0.10355080664157867, 'learning_rate': 2.4955346611397567e-05, 'epoch': 23.26}
{'loss': 1.4227, 'grad_norm': 0.10683509707450867, 'learning_rate': 2.4938496276075896e-05, 'epoch': 23.27}
{'loss': 1.4223, 'grad_norm': 0.18568439781665802, 'learning_rate': 2.4921645940754224e-05, 'epoch': 23.27}
{'loss': 1.4226, 'grad_norm': 0.06031801551580429, 'learning_rate': 2.490479560543255e-05, 'epoch': 23.28}
{'loss': 1.422, 'grad_norm': 0.12488694489002228, 'learning_rate': 2.4887945270110878e-05, 'epoch': 23.28}
{'loss': 1.4226, 'grad_norm': 0.11075932532548904, 'learning_rate': 2.4871094934789206e-05, 'epoch': 23.28}
{'loss': 1.4223, 'grad_norm': 0.29503458738327026, 'learning_rate': 2.485424459946753e-05, 'epoch': 23.29}
{'loss': 1.4224, 'grad_norm': 0.17016592621803284, 'learning_rate': 2.4837394264145856e-05, 'epoch': 23.29}
{'loss': 1.4223, 'grad_norm': 0.2389686107635498, 'learning_rate': 2.4820543928824185e-05, 'epoch': 23.3}
{'loss': 1.4224, 'grad_norm': 0.08567583560943604, 'learning_rate': 2.480369359350251e-05, 'epoch': 23.3}
{'loss': 1.4224, 'grad_norm': 0.27145153284072876, 'learning_rate': 2.478684325818084e-05, 'epoch': 23.31}
{'loss': 1.4227, 'grad_norm': 0.0912962555885315, 'learning_rate': 2.4769992922859167e-05, 'epoch': 23.31}
{'loss': 1.4223, 'grad_norm': 0.07946562767028809, 'learning_rate': 2.4753142587537492e-05, 'epoch': 23.32}
{'loss': 1.4229, 'grad_norm': 0.08937779814004898, 'learning_rate': 2.473629225221582e-05, 'epoch': 23.32}
{'loss': 1.4222, 'grad_norm': 0.1308578997850418, 'learning_rate': 2.471944191689415e-05, 'epoch': 23.33}
{'loss': 1.4226, 'grad_norm': 0.08929912000894547, 'learning_rate': 2.4702591581572474e-05, 'epoch': 23.33}
{'loss': 1.4225, 'grad_norm': 0.19662423431873322, 'learning_rate': 2.4685741246250803e-05, 'epoch': 23.33}
{'loss': 1.4226, 'grad_norm': 0.09296394884586334, 'learning_rate': 2.4668890910929128e-05, 'epoch': 23.34}
{'loss': 1.4225, 'grad_norm': 0.06455781310796738, 'learning_rate': 2.4652040575607453e-05, 'epoch': 23.34}
{'loss': 1.4227, 'grad_norm': 0.058527685701847076, 'learning_rate': 2.463519024028578e-05, 'epoch': 23.35}
{'loss': 1.4227, 'grad_norm': 0.16844598948955536, 'learning_rate': 2.461833990496411e-05, 'epoch': 23.35}
{'loss': 1.4225, 'grad_norm': 0.11709990352392197, 'learning_rate': 2.4601489569642435e-05, 'epoch': 23.36}
{'loss': 1.4222, 'grad_norm': 0.23376303911209106, 'learning_rate': 2.4584639234320764e-05, 'epoch': 23.36}
{'loss': 1.4227, 'grad_norm': 0.2266531139612198, 'learning_rate': 2.4567788898999092e-05, 'epoch': 23.37}
{'loss': 1.4232, 'grad_norm': 0.09544435143470764, 'learning_rate': 2.455093856367742e-05, 'epoch': 23.37}
{'loss': 1.4223, 'grad_norm': 0.05996455252170563, 'learning_rate': 2.4534088228355746e-05, 'epoch': 23.38}
{'loss': 1.4236, 'grad_norm': 0.28533196449279785, 'learning_rate': 2.4517237893034074e-05, 'epoch': 23.38}
{'loss': 1.4229, 'grad_norm': 0.907595694065094, 'learning_rate': 2.45003875577124e-05, 'epoch': 23.38}
{'loss': 1.4227, 'grad_norm': 0.0834278091788292, 'learning_rate': 2.4483537222390724e-05, 'epoch': 23.39}
{'loss': 1.4228, 'grad_norm': 0.31483328342437744, 'learning_rate': 2.4466686887069053e-05, 'epoch': 23.39}
{'loss': 1.4224, 'grad_norm': 0.09026997536420822, 'learning_rate': 2.444983655174738e-05, 'epoch': 23.4}
{'loss': 1.4229, 'grad_norm': 0.06389322876930237, 'learning_rate': 2.4432986216425707e-05, 'epoch': 23.4}
{'loss': 1.4229, 'grad_norm': 0.07893408089876175, 'learning_rate': 2.4416135881104035e-05, 'epoch': 23.41}
{'loss': 1.4234, 'grad_norm': 0.10768608003854752, 'learning_rate': 2.4399285545782364e-05, 'epoch': 23.41}
{'loss': 1.4229, 'grad_norm': 0.10419414937496185, 'learning_rate': 2.438243521046069e-05, 'epoch': 23.42}
{'loss': 1.4235, 'grad_norm': 0.07785612344741821, 'learning_rate': 2.4365584875139017e-05, 'epoch': 23.42}
{'loss': 1.4226, 'grad_norm': 0.12737898528575897, 'learning_rate': 2.4348734539817346e-05, 'epoch': 23.43}
{'loss': 1.4232, 'grad_norm': 0.2275748997926712, 'learning_rate': 2.433188420449567e-05, 'epoch': 23.43}
{'loss': 1.423, 'grad_norm': 0.10092576593160629, 'learning_rate': 2.4315033869174e-05, 'epoch': 23.43}
{'loss': 1.4223, 'grad_norm': 0.07128110527992249, 'learning_rate': 2.4298183533852324e-05, 'epoch': 23.44}
{'loss': 1.4227, 'grad_norm': 0.1252346783876419, 'learning_rate': 2.428133319853065e-05, 'epoch': 23.44}
{'loss': 1.4222, 'grad_norm': 0.1337684541940689, 'learning_rate': 2.4264482863208978e-05, 'epoch': 23.45}
{'loss': 1.4225, 'grad_norm': 0.0731716901063919, 'learning_rate': 2.4247632527887306e-05, 'epoch': 23.45}
{'loss': 1.4219, 'grad_norm': 0.09140198677778244, 'learning_rate': 2.423078219256563e-05, 'epoch': 23.46}
{'loss': 1.4218, 'grad_norm': 0.07376933842897415, 'learning_rate': 2.421393185724396e-05, 'epoch': 23.46}
{'loss': 1.4226, 'grad_norm': 0.15533247590065002, 'learning_rate': 2.419708152192229e-05, 'epoch': 23.47}
{'loss': 1.4228, 'grad_norm': 0.1902400255203247, 'learning_rate': 2.4180231186600614e-05, 'epoch': 23.47}
{'loss': 1.4222, 'grad_norm': 0.17835243046283722, 'learning_rate': 2.4163380851278942e-05, 'epoch': 23.48}
{'loss': 1.4228, 'grad_norm': 0.09320005774497986, 'learning_rate': 2.414653051595727e-05, 'epoch': 23.48}
{'loss': 1.423, 'grad_norm': 0.09741073846817017, 'learning_rate': 2.4129680180635596e-05, 'epoch': 23.48}
{'loss': 1.4233, 'grad_norm': 0.05605296045541763, 'learning_rate': 2.411282984531392e-05, 'epoch': 23.49}
{'loss': 1.4223, 'grad_norm': 0.0733688697218895, 'learning_rate': 2.409597950999225e-05, 'epoch': 23.49}
{'loss': 1.4225, 'grad_norm': 0.2372366189956665, 'learning_rate': 2.4079129174670578e-05, 'epoch': 23.5}
{'loss': 1.422, 'grad_norm': 0.10428186506032944, 'learning_rate': 2.4062278839348903e-05, 'epoch': 23.5}
{'loss': 1.4231, 'grad_norm': 0.08483288437128067, 'learning_rate': 2.404542850402723e-05, 'epoch': 23.51}
{'loss': 1.4223, 'grad_norm': 0.09679839760065079, 'learning_rate': 2.402857816870556e-05, 'epoch': 23.51}
{'loss': 1.4232, 'grad_norm': 0.09762805700302124, 'learning_rate': 2.4011727833383885e-05, 'epoch': 23.52}
{'loss': 1.4229, 'grad_norm': 0.06677066534757614, 'learning_rate': 2.3994877498062214e-05, 'epoch': 23.52}
{'loss': 1.4231, 'grad_norm': 0.23904941976070404, 'learning_rate': 2.3978027162740542e-05, 'epoch': 23.53}
{'loss': 1.4229, 'grad_norm': 0.09303978830575943, 'learning_rate': 2.3961176827418867e-05, 'epoch': 23.53}
{'loss': 1.4229, 'grad_norm': 0.11526770144701004, 'learning_rate': 2.3944326492097192e-05, 'epoch': 23.54}
{'loss': 1.4226, 'grad_norm': 0.08736152946949005, 'learning_rate': 2.392747615677552e-05, 'epoch': 23.54}
{'loss': 1.4223, 'grad_norm': 0.07987536489963531, 'learning_rate': 2.3910625821453846e-05, 'epoch': 23.54}
{'loss': 1.4226, 'grad_norm': 0.11851675063371658, 'learning_rate': 2.3893775486132174e-05, 'epoch': 23.55}
{'loss': 1.4221, 'grad_norm': 0.11833532899618149, 'learning_rate': 2.3876925150810503e-05, 'epoch': 23.55}
{'loss': 1.4226, 'grad_norm': 0.08359090983867645, 'learning_rate': 2.3860074815488828e-05, 'epoch': 23.56}
{'loss': 1.4229, 'grad_norm': 0.06956150382757187, 'learning_rate': 2.3843224480167157e-05, 'epoch': 23.56}
{'loss': 1.4225, 'grad_norm': 0.06568679213523865, 'learning_rate': 2.3826374144845485e-05, 'epoch': 23.57}
{'loss': 1.4279, 'grad_norm': 0.09062837064266205, 'learning_rate': 2.380952380952381e-05, 'epoch': 23.57}
{'loss': 1.4226, 'grad_norm': 0.06367717683315277, 'learning_rate': 2.379267347420214e-05, 'epoch': 23.58}
{'loss': 1.4223, 'grad_norm': 0.07372710853815079, 'learning_rate': 2.3775823138880464e-05, 'epoch': 23.58}
{'loss': 1.4227, 'grad_norm': 0.12301716208457947, 'learning_rate': 2.3758972803558792e-05, 'epoch': 23.59}
{'loss': 1.4223, 'grad_norm': 0.11390062421560287, 'learning_rate': 2.3742122468237117e-05, 'epoch': 23.59}
{'loss': 1.4225, 'grad_norm': 0.0718684270977974, 'learning_rate': 2.3725272132915446e-05, 'epoch': 23.59}
{'loss': 1.4223, 'grad_norm': 0.12432844191789627, 'learning_rate': 2.3708421797593774e-05, 'epoch': 23.6}
{'loss': 1.4222, 'grad_norm': 0.08877144008874893, 'learning_rate': 2.36915714622721e-05, 'epoch': 23.6}
{'loss': 1.4229, 'grad_norm': 0.07831103354692459, 'learning_rate': 2.3674721126950428e-05, 'epoch': 23.61}
{'loss': 1.4225, 'grad_norm': 0.08630697429180145, 'learning_rate': 2.3657870791628757e-05, 'epoch': 23.61}
{'loss': 1.4223, 'grad_norm': 0.19559964537620544, 'learning_rate': 2.364102045630708e-05, 'epoch': 23.62}
{'loss': 1.4231, 'grad_norm': 0.11520261317491531, 'learning_rate': 2.362417012098541e-05, 'epoch': 23.62}
{'loss': 1.4225, 'grad_norm': 0.0950896143913269, 'learning_rate': 2.3607319785663735e-05, 'epoch': 23.63}
{'loss': 1.4238, 'grad_norm': 0.07441787421703339, 'learning_rate': 2.359046945034206e-05, 'epoch': 23.63}
{'loss': 1.422, 'grad_norm': 0.09955709427595139, 'learning_rate': 2.357361911502039e-05, 'epoch': 23.64}
{'loss': 1.4223, 'grad_norm': 0.07086201012134552, 'learning_rate': 2.3556768779698717e-05, 'epoch': 23.64}
{'loss': 1.4229, 'grad_norm': 0.31182461977005005, 'learning_rate': 2.3539918444377042e-05, 'epoch': 23.64}
{'loss': 1.4225, 'grad_norm': 0.08625207841396332, 'learning_rate': 2.352306810905537e-05, 'epoch': 23.65}
{'loss': 1.4223, 'grad_norm': 0.08830324560403824, 'learning_rate': 2.35062177737337e-05, 'epoch': 23.65}
{'loss': 1.4223, 'grad_norm': 0.09057624638080597, 'learning_rate': 2.3489367438412025e-05, 'epoch': 23.66}
pred : ardent in the prosecution of heresy cyril auspiciously opened his reign by oppressing the novations the most innocent and harmless of the sectaries
label: ardent in the prosecution of heresy cyril auspiciously opened his reign by oppressing the novatians the most innocent and harmless of the sectaries
pred : without any legal sentence without any royal mandate the patriarch at the dawn of day led a seditious multitude to the attack of the synagogues
label: without any legal sentence without any royal mandate the patriarch at the dawn of day led a seditious multitude to the attack of the synagogues
pred : such crimes would have deserved the animadversion of the magistrate but in this promiscuous outrage the innocent were confounded with the guilty and alexandria was impoverished by the loss of a wealthy and industrious colony
label: such crimes would have deserved the animadversion of the magistrate but in this promiscuous outrage the innocent were confounded with the guilty and alexandria was impoverished by the loss of a wealthy and industrious colony
pred : ardent in the prosecution of heresy cyril auspiciously opened his reign by oppressing the novations the most innocent and harmless of the sectaries
label: ardent in the prosecution of heresy cyril auspiciously opened his reign by oppressing the novatians the most innocent and harmless of the sectaries
pred : without any legal sentence without any royal mandate the patriarch at the dawn of day led a seditious multitude to the attack of the synagogues
label: without any legal sentence without any royal mandate the patriarch at the dawn of day led a seditious multitude to the attack of the synagogues
pred : such crimes would have deserved the animadversion of the magistrate but in this promiscuous outrage the innocent were confounded with the guilty and alexandria was impoverished by the loss of a wealthy and industrious colony
label: such crimes would have deserved the animadversion of the magistrate but in this promiscuous outrage the innocent were confounded with the guilty and alexandria was impoverished by the loss of a wealthy and industrious colony
pred : ardent in the prosecution of heresy cyril auspiciously opened his reign by oppressing the novations the most innocent and harmless of the sectaries
label: ardent in the prosecution of heresy cyril auspiciously opened his reign by oppressing the novatians the most innocent and harmless of the sectaries
pred : without any legal sentence without any royal mandate the patriarch at the dawn of day led a seditious multitude to the attack of the synagogues
label: without any legal sentence without any royal mandate the patriarch at the dawn of day led a seditious multitude to the attack of the synagogues
pred : such crimes would have deserved the animadversion of the magistrate but in this promiscuous outrage the innocent were confounded with the guilty and alexandria was impoverished by the loss of a wealthy and industrious colony
label: such crimes would have deserved the animadversion of the magistrate but in this promiscuous outrage the innocent were confounded with the guilty and alexandria was impoverished by the loss of a wealthy and industrious colony
pred : ardent in the prosecution of heresy cyril auspiciously opened his reign by oppressing the novations the most innocent and harmless of the sectaries
label: ardent in the prosecution of heresy cyril auspiciously opened his reign by oppressing the novatians the most innocent and harmless of the sectaries
pred : without any legal sentence without any royal mandate the patriarch at the dawn of day led a seditious multitude to the attack of the synagogues
label: without any legal sentence without any royal mandate the patriarch at the dawn of day led a seditious multitude to the attack of the synagogues
pred : such crimes would have deserved the animadversion of the magistrate but in this promiscuous outrage the innocent were confounded with the guilty and alexandria was impoverished by the loss of a wealthy and industrious colony
label: such crimes would have deserved the animadversion of the magistrate but in this promiscuous outrage the innocent were confounded with the guilty and alexandria was impoverished by the loss of a wealthy and industrious colony
{'eval_loss': 1.563301920890808, 'eval_bleu': 96.93796180936427, 'eval_wer': 0.01663614018771412, 'eval_cer': 0.00800463074831306, 'eval_rouge1': 0.9860816431191197, 'eval_rouge2': 0.9746561258006536, 'eval_rougeL': 0.9860621799015752, 'eval_runtime': 96.6566, 'eval_samples_per_second': 57.596, 'eval_steps_per_second': 0.3, 'epoch': 23.66}
{'loss': 1.4221, 'grad_norm': 0.11037777364253998, 'learning_rate': 2.3472517103090353e-05, 'epoch': 23.66}
{'loss': 1.422, 'grad_norm': 0.18057546019554138, 'learning_rate': 2.345566676776868e-05, 'epoch': 23.67}
{'loss': 1.4226, 'grad_norm': 0.07620793581008911, 'learning_rate': 2.3438816432447007e-05, 'epoch': 23.67}
{'loss': 1.4227, 'grad_norm': 0.12355455011129379, 'learning_rate': 2.3421966097125335e-05, 'epoch': 23.68}
{'loss': 1.4232, 'grad_norm': 0.13031280040740967, 'learning_rate': 2.340511576180366e-05, 'epoch': 23.68}
{'loss': 1.4224, 'grad_norm': 0.06356537342071533, 'learning_rate': 2.338826542648199e-05, 'epoch': 23.69}
{'loss': 1.423, 'grad_norm': 0.07691903412342072, 'learning_rate': 2.3371415091160314e-05, 'epoch': 23.69}
{'loss': 1.4228, 'grad_norm': 0.28333789110183716, 'learning_rate': 2.3354564755838642e-05, 'epoch': 23.69}
{'loss': 1.4231, 'grad_norm': 0.0949471965432167, 'learning_rate': 2.333771442051697e-05, 'epoch': 23.7}
{'loss': 1.4225, 'grad_norm': 0.06812326610088348, 'learning_rate': 2.3320864085195296e-05, 'epoch': 23.7}
{'loss': 1.4229, 'grad_norm': 0.18113161623477936, 'learning_rate': 2.3304013749873624e-05, 'epoch': 23.71}
{'loss': 1.4233, 'grad_norm': 0.08126954734325409, 'learning_rate': 2.3287163414551953e-05, 'epoch': 23.71}
{'loss': 1.4222, 'grad_norm': 0.09649688005447388, 'learning_rate': 2.3270313079230278e-05, 'epoch': 23.72}
{'loss': 1.4225, 'grad_norm': 0.09851416200399399, 'learning_rate': 2.3253462743908607e-05, 'epoch': 23.72}
{'loss': 1.423, 'grad_norm': 0.18037773668766022, 'learning_rate': 2.3236612408586932e-05, 'epoch': 23.73}
{'loss': 1.4228, 'grad_norm': 0.073700450360775, 'learning_rate': 2.3219762073265257e-05, 'epoch': 23.73}
{'loss': 1.4226, 'grad_norm': 0.07300306111574173, 'learning_rate': 2.3202911737943585e-05, 'epoch': 23.74}
{'loss': 1.4227, 'grad_norm': 0.07460960000753403, 'learning_rate': 2.3186061402621914e-05, 'epoch': 23.74}
{'loss': 1.422, 'grad_norm': 0.10142778605222702, 'learning_rate': 2.316921106730024e-05, 'epoch': 23.74}
{'loss': 1.4222, 'grad_norm': 0.24653741717338562, 'learning_rate': 2.3152360731978567e-05, 'epoch': 23.75}
{'loss': 1.4225, 'grad_norm': 0.06652218103408813, 'learning_rate': 2.3135510396656896e-05, 'epoch': 23.75}
{'loss': 1.4225, 'grad_norm': 0.08608918637037277, 'learning_rate': 2.311866006133522e-05, 'epoch': 23.76}
{'loss': 1.4229, 'grad_norm': 0.1511160284280777, 'learning_rate': 2.310180972601355e-05, 'epoch': 23.76}
{'loss': 1.4223, 'grad_norm': 0.12078706920146942, 'learning_rate': 2.3084959390691878e-05, 'epoch': 23.77}
{'loss': 1.4225, 'grad_norm': 0.08019447326660156, 'learning_rate': 2.3068109055370203e-05, 'epoch': 23.77}
{'loss': 1.4221, 'grad_norm': 0.09166239202022552, 'learning_rate': 2.3051258720048528e-05, 'epoch': 23.78}
{'loss': 1.4227, 'grad_norm': 0.11825297772884369, 'learning_rate': 2.3034408384726857e-05, 'epoch': 23.78}
{'loss': 1.4227, 'grad_norm': 0.07661452144384384, 'learning_rate': 2.3017558049405182e-05, 'epoch': 23.79}
{'loss': 1.4228, 'grad_norm': 0.08231548964977264, 'learning_rate': 2.300070771408351e-05, 'epoch': 23.79}
{'loss': 1.4221, 'grad_norm': 0.08927842229604721, 'learning_rate': 2.298385737876184e-05, 'epoch': 23.79}
{'loss': 1.422, 'grad_norm': 0.09266144782304764, 'learning_rate': 2.2967007043440167e-05, 'epoch': 23.8}
{'loss': 1.4227, 'grad_norm': 0.08121336996555328, 'learning_rate': 2.2950156708118492e-05, 'epoch': 23.8}
{'loss': 1.4225, 'grad_norm': 0.07219307124614716, 'learning_rate': 2.293330637279682e-05, 'epoch': 23.81}
{'loss': 1.4223, 'grad_norm': 0.07226143032312393, 'learning_rate': 2.291645603747515e-05, 'epoch': 23.81}
{'loss': 1.4226, 'grad_norm': 0.0639849305152893, 'learning_rate': 2.2899605702153475e-05, 'epoch': 23.82}
{'loss': 1.4227, 'grad_norm': 0.0968632847070694, 'learning_rate': 2.28827553668318e-05, 'epoch': 23.82}
{'loss': 1.4224, 'grad_norm': 0.1286512315273285, 'learning_rate': 2.2865905031510128e-05, 'epoch': 23.83}
{'loss': 1.4225, 'grad_norm': 0.22228030860424042, 'learning_rate': 2.2849054696188453e-05, 'epoch': 23.83}
{'loss': 1.4225, 'grad_norm': 0.0860290601849556, 'learning_rate': 2.2832204360866782e-05, 'epoch': 23.84}
{'loss': 1.4229, 'grad_norm': 0.09023821353912354, 'learning_rate': 2.281535402554511e-05, 'epoch': 23.84}
{'loss': 1.4228, 'grad_norm': 0.07557996362447739, 'learning_rate': 2.2798503690223435e-05, 'epoch': 23.84}
{'loss': 1.4226, 'grad_norm': 0.09436792135238647, 'learning_rate': 2.2781653354901764e-05, 'epoch': 23.85}
{'loss': 1.4228, 'grad_norm': 0.12423080205917358, 'learning_rate': 2.2764803019580092e-05, 'epoch': 23.85}
{'loss': 1.4224, 'grad_norm': 0.11995750665664673, 'learning_rate': 2.2747952684258417e-05, 'epoch': 23.86}
{'loss': 1.4224, 'grad_norm': 0.07077081501483917, 'learning_rate': 2.2731102348936746e-05, 'epoch': 23.86}
{'loss': 1.4222, 'grad_norm': 0.0897255390882492, 'learning_rate': 2.271425201361507e-05, 'epoch': 23.87}
{'loss': 1.4228, 'grad_norm': 0.06746066361665726, 'learning_rate': 2.26974016782934e-05, 'epoch': 23.87}
{'loss': 1.4232, 'grad_norm': 0.0921683982014656, 'learning_rate': 2.2680551342971725e-05, 'epoch': 23.88}
{'loss': 1.4225, 'grad_norm': 0.1759730875492096, 'learning_rate': 2.2663701007650053e-05, 'epoch': 23.88}
{'loss': 1.4229, 'grad_norm': 0.11437471210956573, 'learning_rate': 2.264685067232838e-05, 'epoch': 23.89}
{'loss': 1.4227, 'grad_norm': 0.09944070130586624, 'learning_rate': 2.2630000337006707e-05, 'epoch': 23.89}
{'loss': 1.4227, 'grad_norm': 0.07282740622758865, 'learning_rate': 2.2613150001685035e-05, 'epoch': 23.89}
{'loss': 1.4225, 'grad_norm': 0.12442795187234879, 'learning_rate': 2.2596299666363364e-05, 'epoch': 23.9}
{'loss': 1.4223, 'grad_norm': 0.06189848110079765, 'learning_rate': 2.257944933104169e-05, 'epoch': 23.9}
{'loss': 1.4226, 'grad_norm': 0.08990398794412613, 'learning_rate': 2.2562598995720017e-05, 'epoch': 23.91}
{'loss': 1.4227, 'grad_norm': 0.07450607419013977, 'learning_rate': 2.2545748660398343e-05, 'epoch': 23.91}
{'loss': 1.4227, 'grad_norm': 0.07392721623182297, 'learning_rate': 2.252889832507667e-05, 'epoch': 23.92}
{'loss': 1.4232, 'grad_norm': 0.3202223777770996, 'learning_rate': 2.2512047989754996e-05, 'epoch': 23.92}
{'loss': 1.4228, 'grad_norm': 0.10332303494215012, 'learning_rate': 2.2495197654433325e-05, 'epoch': 23.93}
{'loss': 1.4223, 'grad_norm': 0.12450319528579712, 'learning_rate': 2.247834731911165e-05, 'epoch': 23.93}
{'loss': 1.4223, 'grad_norm': 0.14360739290714264, 'learning_rate': 2.2461496983789978e-05, 'epoch': 23.94}
{'loss': 1.4228, 'grad_norm': 0.07866758108139038, 'learning_rate': 2.2444646648468307e-05, 'epoch': 23.94}
{'loss': 1.4229, 'grad_norm': 0.09379653632640839, 'learning_rate': 2.2427796313146632e-05, 'epoch': 23.94}
{'loss': 1.4229, 'grad_norm': 0.07619122415781021, 'learning_rate': 2.241094597782496e-05, 'epoch': 23.95}
{'loss': 1.4224, 'grad_norm': 0.14772754907608032, 'learning_rate': 2.239409564250329e-05, 'epoch': 23.95}
{'loss': 1.4221, 'grad_norm': 0.20572340488433838, 'learning_rate': 2.2377245307181614e-05, 'epoch': 23.96}
{'loss': 1.4226, 'grad_norm': 0.21018719673156738, 'learning_rate': 2.2360394971859942e-05, 'epoch': 23.96}
{'loss': 1.4224, 'grad_norm': 0.08610790967941284, 'learning_rate': 2.2343544636538268e-05, 'epoch': 23.97}
{'loss': 1.4224, 'grad_norm': 0.21796876192092896, 'learning_rate': 2.2326694301216593e-05, 'epoch': 23.97}
{'loss': 1.4224, 'grad_norm': 0.08469393104314804, 'learning_rate': 2.230984396589492e-05, 'epoch': 23.98}
{'loss': 1.4225, 'grad_norm': 0.06109786778688431, 'learning_rate': 2.229299363057325e-05, 'epoch': 23.98}
{'loss': 1.4223, 'grad_norm': 0.08387235552072525, 'learning_rate': 2.2276143295251575e-05, 'epoch': 23.99}
{'loss': 1.4221, 'grad_norm': 0.07157187163829803, 'learning_rate': 2.2259292959929903e-05, 'epoch': 23.99}
{'loss': 1.4227, 'grad_norm': 0.08559467643499374, 'learning_rate': 2.2242442624608232e-05, 'epoch': 23.99}
{'loss': 1.4224, 'grad_norm': 0.08889240026473999, 'learning_rate': 2.222559228928656e-05, 'epoch': 24.0}
{'loss': 1.4219, 'grad_norm': 0.1534976065158844, 'learning_rate': 2.2208741953964885e-05, 'epoch': 24.0}
{'loss': 1.4218, 'grad_norm': 0.40340664982795715, 'learning_rate': 2.2191891618643214e-05, 'epoch': 24.01}
{'loss': 1.4218, 'grad_norm': 0.11035849899053574, 'learning_rate': 2.217504128332154e-05, 'epoch': 24.01}
{'loss': 1.4215, 'grad_norm': 0.06705903261899948, 'learning_rate': 2.2158190947999864e-05, 'epoch': 24.02}
{'loss': 1.4216, 'grad_norm': 0.06270924210548401, 'learning_rate': 2.2141340612678193e-05, 'epoch': 24.02}
{'loss': 1.4214, 'grad_norm': 0.08946317434310913, 'learning_rate': 2.212449027735652e-05, 'epoch': 24.03}
{'loss': 1.4216, 'grad_norm': 0.10272358357906342, 'learning_rate': 2.2107639942034846e-05, 'epoch': 24.03}
{'loss': 1.4216, 'grad_norm': 0.07174035161733627, 'learning_rate': 2.2090789606713175e-05, 'epoch': 24.04}
{'loss': 1.4219, 'grad_norm': 0.08391158282756805, 'learning_rate': 2.2073939271391503e-05, 'epoch': 24.04}
{'loss': 1.4213, 'grad_norm': 0.08971143513917923, 'learning_rate': 2.205708893606983e-05, 'epoch': 24.04}
{'loss': 1.4225, 'grad_norm': 0.3660336136817932, 'learning_rate': 2.2040238600748157e-05, 'epoch': 24.05}
{'loss': 1.4216, 'grad_norm': 0.11832274496555328, 'learning_rate': 2.2023388265426485e-05, 'epoch': 24.05}
{'loss': 1.4221, 'grad_norm': 0.12179011106491089, 'learning_rate': 2.200653793010481e-05, 'epoch': 24.06}
{'loss': 1.422, 'grad_norm': 0.3537498414516449, 'learning_rate': 2.1989687594783136e-05, 'epoch': 24.06}
{'loss': 1.4216, 'grad_norm': 0.2348191887140274, 'learning_rate': 2.1972837259461464e-05, 'epoch': 24.07}
{'loss': 1.4221, 'grad_norm': 0.185390904545784, 'learning_rate': 2.195598692413979e-05, 'epoch': 24.07}
{'loss': 1.422, 'grad_norm': 0.06732674688100815, 'learning_rate': 2.1939136588818118e-05, 'epoch': 24.08}
{'loss': 1.4217, 'grad_norm': 0.30536940693855286, 'learning_rate': 2.1922286253496446e-05, 'epoch': 24.08}
{'loss': 1.4218, 'grad_norm': 0.06653636693954468, 'learning_rate': 2.190543591817477e-05, 'epoch': 24.09}
{'loss': 1.4224, 'grad_norm': 0.09026908874511719, 'learning_rate': 2.18885855828531e-05, 'epoch': 24.09}
{'loss': 1.4214, 'grad_norm': 0.06504122912883759, 'learning_rate': 2.1871735247531428e-05, 'epoch': 24.09}
{'loss': 1.4212, 'grad_norm': 0.08030040562152863, 'learning_rate': 2.1854884912209753e-05, 'epoch': 24.1}
{'loss': 1.4218, 'grad_norm': 0.10885979235172272, 'learning_rate': 2.1838034576888082e-05, 'epoch': 24.1}
{'loss': 1.4219, 'grad_norm': 0.08070795238018036, 'learning_rate': 2.1821184241566407e-05, 'epoch': 24.11}
{'loss': 1.4217, 'grad_norm': 0.15747074782848358, 'learning_rate': 2.1804333906244735e-05, 'epoch': 24.11}
{'loss': 1.4217, 'grad_norm': 0.08353877812623978, 'learning_rate': 2.178748357092306e-05, 'epoch': 24.12}
{'loss': 1.4219, 'grad_norm': 0.09367142617702484, 'learning_rate': 2.177063323560139e-05, 'epoch': 24.12}
{'loss': 1.4223, 'grad_norm': 0.23885256052017212, 'learning_rate': 2.1753782900279718e-05, 'epoch': 24.13}
{'loss': 1.4217, 'grad_norm': 0.07032845169305801, 'learning_rate': 2.1736932564958043e-05, 'epoch': 24.13}
{'loss': 1.4215, 'grad_norm': 0.20756323635578156, 'learning_rate': 2.172008222963637e-05, 'epoch': 24.14}
{'loss': 1.4218, 'grad_norm': 0.10101556777954102, 'learning_rate': 2.17032318943147e-05, 'epoch': 24.14}
{'loss': 1.4218, 'grad_norm': 0.07949388772249222, 'learning_rate': 2.1686381558993025e-05, 'epoch': 24.14}
{'loss': 1.4221, 'grad_norm': 0.31040728092193604, 'learning_rate': 2.1669531223671353e-05, 'epoch': 24.15}
{'loss': 1.4217, 'grad_norm': 0.07572398334741592, 'learning_rate': 2.165268088834968e-05, 'epoch': 24.15}
{'loss': 1.4218, 'grad_norm': 0.22471897304058075, 'learning_rate': 2.1635830553028007e-05, 'epoch': 24.16}
{'loss': 1.4216, 'grad_norm': 0.1032194122672081, 'learning_rate': 2.1618980217706332e-05, 'epoch': 24.16}
{'loss': 1.4222, 'grad_norm': 0.10157965868711472, 'learning_rate': 2.160212988238466e-05, 'epoch': 24.17}
{'loss': 1.422, 'grad_norm': 0.11781184375286102, 'learning_rate': 2.1585279547062986e-05, 'epoch': 24.17}
{'loss': 1.422, 'grad_norm': 0.09755702316761017, 'learning_rate': 2.1568429211741314e-05, 'epoch': 24.18}
{'loss': 1.4219, 'grad_norm': 0.2136499583721161, 'learning_rate': 2.1551578876419643e-05, 'epoch': 24.18}
{'loss': 1.4215, 'grad_norm': 0.10204330831766129, 'learning_rate': 2.1534728541097968e-05, 'epoch': 24.19}
{'loss': 1.4227, 'grad_norm': 0.3013996481895447, 'learning_rate': 2.1517878205776296e-05, 'epoch': 24.19}
{'loss': 1.4223, 'grad_norm': 0.13041606545448303, 'learning_rate': 2.1501027870454625e-05, 'epoch': 24.19}
{'loss': 1.4222, 'grad_norm': 0.1342163234949112, 'learning_rate': 2.148417753513295e-05, 'epoch': 24.2}
{'loss': 1.4215, 'grad_norm': 0.144387885928154, 'learning_rate': 2.146732719981128e-05, 'epoch': 24.2}
{'loss': 1.4221, 'grad_norm': 0.08758988976478577, 'learning_rate': 2.1450476864489603e-05, 'epoch': 24.21}
{'loss': 1.4216, 'grad_norm': 0.12216990441083908, 'learning_rate': 2.1433626529167932e-05, 'epoch': 24.21}
{'loss': 1.422, 'grad_norm': 0.1145959123969078, 'learning_rate': 2.1416776193846257e-05, 'epoch': 24.22}
{'loss': 1.4221, 'grad_norm': 0.1749946027994156, 'learning_rate': 2.1399925858524586e-05, 'epoch': 24.22}
{'loss': 1.4218, 'grad_norm': 0.10194313526153564, 'learning_rate': 2.1383075523202914e-05, 'epoch': 24.23}
{'loss': 1.4225, 'grad_norm': 0.08185211569070816, 'learning_rate': 2.136622518788124e-05, 'epoch': 24.23}
{'loss': 1.422, 'grad_norm': 0.08781742304563522, 'learning_rate': 2.1349374852559568e-05, 'epoch': 24.24}
{'loss': 1.4215, 'grad_norm': 0.06585460156202316, 'learning_rate': 2.1332524517237896e-05, 'epoch': 24.24}
{'loss': 1.4221, 'grad_norm': 0.0665709599852562, 'learning_rate': 2.131567418191622e-05, 'epoch': 24.24}
{'loss': 1.4239, 'grad_norm': 0.10749772936105728, 'learning_rate': 2.129882384659455e-05, 'epoch': 24.25}
{'loss': 1.4229, 'grad_norm': 0.11692346632480621, 'learning_rate': 2.1281973511272875e-05, 'epoch': 24.25}
{'loss': 1.422, 'grad_norm': 0.08472298830747604, 'learning_rate': 2.12651231759512e-05, 'epoch': 24.26}
{'loss': 1.4217, 'grad_norm': 0.07997200638055801, 'learning_rate': 2.124827284062953e-05, 'epoch': 24.26}
{'loss': 1.4216, 'grad_norm': 0.06651553511619568, 'learning_rate': 2.1231422505307857e-05, 'epoch': 24.27}
{'loss': 1.4222, 'grad_norm': 0.07711944729089737, 'learning_rate': 2.1214572169986182e-05, 'epoch': 24.27}
{'loss': 1.4223, 'grad_norm': 0.07368861883878708, 'learning_rate': 2.119772183466451e-05, 'epoch': 24.28}
{'loss': 1.4225, 'grad_norm': 0.1288127452135086, 'learning_rate': 2.118087149934284e-05, 'epoch': 24.28}
{'loss': 1.422, 'grad_norm': 0.18454599380493164, 'learning_rate': 2.1164021164021164e-05, 'epoch': 24.29}
{'loss': 1.4219, 'grad_norm': 0.08576688170433044, 'learning_rate': 2.1147170828699493e-05, 'epoch': 24.29}
{'loss': 1.4219, 'grad_norm': 0.07083383947610855, 'learning_rate': 2.113032049337782e-05, 'epoch': 24.29}
{'loss': 1.422, 'grad_norm': 0.06597376614809036, 'learning_rate': 2.1113470158056146e-05, 'epoch': 24.3}
{'loss': 1.4218, 'grad_norm': 0.07992077618837357, 'learning_rate': 2.109661982273447e-05, 'epoch': 24.3}
{'loss': 1.4221, 'grad_norm': 0.0831725001335144, 'learning_rate': 2.10797694874128e-05, 'epoch': 24.31}
{'loss': 1.4219, 'grad_norm': 0.11513025313615799, 'learning_rate': 2.106291915209113e-05, 'epoch': 24.31}
{'loss': 1.4212, 'grad_norm': 0.06337849795818329, 'learning_rate': 2.1046068816769454e-05, 'epoch': 24.32}
{'loss': 1.4218, 'grad_norm': 0.06777670979499817, 'learning_rate': 2.1029218481447782e-05, 'epoch': 24.32}
{'loss': 1.4275, 'grad_norm': 0.09919442236423492, 'learning_rate': 2.101236814612611e-05, 'epoch': 24.33}
{'loss': 1.422, 'grad_norm': 0.0888284370303154, 'learning_rate': 2.0995517810804436e-05, 'epoch': 24.33}
{'loss': 1.422, 'grad_norm': 0.5845218300819397, 'learning_rate': 2.0978667475482764e-05, 'epoch': 24.34}
{'loss': 1.4222, 'grad_norm': 0.1234436109662056, 'learning_rate': 2.0961817140161093e-05, 'epoch': 24.34}
{'loss': 1.4226, 'grad_norm': 0.15524958074092865, 'learning_rate': 2.0944966804839418e-05, 'epoch': 24.34}
{'loss': 1.4223, 'grad_norm': 0.08569544553756714, 'learning_rate': 2.0928116469517743e-05, 'epoch': 24.35}
{'loss': 1.4216, 'grad_norm': 0.3384701907634735, 'learning_rate': 2.091126613419607e-05, 'epoch': 24.35}
{'loss': 1.4222, 'grad_norm': 0.08032482862472534, 'learning_rate': 2.0894415798874396e-05, 'epoch': 24.36}
{'loss': 1.4215, 'grad_norm': 0.06611345708370209, 'learning_rate': 2.0877565463552725e-05, 'epoch': 24.36}
{'loss': 1.4221, 'grad_norm': 0.08211467415094376, 'learning_rate': 2.0860715128231053e-05, 'epoch': 24.37}
{'loss': 1.4221, 'grad_norm': 0.10813819617033005, 'learning_rate': 2.084386479290938e-05, 'epoch': 24.37}
{'loss': 1.4216, 'grad_norm': 0.06392576545476913, 'learning_rate': 2.0827014457587707e-05, 'epoch': 24.38}
{'loss': 1.4222, 'grad_norm': 0.06929454952478409, 'learning_rate': 2.0810164122266036e-05, 'epoch': 24.38}
{'loss': 1.4224, 'grad_norm': 0.12018075585365295, 'learning_rate': 2.079331378694436e-05, 'epoch': 24.39}
{'loss': 1.4217, 'grad_norm': 0.06279443204402924, 'learning_rate': 2.077646345162269e-05, 'epoch': 24.39}
{'loss': 1.4213, 'grad_norm': 0.4050525426864624, 'learning_rate': 2.0759613116301018e-05, 'epoch': 24.39}
{'loss': 1.4219, 'grad_norm': 0.5861108303070068, 'learning_rate': 2.0742762780979343e-05, 'epoch': 24.4}
{'loss': 1.4225, 'grad_norm': 0.09517281502485275, 'learning_rate': 2.0725912445657668e-05, 'epoch': 24.4}
{'loss': 1.4221, 'grad_norm': 0.09892691671848297, 'learning_rate': 2.0709062110335996e-05, 'epoch': 24.41}
{'loss': 1.4223, 'grad_norm': 0.11669286340475082, 'learning_rate': 2.069221177501432e-05, 'epoch': 24.41}
{'loss': 1.4222, 'grad_norm': 0.07326068729162216, 'learning_rate': 2.067536143969265e-05, 'epoch': 24.42}
{'loss': 1.4219, 'grad_norm': 0.20145221054553986, 'learning_rate': 2.065851110437098e-05, 'epoch': 24.42}
{'loss': 1.4215, 'grad_norm': 0.0607321634888649, 'learning_rate': 2.0641660769049307e-05, 'epoch': 24.43}
{'loss': 1.4215, 'grad_norm': 0.5100430250167847, 'learning_rate': 2.0624810433727632e-05, 'epoch': 24.43}
{'loss': 1.4215, 'grad_norm': 0.0815553367137909, 'learning_rate': 2.060796009840596e-05, 'epoch': 24.44}
{'loss': 1.4218, 'grad_norm': 0.11012113094329834, 'learning_rate': 2.059110976308429e-05, 'epoch': 24.44}
{'loss': 1.4226, 'grad_norm': 0.17603488266468048, 'learning_rate': 2.0574259427762614e-05, 'epoch': 24.44}
{'loss': 1.4218, 'grad_norm': 0.09748025983572006, 'learning_rate': 2.055740909244094e-05, 'epoch': 24.45}
{'loss': 1.422, 'grad_norm': 0.07645008713006973, 'learning_rate': 2.0540558757119268e-05, 'epoch': 24.45}
{'loss': 1.4221, 'grad_norm': 0.09351561218500137, 'learning_rate': 2.0523708421797593e-05, 'epoch': 24.46}
{'loss': 1.4219, 'grad_norm': 0.06508844345808029, 'learning_rate': 2.050685808647592e-05, 'epoch': 24.46}
{'loss': 1.4221, 'grad_norm': 0.0973908007144928, 'learning_rate': 2.049000775115425e-05, 'epoch': 24.47}
{'loss': 1.4219, 'grad_norm': 0.08568878471851349, 'learning_rate': 2.0473157415832575e-05, 'epoch': 24.47}
{'loss': 1.4216, 'grad_norm': 0.19440984725952148, 'learning_rate': 2.0456307080510904e-05, 'epoch': 24.48}
{'loss': 1.4223, 'grad_norm': 0.08391448110342026, 'learning_rate': 2.0439456745189232e-05, 'epoch': 24.48}
{'loss': 1.4217, 'grad_norm': 0.111075259745121, 'learning_rate': 2.0422606409867557e-05, 'epoch': 24.49}
{'loss': 1.4218, 'grad_norm': 0.07761605083942413, 'learning_rate': 2.0405756074545886e-05, 'epoch': 24.49}
{'loss': 1.4222, 'grad_norm': 0.08180965483188629, 'learning_rate': 2.038890573922421e-05, 'epoch': 24.49}
{'loss': 1.4227, 'grad_norm': 0.14828640222549438, 'learning_rate': 2.0372055403902536e-05, 'epoch': 24.5}
{'loss': 1.4218, 'grad_norm': 0.45852184295654297, 'learning_rate': 2.0355205068580864e-05, 'epoch': 24.5}
{'loss': 1.422, 'grad_norm': 0.06244361028075218, 'learning_rate': 2.0338354733259193e-05, 'epoch': 24.51}
{'loss': 1.4226, 'grad_norm': 0.06089586019515991, 'learning_rate': 2.0321504397937518e-05, 'epoch': 24.51}
{'loss': 1.4227, 'grad_norm': 0.09877356886863708, 'learning_rate': 2.0304654062615847e-05, 'epoch': 24.52}
{'loss': 1.4218, 'grad_norm': 0.10742302983999252, 'learning_rate': 2.0287803727294175e-05, 'epoch': 24.52}
{'loss': 1.4219, 'grad_norm': 0.13328640162944794, 'learning_rate': 2.0270953391972504e-05, 'epoch': 24.53}
{'loss': 1.4216, 'grad_norm': 0.12124864757061005, 'learning_rate': 2.025410305665083e-05, 'epoch': 24.53}
{'loss': 1.4223, 'grad_norm': 0.07717367261648178, 'learning_rate': 2.0237252721329157e-05, 'epoch': 24.54}
{'loss': 1.4223, 'grad_norm': 0.07532847672700882, 'learning_rate': 2.0220402386007482e-05, 'epoch': 24.54}
{'loss': 1.4219, 'grad_norm': 0.0844125747680664, 'learning_rate': 2.0203552050685807e-05, 'epoch': 24.55}
{'loss': 1.4219, 'grad_norm': 0.060423366725444794, 'learning_rate': 2.0186701715364136e-05, 'epoch': 24.55}
{'loss': 1.4216, 'grad_norm': 0.07576774805784225, 'learning_rate': 2.0169851380042464e-05, 'epoch': 24.55}
{'loss': 1.422, 'grad_norm': 0.06949017196893692, 'learning_rate': 2.015300104472079e-05, 'epoch': 24.56}
{'loss': 1.4222, 'grad_norm': 0.08690661936998367, 'learning_rate': 2.0136150709399118e-05, 'epoch': 24.56}
{'loss': 1.4215, 'grad_norm': 0.06947945058345795, 'learning_rate': 2.0119300374077446e-05, 'epoch': 24.57}
pred : ardent in the prosecution of heresy cyril auspiciously opened his reign by oppressing the novations the most innocent and harmless of the sectaries
label: ardent in the prosecution of heresy cyril auspiciously opened his reign by oppressing the novatians the most innocent and harmless of the sectaries
pred : without any legal sentence without any royal mandate the patriarch at the dawn of day led a seditious multitude to the attack of the synagogues
label: without any legal sentence without any royal mandate the patriarch at the dawn of day led a seditious multitude to the attack of the synagogues
pred : such crimes would have deserved the animadversion of the magistrate but in this promiscuous outrage the innocent were confounded with the guilty and alexandria was impoverished by the loss of a wealthy and industrious colony
label: such crimes would have deserved the animadversion of the magistrate but in this promiscuous outrage the innocent were confounded with the guilty and alexandria was impoverished by the loss of a wealthy and industrious colony
pred : ardent in the prosecution of heresy cyril auspiciously opened his reign by oppressing the novations the most innocent and harmless of the sectaries
label: ardent in the prosecution of heresy cyril auspiciously opened his reign by oppressing the novatians the most innocent and harmless of the sectaries
pred : without any legal sentence without any royal mandate the patriarch at the dawn of day led a seditious multitude to the attack of the synagogues
label: without any legal sentence without any royal mandate the patriarch at the dawn of day led a seditious multitude to the attack of the synagogues
pred : such crimes would have deserved the animadversion of the magistrate but in this promiscuous outrage the innocent were confounded with the guilty and alexandria was impoverished by the loss of a wealthy and industrious colony
label: such crimes would have deserved the animadversion of the magistrate but in this promiscuous outrage the innocent were confounded with the guilty and alexandria was impoverished by the loss of a wealthy and industrious colony
pred : ardent in the prosecution of heresy cyril auspiciously opened his reign by oppressing the novations the most innocent and harmless of the sectaries
label: ardent in the prosecution of heresy cyril auspiciously opened his reign by oppressing the novatians the most innocent and harmless of the sectaries
pred : without any legal sentence without any royal mandate the patriarch at the dawn of day led a seditious multitude to the attack of the synagogues
label: without any legal sentence without any royal mandate the patriarch at the dawn of day led a seditious multitude to the attack of the synagogues
pred : such crimes would have deserved the animadversion of the magistrate but in this promiscuous outrage the innocent were confounded with the guilty and alexandria was impoverished by the loss of a wealthy and industrious colony
label: such crimes would have deserved the animadversion of the magistrate but in this promiscuous outrage the innocent were confounded with the guilty and alexandria was impoverished by the loss of a wealthy and industrious colony
pred : ardent in the prosecution of heresy cyril auspiciously opened his reign by oppressing the novations the most innocent and harmless of the sectaries
label: ardent in the prosecution of heresy cyril auspiciously opened his reign by oppressing the novatians the most innocent and harmless of the sectaries
pred : without any legal sentence without any royal mandate the patriarch at the dawn of day led a seditious multitude to the attack of the synagogues
label: without any legal sentence without any royal mandate the patriarch at the dawn of day led a seditious multitude to the attack of the synagogues
pred : such crimes would have deserved the animadversion of the magistrate but in this promiscuous outrage the innocent were confounded with the guilty and alexandria was impoverished by the loss of a wealthy and industrious colony
label: such crimes would have deserved the animadversion of the magistrate but in this promiscuous outrage the innocent were confounded with the guilty and alexandria was impoverished by the loss of a wealthy and industrious colony
{'eval_loss': 1.5618594884872437, 'eval_bleu': 96.90495602848692, 'eval_wer': 0.016920843100224917, 'eval_cer': 0.008152497322172412, 'eval_rouge1': 0.9863115121338374, 'eval_rouge2': 0.9747097613994385, 'eval_rougeL': 0.9862593739469226, 'eval_runtime': 95.184, 'eval_samples_per_second': 58.487, 'eval_steps_per_second': 0.305, 'epoch': 24.57}
{'loss': 1.4221, 'grad_norm': 0.08017955720424652, 'learning_rate': 2.010245003875577e-05, 'epoch': 24.57}
{'loss': 1.4221, 'grad_norm': 0.08272791653871536, 'learning_rate': 2.00855997034341e-05, 'epoch': 24.58}
{'loss': 1.422, 'grad_norm': 0.08958689868450165, 'learning_rate': 2.006874936811243e-05, 'epoch': 24.58}
{'loss': 1.4224, 'grad_norm': 0.15061356127262115, 'learning_rate': 2.0051899032790754e-05, 'epoch': 24.59}
{'loss': 1.4218, 'grad_norm': 0.39285552501678467, 'learning_rate': 2.003504869746908e-05, 'epoch': 24.59}
{'loss': 1.4223, 'grad_norm': 0.09335785359144211, 'learning_rate': 2.0018198362147407e-05, 'epoch': 24.6}
{'loss': 1.4216, 'grad_norm': 0.06843607872724533, 'learning_rate': 2.0001348026825732e-05, 'epoch': 24.6}
{'loss': 1.4222, 'grad_norm': 0.08276066184043884, 'learning_rate': 1.998449769150406e-05, 'epoch': 24.6}
{'loss': 1.4214, 'grad_norm': 0.0951632410287857, 'learning_rate': 1.996764735618239e-05, 'epoch': 24.61}
{'loss': 1.4225, 'grad_norm': 0.07104608416557312, 'learning_rate': 1.9950797020860714e-05, 'epoch': 24.61}
{'loss': 1.4218, 'grad_norm': 0.12332850694656372, 'learning_rate': 1.9933946685539043e-05, 'epoch': 24.62}
{'loss': 1.4222, 'grad_norm': 0.2238154113292694, 'learning_rate': 1.991709635021737e-05, 'epoch': 24.62}
{'loss': 1.422, 'grad_norm': 0.12135365605354309, 'learning_rate': 1.99002460148957e-05, 'epoch': 24.63}
{'loss': 1.4224, 'grad_norm': 0.10501456260681152, 'learning_rate': 1.9883395679574025e-05, 'epoch': 24.63}
{'loss': 1.422, 'grad_norm': 0.4154539704322815, 'learning_rate': 1.9866545344252354e-05, 'epoch': 24.64}
{'loss': 1.4228, 'grad_norm': 0.07529329508543015, 'learning_rate': 1.984969500893068e-05, 'epoch': 24.64}
{'loss': 1.4222, 'grad_norm': 0.07116692513227463, 'learning_rate': 1.9832844673609004e-05, 'epoch': 24.65}
{'loss': 1.4221, 'grad_norm': 0.07948414981365204, 'learning_rate': 1.9815994338287332e-05, 'epoch': 24.65}
{'loss': 1.4219, 'grad_norm': 0.22903375327587128, 'learning_rate': 1.979914400296566e-05, 'epoch': 24.65}
{'loss': 1.4218, 'grad_norm': 0.15997031331062317, 'learning_rate': 1.9782293667643986e-05, 'epoch': 24.66}
{'loss': 1.4223, 'grad_norm': 1.0266474485397339, 'learning_rate': 1.9765443332322314e-05, 'epoch': 24.66}
{'loss': 1.422, 'grad_norm': 0.07983959466218948, 'learning_rate': 1.9748592997000643e-05, 'epoch': 24.67}
{'loss': 1.4218, 'grad_norm': 0.09614885598421097, 'learning_rate': 1.9731742661678968e-05, 'epoch': 24.67}
{'loss': 1.4216, 'grad_norm': 0.09662926197052002, 'learning_rate': 1.9714892326357297e-05, 'epoch': 24.68}
{'loss': 1.4218, 'grad_norm': 0.11159725487232208, 'learning_rate': 1.9698041991035625e-05, 'epoch': 24.68}
{'loss': 1.422, 'grad_norm': 0.09183169156312943, 'learning_rate': 1.968119165571395e-05, 'epoch': 24.69}
{'loss': 1.4217, 'grad_norm': 0.0636553019285202, 'learning_rate': 1.9664341320392275e-05, 'epoch': 24.69}
{'loss': 1.4223, 'grad_norm': 0.09202465415000916, 'learning_rate': 1.9647490985070604e-05, 'epoch': 24.7}
{'loss': 1.422, 'grad_norm': 0.2571924328804016, 'learning_rate': 1.963064064974893e-05, 'epoch': 24.7}
{'loss': 1.4219, 'grad_norm': 0.0904916524887085, 'learning_rate': 1.9613790314427257e-05, 'epoch': 24.7}
{'loss': 1.422, 'grad_norm': 0.09970391541719437, 'learning_rate': 1.9596939979105586e-05, 'epoch': 24.71}
{'loss': 1.4217, 'grad_norm': 0.08965250104665756, 'learning_rate': 1.958008964378391e-05, 'epoch': 24.71}
{'loss': 1.422, 'grad_norm': 0.06483615934848785, 'learning_rate': 1.956323930846224e-05, 'epoch': 24.72}
{'loss': 1.4223, 'grad_norm': 0.08486820012331009, 'learning_rate': 1.9546388973140568e-05, 'epoch': 24.72}
{'loss': 1.4225, 'grad_norm': 0.0761917233467102, 'learning_rate': 1.9529538637818893e-05, 'epoch': 24.73}
{'loss': 1.4222, 'grad_norm': 0.10372975468635559, 'learning_rate': 1.951268830249722e-05, 'epoch': 24.73}
{'loss': 1.4219, 'grad_norm': 0.08826222270727158, 'learning_rate': 1.9495837967175547e-05, 'epoch': 24.74}
{'loss': 1.4215, 'grad_norm': 0.07234574109315872, 'learning_rate': 1.9478987631853875e-05, 'epoch': 24.74}
{'loss': 1.4221, 'grad_norm': 0.07720056176185608, 'learning_rate': 1.94621372965322e-05, 'epoch': 24.75}
{'loss': 1.4218, 'grad_norm': 0.1028556376695633, 'learning_rate': 1.944528696121053e-05, 'epoch': 24.75}
{'loss': 1.4216, 'grad_norm': 0.08562502264976501, 'learning_rate': 1.9428436625888857e-05, 'epoch': 24.75}
{'loss': 1.4221, 'grad_norm': 0.07417501509189606, 'learning_rate': 1.9411586290567182e-05, 'epoch': 24.76}
{'loss': 1.422, 'grad_norm': 0.1625542938709259, 'learning_rate': 1.939473595524551e-05, 'epoch': 24.76}
{'loss': 1.4222, 'grad_norm': 0.17674674093723297, 'learning_rate': 1.937788561992384e-05, 'epoch': 24.77}
{'loss': 1.4219, 'grad_norm': 0.07433002442121506, 'learning_rate': 1.9361035284602164e-05, 'epoch': 24.77}
{'loss': 1.4219, 'grad_norm': 0.10027024149894714, 'learning_rate': 1.9344184949280493e-05, 'epoch': 24.78}
{'loss': 1.4219, 'grad_norm': 0.11334027349948883, 'learning_rate': 1.9327334613958818e-05, 'epoch': 24.78}
{'loss': 1.4219, 'grad_norm': 0.11017189919948578, 'learning_rate': 1.9310484278637143e-05, 'epoch': 24.79}
{'loss': 1.4223, 'grad_norm': 0.11732038855552673, 'learning_rate': 1.9293633943315472e-05, 'epoch': 24.79}
{'loss': 1.4214, 'grad_norm': 0.07408220320940018, 'learning_rate': 1.92767836079938e-05, 'epoch': 24.8}
{'loss': 1.4217, 'grad_norm': 0.06663645803928375, 'learning_rate': 1.9259933272672125e-05, 'epoch': 24.8}
{'loss': 1.4218, 'grad_norm': 0.08928331732749939, 'learning_rate': 1.9243082937350454e-05, 'epoch': 24.8}
{'loss': 1.4228, 'grad_norm': 0.07426765561103821, 'learning_rate': 1.9226232602028782e-05, 'epoch': 24.81}
{'loss': 1.4224, 'grad_norm': 0.09944843500852585, 'learning_rate': 1.9209382266707107e-05, 'epoch': 24.81}
{'loss': 1.4222, 'grad_norm': 0.07149986922740936, 'learning_rate': 1.9192531931385436e-05, 'epoch': 24.82}
{'loss': 1.422, 'grad_norm': 0.09172428399324417, 'learning_rate': 1.9175681596063764e-05, 'epoch': 24.82}
{'loss': 1.4215, 'grad_norm': 0.12536710500717163, 'learning_rate': 1.915883126074209e-05, 'epoch': 24.83}
{'loss': 1.4221, 'grad_norm': 0.08226742595434189, 'learning_rate': 1.9141980925420415e-05, 'epoch': 24.83}
{'loss': 1.4218, 'grad_norm': 0.15792983770370483, 'learning_rate': 1.9125130590098743e-05, 'epoch': 24.84}
{'loss': 1.4215, 'grad_norm': 0.08507964760065079, 'learning_rate': 1.910828025477707e-05, 'epoch': 24.84}
{'loss': 1.4221, 'grad_norm': 0.08576995134353638, 'learning_rate': 1.9091429919455397e-05, 'epoch': 24.85}
{'loss': 1.4219, 'grad_norm': 0.18224701285362244, 'learning_rate': 1.9074579584133725e-05, 'epoch': 24.85}
{'loss': 1.4225, 'grad_norm': 0.17190666496753693, 'learning_rate': 1.9057729248812054e-05, 'epoch': 24.85}
{'loss': 1.4216, 'grad_norm': 0.06034284830093384, 'learning_rate': 1.904087891349038e-05, 'epoch': 24.86}
{'loss': 1.4226, 'grad_norm': 0.07754558324813843, 'learning_rate': 1.9024028578168707e-05, 'epoch': 24.86}
{'loss': 1.4218, 'grad_norm': 0.3632355332374573, 'learning_rate': 1.9007178242847036e-05, 'epoch': 24.87}
{'loss': 1.4214, 'grad_norm': 0.11898937076330185, 'learning_rate': 1.899032790752536e-05, 'epoch': 24.87}
{'loss': 1.4222, 'grad_norm': 0.10195054858922958, 'learning_rate': 1.897347757220369e-05, 'epoch': 24.88}
{'loss': 1.4219, 'grad_norm': 0.06301941722631454, 'learning_rate': 1.8956627236882015e-05, 'epoch': 24.88}
{'loss': 1.4218, 'grad_norm': 0.05856173485517502, 'learning_rate': 1.893977690156034e-05, 'epoch': 24.89}
{'loss': 1.4217, 'grad_norm': 0.05577702820301056, 'learning_rate': 1.8922926566238668e-05, 'epoch': 24.89}
{'loss': 1.4225, 'grad_norm': 0.11098286509513855, 'learning_rate': 1.8906076230916997e-05, 'epoch': 24.9}
{'loss': 1.4219, 'grad_norm': 0.07585171610116959, 'learning_rate': 1.8889225895595322e-05, 'epoch': 24.9}
{'loss': 1.4213, 'grad_norm': 0.07257974147796631, 'learning_rate': 1.887237556027365e-05, 'epoch': 24.9}
{'loss': 1.4212, 'grad_norm': 0.0990435853600502, 'learning_rate': 1.885552522495198e-05, 'epoch': 24.91}
{'loss': 1.4217, 'grad_norm': 0.06597546488046646, 'learning_rate': 1.8838674889630304e-05, 'epoch': 24.91}
{'loss': 1.421, 'grad_norm': 0.09957044571638107, 'learning_rate': 1.8821824554308632e-05, 'epoch': 24.92}
{'loss': 1.422, 'grad_norm': 0.30353987216949463, 'learning_rate': 1.880497421898696e-05, 'epoch': 24.92}
{'loss': 1.4219, 'grad_norm': 0.14440421760082245, 'learning_rate': 1.8788123883665286e-05, 'epoch': 24.93}
{'loss': 1.4217, 'grad_norm': 0.13013413548469543, 'learning_rate': 1.877127354834361e-05, 'epoch': 24.93}
{'loss': 1.4219, 'grad_norm': 0.08860237896442413, 'learning_rate': 1.875442321302194e-05, 'epoch': 24.94}
{'loss': 1.4216, 'grad_norm': 0.07133759558200836, 'learning_rate': 1.8737572877700268e-05, 'epoch': 24.94}
{'loss': 1.4214, 'grad_norm': 0.07671751827001572, 'learning_rate': 1.8720722542378593e-05, 'epoch': 24.95}
{'loss': 1.4218, 'grad_norm': 0.09812836349010468, 'learning_rate': 1.8703872207056922e-05, 'epoch': 24.95}
{'loss': 1.422, 'grad_norm': 0.09858700633049011, 'learning_rate': 1.868702187173525e-05, 'epoch': 24.95}
{'loss': 1.4213, 'grad_norm': 0.08065053820610046, 'learning_rate': 1.8670171536413575e-05, 'epoch': 24.96}
{'loss': 1.4211, 'grad_norm': 0.06875338405370712, 'learning_rate': 1.8653321201091904e-05, 'epoch': 24.96}
{'loss': 1.4218, 'grad_norm': 0.07286345213651657, 'learning_rate': 1.8636470865770232e-05, 'epoch': 24.97}
{'loss': 1.4226, 'grad_norm': 0.06015763431787491, 'learning_rate': 1.8619620530448557e-05, 'epoch': 24.97}
{'loss': 1.4223, 'grad_norm': 0.0616459846496582, 'learning_rate': 1.8602770195126883e-05, 'epoch': 24.98}
{'loss': 1.4214, 'grad_norm': 0.06867058575153351, 'learning_rate': 1.858591985980521e-05, 'epoch': 24.98}
{'loss': 1.4217, 'grad_norm': 0.07775156944990158, 'learning_rate': 1.8569069524483536e-05, 'epoch': 24.99}
{'loss': 1.4221, 'grad_norm': 0.09147867560386658, 'learning_rate': 1.8552219189161865e-05, 'epoch': 24.99}
{'loss': 1.4222, 'grad_norm': 0.16286396980285645, 'learning_rate': 1.8535368853840193e-05, 'epoch': 25.0}
{'loss': 1.4217, 'grad_norm': 0.059388577938079834, 'learning_rate': 1.8518518518518518e-05, 'epoch': 25.0}
{'loss': 1.4218, 'grad_norm': 0.06811191886663437, 'learning_rate': 1.8501668183196847e-05, 'epoch': 25.0}
{'loss': 1.4215, 'grad_norm': 0.12926460802555084, 'learning_rate': 1.8484817847875175e-05, 'epoch': 25.01}
{'loss': 1.4211, 'grad_norm': 0.1464080512523651, 'learning_rate': 1.84679675125535e-05, 'epoch': 25.01}
{'loss': 1.4215, 'grad_norm': 0.08629108220338821, 'learning_rate': 1.845111717723183e-05, 'epoch': 25.02}
{'loss': 1.4216, 'grad_norm': 0.06149393320083618, 'learning_rate': 1.8434266841910154e-05, 'epoch': 25.02}
{'loss': 1.4215, 'grad_norm': 0.08431916683912277, 'learning_rate': 1.841741650658848e-05, 'epoch': 25.03}
{'loss': 1.4211, 'grad_norm': 0.0945475623011589, 'learning_rate': 1.8400566171266808e-05, 'epoch': 25.03}
{'loss': 1.4212, 'grad_norm': 0.09835708141326904, 'learning_rate': 1.8383715835945136e-05, 'epoch': 25.04}
{'loss': 1.4211, 'grad_norm': 0.11522854119539261, 'learning_rate': 1.8366865500623465e-05, 'epoch': 25.04}
{'loss': 1.4211, 'grad_norm': 0.12222957611083984, 'learning_rate': 1.835001516530179e-05, 'epoch': 25.05}
{'loss': 1.422, 'grad_norm': 0.17282183468341827, 'learning_rate': 1.8333164829980118e-05, 'epoch': 25.05}
{'loss': 1.4212, 'grad_norm': 0.09329210966825485, 'learning_rate': 1.8316314494658447e-05, 'epoch': 25.05}
{'loss': 1.4213, 'grad_norm': 0.1507115662097931, 'learning_rate': 1.8299464159336772e-05, 'epoch': 25.06}
{'loss': 1.4215, 'grad_norm': 0.058924805372953415, 'learning_rate': 1.82826138240151e-05, 'epoch': 25.06}
{'loss': 1.4215, 'grad_norm': 0.16367320716381073, 'learning_rate': 1.8265763488693425e-05, 'epoch': 25.07}
{'loss': 1.4209, 'grad_norm': 0.055544234812259674, 'learning_rate': 1.824891315337175e-05, 'epoch': 25.07}
{'loss': 1.4214, 'grad_norm': 0.07498752325773239, 'learning_rate': 1.823206281805008e-05, 'epoch': 25.08}
{'loss': 1.4214, 'grad_norm': 0.07928569614887238, 'learning_rate': 1.8215212482728408e-05, 'epoch': 25.08}
{'loss': 1.4219, 'grad_norm': 0.08102458715438843, 'learning_rate': 1.8198362147406733e-05, 'epoch': 25.09}
{'loss': 1.4215, 'grad_norm': 0.06228281185030937, 'learning_rate': 1.818151181208506e-05, 'epoch': 25.09}
{'loss': 1.4213, 'grad_norm': 0.17020486295223236, 'learning_rate': 1.816466147676339e-05, 'epoch': 25.1}
{'loss': 1.4213, 'grad_norm': 0.07696365565061569, 'learning_rate': 1.8147811141441715e-05, 'epoch': 25.1}
{'loss': 1.4214, 'grad_norm': 0.19096608459949493, 'learning_rate': 1.8130960806120043e-05, 'epoch': 25.1}
{'loss': 1.4219, 'grad_norm': 0.07876868546009064, 'learning_rate': 1.8114110470798372e-05, 'epoch': 25.11}
{'loss': 1.4211, 'grad_norm': 0.09140224009752274, 'learning_rate': 1.8097260135476697e-05, 'epoch': 25.11}
{'loss': 1.4209, 'grad_norm': 0.06116759404540062, 'learning_rate': 1.8080409800155025e-05, 'epoch': 25.12}
{'loss': 1.421, 'grad_norm': 0.0808185487985611, 'learning_rate': 1.806355946483335e-05, 'epoch': 25.12}
{'loss': 1.4213, 'grad_norm': 0.21406292915344238, 'learning_rate': 1.8046709129511676e-05, 'epoch': 25.13}
{'loss': 1.4216, 'grad_norm': 0.47374603152275085, 'learning_rate': 1.8029858794190004e-05, 'epoch': 25.13}
{'loss': 1.4212, 'grad_norm': 0.1480932980775833, 'learning_rate': 1.8013008458868333e-05, 'epoch': 25.14}
{'loss': 1.4214, 'grad_norm': 0.06769677251577377, 'learning_rate': 1.7996158123546658e-05, 'epoch': 25.14}
{'loss': 1.4214, 'grad_norm': 0.08243133127689362, 'learning_rate': 1.7979307788224986e-05, 'epoch': 25.15}
{'loss': 1.4214, 'grad_norm': 0.06861381977796555, 'learning_rate': 1.7962457452903315e-05, 'epoch': 25.15}
{'loss': 1.4216, 'grad_norm': 0.44787847995758057, 'learning_rate': 1.7945607117581643e-05, 'epoch': 25.15}
{'loss': 1.4212, 'grad_norm': 0.11411012709140778, 'learning_rate': 1.7928756782259968e-05, 'epoch': 25.16}
{'loss': 1.4214, 'grad_norm': 0.11046560108661652, 'learning_rate': 1.7911906446938297e-05, 'epoch': 25.16}
{'loss': 1.4216, 'grad_norm': 0.09591169655323029, 'learning_rate': 1.7895056111616622e-05, 'epoch': 25.17}
{'loss': 1.421, 'grad_norm': 0.058994218707084656, 'learning_rate': 1.7878205776294947e-05, 'epoch': 25.17}
{'loss': 1.4212, 'grad_norm': 0.07999207079410553, 'learning_rate': 1.7861355440973276e-05, 'epoch': 25.18}
{'loss': 1.4215, 'grad_norm': 0.052576810121536255, 'learning_rate': 1.7844505105651604e-05, 'epoch': 25.18}
{'loss': 1.4212, 'grad_norm': 0.10132014006376266, 'learning_rate': 1.782765477032993e-05, 'epoch': 25.19}
{'loss': 1.4214, 'grad_norm': 0.13044318556785583, 'learning_rate': 1.7810804435008258e-05, 'epoch': 25.19}
{'loss': 1.4211, 'grad_norm': 0.0877285823225975, 'learning_rate': 1.7793954099686586e-05, 'epoch': 25.2}
{'loss': 1.4209, 'grad_norm': 0.08680861443281174, 'learning_rate': 1.777710376436491e-05, 'epoch': 25.2}
{'loss': 1.4212, 'grad_norm': 0.08322729915380478, 'learning_rate': 1.776025342904324e-05, 'epoch': 25.2}
{'loss': 1.421, 'grad_norm': 0.11635958403348923, 'learning_rate': 1.7743403093721568e-05, 'epoch': 25.21}
{'loss': 1.4221, 'grad_norm': 0.05727468803524971, 'learning_rate': 1.7726552758399893e-05, 'epoch': 25.21}
{'loss': 1.4213, 'grad_norm': 0.1011686846613884, 'learning_rate': 1.770970242307822e-05, 'epoch': 25.22}
{'loss': 1.4212, 'grad_norm': 0.09625973552465439, 'learning_rate': 1.7692852087756547e-05, 'epoch': 25.22}
{'loss': 1.421, 'grad_norm': 0.07248570024967194, 'learning_rate': 1.7676001752434872e-05, 'epoch': 25.23}
{'loss': 1.4216, 'grad_norm': 0.07278317213058472, 'learning_rate': 1.76591514171132e-05, 'epoch': 25.23}
{'loss': 1.4207, 'grad_norm': 0.06837568432092667, 'learning_rate': 1.764230108179153e-05, 'epoch': 25.24}
{'loss': 1.4215, 'grad_norm': 0.07456289976835251, 'learning_rate': 1.7625450746469854e-05, 'epoch': 25.24}
{'loss': 1.4211, 'grad_norm': 0.3981856107711792, 'learning_rate': 1.7608600411148183e-05, 'epoch': 25.25}
{'loss': 1.4214, 'grad_norm': 0.10036568343639374, 'learning_rate': 1.759175007582651e-05, 'epoch': 25.25}
{'loss': 1.4216, 'grad_norm': 0.08421605825424194, 'learning_rate': 1.757489974050484e-05, 'epoch': 25.25}
{'loss': 1.4217, 'grad_norm': 0.2651660144329071, 'learning_rate': 1.7558049405183165e-05, 'epoch': 25.26}
{'loss': 1.4215, 'grad_norm': 0.08659712225198746, 'learning_rate': 1.754119906986149e-05, 'epoch': 25.26}
{'loss': 1.4208, 'grad_norm': 0.09167376160621643, 'learning_rate': 1.752434873453982e-05, 'epoch': 25.27}
{'loss': 1.422, 'grad_norm': 0.06651139259338379, 'learning_rate': 1.7507498399218143e-05, 'epoch': 25.27}
{'loss': 1.4214, 'grad_norm': 0.061353422701358795, 'learning_rate': 1.7490648063896472e-05, 'epoch': 25.28}
{'loss': 1.4212, 'grad_norm': 0.10857481509447098, 'learning_rate': 1.74737977285748e-05, 'epoch': 25.28}
{'loss': 1.4212, 'grad_norm': 0.1364881545305252, 'learning_rate': 1.7456947393253126e-05, 'epoch': 25.29}
{'loss': 1.4213, 'grad_norm': 0.11587447673082352, 'learning_rate': 1.7440097057931454e-05, 'epoch': 25.29}
{'loss': 1.4217, 'grad_norm': 0.07933865487575531, 'learning_rate': 1.7423246722609783e-05, 'epoch': 25.3}
{'loss': 1.4212, 'grad_norm': 0.08270154148340225, 'learning_rate': 1.7406396387288108e-05, 'epoch': 25.3}
{'loss': 1.4209, 'grad_norm': 0.09234157204627991, 'learning_rate': 1.7389546051966436e-05, 'epoch': 25.3}
{'loss': 1.4216, 'grad_norm': 0.06069805473089218, 'learning_rate': 1.737269571664476e-05, 'epoch': 25.31}
{'loss': 1.4213, 'grad_norm': 0.2739047408103943, 'learning_rate': 1.735584538132309e-05, 'epoch': 25.31}
{'loss': 1.4213, 'grad_norm': 0.11107145994901657, 'learning_rate': 1.7338995046001415e-05, 'epoch': 25.32}
{'loss': 1.421, 'grad_norm': 0.08842118829488754, 'learning_rate': 1.7322144710679743e-05, 'epoch': 25.32}
{'loss': 1.421, 'grad_norm': 0.07358025014400482, 'learning_rate': 1.730529437535807e-05, 'epoch': 25.33}
{'loss': 1.4208, 'grad_norm': 0.0543597936630249, 'learning_rate': 1.7288444040036397e-05, 'epoch': 25.33}
{'loss': 1.4215, 'grad_norm': 0.06960257887840271, 'learning_rate': 1.7271593704714726e-05, 'epoch': 25.34}
{'loss': 1.4212, 'grad_norm': 0.0784546285867691, 'learning_rate': 1.725474336939305e-05, 'epoch': 25.34}
{'loss': 1.4214, 'grad_norm': 0.10858504474163055, 'learning_rate': 1.723789303407138e-05, 'epoch': 25.35}
{'loss': 1.4214, 'grad_norm': 0.17050252854824066, 'learning_rate': 1.7221042698749708e-05, 'epoch': 25.35}
{'loss': 1.4213, 'grad_norm': 0.17111483216285706, 'learning_rate': 1.7204192363428033e-05, 'epoch': 25.35}
{'loss': 1.4212, 'grad_norm': 0.06994109600782394, 'learning_rate': 1.718734202810636e-05, 'epoch': 25.36}
{'loss': 1.4215, 'grad_norm': 0.07117072492837906, 'learning_rate': 1.7170491692784686e-05, 'epoch': 25.36}
{'loss': 1.4215, 'grad_norm': 0.08351757377386093, 'learning_rate': 1.7153641357463015e-05, 'epoch': 25.37}
{'loss': 1.4208, 'grad_norm': 0.1506253480911255, 'learning_rate': 1.713679102214134e-05, 'epoch': 25.37}
{'loss': 1.4212, 'grad_norm': 0.10434254258871078, 'learning_rate': 1.711994068681967e-05, 'epoch': 25.38}
{'loss': 1.4216, 'grad_norm': 0.07593286782503128, 'learning_rate': 1.7103090351497997e-05, 'epoch': 25.38}
{'loss': 1.4216, 'grad_norm': 0.05705683305859566, 'learning_rate': 1.7086240016176322e-05, 'epoch': 25.39}
{'loss': 1.4212, 'grad_norm': 0.18692506849765778, 'learning_rate': 1.706938968085465e-05, 'epoch': 25.39}
{'loss': 1.4214, 'grad_norm': 0.09731575846672058, 'learning_rate': 1.705253934553298e-05, 'epoch': 25.4}
{'loss': 1.4214, 'grad_norm': 0.06795479357242584, 'learning_rate': 1.7035689010211304e-05, 'epoch': 25.4}
{'loss': 1.4208, 'grad_norm': 0.06807257980108261, 'learning_rate': 1.7018838674889633e-05, 'epoch': 25.4}
{'loss': 1.4213, 'grad_norm': 0.06513215601444244, 'learning_rate': 1.7001988339567958e-05, 'epoch': 25.41}
{'loss': 1.4217, 'grad_norm': 0.06583479791879654, 'learning_rate': 1.6985138004246283e-05, 'epoch': 25.41}
{'loss': 1.4206, 'grad_norm': 0.07296115159988403, 'learning_rate': 1.696828766892461e-05, 'epoch': 25.42}
{'loss': 1.4212, 'grad_norm': 0.05859477445483208, 'learning_rate': 1.695143733360294e-05, 'epoch': 25.42}
{'loss': 1.422, 'grad_norm': 0.06526657938957214, 'learning_rate': 1.6934586998281265e-05, 'epoch': 25.43}
{'loss': 1.4212, 'grad_norm': 0.09689486026763916, 'learning_rate': 1.6917736662959594e-05, 'epoch': 25.43}
{'loss': 1.4213, 'grad_norm': 0.08894186466932297, 'learning_rate': 1.6900886327637922e-05, 'epoch': 25.44}
{'loss': 1.4215, 'grad_norm': 0.19201986491680145, 'learning_rate': 1.6884035992316247e-05, 'epoch': 25.44}
{'loss': 1.4213, 'grad_norm': 0.0856732428073883, 'learning_rate': 1.6867185656994576e-05, 'epoch': 25.45}
{'loss': 1.4211, 'grad_norm': 0.0826275572180748, 'learning_rate': 1.6850335321672904e-05, 'epoch': 25.45}
{'loss': 1.4216, 'grad_norm': 0.09866993129253387, 'learning_rate': 1.683348498635123e-05, 'epoch': 25.45}
{'loss': 1.4213, 'grad_norm': 0.08031197637319565, 'learning_rate': 1.6816634651029554e-05, 'epoch': 25.46}
{'loss': 1.421, 'grad_norm': 0.07533013075590134, 'learning_rate': 1.6799784315707883e-05, 'epoch': 25.46}
{'loss': 1.4212, 'grad_norm': 0.06941132992506027, 'learning_rate': 1.678293398038621e-05, 'epoch': 25.47}
{'loss': 1.4212, 'grad_norm': 0.08154937624931335, 'learning_rate': 1.6766083645064536e-05, 'epoch': 25.47}
{'loss': 1.4212, 'grad_norm': 0.3114977478981018, 'learning_rate': 1.6749233309742865e-05, 'epoch': 25.48}
pred : ardent in the prosecution of heresy cyril auspiciously opened his reign by oppressing the novations the most innocent and harmless of the sectaries
label: ardent in the prosecution of heresy cyril auspiciously opened his reign by oppressing the novatians the most innocent and harmless of the sectaries
pred : without any legal sentence without any royal mandate the patriarch at the dawn of day led a seditious multitude to the attack of the synagogues
label: without any legal sentence without any royal mandate the patriarch at the dawn of day led a seditious multitude to the attack of the synagogues
pred : such crimes would have deserved the animadversion of the magistrate but in this promiscuous outrage the innocent were confounded with the guilty and alexandria was impoverished by the loss of a wealthy and industrious colony
label: such crimes would have deserved the animadversion of the magistrate but in this promiscuous outrage the innocent were confounded with the guilty and alexandria was impoverished by the loss of a wealthy and industrious colony
pred : ardent in the prosecution of heresy cyril auspiciously opened his reign by oppressing the novations the most innocent and harmless of the sectaries
label: ardent in the prosecution of heresy cyril auspiciously opened his reign by oppressing the novatians the most innocent and harmless of the sectaries
pred : without any legal sentence without any royal mandate the patriarch at the dawn of day led a seditious multitude to the attack of the synagogues
label: without any legal sentence without any royal mandate the patriarch at the dawn of day led a seditious multitude to the attack of the synagogues
pred : such crimes would have deserved the animadversion of the magistrate but in this promiscuous outrage the innocent were confounded with the guilty and alexandria was impoverished by the loss of a wealthy and industrious colony
label: such crimes would have deserved the animadversion of the magistrate but in this promiscuous outrage the innocent were confounded with the guilty and alexandria was impoverished by the loss of a wealthy and industrious colony
pred : ardent in the prosecution of heresy cyril auspiciously opened his reign by oppressing the novations the most innocent and harmless of the sectaries
label: ardent in the prosecution of heresy cyril auspiciously opened his reign by oppressing the novatians the most innocent and harmless of the sectaries
pred : without any legal sentence without any royal mandate the patriarch at the dawn of day led a seditious multitude to the attack of the synagogues
label: without any legal sentence without any royal mandate the patriarch at the dawn of day led a seditious multitude to the attack of the synagogues
pred : such crimes would have deserved the animadversion of the magistrate but in this promiscuous outrage the innocent were confounded with the guilty and alexandria was impoverished by the loss of a wealthy and industrious colony
label: such crimes would have deserved the animadversion of the magistrate but in this promiscuous outrage the innocent were confounded with the guilty and alexandria was impoverished by the loss of a wealthy and industrious colony
pred : ardent in the prosecution of heresy cyril auspiciously opened his reign by oppressing the novations the most innocent and harmless of the sectaries
label: ardent in the prosecution of heresy cyril auspiciously opened his reign by oppressing the novatians the most innocent and harmless of the sectaries
pred : without any legal sentence without any royal mandate the patriarch at the dawn of day led a seditious multitude to the attack of the synagogues
label: without any legal sentence without any royal mandate the patriarch at the dawn of day led a seditious multitude to the attack of the synagogues
pred : such crimes would have deserved the animadversion of the magistrate but in this promiscuous outrage the innocent were confounded with the guilty and alexandria was impoverished by the loss of a wealthy and industrious colony
label: such crimes would have deserved the animadversion of the magistrate but in this promiscuous outrage the innocent were confounded with the guilty and alexandria was impoverished by the loss of a wealthy and industrious colony
{'eval_loss': 1.561515212059021, 'eval_bleu': 96.90240571760143, 'eval_wer': 0.01687339261480645, 'eval_cer': 0.008006433999213783, 'eval_rouge1': 0.9863175410281424, 'eval_rouge2': 0.9747738085132738, 'eval_rougeL': 0.9862904380992118, 'eval_runtime': 95.4516, 'eval_samples_per_second': 58.323, 'eval_steps_per_second': 0.304, 'epoch': 25.48}
{'loss': 1.4212, 'grad_norm': 0.07520013302564621, 'learning_rate': 1.6732382974421193e-05, 'epoch': 25.48}
{'loss': 1.4211, 'grad_norm': 0.09865090250968933, 'learning_rate': 1.671553263909952e-05, 'epoch': 25.49}
{'loss': 1.4214, 'grad_norm': 0.3151730000972748, 'learning_rate': 1.6698682303777847e-05, 'epoch': 25.49}
{'loss': 1.421, 'grad_norm': 0.05965570732951164, 'learning_rate': 1.6681831968456176e-05, 'epoch': 25.5}
{'loss': 1.4214, 'grad_norm': 0.0952293872833252, 'learning_rate': 1.66649816331345e-05, 'epoch': 25.5}
{'loss': 1.4218, 'grad_norm': 0.13975510001182556, 'learning_rate': 1.6648131297812826e-05, 'epoch': 25.51}
{'loss': 1.4214, 'grad_norm': 0.07209549099206924, 'learning_rate': 1.6631280962491154e-05, 'epoch': 25.51}
{'loss': 1.4212, 'grad_norm': 0.16474014520645142, 'learning_rate': 1.661443062716948e-05, 'epoch': 25.51}
{'loss': 1.4214, 'grad_norm': 0.07019179314374924, 'learning_rate': 1.6597580291847808e-05, 'epoch': 25.52}
{'loss': 1.4213, 'grad_norm': 0.12685519456863403, 'learning_rate': 1.6580729956526136e-05, 'epoch': 25.52}
{'loss': 1.4209, 'grad_norm': 0.06314447522163391, 'learning_rate': 1.656387962120446e-05, 'epoch': 25.53}
{'loss': 1.4213, 'grad_norm': 0.10964081436395645, 'learning_rate': 1.654702928588279e-05, 'epoch': 25.53}
{'loss': 1.4211, 'grad_norm': 0.14070269465446472, 'learning_rate': 1.653017895056112e-05, 'epoch': 25.54}
{'loss': 1.4212, 'grad_norm': 0.07766613364219666, 'learning_rate': 1.6513328615239444e-05, 'epoch': 25.54}
{'loss': 1.4212, 'grad_norm': 0.2013622671365738, 'learning_rate': 1.6496478279917772e-05, 'epoch': 25.55}
{'loss': 1.4214, 'grad_norm': 0.184808611869812, 'learning_rate': 1.6479627944596097e-05, 'epoch': 25.55}
{'loss': 1.4216, 'grad_norm': 0.08071383833885193, 'learning_rate': 1.6462777609274426e-05, 'epoch': 25.56}
{'loss': 1.4214, 'grad_norm': 0.2022499293088913, 'learning_rate': 1.644592727395275e-05, 'epoch': 25.56}
{'loss': 1.4212, 'grad_norm': 0.13223734498023987, 'learning_rate': 1.642907693863108e-05, 'epoch': 25.56}
{'loss': 1.4212, 'grad_norm': 0.0718970075249672, 'learning_rate': 1.6412226603309408e-05, 'epoch': 25.57}
{'loss': 1.4212, 'grad_norm': 0.06341756135225296, 'learning_rate': 1.6395376267987733e-05, 'epoch': 25.57}
{'loss': 1.4215, 'grad_norm': 0.18490608036518097, 'learning_rate': 1.637852593266606e-05, 'epoch': 25.58}
{'loss': 1.4211, 'grad_norm': 0.05782041698694229, 'learning_rate': 1.636167559734439e-05, 'epoch': 25.58}
{'loss': 1.4213, 'grad_norm': 0.16212622821331024, 'learning_rate': 1.6344825262022715e-05, 'epoch': 25.59}
{'loss': 1.4213, 'grad_norm': 0.11161245405673981, 'learning_rate': 1.6327974926701044e-05, 'epoch': 25.59}
{'loss': 1.4218, 'grad_norm': 0.10118670016527176, 'learning_rate': 1.631112459137937e-05, 'epoch': 25.6}
{'loss': 1.4211, 'grad_norm': 0.1262739896774292, 'learning_rate': 1.6294274256057697e-05, 'epoch': 25.6}
{'loss': 1.4218, 'grad_norm': 0.07135861366987228, 'learning_rate': 1.6277423920736022e-05, 'epoch': 25.61}
{'loss': 1.4205, 'grad_norm': 0.08843021839857101, 'learning_rate': 1.626057358541435e-05, 'epoch': 25.61}
{'loss': 1.4229, 'grad_norm': 0.10671740025281906, 'learning_rate': 1.6243723250092676e-05, 'epoch': 25.61}
{'loss': 1.4214, 'grad_norm': 0.15714621543884277, 'learning_rate': 1.6226872914771004e-05, 'epoch': 25.62}
{'loss': 1.4221, 'grad_norm': 0.07160912454128265, 'learning_rate': 1.6210022579449333e-05, 'epoch': 25.62}
{'loss': 1.4212, 'grad_norm': 0.05798067897558212, 'learning_rate': 1.6193172244127658e-05, 'epoch': 25.63}
{'loss': 1.4209, 'grad_norm': 0.12591269612312317, 'learning_rate': 1.6176321908805986e-05, 'epoch': 25.63}
{'loss': 1.4219, 'grad_norm': 0.11141251027584076, 'learning_rate': 1.6159471573484315e-05, 'epoch': 25.64}
{'loss': 1.421, 'grad_norm': 0.06295066326856613, 'learning_rate': 1.614262123816264e-05, 'epoch': 25.64}
{'loss': 1.4211, 'grad_norm': 0.08427269011735916, 'learning_rate': 1.612577090284097e-05, 'epoch': 25.65}
{'loss': 1.4208, 'grad_norm': 0.06899157911539078, 'learning_rate': 1.6108920567519294e-05, 'epoch': 25.65}
{'loss': 1.4212, 'grad_norm': 0.11875354498624802, 'learning_rate': 1.609207023219762e-05, 'epoch': 25.66}
{'loss': 1.4212, 'grad_norm': 0.1224636510014534, 'learning_rate': 1.6075219896875947e-05, 'epoch': 25.66}
{'loss': 1.421, 'grad_norm': 0.16240577399730682, 'learning_rate': 1.6058369561554276e-05, 'epoch': 25.66}
{'loss': 1.4214, 'grad_norm': 0.061085499823093414, 'learning_rate': 1.6041519226232604e-05, 'epoch': 25.67}
{'loss': 1.4213, 'grad_norm': 0.35742467641830444, 'learning_rate': 1.602466889091093e-05, 'epoch': 25.67}
{'loss': 1.4216, 'grad_norm': 0.0882035344839096, 'learning_rate': 1.6007818555589258e-05, 'epoch': 25.68}
{'loss': 1.4216, 'grad_norm': 0.12879975140094757, 'learning_rate': 1.5990968220267586e-05, 'epoch': 25.68}
{'loss': 1.4213, 'grad_norm': 0.078648142516613, 'learning_rate': 1.597411788494591e-05, 'epoch': 25.69}
{'loss': 1.4212, 'grad_norm': 0.08456749469041824, 'learning_rate': 1.595726754962424e-05, 'epoch': 25.69}
{'loss': 1.4213, 'grad_norm': 0.1598101109266281, 'learning_rate': 1.5940417214302565e-05, 'epoch': 25.7}
{'loss': 1.4211, 'grad_norm': 0.07494501769542694, 'learning_rate': 1.592356687898089e-05, 'epoch': 25.7}
{'loss': 1.4214, 'grad_norm': 0.0743187889456749, 'learning_rate': 1.590671654365922e-05, 'epoch': 25.71}
{'loss': 1.4215, 'grad_norm': 0.10931455343961716, 'learning_rate': 1.5889866208337547e-05, 'epoch': 25.71}
{'loss': 1.4217, 'grad_norm': 0.09380387514829636, 'learning_rate': 1.5873015873015872e-05, 'epoch': 25.71}
{'loss': 1.4216, 'grad_norm': 0.15205873548984528, 'learning_rate': 1.58561655376942e-05, 'epoch': 25.72}
{'loss': 1.421, 'grad_norm': 0.06376506388187408, 'learning_rate': 1.583931520237253e-05, 'epoch': 25.72}
{'loss': 1.4212, 'grad_norm': 0.12563936412334442, 'learning_rate': 1.5822464867050854e-05, 'epoch': 25.73}
{'loss': 1.4212, 'grad_norm': 0.07174485921859741, 'learning_rate': 1.5805614531729183e-05, 'epoch': 25.73}
{'loss': 1.4212, 'grad_norm': 0.08048954606056213, 'learning_rate': 1.578876419640751e-05, 'epoch': 25.74}
{'loss': 1.4215, 'grad_norm': 0.10335427522659302, 'learning_rate': 1.5771913861085837e-05, 'epoch': 25.74}
{'loss': 1.4214, 'grad_norm': 0.11255466938018799, 'learning_rate': 1.575506352576416e-05, 'epoch': 25.75}
{'loss': 1.4216, 'grad_norm': 0.06013123318552971, 'learning_rate': 1.573821319044249e-05, 'epoch': 25.75}
{'loss': 1.4212, 'grad_norm': 0.16777409613132477, 'learning_rate': 1.5721362855120815e-05, 'epoch': 25.76}
{'loss': 1.421, 'grad_norm': 0.08457793295383453, 'learning_rate': 1.5704512519799144e-05, 'epoch': 25.76}
{'loss': 1.421, 'grad_norm': 0.061698559671640396, 'learning_rate': 1.5687662184477472e-05, 'epoch': 25.76}
{'loss': 1.4211, 'grad_norm': 0.08297105878591537, 'learning_rate': 1.5670811849155797e-05, 'epoch': 25.77}
{'loss': 1.4209, 'grad_norm': 0.0760008841753006, 'learning_rate': 1.5653961513834126e-05, 'epoch': 25.77}
{'loss': 1.4212, 'grad_norm': 0.26229533553123474, 'learning_rate': 1.5637111178512454e-05, 'epoch': 25.78}
{'loss': 1.4214, 'grad_norm': 0.06363188475370407, 'learning_rate': 1.5620260843190783e-05, 'epoch': 25.78}
{'loss': 1.4211, 'grad_norm': 0.10202737152576447, 'learning_rate': 1.5603410507869108e-05, 'epoch': 25.79}
{'loss': 1.4211, 'grad_norm': 0.20547999441623688, 'learning_rate': 1.5586560172547433e-05, 'epoch': 25.79}
{'loss': 1.4214, 'grad_norm': 0.08651517331600189, 'learning_rate': 1.556970983722576e-05, 'epoch': 25.8}
{'loss': 1.4209, 'grad_norm': 0.10415440052747726, 'learning_rate': 1.5552859501904087e-05, 'epoch': 25.8}
{'loss': 1.4217, 'grad_norm': 0.42881616950035095, 'learning_rate': 1.5536009166582415e-05, 'epoch': 25.81}
{'loss': 1.4214, 'grad_norm': 0.07782243937253952, 'learning_rate': 1.5519158831260744e-05, 'epoch': 25.81}
{'loss': 1.4209, 'grad_norm': 0.06427881866693497, 'learning_rate': 1.550230849593907e-05, 'epoch': 25.81}
{'loss': 1.4217, 'grad_norm': 0.12624043226242065, 'learning_rate': 1.5485458160617397e-05, 'epoch': 25.82}
{'loss': 1.4207, 'grad_norm': 0.08610571920871735, 'learning_rate': 1.5468607825295726e-05, 'epoch': 25.82}
{'loss': 1.4209, 'grad_norm': 0.05461805313825607, 'learning_rate': 1.545175748997405e-05, 'epoch': 25.83}
{'loss': 1.4213, 'grad_norm': 0.06669358164072037, 'learning_rate': 1.543490715465238e-05, 'epoch': 25.83}
{'loss': 1.4212, 'grad_norm': 0.0689496174454689, 'learning_rate': 1.5418056819330708e-05, 'epoch': 25.84}
{'loss': 1.4206, 'grad_norm': 0.08814185857772827, 'learning_rate': 1.5401206484009033e-05, 'epoch': 25.84}
{'loss': 1.421, 'grad_norm': 0.060288555920124054, 'learning_rate': 1.5384356148687358e-05, 'epoch': 25.85}
{'loss': 1.4215, 'grad_norm': 0.11053220182657242, 'learning_rate': 1.5367505813365687e-05, 'epoch': 25.85}
{'loss': 1.4216, 'grad_norm': 0.12285184860229492, 'learning_rate': 1.5350655478044012e-05, 'epoch': 25.86}
{'loss': 1.4208, 'grad_norm': 0.07488785684108734, 'learning_rate': 1.533380514272234e-05, 'epoch': 25.86}
{'loss': 1.4212, 'grad_norm': 0.07123483717441559, 'learning_rate': 1.531695480740067e-05, 'epoch': 25.86}
{'loss': 1.4213, 'grad_norm': 0.0706067681312561, 'learning_rate': 1.5300104472078994e-05, 'epoch': 25.87}
{'loss': 1.4215, 'grad_norm': 0.26092326641082764, 'learning_rate': 1.5283254136757322e-05, 'epoch': 25.87}
{'loss': 1.421, 'grad_norm': 0.13081084191799164, 'learning_rate': 1.526640380143565e-05, 'epoch': 25.88}
{'loss': 1.421, 'grad_norm': 0.09903080016374588, 'learning_rate': 1.5249553466113978e-05, 'epoch': 25.88}
{'loss': 1.4212, 'grad_norm': 0.0735255554318428, 'learning_rate': 1.5232703130792303e-05, 'epoch': 25.89}
{'loss': 1.4217, 'grad_norm': 0.0678967759013176, 'learning_rate': 1.5215852795470631e-05, 'epoch': 25.89}
{'loss': 1.4209, 'grad_norm': 0.07604175060987473, 'learning_rate': 1.5199002460148958e-05, 'epoch': 25.9}
{'loss': 1.4222, 'grad_norm': 0.07344706356525421, 'learning_rate': 1.5182152124827285e-05, 'epoch': 25.9}
{'loss': 1.4216, 'grad_norm': 0.06965658068656921, 'learning_rate': 1.5165301789505612e-05, 'epoch': 25.91}
{'loss': 1.4212, 'grad_norm': 0.08975110948085785, 'learning_rate': 1.514845145418394e-05, 'epoch': 25.91}
{'loss': 1.4211, 'grad_norm': 0.0931800976395607, 'learning_rate': 1.5131601118862265e-05, 'epoch': 25.91}
{'loss': 1.421, 'grad_norm': 0.05302823334932327, 'learning_rate': 1.5114750783540594e-05, 'epoch': 25.92}
{'loss': 1.421, 'grad_norm': 0.08592058718204498, 'learning_rate': 1.509790044821892e-05, 'epoch': 25.92}
{'loss': 1.4211, 'grad_norm': 0.07805638015270233, 'learning_rate': 1.5081050112897246e-05, 'epoch': 25.93}
{'loss': 1.4212, 'grad_norm': 0.06861373037099838, 'learning_rate': 1.5064199777575574e-05, 'epoch': 25.93}
{'loss': 1.4212, 'grad_norm': 0.07980646938085556, 'learning_rate': 1.5047349442253903e-05, 'epoch': 25.94}
{'loss': 1.4211, 'grad_norm': 0.20021913945674896, 'learning_rate': 1.5030499106932228e-05, 'epoch': 25.94}
{'loss': 1.4205, 'grad_norm': 0.05027345195412636, 'learning_rate': 1.5013648771610556e-05, 'epoch': 25.95}
{'loss': 1.4213, 'grad_norm': 0.09831497818231583, 'learning_rate': 1.4996798436288883e-05, 'epoch': 25.95}
{'loss': 1.4207, 'grad_norm': 0.1282293200492859, 'learning_rate': 1.4979948100967208e-05, 'epoch': 25.96}
{'loss': 1.421, 'grad_norm': 0.07769299298524857, 'learning_rate': 1.4963097765645537e-05, 'epoch': 25.96}
{'loss': 1.421, 'grad_norm': 0.0747041255235672, 'learning_rate': 1.4946247430323865e-05, 'epoch': 25.96}
{'loss': 1.4211, 'grad_norm': 0.15829035639762878, 'learning_rate': 1.492939709500219e-05, 'epoch': 25.97}
{'loss': 1.4215, 'grad_norm': 0.07947113364934921, 'learning_rate': 1.4912546759680517e-05, 'epoch': 25.97}
{'loss': 1.421, 'grad_norm': 0.10638206452131271, 'learning_rate': 1.4895696424358846e-05, 'epoch': 25.98}
{'loss': 1.421, 'grad_norm': 0.060040514916181564, 'learning_rate': 1.4878846089037174e-05, 'epoch': 25.98}
{'loss': 1.4214, 'grad_norm': 0.08321701735258102, 'learning_rate': 1.48619957537155e-05, 'epoch': 25.99}
{'loss': 1.4216, 'grad_norm': 0.0830521360039711, 'learning_rate': 1.4845145418393828e-05, 'epoch': 25.99}
{'loss': 1.4215, 'grad_norm': 0.05629567429423332, 'learning_rate': 1.4828295083072155e-05, 'epoch': 26.0}
{'loss': 1.4214, 'grad_norm': 0.08812803030014038, 'learning_rate': 1.481144474775048e-05, 'epoch': 26.0}
{'loss': 1.4211, 'grad_norm': 0.05990860238671303, 'learning_rate': 1.4794594412428808e-05, 'epoch': 26.01}
{'loss': 1.4213, 'grad_norm': 0.06968133896589279, 'learning_rate': 1.4777744077107137e-05, 'epoch': 26.01}
{'loss': 1.421, 'grad_norm': 0.17299582064151764, 'learning_rate': 1.4760893741785462e-05, 'epoch': 26.01}
{'loss': 1.4215, 'grad_norm': 0.21573346853256226, 'learning_rate': 1.474404340646379e-05, 'epoch': 26.02}
{'loss': 1.4209, 'grad_norm': 0.05391682684421539, 'learning_rate': 1.4727193071142117e-05, 'epoch': 26.02}
{'loss': 1.4214, 'grad_norm': 0.08717653155326843, 'learning_rate': 1.4710342735820442e-05, 'epoch': 26.03}
{'loss': 1.4212, 'grad_norm': 0.08105413615703583, 'learning_rate': 1.469349240049877e-05, 'epoch': 26.03}
{'loss': 1.4213, 'grad_norm': 0.05834391340613365, 'learning_rate': 1.46766420651771e-05, 'epoch': 26.04}
{'loss': 1.421, 'grad_norm': 0.14005553722381592, 'learning_rate': 1.4659791729855424e-05, 'epoch': 26.04}
{'loss': 1.4205, 'grad_norm': 0.12399671971797943, 'learning_rate': 1.4642941394533751e-05, 'epoch': 26.05}
{'loss': 1.4207, 'grad_norm': 0.12549275159835815, 'learning_rate': 1.462609105921208e-05, 'epoch': 26.05}
{'loss': 1.4215, 'grad_norm': 0.059524040669202805, 'learning_rate': 1.4609240723890405e-05, 'epoch': 26.06}
{'loss': 1.4209, 'grad_norm': 0.08862412720918655, 'learning_rate': 1.4592390388568733e-05, 'epoch': 26.06}
{'loss': 1.4206, 'grad_norm': 0.0704398974776268, 'learning_rate': 1.4575540053247062e-05, 'epoch': 26.06}
{'loss': 1.4209, 'grad_norm': 0.09386557340621948, 'learning_rate': 1.4558689717925387e-05, 'epoch': 26.07}
{'loss': 1.4207, 'grad_norm': 0.07904797792434692, 'learning_rate': 1.4541839382603714e-05, 'epoch': 26.07}
{'loss': 1.4206, 'grad_norm': 0.05853816494345665, 'learning_rate': 1.4524989047282042e-05, 'epoch': 26.08}
{'loss': 1.4206, 'grad_norm': 0.06845967471599579, 'learning_rate': 1.4508138711960367e-05, 'epoch': 26.08}
{'loss': 1.4205, 'grad_norm': 0.5970731973648071, 'learning_rate': 1.4491288376638696e-05, 'epoch': 26.09}
{'loss': 1.4207, 'grad_norm': 0.08477750420570374, 'learning_rate': 1.4474438041317023e-05, 'epoch': 26.09}
{'loss': 1.4206, 'grad_norm': 0.05875704810023308, 'learning_rate': 1.4457587705995351e-05, 'epoch': 26.1}
{'loss': 1.4214, 'grad_norm': 0.09103657305240631, 'learning_rate': 1.4440737370673676e-05, 'epoch': 26.1}
{'loss': 1.4206, 'grad_norm': 0.05335712805390358, 'learning_rate': 1.4423887035352005e-05, 'epoch': 26.11}
{'loss': 1.4207, 'grad_norm': 0.09118792414665222, 'learning_rate': 1.4407036700030333e-05, 'epoch': 26.11}
{'loss': 1.4206, 'grad_norm': 0.11814122647047043, 'learning_rate': 1.4390186364708658e-05, 'epoch': 26.11}
{'loss': 1.4212, 'grad_norm': 0.12369783967733383, 'learning_rate': 1.4373336029386985e-05, 'epoch': 26.12}
{'loss': 1.4207, 'grad_norm': 0.10420548170804977, 'learning_rate': 1.4356485694065314e-05, 'epoch': 26.12}
{'loss': 1.4212, 'grad_norm': 0.2305832803249359, 'learning_rate': 1.4339635358743639e-05, 'epoch': 26.13}
{'loss': 1.4212, 'grad_norm': 0.07298604398965836, 'learning_rate': 1.4322785023421967e-05, 'epoch': 26.13}
{'loss': 1.4209, 'grad_norm': 0.0947488471865654, 'learning_rate': 1.4305934688100296e-05, 'epoch': 26.14}
{'loss': 1.4209, 'grad_norm': 0.05730001628398895, 'learning_rate': 1.428908435277862e-05, 'epoch': 26.14}
{'loss': 1.4208, 'grad_norm': 0.07599325478076935, 'learning_rate': 1.4272234017456948e-05, 'epoch': 26.15}
{'loss': 1.4206, 'grad_norm': 0.09208749234676361, 'learning_rate': 1.4255383682135276e-05, 'epoch': 26.15}
{'loss': 1.4207, 'grad_norm': 0.05357740446925163, 'learning_rate': 1.4238533346813601e-05, 'epoch': 26.16}
{'loss': 1.421, 'grad_norm': 0.0852140262722969, 'learning_rate': 1.422168301149193e-05, 'epoch': 26.16}
{'loss': 1.4209, 'grad_norm': 0.06215373054146767, 'learning_rate': 1.4204832676170256e-05, 'epoch': 26.16}
{'loss': 1.4209, 'grad_norm': 0.06079896539449692, 'learning_rate': 1.4187982340848582e-05, 'epoch': 26.17}
{'loss': 1.4209, 'grad_norm': 0.261567085981369, 'learning_rate': 1.417113200552691e-05, 'epoch': 26.17}
{'loss': 1.4208, 'grad_norm': 0.09811240434646606, 'learning_rate': 1.4154281670205239e-05, 'epoch': 26.18}
{'loss': 1.4207, 'grad_norm': 0.10171553492546082, 'learning_rate': 1.4137431334883564e-05, 'epoch': 26.18}
{'loss': 1.4209, 'grad_norm': 0.07391244918107986, 'learning_rate': 1.4120580999561892e-05, 'epoch': 26.19}
{'loss': 1.4206, 'grad_norm': 0.06268755346536636, 'learning_rate': 1.4103730664240219e-05, 'epoch': 26.19}
{'loss': 1.4203, 'grad_norm': 0.06786429136991501, 'learning_rate': 1.4086880328918547e-05, 'epoch': 26.2}
{'loss': 1.421, 'grad_norm': 0.10400138050317764, 'learning_rate': 1.4070029993596873e-05, 'epoch': 26.2}
{'loss': 1.4213, 'grad_norm': 0.10722581297159195, 'learning_rate': 1.4053179658275201e-05, 'epoch': 26.21}
{'loss': 1.4209, 'grad_norm': 0.101389579474926, 'learning_rate': 1.4036329322953528e-05, 'epoch': 26.21}
{'loss': 1.4209, 'grad_norm': 0.09187052398920059, 'learning_rate': 1.4019478987631855e-05, 'epoch': 26.21}
{'loss': 1.4213, 'grad_norm': 0.07831111550331116, 'learning_rate': 1.4002628652310182e-05, 'epoch': 26.22}
{'loss': 1.4209, 'grad_norm': 0.18695740401744843, 'learning_rate': 1.398577831698851e-05, 'epoch': 26.22}
{'loss': 1.4209, 'grad_norm': 0.05725432559847832, 'learning_rate': 1.3968927981666835e-05, 'epoch': 26.23}
{'loss': 1.4209, 'grad_norm': 0.09279278665781021, 'learning_rate': 1.3952077646345164e-05, 'epoch': 26.23}
{'loss': 1.421, 'grad_norm': 0.08576923608779907, 'learning_rate': 1.393522731102349e-05, 'epoch': 26.24}
{'loss': 1.4208, 'grad_norm': 0.1600770801305771, 'learning_rate': 1.3918376975701816e-05, 'epoch': 26.24}
{'loss': 1.4205, 'grad_norm': 0.15989463031291962, 'learning_rate': 1.3901526640380144e-05, 'epoch': 26.25}
{'loss': 1.4211, 'grad_norm': 0.08530721068382263, 'learning_rate': 1.3884676305058473e-05, 'epoch': 26.25}
{'loss': 1.4206, 'grad_norm': 0.059703484177589417, 'learning_rate': 1.3867825969736798e-05, 'epoch': 26.26}
{'loss': 1.4207, 'grad_norm': 0.0653015673160553, 'learning_rate': 1.3850975634415126e-05, 'epoch': 26.26}
{'loss': 1.4205, 'grad_norm': 0.2993603050708771, 'learning_rate': 1.3834125299093453e-05, 'epoch': 26.26}
{'loss': 1.421, 'grad_norm': 0.06141386181116104, 'learning_rate': 1.3817274963771778e-05, 'epoch': 26.27}
{'loss': 1.4209, 'grad_norm': 0.09235995262861252, 'learning_rate': 1.3800424628450107e-05, 'epoch': 26.27}
{'loss': 1.4209, 'grad_norm': 0.10849674791097641, 'learning_rate': 1.3783574293128435e-05, 'epoch': 26.28}
{'loss': 1.4207, 'grad_norm': 0.23976942896842957, 'learning_rate': 1.376672395780676e-05, 'epoch': 26.28}
{'loss': 1.421, 'grad_norm': 0.7607035636901855, 'learning_rate': 1.3749873622485087e-05, 'epoch': 26.29}
{'loss': 1.4211, 'grad_norm': 0.07563555985689163, 'learning_rate': 1.3733023287163415e-05, 'epoch': 26.29}
{'loss': 1.4212, 'grad_norm': 0.07162600755691528, 'learning_rate': 1.3716172951841744e-05, 'epoch': 26.3}
{'loss': 1.4207, 'grad_norm': 0.14396952092647552, 'learning_rate': 1.3699322616520069e-05, 'epoch': 26.3}
{'loss': 1.4204, 'grad_norm': 0.06531976163387299, 'learning_rate': 1.3682472281198398e-05, 'epoch': 26.31}
{'loss': 1.4211, 'grad_norm': 0.059143371880054474, 'learning_rate': 1.3665621945876724e-05, 'epoch': 26.31}
{'loss': 1.4204, 'grad_norm': 0.06697293370962143, 'learning_rate': 1.364877161055505e-05, 'epoch': 26.31}
{'loss': 1.4205, 'grad_norm': 0.0676935538649559, 'learning_rate': 1.3631921275233378e-05, 'epoch': 26.32}
{'loss': 1.4205, 'grad_norm': 0.2119828462600708, 'learning_rate': 1.3615070939911706e-05, 'epoch': 26.32}
{'loss': 1.4205, 'grad_norm': 0.08761932700872421, 'learning_rate': 1.3598220604590032e-05, 'epoch': 26.33}
{'loss': 1.4204, 'grad_norm': 0.0722639337182045, 'learning_rate': 1.3581370269268358e-05, 'epoch': 26.33}
{'loss': 1.4209, 'grad_norm': 0.098789744079113, 'learning_rate': 1.3564519933946687e-05, 'epoch': 26.34}
{'loss': 1.4203, 'grad_norm': 0.05739660561084747, 'learning_rate': 1.3547669598625012e-05, 'epoch': 26.34}
{'loss': 1.4209, 'grad_norm': 0.04805079102516174, 'learning_rate': 1.353081926330334e-05, 'epoch': 26.35}
{'loss': 1.4205, 'grad_norm': 0.0528082549571991, 'learning_rate': 1.3513968927981669e-05, 'epoch': 26.35}
{'loss': 1.4208, 'grad_norm': 0.06270946562290192, 'learning_rate': 1.3497118592659994e-05, 'epoch': 26.36}
{'loss': 1.421, 'grad_norm': 0.0593295693397522, 'learning_rate': 1.3480268257338321e-05, 'epoch': 26.36}
{'loss': 1.4208, 'grad_norm': 0.08192218840122223, 'learning_rate': 1.346341792201665e-05, 'epoch': 26.36}
{'loss': 1.4212, 'grad_norm': 0.11422151327133179, 'learning_rate': 1.3446567586694975e-05, 'epoch': 26.37}
{'loss': 1.4207, 'grad_norm': 0.07325442880392075, 'learning_rate': 1.3429717251373303e-05, 'epoch': 26.37}
{'loss': 1.4206, 'grad_norm': 0.06781622767448425, 'learning_rate': 1.3412866916051632e-05, 'epoch': 26.38}
{'loss': 1.4206, 'grad_norm': 0.09915154427289963, 'learning_rate': 1.3396016580729957e-05, 'epoch': 26.38}
{'loss': 1.4204, 'grad_norm': 0.17778989672660828, 'learning_rate': 1.3379166245408283e-05, 'epoch': 26.39}
pred : ardent in the prosecution of heresy cyril auspiciously opened his reign by oppressing the novations the most innocent and harmless of the sectaries
label: ardent in the prosecution of heresy cyril auspiciously opened his reign by oppressing the novatians the most innocent and harmless of the sectaries
pred : without any legal sentence without any royal mandate the patriarch at the dawn of day led a seditious multitude to the attack of the synagogues
label: without any legal sentence without any royal mandate the patriarch at the dawn of day led a seditious multitude to the attack of the synagogues
pred : such crimes would have deserved the animadversion of the magistrate but in this promiscuous outrage the innocent were confounded with the guilty and alexandria was impoverished by the loss of a wealthy and industrious colony
label: such crimes would have deserved the animadversion of the magistrate but in this promiscuous outrage the innocent were confounded with the guilty and alexandria was impoverished by the loss of a wealthy and industrious colony
pred : ardent in the prosecution of heresy cyril auspiciously opened his reign by oppressing the novations the most innocent and harmless of the sectaries
label: ardent in the prosecution of heresy cyril auspiciously opened his reign by oppressing the novatians the most innocent and harmless of the sectaries
pred : without any legal sentence without any royal mandate the patriarch at the dawn of day led a seditious multitude to the attack of the synagogues
label: without any legal sentence without any royal mandate the patriarch at the dawn of day led a seditious multitude to the attack of the synagogues
pred : such crimes would have deserved the animadversion of the magistrate but in this promiscuous outrage the innocent were confounded with the guilty and alexandria was impoverished by the loss of a wealthy and industrious colony
label: such crimes would have deserved the animadversion of the magistrate but in this promiscuous outrage the innocent were confounded with the guilty and alexandria was impoverished by the loss of a wealthy and industrious colony
pred : ardent in the prosecution of heresy cyril auspiciously opened his reign by oppressing the novations the most innocent and harmless of the sectaries
label: ardent in the prosecution of heresy cyril auspiciously opened his reign by oppressing the novatians the most innocent and harmless of the sectaries
pred : without any legal sentence without any royal mandate the patriarch at the dawn of day led a seditious multitude to the attack of the synagogues
label: without any legal sentence without any royal mandate the patriarch at the dawn of day led a seditious multitude to the attack of the synagogues
pred : such crimes would have deserved the animadversion of the magistrate but in this promiscuous outrage the innocent were confounded with the guilty and alexandria was impoverished by the loss of a wealthy and industrious colony
label: such crimes would have deserved the animadversion of the magistrate but in this promiscuous outrage the innocent were confounded with the guilty and alexandria was impoverished by the loss of a wealthy and industrious colony
pred : ardent in the prosecution of heresy cyril auspiciously opened his reign by oppressing the novations the most innocent and harmless of the sectaries
label: ardent in the prosecution of heresy cyril auspiciously opened his reign by oppressing the novatians the most innocent and harmless of the sectaries
pred : without any legal sentence without any royal mandate the patriarch at the dawn of day led a seditious multitude to the attack of the synagogues
label: without any legal sentence without any royal mandate the patriarch at the dawn of day led a seditious multitude to the attack of the synagogues
pred : such crimes would have deserved the animadversion of the magistrate but in this promiscuous outrage the innocent were confounded with the guilty and alexandria was impoverished by the loss of a wealthy and industrious colony
label: such crimes would have deserved the animadversion of the magistrate but in this promiscuous outrage the innocent were confounded with the guilty and alexandria was impoverished by the loss of a wealthy and industrious colony
{'eval_loss': 1.5641822814941406, 'eval_bleu': 96.89557114665459, 'eval_wer': 0.016892372808973835, 'eval_cer': 0.00797217223210003, 'eval_rouge1': 0.9863410851112766, 'eval_rouge2': 0.9750255155556464, 'eval_rougeL': 0.9863166450968549, 'eval_runtime': 95.8489, 'eval_samples_per_second': 58.081, 'eval_steps_per_second': 0.303, 'epoch': 26.39}
{'loss': 1.4208, 'grad_norm': 0.07183034718036652, 'learning_rate': 1.3362315910086612e-05, 'epoch': 26.39}
{'loss': 1.4207, 'grad_norm': 0.10972385108470917, 'learning_rate': 1.3345465574764937e-05, 'epoch': 26.4}
{'loss': 1.4208, 'grad_norm': 0.096066415309906, 'learning_rate': 1.3328615239443266e-05, 'epoch': 26.4}
{'loss': 1.421, 'grad_norm': 0.06660676002502441, 'learning_rate': 1.3311764904121592e-05, 'epoch': 26.41}
{'loss': 1.4207, 'grad_norm': 0.11848219484090805, 'learning_rate': 1.3294914568799921e-05, 'epoch': 26.41}
{'loss': 1.4204, 'grad_norm': 0.08057397603988647, 'learning_rate': 1.3278064233478246e-05, 'epoch': 26.41}
{'loss': 1.4207, 'grad_norm': 0.06391838937997818, 'learning_rate': 1.3261213898156574e-05, 'epoch': 26.42}
{'loss': 1.4206, 'grad_norm': 0.09521039575338364, 'learning_rate': 1.3244363562834903e-05, 'epoch': 26.42}
{'loss': 1.4203, 'grad_norm': 0.0761968120932579, 'learning_rate': 1.3227513227513228e-05, 'epoch': 26.43}
{'loss': 1.421, 'grad_norm': 0.34533777832984924, 'learning_rate': 1.3210662892191555e-05, 'epoch': 26.43}
{'loss': 1.4205, 'grad_norm': 0.07080873847007751, 'learning_rate': 1.3193812556869883e-05, 'epoch': 26.44}
{'loss': 1.421, 'grad_norm': 0.06348991394042969, 'learning_rate': 1.3176962221548208e-05, 'epoch': 26.44}
{'loss': 1.4207, 'grad_norm': 0.09977919608354568, 'learning_rate': 1.3160111886226537e-05, 'epoch': 26.45}
{'loss': 1.4212, 'grad_norm': 0.11984384804964066, 'learning_rate': 1.3143261550904864e-05, 'epoch': 26.45}
{'loss': 1.4208, 'grad_norm': 0.26105329394340515, 'learning_rate': 1.312641121558319e-05, 'epoch': 26.46}
{'loss': 1.4202, 'grad_norm': 0.07946785539388657, 'learning_rate': 1.3109560880261517e-05, 'epoch': 26.46}
{'loss': 1.4203, 'grad_norm': 0.05939966440200806, 'learning_rate': 1.3092710544939846e-05, 'epoch': 26.46}
{'loss': 1.4208, 'grad_norm': 0.07997860014438629, 'learning_rate': 1.3075860209618171e-05, 'epoch': 26.47}
{'loss': 1.4205, 'grad_norm': 0.6430953741073608, 'learning_rate': 1.30590098742965e-05, 'epoch': 26.47}
{'loss': 1.4208, 'grad_norm': 0.07612771540880203, 'learning_rate': 1.3042159538974826e-05, 'epoch': 26.48}
{'loss': 1.4205, 'grad_norm': 0.06780450791120529, 'learning_rate': 1.3025309203653151e-05, 'epoch': 26.48}
{'loss': 1.4209, 'grad_norm': 0.05880015343427658, 'learning_rate': 1.300845886833148e-05, 'epoch': 26.49}
{'loss': 1.4206, 'grad_norm': 0.07190608978271484, 'learning_rate': 1.2991608533009808e-05, 'epoch': 26.49}
{'loss': 1.4205, 'grad_norm': 0.05891482159495354, 'learning_rate': 1.2974758197688134e-05, 'epoch': 26.5}
{'loss': 1.4206, 'grad_norm': 0.08058904856443405, 'learning_rate': 1.2957907862366462e-05, 'epoch': 26.5}
{'loss': 1.421, 'grad_norm': 0.06383233517408371, 'learning_rate': 1.2941057527044789e-05, 'epoch': 26.51}
{'loss': 1.4205, 'grad_norm': 0.057191651314496994, 'learning_rate': 1.2924207191723117e-05, 'epoch': 26.51}
{'loss': 1.4205, 'grad_norm': 0.07622674107551575, 'learning_rate': 1.2907356856401442e-05, 'epoch': 26.52}
{'loss': 1.4209, 'grad_norm': 0.3208731710910797, 'learning_rate': 1.2890506521079771e-05, 'epoch': 26.52}
{'loss': 1.4207, 'grad_norm': 0.06815051287412643, 'learning_rate': 1.2873656185758098e-05, 'epoch': 26.52}
{'loss': 1.4206, 'grad_norm': 0.05587565898895264, 'learning_rate': 1.2856805850436423e-05, 'epoch': 26.53}
{'loss': 1.4206, 'grad_norm': 0.05431336164474487, 'learning_rate': 1.2839955515114751e-05, 'epoch': 26.53}
{'loss': 1.4209, 'grad_norm': 0.2150784581899643, 'learning_rate': 1.282310517979308e-05, 'epoch': 26.54}
{'loss': 1.4207, 'grad_norm': 0.2151370793581009, 'learning_rate': 1.2806254844471405e-05, 'epoch': 26.54}
{'loss': 1.4206, 'grad_norm': 0.08830232173204422, 'learning_rate': 1.2789404509149733e-05, 'epoch': 26.55}
{'loss': 1.4207, 'grad_norm': 0.060974735766649246, 'learning_rate': 1.277255417382806e-05, 'epoch': 26.55}
{'loss': 1.4207, 'grad_norm': 0.09521609544754028, 'learning_rate': 1.2755703838506385e-05, 'epoch': 26.56}
{'loss': 1.4204, 'grad_norm': 0.12211119383573532, 'learning_rate': 1.2738853503184714e-05, 'epoch': 26.56}
{'loss': 1.4211, 'grad_norm': 0.0708763599395752, 'learning_rate': 1.2722003167863042e-05, 'epoch': 26.57}
{'loss': 1.4207, 'grad_norm': 0.30628466606140137, 'learning_rate': 1.2705152832541367e-05, 'epoch': 26.57}
{'loss': 1.4207, 'grad_norm': 0.07357287406921387, 'learning_rate': 1.2688302497219694e-05, 'epoch': 26.57}
{'loss': 1.4211, 'grad_norm': 0.05874677002429962, 'learning_rate': 1.2671452161898023e-05, 'epoch': 26.58}
{'loss': 1.4205, 'grad_norm': 0.05039205402135849, 'learning_rate': 1.2654601826576348e-05, 'epoch': 26.58}
{'loss': 1.4204, 'grad_norm': 0.25304266810417175, 'learning_rate': 1.2637751491254676e-05, 'epoch': 26.59}
{'loss': 1.4208, 'grad_norm': 0.06538084149360657, 'learning_rate': 1.2620901155933005e-05, 'epoch': 26.59}
{'loss': 1.4207, 'grad_norm': 0.06500311940908432, 'learning_rate': 1.260405082061133e-05, 'epoch': 26.6}
{'loss': 1.4207, 'grad_norm': 0.05860968306660652, 'learning_rate': 1.2587200485289657e-05, 'epoch': 26.6}
{'loss': 1.4208, 'grad_norm': 0.11317425221204758, 'learning_rate': 1.2570350149967985e-05, 'epoch': 26.61}
{'loss': 1.4207, 'grad_norm': 0.06749227643013, 'learning_rate': 1.2553499814646314e-05, 'epoch': 26.61}
{'loss': 1.4208, 'grad_norm': 0.05410552769899368, 'learning_rate': 1.2536649479324639e-05, 'epoch': 26.62}
{'loss': 1.4211, 'grad_norm': 0.06467191129922867, 'learning_rate': 1.2519799144002967e-05, 'epoch': 26.62}
{'loss': 1.421, 'grad_norm': 0.22835209965705872, 'learning_rate': 1.2502948808681294e-05, 'epoch': 26.62}
{'loss': 1.4204, 'grad_norm': 0.24480818212032318, 'learning_rate': 1.248609847335962e-05, 'epoch': 26.63}
{'loss': 1.4208, 'grad_norm': 0.28851577639579773, 'learning_rate': 1.2469248138037948e-05, 'epoch': 26.63}
{'loss': 1.4204, 'grad_norm': 0.06759535521268845, 'learning_rate': 1.2452397802716275e-05, 'epoch': 26.64}
{'loss': 1.4205, 'grad_norm': 0.05328252166509628, 'learning_rate': 1.2435547467394603e-05, 'epoch': 26.64}
{'loss': 1.4204, 'grad_norm': 0.1817208081483841, 'learning_rate': 1.2418697132072928e-05, 'epoch': 26.65}
{'loss': 1.4208, 'grad_norm': 0.1690552830696106, 'learning_rate': 1.2401846796751255e-05, 'epoch': 26.65}
{'loss': 1.4209, 'grad_norm': 0.06695593148469925, 'learning_rate': 1.2384996461429584e-05, 'epoch': 26.66}
{'loss': 1.4206, 'grad_norm': 0.06853277236223221, 'learning_rate': 1.236814612610791e-05, 'epoch': 26.66}
{'loss': 1.4207, 'grad_norm': 0.09370991587638855, 'learning_rate': 1.2351295790786237e-05, 'epoch': 26.67}
{'loss': 1.4207, 'grad_norm': 0.052106309682130814, 'learning_rate': 1.2334445455464564e-05, 'epoch': 26.67}
{'loss': 1.4205, 'grad_norm': 0.19785533845424652, 'learning_rate': 1.231759512014289e-05, 'epoch': 26.67}
{'loss': 1.4205, 'grad_norm': 0.06373730301856995, 'learning_rate': 1.2300744784821218e-05, 'epoch': 26.68}
{'loss': 1.4208, 'grad_norm': 0.09631543606519699, 'learning_rate': 1.2283894449499546e-05, 'epoch': 26.68}
{'loss': 1.4206, 'grad_norm': 0.05615416541695595, 'learning_rate': 1.2267044114177873e-05, 'epoch': 26.69}
{'loss': 1.4203, 'grad_norm': 0.1213419958949089, 'learning_rate': 1.22501937788562e-05, 'epoch': 26.69}
{'loss': 1.4206, 'grad_norm': 0.07623304426670074, 'learning_rate': 1.2233343443534526e-05, 'epoch': 26.7}
{'loss': 1.4203, 'grad_norm': 0.05943559855222702, 'learning_rate': 1.2216493108212853e-05, 'epoch': 26.7}
{'loss': 1.4206, 'grad_norm': 0.06898622959852219, 'learning_rate': 1.2199642772891182e-05, 'epoch': 26.71}
{'loss': 1.4204, 'grad_norm': 0.07011644542217255, 'learning_rate': 1.2182792437569509e-05, 'epoch': 26.71}
{'loss': 1.4208, 'grad_norm': 0.2130405753850937, 'learning_rate': 1.2165942102247835e-05, 'epoch': 26.72}
{'loss': 1.4204, 'grad_norm': 0.06477970629930496, 'learning_rate': 1.2149091766926162e-05, 'epoch': 26.72}
{'loss': 1.4206, 'grad_norm': 0.11408048123121262, 'learning_rate': 1.2132241431604489e-05, 'epoch': 26.72}
{'loss': 1.421, 'grad_norm': 0.08830579370260239, 'learning_rate': 1.2115391096282816e-05, 'epoch': 26.73}
{'loss': 1.4204, 'grad_norm': 0.10579470545053482, 'learning_rate': 1.2098540760961144e-05, 'epoch': 26.73}
{'loss': 1.421, 'grad_norm': 0.30097994208335876, 'learning_rate': 1.2081690425639471e-05, 'epoch': 26.74}
{'loss': 1.4208, 'grad_norm': 0.07428094744682312, 'learning_rate': 1.2064840090317798e-05, 'epoch': 26.74}
{'loss': 1.421, 'grad_norm': 0.07358645647764206, 'learning_rate': 1.2047989754996125e-05, 'epoch': 26.75}
{'loss': 1.4207, 'grad_norm': 0.05930095538496971, 'learning_rate': 1.2031139419674452e-05, 'epoch': 26.75}
{'loss': 1.4207, 'grad_norm': 0.157170832157135, 'learning_rate': 1.201428908435278e-05, 'epoch': 26.76}
{'loss': 1.4205, 'grad_norm': 0.10607895255088806, 'learning_rate': 1.1997438749031107e-05, 'epoch': 26.76}
{'loss': 1.4207, 'grad_norm': 0.07528804987668991, 'learning_rate': 1.1980588413709434e-05, 'epoch': 26.77}
{'loss': 1.4204, 'grad_norm': 0.0668557807803154, 'learning_rate': 1.196373807838776e-05, 'epoch': 26.77}
{'loss': 1.4206, 'grad_norm': 0.06428154557943344, 'learning_rate': 1.1946887743066087e-05, 'epoch': 26.77}
{'loss': 1.4205, 'grad_norm': 0.10805420577526093, 'learning_rate': 1.1930037407744414e-05, 'epoch': 26.78}
{'loss': 1.4206, 'grad_norm': 0.09601228684186935, 'learning_rate': 1.1913187072422743e-05, 'epoch': 26.78}
{'loss': 1.4204, 'grad_norm': 0.04859047010540962, 'learning_rate': 1.189633673710107e-05, 'epoch': 26.79}
{'loss': 1.4211, 'grad_norm': 0.08435748517513275, 'learning_rate': 1.1879486401779396e-05, 'epoch': 26.79}
{'loss': 1.4208, 'grad_norm': 0.09101805835962296, 'learning_rate': 1.1862636066457723e-05, 'epoch': 26.8}
{'loss': 1.4206, 'grad_norm': 0.04997726157307625, 'learning_rate': 1.184578573113605e-05, 'epoch': 26.8}
{'loss': 1.4204, 'grad_norm': 0.059899747371673584, 'learning_rate': 1.1828935395814378e-05, 'epoch': 26.81}
{'loss': 1.4206, 'grad_norm': 0.05431145429611206, 'learning_rate': 1.1812085060492705e-05, 'epoch': 26.81}
{'loss': 1.4204, 'grad_norm': 0.0879993885755539, 'learning_rate': 1.179523472517103e-05, 'epoch': 26.82}
{'loss': 1.4208, 'grad_norm': 0.060957469046115875, 'learning_rate': 1.1778384389849359e-05, 'epoch': 26.82}
{'loss': 1.4205, 'grad_norm': 0.07952509075403214, 'learning_rate': 1.1761534054527685e-05, 'epoch': 26.82}
{'loss': 1.421, 'grad_norm': 0.0893692597746849, 'learning_rate': 1.1744683719206012e-05, 'epoch': 26.83}
{'loss': 1.4209, 'grad_norm': 0.14107784628868103, 'learning_rate': 1.172783338388434e-05, 'epoch': 26.83}
{'loss': 1.4207, 'grad_norm': 0.07613800466060638, 'learning_rate': 1.1710983048562668e-05, 'epoch': 26.84}
{'loss': 1.4208, 'grad_norm': 0.05612083151936531, 'learning_rate': 1.1694132713240994e-05, 'epoch': 26.84}
{'loss': 1.421, 'grad_norm': 0.06382615119218826, 'learning_rate': 1.1677282377919321e-05, 'epoch': 26.85}
{'loss': 1.4205, 'grad_norm': 0.05392962321639061, 'learning_rate': 1.1660432042597648e-05, 'epoch': 26.85}
{'loss': 1.4205, 'grad_norm': 0.07008037716150284, 'learning_rate': 1.1643581707275976e-05, 'epoch': 26.86}
{'loss': 1.4208, 'grad_norm': 0.06287344545125961, 'learning_rate': 1.1626731371954303e-05, 'epoch': 26.86}
{'loss': 1.421, 'grad_norm': 0.11914154142141342, 'learning_rate': 1.1609881036632628e-05, 'epoch': 26.87}
{'loss': 1.4205, 'grad_norm': 0.10832694917917252, 'learning_rate': 1.1593030701310957e-05, 'epoch': 26.87}
{'loss': 1.4206, 'grad_norm': 0.07241973280906677, 'learning_rate': 1.1576180365989284e-05, 'epoch': 26.87}
{'loss': 1.4207, 'grad_norm': 0.06392431259155273, 'learning_rate': 1.155933003066761e-05, 'epoch': 26.88}
{'loss': 1.4212, 'grad_norm': 0.44131073355674744, 'learning_rate': 1.1542479695345939e-05, 'epoch': 26.88}
{'loss': 1.4211, 'grad_norm': 0.059528447687625885, 'learning_rate': 1.1525629360024264e-05, 'epoch': 26.89}
{'loss': 1.4203, 'grad_norm': 0.07180500775575638, 'learning_rate': 1.1508779024702591e-05, 'epoch': 26.89}
{'loss': 1.4208, 'grad_norm': 0.09580452740192413, 'learning_rate': 1.149192868938092e-05, 'epoch': 26.9}
{'loss': 1.4207, 'grad_norm': 0.10963565856218338, 'learning_rate': 1.1475078354059246e-05, 'epoch': 26.9}
{'loss': 1.421, 'grad_norm': 0.10572490096092224, 'learning_rate': 1.1458228018737575e-05, 'epoch': 26.91}
{'loss': 1.4203, 'grad_norm': 0.09133651852607727, 'learning_rate': 1.14413776834159e-05, 'epoch': 26.91}
{'loss': 1.4205, 'grad_norm': 0.07344350963830948, 'learning_rate': 1.1424527348094227e-05, 'epoch': 26.92}
{'loss': 1.4205, 'grad_norm': 0.05755788832902908, 'learning_rate': 1.1407677012772555e-05, 'epoch': 26.92}
{'loss': 1.421, 'grad_norm': 0.06112585589289665, 'learning_rate': 1.1390826677450882e-05, 'epoch': 26.92}
{'loss': 1.4206, 'grad_norm': 0.06952451169490814, 'learning_rate': 1.1373976342129209e-05, 'epoch': 26.93}
{'loss': 1.4213, 'grad_norm': 0.053008560091257095, 'learning_rate': 1.1357126006807536e-05, 'epoch': 26.93}
{'loss': 1.4203, 'grad_norm': 0.07453752309083939, 'learning_rate': 1.1340275671485862e-05, 'epoch': 26.94}
{'loss': 1.4207, 'grad_norm': 0.11819282919168472, 'learning_rate': 1.132342533616419e-05, 'epoch': 26.94}
{'loss': 1.4204, 'grad_norm': 0.07476626336574554, 'learning_rate': 1.1306575000842518e-05, 'epoch': 26.95}
{'loss': 1.4206, 'grad_norm': 0.09102366119623184, 'learning_rate': 1.1289724665520844e-05, 'epoch': 26.95}
{'loss': 1.4209, 'grad_norm': 0.06786195188760757, 'learning_rate': 1.1272874330199171e-05, 'epoch': 26.96}
{'loss': 1.4204, 'grad_norm': 0.08152959495782852, 'learning_rate': 1.1256023994877498e-05, 'epoch': 26.96}
{'loss': 1.4204, 'grad_norm': 0.1516982465982437, 'learning_rate': 1.1239173659555825e-05, 'epoch': 26.97}
{'loss': 1.4207, 'grad_norm': 0.09656492620706558, 'learning_rate': 1.1222323324234153e-05, 'epoch': 26.97}
{'loss': 1.421, 'grad_norm': 0.122731052339077, 'learning_rate': 1.120547298891248e-05, 'epoch': 26.97}
{'loss': 1.4204, 'grad_norm': 0.08036389946937561, 'learning_rate': 1.1188622653590807e-05, 'epoch': 26.98}
{'loss': 1.4205, 'grad_norm': 0.09414499998092651, 'learning_rate': 1.1171772318269134e-05, 'epoch': 26.98}
{'loss': 1.42, 'grad_norm': 0.0723603144288063, 'learning_rate': 1.115492198294746e-05, 'epoch': 26.99}
{'loss': 1.4204, 'grad_norm': 0.0757017582654953, 'learning_rate': 1.1138071647625787e-05, 'epoch': 26.99}
{'loss': 1.4207, 'grad_norm': 0.09147446602582932, 'learning_rate': 1.1121221312304116e-05, 'epoch': 27.0}
{'loss': 1.4203, 'grad_norm': 0.06830321252346039, 'learning_rate': 1.1104370976982443e-05, 'epoch': 27.0}
{'loss': 1.4202, 'grad_norm': 0.16629339754581451, 'learning_rate': 1.108752064166077e-05, 'epoch': 27.01}
{'loss': 1.4205, 'grad_norm': 0.07608173787593842, 'learning_rate': 1.1070670306339096e-05, 'epoch': 27.01}
{'loss': 1.4205, 'grad_norm': 0.07500479370355606, 'learning_rate': 1.1053819971017423e-05, 'epoch': 27.02}
{'loss': 1.4202, 'grad_norm': 0.07482517510652542, 'learning_rate': 1.1036969635695752e-05, 'epoch': 27.02}
{'loss': 1.4206, 'grad_norm': 0.07609888166189194, 'learning_rate': 1.1020119300374078e-05, 'epoch': 27.02}
{'loss': 1.4204, 'grad_norm': 0.08284617215394974, 'learning_rate': 1.1003268965052405e-05, 'epoch': 27.03}
{'loss': 1.4201, 'grad_norm': 0.0806216225028038, 'learning_rate': 1.0986418629730732e-05, 'epoch': 27.03}
{'loss': 1.4201, 'grad_norm': 0.06949781626462936, 'learning_rate': 1.0969568294409059e-05, 'epoch': 27.04}
{'loss': 1.4198, 'grad_norm': 0.06002568081021309, 'learning_rate': 1.0952717959087386e-05, 'epoch': 27.04}
{'loss': 1.4199, 'grad_norm': 0.0489097498357296, 'learning_rate': 1.0935867623765714e-05, 'epoch': 27.05}
{'loss': 1.4209, 'grad_norm': 0.07185755670070648, 'learning_rate': 1.0919017288444041e-05, 'epoch': 27.05}
{'loss': 1.4201, 'grad_norm': 0.06614361703395844, 'learning_rate': 1.0902166953122368e-05, 'epoch': 27.06}
{'loss': 1.42, 'grad_norm': 0.12175115942955017, 'learning_rate': 1.0885316617800695e-05, 'epoch': 27.06}
{'loss': 1.4208, 'grad_norm': 0.07909148186445236, 'learning_rate': 1.0868466282479021e-05, 'epoch': 27.07}
{'loss': 1.4203, 'grad_norm': 0.06329893320798874, 'learning_rate': 1.085161594715735e-05, 'epoch': 27.07}
{'loss': 1.42, 'grad_norm': 0.058693259954452515, 'learning_rate': 1.0834765611835677e-05, 'epoch': 27.07}
{'loss': 1.4202, 'grad_norm': 0.07400516420602798, 'learning_rate': 1.0817915276514003e-05, 'epoch': 27.08}
{'loss': 1.4203, 'grad_norm': 0.0563051663339138, 'learning_rate': 1.080106494119233e-05, 'epoch': 27.08}
{'loss': 1.4205, 'grad_norm': 0.3378608226776123, 'learning_rate': 1.0784214605870657e-05, 'epoch': 27.09}
{'loss': 1.4202, 'grad_norm': 0.08803151547908783, 'learning_rate': 1.0767364270548984e-05, 'epoch': 27.09}
{'loss': 1.4204, 'grad_norm': 0.06090216711163521, 'learning_rate': 1.0750513935227312e-05, 'epoch': 27.1}
{'loss': 1.4209, 'grad_norm': 0.05709279328584671, 'learning_rate': 1.073366359990564e-05, 'epoch': 27.1}
{'loss': 1.4201, 'grad_norm': 0.05354950949549675, 'learning_rate': 1.0716813264583966e-05, 'epoch': 27.11}
{'loss': 1.4202, 'grad_norm': 0.09215410053730011, 'learning_rate': 1.0699962929262293e-05, 'epoch': 27.11}
{'loss': 1.42, 'grad_norm': 0.06323468685150146, 'learning_rate': 1.068311259394062e-05, 'epoch': 27.12}
{'loss': 1.4205, 'grad_norm': 0.05933448299765587, 'learning_rate': 1.0666262258618948e-05, 'epoch': 27.12}
{'loss': 1.4201, 'grad_norm': 0.05639994889497757, 'learning_rate': 1.0649411923297275e-05, 'epoch': 27.12}
{'loss': 1.4202, 'grad_norm': 0.05564471706748009, 'learning_rate': 1.06325615879756e-05, 'epoch': 27.13}
{'loss': 1.4202, 'grad_norm': 0.13688555359840393, 'learning_rate': 1.0615711252653929e-05, 'epoch': 27.13}
{'loss': 1.4204, 'grad_norm': 0.19262638688087463, 'learning_rate': 1.0598860917332255e-05, 'epoch': 27.14}
{'loss': 1.4203, 'grad_norm': 0.08405153453350067, 'learning_rate': 1.0582010582010582e-05, 'epoch': 27.14}
{'loss': 1.4203, 'grad_norm': 0.06029273942112923, 'learning_rate': 1.056516024668891e-05, 'epoch': 27.15}
{'loss': 1.4204, 'grad_norm': 0.07887006551027298, 'learning_rate': 1.0548309911367236e-05, 'epoch': 27.15}
{'loss': 1.4203, 'grad_norm': 0.17843466997146606, 'learning_rate': 1.0531459576045564e-05, 'epoch': 27.16}
{'loss': 1.4202, 'grad_norm': 0.07301661372184753, 'learning_rate': 1.0514609240723891e-05, 'epoch': 27.16}
{'loss': 1.4207, 'grad_norm': 0.07179314643144608, 'learning_rate': 1.0497758905402218e-05, 'epoch': 27.17}
{'loss': 1.4209, 'grad_norm': 0.32995229959487915, 'learning_rate': 1.0480908570080546e-05, 'epoch': 27.17}
{'loss': 1.4205, 'grad_norm': 0.07893219590187073, 'learning_rate': 1.0464058234758871e-05, 'epoch': 27.17}
{'loss': 1.4204, 'grad_norm': 0.16026318073272705, 'learning_rate': 1.0447207899437198e-05, 'epoch': 27.18}
{'loss': 1.4208, 'grad_norm': 0.09292872250080109, 'learning_rate': 1.0430357564115527e-05, 'epoch': 27.18}
{'loss': 1.4203, 'grad_norm': 0.05906211584806442, 'learning_rate': 1.0413507228793854e-05, 'epoch': 27.19}
{'loss': 1.4202, 'grad_norm': 0.06253807246685028, 'learning_rate': 1.039665689347218e-05, 'epoch': 27.19}
{'loss': 1.4204, 'grad_norm': 0.05442829430103302, 'learning_rate': 1.0379806558150509e-05, 'epoch': 27.2}
{'loss': 1.4201, 'grad_norm': 0.06255776435136795, 'learning_rate': 1.0362956222828834e-05, 'epoch': 27.2}
{'loss': 1.4203, 'grad_norm': 0.08205179125070572, 'learning_rate': 1.034610588750716e-05, 'epoch': 27.21}
{'loss': 1.4203, 'grad_norm': 0.0596630722284317, 'learning_rate': 1.032925555218549e-05, 'epoch': 27.21}
{'loss': 1.4205, 'grad_norm': 0.05959593877196312, 'learning_rate': 1.0312405216863816e-05, 'epoch': 27.22}
{'loss': 1.4204, 'grad_norm': 0.3830627202987671, 'learning_rate': 1.0295554881542145e-05, 'epoch': 27.22}
{'loss': 1.4206, 'grad_norm': 0.08147167414426804, 'learning_rate': 1.027870454622047e-05, 'epoch': 27.22}
{'loss': 1.4203, 'grad_norm': 0.07253186404705048, 'learning_rate': 1.0261854210898796e-05, 'epoch': 27.23}
{'loss': 1.4201, 'grad_norm': 0.051242828369140625, 'learning_rate': 1.0245003875577125e-05, 'epoch': 27.23}
{'loss': 1.4204, 'grad_norm': 0.07814599573612213, 'learning_rate': 1.0228153540255452e-05, 'epoch': 27.24}
{'loss': 1.4203, 'grad_norm': 0.06499892473220825, 'learning_rate': 1.0211303204933779e-05, 'epoch': 27.24}
{'loss': 1.4201, 'grad_norm': 0.12940219044685364, 'learning_rate': 1.0194452869612105e-05, 'epoch': 27.25}
{'loss': 1.42, 'grad_norm': 0.04353353753685951, 'learning_rate': 1.0177602534290432e-05, 'epoch': 27.25}
{'loss': 1.4201, 'grad_norm': 0.09093835204839706, 'learning_rate': 1.0160752198968759e-05, 'epoch': 27.26}
{'loss': 1.4203, 'grad_norm': 0.08493650704622269, 'learning_rate': 1.0143901863647088e-05, 'epoch': 27.26}
{'loss': 1.4202, 'grad_norm': 0.2885046899318695, 'learning_rate': 1.0127051528325414e-05, 'epoch': 27.27}
{'loss': 1.4203, 'grad_norm': 0.07637780904769897, 'learning_rate': 1.0110201193003741e-05, 'epoch': 27.27}
{'loss': 1.4198, 'grad_norm': 0.06015357747673988, 'learning_rate': 1.0093350857682068e-05, 'epoch': 27.27}
{'loss': 1.42, 'grad_norm': 0.06352628022432327, 'learning_rate': 1.0076500522360395e-05, 'epoch': 27.28}
{'loss': 1.4204, 'grad_norm': 0.07674924284219742, 'learning_rate': 1.0059650187038723e-05, 'epoch': 27.28}
{'loss': 1.4201, 'grad_norm': 0.07413042336702347, 'learning_rate': 1.004279985171705e-05, 'epoch': 27.29}
{'loss': 1.4202, 'grad_norm': 0.07796934247016907, 'learning_rate': 1.0025949516395377e-05, 'epoch': 27.29}
{'loss': 1.4201, 'grad_norm': 0.09752495586872101, 'learning_rate': 1.0009099181073704e-05, 'epoch': 27.3}
pred : ardent in the prosecution of heresy cyril auspiciously opened his reign by oppressing the novations the most innocent and harmless of the sectaries
label: ardent in the prosecution of heresy cyril auspiciously opened his reign by oppressing the novatians the most innocent and harmless of the sectaries
pred : without any legal sentence without any royal mandate the patriarch at the dawn of day led a seditious multitude to the attack of the synagogues
label: without any legal sentence without any royal mandate the patriarch at the dawn of day led a seditious multitude to the attack of the synagogues
pred : such crimes would have deserved the animadversion of the magistrate but in this promiscuous outrage the innocent were confounded with the guilty and alexandria was impoverished by the loss of a wealthy and industrious colony
label: such crimes would have deserved the animadversion of the magistrate but in this promiscuous outrage the innocent were confounded with the guilty and alexandria was impoverished by the loss of a wealthy and industrious colony
pred : ardent in the prosecution of heresy cyril auspiciously opened his reign by oppressing the novations the most innocent and harmless of the sectaries
label: ardent in the prosecution of heresy cyril auspiciously opened his reign by oppressing the novatians the most innocent and harmless of the sectaries
pred : without any legal sentence without any royal mandate the patriarch at the dawn of day led a seditious multitude to the attack of the synagogues
label: without any legal sentence without any royal mandate the patriarch at the dawn of day led a seditious multitude to the attack of the synagogues
pred : such crimes would have deserved the animadversion of the magistrate but in this promiscuous outrage the innocent were confounded with the guilty and alexandria was impoverished by the loss of a wealthy and industrious colony
label: such crimes would have deserved the animadversion of the magistrate but in this promiscuous outrage the innocent were confounded with the guilty and alexandria was impoverished by the loss of a wealthy and industrious colony
pred : ardent in the prosecution of heresy cyril auspiciously opened his reign by oppressing the novations the most innocent and harmless of the sectaries
label: ardent in the prosecution of heresy cyril auspiciously opened his reign by oppressing the novatians the most innocent and harmless of the sectaries
pred : without any legal sentence without any royal mandate the patriarch at the dawn of day led a seditious multitude to the attack of the synagogues
label: without any legal sentence without any royal mandate the patriarch at the dawn of day led a seditious multitude to the attack of the synagogues
pred : such crimes would have deserved the animadversion of the magistrate but in this promiscuous outrage the innocent were confounded with the guilty and alexandria was impoverished by the loss of a wealthy and industrious colony
label: such crimes would have deserved the animadversion of the magistrate but in this promiscuous outrage the innocent were confounded with the guilty and alexandria was impoverished by the loss of a wealthy and industrious colony
pred : ardent in the prosecution of heresy cyril auspiciously opened his reign by oppressing the novations the most innocent and harmless of the sectaries
label: ardent in the prosecution of heresy cyril auspiciously opened his reign by oppressing the novatians the most innocent and harmless of the sectaries
pred : without any legal sentence without any royal mandate the patriarch at the dawn of day led a seditious multitude to the attack of the synagogues
label: without any legal sentence without any royal mandate the patriarch at the dawn of day led a seditious multitude to the attack of the synagogues
pred : such crimes would have deserved the animadversion of the magistrate but in this promiscuous outrage the innocent were confounded with the guilty and alexandria was impoverished by the loss of a wealthy and industrious colony
label: such crimes would have deserved the animadversion of the magistrate but in this promiscuous outrage the innocent were confounded with the guilty and alexandria was impoverished by the loss of a wealthy and industrious colony
{'eval_loss': 1.5612431764602661, 'eval_bleu': 96.90370864609217, 'eval_wer': 0.016731041158551053, 'eval_cer': 0.007950533221291344, 'eval_rouge1': 0.986418502343309, 'eval_rouge2': 0.9751361114972137, 'eval_rougeL': 0.9864264467032224, 'eval_runtime': 96.6805, 'eval_samples_per_second': 57.581, 'eval_steps_per_second': 0.3, 'epoch': 27.3}
{'loss': 1.4203, 'grad_norm': 0.13397985696792603, 'learning_rate': 9.99224884575203e-06, 'epoch': 27.3}
{'loss': 1.4201, 'grad_norm': 0.05442671850323677, 'learning_rate': 9.975398510430357e-06, 'epoch': 27.31}
{'loss': 1.4201, 'grad_norm': 0.0545637421309948, 'learning_rate': 9.958548175108686e-06, 'epoch': 27.31}
{'loss': 1.42, 'grad_norm': 0.06714554876089096, 'learning_rate': 9.941697839787013e-06, 'epoch': 27.32}
{'loss': 1.4202, 'grad_norm': 0.06919751316308975, 'learning_rate': 9.92484750446534e-06, 'epoch': 27.32}
{'loss': 1.4202, 'grad_norm': 0.10797810554504395, 'learning_rate': 9.907997169143666e-06, 'epoch': 27.32}
{'loss': 1.42, 'grad_norm': 0.056988634169101715, 'learning_rate': 9.891146833821993e-06, 'epoch': 27.33}
{'loss': 1.4201, 'grad_norm': 0.061442501842975616, 'learning_rate': 9.874296498500321e-06, 'epoch': 27.33}
{'loss': 1.4206, 'grad_norm': 0.2783358097076416, 'learning_rate': 9.857446163178648e-06, 'epoch': 27.34}
{'loss': 1.42, 'grad_norm': 0.055919013917446136, 'learning_rate': 9.840595827856975e-06, 'epoch': 27.34}
{'loss': 1.4201, 'grad_norm': 0.09965798258781433, 'learning_rate': 9.823745492535302e-06, 'epoch': 27.35}
{'loss': 1.4208, 'grad_norm': 0.10060842335224152, 'learning_rate': 9.806895157213629e-06, 'epoch': 27.35}
{'loss': 1.42, 'grad_norm': 0.11099863797426224, 'learning_rate': 9.790044821891955e-06, 'epoch': 27.36}
{'loss': 1.4203, 'grad_norm': 0.10918854176998138, 'learning_rate': 9.773194486570284e-06, 'epoch': 27.36}
{'loss': 1.4204, 'grad_norm': 0.13594190776348114, 'learning_rate': 9.75634415124861e-06, 'epoch': 27.37}
{'loss': 1.4203, 'grad_norm': 0.1601891964673996, 'learning_rate': 9.739493815926938e-06, 'epoch': 27.37}
{'loss': 1.4202, 'grad_norm': 0.08943022787570953, 'learning_rate': 9.722643480605264e-06, 'epoch': 27.37}
{'loss': 1.4202, 'grad_norm': 0.050738271325826645, 'learning_rate': 9.705793145283591e-06, 'epoch': 27.38}
{'loss': 1.4201, 'grad_norm': 0.04860585555434227, 'learning_rate': 9.68894280996192e-06, 'epoch': 27.38}
{'loss': 1.4202, 'grad_norm': 0.08646028488874435, 'learning_rate': 9.672092474640246e-06, 'epoch': 27.39}
{'loss': 1.4202, 'grad_norm': 0.08186512440443039, 'learning_rate': 9.655242139318572e-06, 'epoch': 27.39}
{'loss': 1.42, 'grad_norm': 0.06008157134056091, 'learning_rate': 9.6383918039969e-06, 'epoch': 27.4}
{'loss': 1.4206, 'grad_norm': 0.1990026980638504, 'learning_rate': 9.621541468675227e-06, 'epoch': 27.4}
{'loss': 1.4206, 'grad_norm': 0.054004985839128494, 'learning_rate': 9.604691133353554e-06, 'epoch': 27.41}
{'loss': 1.4203, 'grad_norm': 0.055996622890233994, 'learning_rate': 9.587840798031882e-06, 'epoch': 27.41}
{'loss': 1.4208, 'grad_norm': 0.06496427208185196, 'learning_rate': 9.570990462710207e-06, 'epoch': 27.42}
{'loss': 1.4202, 'grad_norm': 0.07466081529855728, 'learning_rate': 9.554140127388536e-06, 'epoch': 27.42}
{'loss': 1.4202, 'grad_norm': 0.057429660111665726, 'learning_rate': 9.537289792066863e-06, 'epoch': 27.42}
{'loss': 1.4201, 'grad_norm': 0.17611652612686157, 'learning_rate': 9.52043945674519e-06, 'epoch': 27.43}
{'loss': 1.4208, 'grad_norm': 0.07406216859817505, 'learning_rate': 9.503589121423518e-06, 'epoch': 27.43}
{'loss': 1.4197, 'grad_norm': 0.3269137740135193, 'learning_rate': 9.486738786101845e-06, 'epoch': 27.44}
{'loss': 1.4202, 'grad_norm': 0.08107011020183563, 'learning_rate': 9.46988845078017e-06, 'epoch': 27.44}
{'loss': 1.4205, 'grad_norm': 0.0721941888332367, 'learning_rate': 9.453038115458498e-06, 'epoch': 27.45}
{'loss': 1.4201, 'grad_norm': 0.04846114665269852, 'learning_rate': 9.436187780136825e-06, 'epoch': 27.45}
{'loss': 1.4206, 'grad_norm': 0.08862961828708649, 'learning_rate': 9.419337444815152e-06, 'epoch': 27.46}
{'loss': 1.42, 'grad_norm': 0.05747944489121437, 'learning_rate': 9.40248710949348e-06, 'epoch': 27.46}
{'loss': 1.4206, 'grad_norm': 0.06132592633366585, 'learning_rate': 9.385636774171806e-06, 'epoch': 27.47}
{'loss': 1.4209, 'grad_norm': 0.07720252126455307, 'learning_rate': 9.368786438850134e-06, 'epoch': 27.47}
{'loss': 1.4203, 'grad_norm': 0.10641264170408249, 'learning_rate': 9.351936103528461e-06, 'epoch': 27.47}
{'loss': 1.42, 'grad_norm': 0.057264674454927444, 'learning_rate': 9.335085768206788e-06, 'epoch': 27.48}
{'loss': 1.4202, 'grad_norm': 0.060202185064554214, 'learning_rate': 9.318235432885116e-06, 'epoch': 27.48}
{'loss': 1.4206, 'grad_norm': 0.06448126584291458, 'learning_rate': 9.301385097563441e-06, 'epoch': 27.49}
{'loss': 1.4204, 'grad_norm': 0.10619169473648071, 'learning_rate': 9.284534762241768e-06, 'epoch': 27.49}
{'loss': 1.4204, 'grad_norm': 0.17395934462547302, 'learning_rate': 9.267684426920097e-06, 'epoch': 27.5}
{'loss': 1.4205, 'grad_norm': 0.1326562762260437, 'learning_rate': 9.250834091598423e-06, 'epoch': 27.5}
{'loss': 1.4202, 'grad_norm': 0.08934251219034195, 'learning_rate': 9.23398375627675e-06, 'epoch': 27.51}
{'loss': 1.4203, 'grad_norm': 0.23948454856872559, 'learning_rate': 9.217133420955077e-06, 'epoch': 27.51}
{'loss': 1.4203, 'grad_norm': 0.0671018660068512, 'learning_rate': 9.200283085633404e-06, 'epoch': 27.52}
{'loss': 1.4208, 'grad_norm': 0.254757821559906, 'learning_rate': 9.183432750311732e-06, 'epoch': 27.52}
{'loss': 1.4201, 'grad_norm': 0.1922144591808319, 'learning_rate': 9.166582414990059e-06, 'epoch': 27.53}
{'loss': 1.42, 'grad_norm': 0.10701460391283035, 'learning_rate': 9.149732079668386e-06, 'epoch': 27.53}
{'loss': 1.4203, 'grad_norm': 0.127535879611969, 'learning_rate': 9.132881744346713e-06, 'epoch': 27.53}
{'loss': 1.4204, 'grad_norm': 0.06791742146015167, 'learning_rate': 9.11603140902504e-06, 'epoch': 27.54}
{'loss': 1.4201, 'grad_norm': 0.06979335099458694, 'learning_rate': 9.099181073703366e-06, 'epoch': 27.54}
{'loss': 1.4205, 'grad_norm': 0.10409265011548996, 'learning_rate': 9.082330738381695e-06, 'epoch': 27.55}
{'loss': 1.4201, 'grad_norm': 0.06040221080183983, 'learning_rate': 9.065480403060022e-06, 'epoch': 27.55}
{'loss': 1.4202, 'grad_norm': 0.05933655798435211, 'learning_rate': 9.048630067738348e-06, 'epoch': 27.56}
{'loss': 1.42, 'grad_norm': 0.07881514728069305, 'learning_rate': 9.031779732416675e-06, 'epoch': 27.56}
{'loss': 1.4201, 'grad_norm': 0.19984731078147888, 'learning_rate': 9.014929397095002e-06, 'epoch': 27.57}
{'loss': 1.42, 'grad_norm': 0.12671947479248047, 'learning_rate': 8.998079061773329e-06, 'epoch': 27.57}
{'loss': 1.4201, 'grad_norm': 0.08300542831420898, 'learning_rate': 8.981228726451657e-06, 'epoch': 27.58}
{'loss': 1.4203, 'grad_norm': 0.06351719051599503, 'learning_rate': 8.964378391129984e-06, 'epoch': 27.58}
{'loss': 1.4201, 'grad_norm': 0.054662398993968964, 'learning_rate': 8.947528055808311e-06, 'epoch': 27.58}
{'loss': 1.4202, 'grad_norm': 0.06519518792629242, 'learning_rate': 8.930677720486638e-06, 'epoch': 27.59}
{'loss': 1.4203, 'grad_norm': 0.10266830027103424, 'learning_rate': 8.913827385164965e-06, 'epoch': 27.59}
{'loss': 1.4208, 'grad_norm': 0.07090020179748535, 'learning_rate': 8.896977049843293e-06, 'epoch': 27.6}
{'loss': 1.4201, 'grad_norm': 0.07705464214086533, 'learning_rate': 8.88012671452162e-06, 'epoch': 27.6}
{'loss': 1.4208, 'grad_norm': 0.11137951165437698, 'learning_rate': 8.863276379199947e-06, 'epoch': 27.61}
{'loss': 1.4201, 'grad_norm': 0.07177285104990005, 'learning_rate': 8.846426043878273e-06, 'epoch': 27.61}
{'loss': 1.42, 'grad_norm': 0.06217382848262787, 'learning_rate': 8.8295757085566e-06, 'epoch': 27.62}
{'loss': 1.42, 'grad_norm': 0.04749109596014023, 'learning_rate': 8.812725373234927e-06, 'epoch': 27.62}
{'loss': 1.42, 'grad_norm': 0.3536081314086914, 'learning_rate': 8.795875037913256e-06, 'epoch': 27.63}
{'loss': 1.4202, 'grad_norm': 0.060029271990060806, 'learning_rate': 8.779024702591582e-06, 'epoch': 27.63}
{'loss': 1.4202, 'grad_norm': 0.07929260283708572, 'learning_rate': 8.76217436726991e-06, 'epoch': 27.63}
{'loss': 1.4202, 'grad_norm': 0.05405140668153763, 'learning_rate': 8.745324031948236e-06, 'epoch': 27.64}
{'loss': 1.4199, 'grad_norm': 0.0873967632651329, 'learning_rate': 8.728473696626563e-06, 'epoch': 27.64}
{'loss': 1.4203, 'grad_norm': 0.06627610325813293, 'learning_rate': 8.711623361304891e-06, 'epoch': 27.65}
{'loss': 1.4199, 'grad_norm': 0.061612896621227264, 'learning_rate': 8.694773025983218e-06, 'epoch': 27.65}
{'loss': 1.4205, 'grad_norm': 0.05547945946455002, 'learning_rate': 8.677922690661545e-06, 'epoch': 27.66}
{'loss': 1.4206, 'grad_norm': 0.05281144008040428, 'learning_rate': 8.661072355339872e-06, 'epoch': 27.66}
{'loss': 1.4201, 'grad_norm': 0.06793394684791565, 'learning_rate': 8.644222020018199e-06, 'epoch': 27.67}
{'loss': 1.4203, 'grad_norm': 0.13836543262004852, 'learning_rate': 8.627371684696525e-06, 'epoch': 27.67}
{'loss': 1.4205, 'grad_norm': 0.09993738681077957, 'learning_rate': 8.610521349374854e-06, 'epoch': 27.68}
{'loss': 1.4207, 'grad_norm': 0.09414546936750412, 'learning_rate': 8.59367101405318e-06, 'epoch': 27.68}
{'loss': 1.4206, 'grad_norm': 0.08567002415657043, 'learning_rate': 8.576820678731507e-06, 'epoch': 27.68}
{'loss': 1.4204, 'grad_norm': 0.1370851993560791, 'learning_rate': 8.559970343409834e-06, 'epoch': 27.69}
{'loss': 1.4201, 'grad_norm': 0.058542124927043915, 'learning_rate': 8.543120008088161e-06, 'epoch': 27.69}
{'loss': 1.4202, 'grad_norm': 0.1410362869501114, 'learning_rate': 8.52626967276649e-06, 'epoch': 27.7}
{'loss': 1.42, 'grad_norm': 0.08852608501911163, 'learning_rate': 8.509419337444816e-06, 'epoch': 27.7}
{'loss': 1.42, 'grad_norm': 0.08092810958623886, 'learning_rate': 8.492569002123141e-06, 'epoch': 27.71}
{'loss': 1.42, 'grad_norm': 0.056083064526319504, 'learning_rate': 8.47571866680147e-06, 'epoch': 27.71}
{'loss': 1.4207, 'grad_norm': 0.0730096697807312, 'learning_rate': 8.458868331479797e-06, 'epoch': 27.72}
{'loss': 1.4202, 'grad_norm': 0.08496248722076416, 'learning_rate': 8.442017996158124e-06, 'epoch': 27.72}
{'loss': 1.4204, 'grad_norm': 0.09214715659618378, 'learning_rate': 8.425167660836452e-06, 'epoch': 27.73}
{'loss': 1.4206, 'grad_norm': 0.07396732270717621, 'learning_rate': 8.408317325514777e-06, 'epoch': 27.73}
{'loss': 1.4206, 'grad_norm': 0.09917198121547699, 'learning_rate': 8.391466990193106e-06, 'epoch': 27.73}
{'loss': 1.42, 'grad_norm': 0.06564821302890778, 'learning_rate': 8.374616654871432e-06, 'epoch': 27.74}
{'loss': 1.4201, 'grad_norm': 0.12293637543916702, 'learning_rate': 8.35776631954976e-06, 'epoch': 27.74}
{'loss': 1.4202, 'grad_norm': 0.046889401972293854, 'learning_rate': 8.340915984228088e-06, 'epoch': 27.75}
{'loss': 1.4205, 'grad_norm': 0.08863049000501633, 'learning_rate': 8.324065648906413e-06, 'epoch': 27.75}
{'loss': 1.4204, 'grad_norm': 0.060991037636995316, 'learning_rate': 8.30721531358474e-06, 'epoch': 27.76}
{'loss': 1.42, 'grad_norm': 0.07171408832073212, 'learning_rate': 8.290364978263068e-06, 'epoch': 27.76}
{'loss': 1.4201, 'grad_norm': 0.13098597526550293, 'learning_rate': 8.273514642941395e-06, 'epoch': 27.77}
{'loss': 1.4207, 'grad_norm': 0.06279300898313522, 'learning_rate': 8.256664307619722e-06, 'epoch': 27.77}
{'loss': 1.42, 'grad_norm': 0.07487639784812927, 'learning_rate': 8.239813972298049e-06, 'epoch': 27.78}
{'loss': 1.4199, 'grad_norm': 0.2503495514392853, 'learning_rate': 8.222963636976375e-06, 'epoch': 27.78}
{'loss': 1.4203, 'grad_norm': 0.0752091109752655, 'learning_rate': 8.206113301654704e-06, 'epoch': 27.78}
{'loss': 1.42, 'grad_norm': 0.06992428004741669, 'learning_rate': 8.18926296633303e-06, 'epoch': 27.79}
{'loss': 1.4203, 'grad_norm': 0.12457001954317093, 'learning_rate': 8.172412631011358e-06, 'epoch': 27.79}
{'loss': 1.42, 'grad_norm': 0.1057017594575882, 'learning_rate': 8.155562295689684e-06, 'epoch': 27.8}
{'loss': 1.4207, 'grad_norm': 0.05271533504128456, 'learning_rate': 8.138711960368011e-06, 'epoch': 27.8}
{'loss': 1.4201, 'grad_norm': 0.055556513369083405, 'learning_rate': 8.121861625046338e-06, 'epoch': 27.81}
{'loss': 1.4201, 'grad_norm': 0.058565735816955566, 'learning_rate': 8.105011289724666e-06, 'epoch': 27.81}
{'loss': 1.42, 'grad_norm': 0.06534884870052338, 'learning_rate': 8.088160954402993e-06, 'epoch': 27.82}
{'loss': 1.42, 'grad_norm': 0.10438697040081024, 'learning_rate': 8.07131061908132e-06, 'epoch': 27.82}
{'loss': 1.4201, 'grad_norm': 0.10022497922182083, 'learning_rate': 8.054460283759647e-06, 'epoch': 27.83}
{'loss': 1.4204, 'grad_norm': 0.1182727962732315, 'learning_rate': 8.037609948437974e-06, 'epoch': 27.83}
{'loss': 1.4202, 'grad_norm': 0.048664722591638565, 'learning_rate': 8.020759613116302e-06, 'epoch': 27.83}
{'loss': 1.4203, 'grad_norm': 0.06601099669933319, 'learning_rate': 8.003909277794629e-06, 'epoch': 27.84}
{'loss': 1.4198, 'grad_norm': 0.05983069911599159, 'learning_rate': 7.987058942472956e-06, 'epoch': 27.84}
{'loss': 1.4201, 'grad_norm': 0.047942813485860825, 'learning_rate': 7.970208607151283e-06, 'epoch': 27.85}
{'loss': 1.42, 'grad_norm': 0.054316990077495575, 'learning_rate': 7.95335827182961e-06, 'epoch': 27.85}
{'loss': 1.4202, 'grad_norm': 0.05807138979434967, 'learning_rate': 7.936507936507936e-06, 'epoch': 27.86}
{'loss': 1.4203, 'grad_norm': 0.08970795571804047, 'learning_rate': 7.919657601186265e-06, 'epoch': 27.86}
{'loss': 1.42, 'grad_norm': 0.05511682480573654, 'learning_rate': 7.902807265864591e-06, 'epoch': 27.87}
{'loss': 1.4204, 'grad_norm': 0.06295785307884216, 'learning_rate': 7.885956930542918e-06, 'epoch': 27.87}
{'loss': 1.42, 'grad_norm': 0.05070909485220909, 'learning_rate': 7.869106595221245e-06, 'epoch': 27.88}
{'loss': 1.4201, 'grad_norm': 0.10145850479602814, 'learning_rate': 7.852256259899572e-06, 'epoch': 27.88}
{'loss': 1.4204, 'grad_norm': 0.05876500532031059, 'learning_rate': 7.835405924577899e-06, 'epoch': 27.88}
{'loss': 1.4204, 'grad_norm': 0.06477278470993042, 'learning_rate': 7.818555589256227e-06, 'epoch': 27.89}
{'loss': 1.42, 'grad_norm': 0.5878397226333618, 'learning_rate': 7.801705253934554e-06, 'epoch': 27.89}
{'loss': 1.4203, 'grad_norm': 0.05094647780060768, 'learning_rate': 7.78485491861288e-06, 'epoch': 27.9}
{'loss': 1.4199, 'grad_norm': 0.3523678779602051, 'learning_rate': 7.768004583291208e-06, 'epoch': 27.9}
{'loss': 1.4203, 'grad_norm': 0.05865299329161644, 'learning_rate': 7.751154247969534e-06, 'epoch': 27.91}
{'loss': 1.4201, 'grad_norm': 0.06668668240308762, 'learning_rate': 7.734303912647863e-06, 'epoch': 27.91}
{'loss': 1.4198, 'grad_norm': 0.08572912216186523, 'learning_rate': 7.71745357732619e-06, 'epoch': 27.92}
{'loss': 1.4204, 'grad_norm': 0.09735911339521408, 'learning_rate': 7.700603242004517e-06, 'epoch': 27.92}
{'loss': 1.4201, 'grad_norm': 0.12974204123020172, 'learning_rate': 7.683752906682843e-06, 'epoch': 27.93}
{'loss': 1.4196, 'grad_norm': 0.06293134391307831, 'learning_rate': 7.66690257136117e-06, 'epoch': 27.93}
{'loss': 1.4198, 'grad_norm': 0.04997817426919937, 'learning_rate': 7.650052236039497e-06, 'epoch': 27.93}
{'loss': 1.4201, 'grad_norm': 0.058436132967472076, 'learning_rate': 7.633201900717825e-06, 'epoch': 27.94}
{'loss': 1.4201, 'grad_norm': 0.08095493912696838, 'learning_rate': 7.616351565396151e-06, 'epoch': 27.94}
{'loss': 1.4199, 'grad_norm': 0.05153410881757736, 'learning_rate': 7.599501230074479e-06, 'epoch': 27.95}
{'loss': 1.4202, 'grad_norm': 0.05776355043053627, 'learning_rate': 7.582650894752806e-06, 'epoch': 27.95}
{'loss': 1.4199, 'grad_norm': 0.05296321585774422, 'learning_rate': 7.565800559431133e-06, 'epoch': 27.96}
{'loss': 1.4198, 'grad_norm': 0.06414800882339478, 'learning_rate': 7.54895022410946e-06, 'epoch': 27.96}
{'loss': 1.4205, 'grad_norm': 0.23336371779441833, 'learning_rate': 7.532099888787787e-06, 'epoch': 27.97}
{'loss': 1.4202, 'grad_norm': 0.07777866721153259, 'learning_rate': 7.515249553466114e-06, 'epoch': 27.97}
{'loss': 1.4202, 'grad_norm': 0.06042800843715668, 'learning_rate': 7.4983992181444415e-06, 'epoch': 27.98}
{'loss': 1.4204, 'grad_norm': 0.09995601326227188, 'learning_rate': 7.481548882822768e-06, 'epoch': 27.98}
{'loss': 1.4198, 'grad_norm': 0.050284724682569504, 'learning_rate': 7.464698547501095e-06, 'epoch': 27.98}
{'loss': 1.4199, 'grad_norm': 0.06316258758306503, 'learning_rate': 7.447848212179423e-06, 'epoch': 27.99}
{'loss': 1.4206, 'grad_norm': 0.05857903137803078, 'learning_rate': 7.43099787685775e-06, 'epoch': 27.99}
{'loss': 1.4203, 'grad_norm': 0.05534086748957634, 'learning_rate': 7.414147541536077e-06, 'epoch': 28.0}
{'loss': 1.4198, 'grad_norm': 0.06273336708545685, 'learning_rate': 7.397297206214404e-06, 'epoch': 28.0}
{'loss': 1.4199, 'grad_norm': 0.08019836992025375, 'learning_rate': 7.380446870892731e-06, 'epoch': 28.01}
{'loss': 1.4203, 'grad_norm': 0.05441352352499962, 'learning_rate': 7.3635965355710585e-06, 'epoch': 28.01}
{'loss': 1.42, 'grad_norm': 0.10400475561618805, 'learning_rate': 7.346746200249385e-06, 'epoch': 28.02}
{'loss': 1.4194, 'grad_norm': 0.05307778716087341, 'learning_rate': 7.329895864927712e-06, 'epoch': 28.02}
{'loss': 1.4197, 'grad_norm': 0.09341292828321457, 'learning_rate': 7.31304552960604e-06, 'epoch': 28.03}
{'loss': 1.42, 'grad_norm': 0.14547349512577057, 'learning_rate': 7.296195194284367e-06, 'epoch': 28.03}
{'loss': 1.4198, 'grad_norm': 0.052155423909425735, 'learning_rate': 7.279344858962693e-06, 'epoch': 28.03}
{'loss': 1.4199, 'grad_norm': 0.07148496061563492, 'learning_rate': 7.262494523641021e-06, 'epoch': 28.04}
{'loss': 1.4198, 'grad_norm': 0.07091234624385834, 'learning_rate': 7.245644188319348e-06, 'epoch': 28.04}
{'loss': 1.4195, 'grad_norm': 0.07727868109941483, 'learning_rate': 7.2287938529976755e-06, 'epoch': 28.05}
{'loss': 1.4201, 'grad_norm': 0.0544491745531559, 'learning_rate': 7.211943517676002e-06, 'epoch': 28.05}
{'loss': 1.4198, 'grad_norm': 0.058176182210445404, 'learning_rate': 7.195093182354329e-06, 'epoch': 28.06}
{'loss': 1.4198, 'grad_norm': 0.05167660862207413, 'learning_rate': 7.178242847032657e-06, 'epoch': 28.06}
{'loss': 1.4203, 'grad_norm': 0.06261890381574631, 'learning_rate': 7.1613925117109836e-06, 'epoch': 28.07}
{'loss': 1.42, 'grad_norm': 0.07704579830169678, 'learning_rate': 7.14454217638931e-06, 'epoch': 28.07}
{'loss': 1.4199, 'grad_norm': 0.04823429137468338, 'learning_rate': 7.127691841067638e-06, 'epoch': 28.08}
{'loss': 1.42, 'grad_norm': 0.05869140475988388, 'learning_rate': 7.110841505745965e-06, 'epoch': 28.08}
{'loss': 1.4205, 'grad_norm': 0.10688222199678421, 'learning_rate': 7.093991170424291e-06, 'epoch': 28.08}
{'loss': 1.4196, 'grad_norm': 0.048968356102705, 'learning_rate': 7.077140835102619e-06, 'epoch': 28.09}
{'loss': 1.42, 'grad_norm': 0.10472818464040756, 'learning_rate': 7.060290499780946e-06, 'epoch': 28.09}
{'loss': 1.4198, 'grad_norm': 0.10371633619070053, 'learning_rate': 7.043440164459274e-06, 'epoch': 28.1}
{'loss': 1.4198, 'grad_norm': 0.04922611266374588, 'learning_rate': 7.0265898291376005e-06, 'epoch': 28.1}
{'loss': 1.4198, 'grad_norm': 0.1109696626663208, 'learning_rate': 7.009739493815927e-06, 'epoch': 28.11}
{'loss': 1.42, 'grad_norm': 0.10153040289878845, 'learning_rate': 6.992889158494255e-06, 'epoch': 28.11}
{'loss': 1.4201, 'grad_norm': 0.06152812018990517, 'learning_rate': 6.976038823172582e-06, 'epoch': 28.12}
{'loss': 1.4199, 'grad_norm': 0.12612801790237427, 'learning_rate': 6.959188487850908e-06, 'epoch': 28.12}
{'loss': 1.4198, 'grad_norm': 0.0759166032075882, 'learning_rate': 6.942338152529236e-06, 'epoch': 28.13}
{'loss': 1.4198, 'grad_norm': 0.32140716910362244, 'learning_rate': 6.925487817207563e-06, 'epoch': 28.13}
{'loss': 1.42, 'grad_norm': 0.05514778569340706, 'learning_rate': 6.908637481885889e-06, 'epoch': 28.13}
{'loss': 1.42, 'grad_norm': 0.05214925855398178, 'learning_rate': 6.8917871465642175e-06, 'epoch': 28.14}
{'loss': 1.4201, 'grad_norm': 0.09491539001464844, 'learning_rate': 6.8749368112425435e-06, 'epoch': 28.14}
{'loss': 1.4197, 'grad_norm': 0.07345336675643921, 'learning_rate': 6.858086475920872e-06, 'epoch': 28.15}
{'loss': 1.42, 'grad_norm': 0.49125704169273376, 'learning_rate': 6.841236140599199e-06, 'epoch': 28.15}
{'loss': 1.4203, 'grad_norm': 0.05909024178981781, 'learning_rate': 6.824385805277525e-06, 'epoch': 28.16}
{'loss': 1.4199, 'grad_norm': 0.05869510397315025, 'learning_rate': 6.807535469955853e-06, 'epoch': 28.16}
{'loss': 1.42, 'grad_norm': 0.04761724919080734, 'learning_rate': 6.790685134634179e-06, 'epoch': 28.17}
{'loss': 1.4201, 'grad_norm': 0.054839540272951126, 'learning_rate': 6.773834799312506e-06, 'epoch': 28.17}
{'loss': 1.4195, 'grad_norm': 0.07325439900159836, 'learning_rate': 6.7569844639908345e-06, 'epoch': 28.18}
{'loss': 1.4202, 'grad_norm': 0.06867547333240509, 'learning_rate': 6.7401341286691605e-06, 'epoch': 28.18}
{'loss': 1.4196, 'grad_norm': 0.8139743804931641, 'learning_rate': 6.723283793347487e-06, 'epoch': 28.18}
{'loss': 1.42, 'grad_norm': 0.06243172660470009, 'learning_rate': 6.706433458025816e-06, 'epoch': 28.19}
{'loss': 1.42, 'grad_norm': 0.05777905508875847, 'learning_rate': 6.689583122704142e-06, 'epoch': 28.19}
{'loss': 1.42, 'grad_norm': 0.050503164529800415, 'learning_rate': 6.6727327873824685e-06, 'epoch': 28.2}
{'loss': 1.4199, 'grad_norm': 0.09528569877147675, 'learning_rate': 6.655882452060796e-06, 'epoch': 28.2}
{'loss': 1.4199, 'grad_norm': 0.2713928818702698, 'learning_rate': 6.639032116739123e-06, 'epoch': 28.21}
pred : ardent in the prosecution of heresy cyril auspiciously opened his reign by oppressing the novations the most innocent and harmless of the sectaries
label: ardent in the prosecution of heresy cyril auspiciously opened his reign by oppressing the novatians the most innocent and harmless of the sectaries
pred : without any legal sentence without any royal mandate the patriarch at the dawn of day led a seditious multitude to the attack of the synagogues
label: without any legal sentence without any royal mandate the patriarch at the dawn of day led a seditious multitude to the attack of the synagogues
pred : such crimes would have deserved the animadversion of the magistrate but in this promiscuous outrage the innocent were confounded with the guilty and alexandria was impoverished by the loss of a wealthy and industrious colony
label: such crimes would have deserved the animadversion of the magistrate but in this promiscuous outrage the innocent were confounded with the guilty and alexandria was impoverished by the loss of a wealthy and industrious colony
pred : ardent in the prosecution of heresy cyril auspiciously opened his reign by oppressing the novations the most innocent and harmless of the sectaries
label: ardent in the prosecution of heresy cyril auspiciously opened his reign by oppressing the novatians the most innocent and harmless of the sectaries
pred : without any legal sentence without any royal mandate the patriarch at the dawn of day led a seditious multitude to the attack of the synagogues
label: without any legal sentence without any royal mandate the patriarch at the dawn of day led a seditious multitude to the attack of the synagogues
pred : such crimes would have deserved the animadversion of the magistrate but in this promiscuous outrage the innocent were confounded with the guilty and alexandria was impoverished by the loss of a wealthy and industrious colony
label: such crimes would have deserved the animadversion of the magistrate but in this promiscuous outrage the innocent were confounded with the guilty and alexandria was impoverished by the loss of a wealthy and industrious colony
pred : ardent in the prosecution of heresy cyril auspiciously opened his reign by oppressing the novations the most innocent and harmless of the sectaries
label: ardent in the prosecution of heresy cyril auspiciously opened his reign by oppressing the novatians the most innocent and harmless of the sectaries
pred : without any legal sentence without any royal mandate the patriarch at the dawn of day led a seditious multitude to the attack of the synagogues
label: without any legal sentence without any royal mandate the patriarch at the dawn of day led a seditious multitude to the attack of the synagogues
pred : such crimes would have deserved the animadversion of the magistrate but in this promiscuous outrage the innocent were confounded with the guilty and alexandria was impoverished by the loss of a wealthy and industrious colony
label: such crimes would have deserved the animadversion of the magistrate but in this promiscuous outrage the innocent were confounded with the guilty and alexandria was impoverished by the loss of a wealthy and industrious colony
pred : ardent in the prosecution of heresy cyril auspiciously opened his reign by oppressing the novations the most innocent and harmless of the sectaries
label: ardent in the prosecution of heresy cyril auspiciously opened his reign by oppressing the novatians the most innocent and harmless of the sectaries
pred : without any legal sentence without any royal mandate the patriarch at the dawn of day led a seditious multitude to the attack of the synagogues
label: without any legal sentence without any royal mandate the patriarch at the dawn of day led a seditious multitude to the attack of the synagogues
pred : such crimes would have deserved the animadversion of the magistrate but in this promiscuous outrage the innocent were confounded with the guilty and alexandria was impoverished by the loss of a wealthy and industrious colony
label: such crimes would have deserved the animadversion of the magistrate but in this promiscuous outrage the innocent were confounded with the guilty and alexandria was impoverished by the loss of a wealthy and industrious colony
{'eval_loss': 1.5604270696640015, 'eval_bleu': 96.9235491051604, 'eval_wer': 0.016617159993546734, 'eval_cer': 0.007847747919950085, 'eval_rouge1': 0.9864910730936989, 'eval_rouge2': 0.9749293039464009, 'eval_rougeL': 0.9864802454025793, 'eval_runtime': 95.9902, 'eval_samples_per_second': 57.995, 'eval_steps_per_second': 0.302, 'epoch': 28.21}
{'loss': 1.42, 'grad_norm': 0.1112903505563736, 'learning_rate': 6.6221817814174515e-06, 'epoch': 28.21}
{'loss': 1.4196, 'grad_norm': 0.049687862396240234, 'learning_rate': 6.6053314460957774e-06, 'epoch': 28.22}
{'loss': 1.4197, 'grad_norm': 0.059047598391771317, 'learning_rate': 6.588481110774104e-06, 'epoch': 28.22}
{'loss': 1.4198, 'grad_norm': 0.06507913768291473, 'learning_rate': 6.571630775452432e-06, 'epoch': 28.23}
{'loss': 1.4199, 'grad_norm': 0.06166492775082588, 'learning_rate': 6.554780440130759e-06, 'epoch': 28.23}
{'loss': 1.4197, 'grad_norm': 0.16616272926330566, 'learning_rate': 6.5379301048090855e-06, 'epoch': 28.23}
{'loss': 1.4199, 'grad_norm': 0.06525649130344391, 'learning_rate': 6.521079769487413e-06, 'epoch': 28.24}
{'loss': 1.4202, 'grad_norm': 0.074586421251297, 'learning_rate': 6.50422943416574e-06, 'epoch': 28.24}
{'loss': 1.4195, 'grad_norm': 0.05289215222001076, 'learning_rate': 6.487379098844067e-06, 'epoch': 28.25}
{'loss': 1.4197, 'grad_norm': 0.07531364262104034, 'learning_rate': 6.470528763522394e-06, 'epoch': 28.25}
{'loss': 1.4198, 'grad_norm': 0.047759439796209335, 'learning_rate': 6.453678428200721e-06, 'epoch': 28.26}
{'loss': 1.4196, 'grad_norm': 0.07351949065923691, 'learning_rate': 6.436828092879049e-06, 'epoch': 28.26}
{'loss': 1.4199, 'grad_norm': 0.060985952615737915, 'learning_rate': 6.419977757557376e-06, 'epoch': 28.27}
{'loss': 1.4199, 'grad_norm': 0.06095700338482857, 'learning_rate': 6.4031274222357025e-06, 'epoch': 28.27}
{'loss': 1.4197, 'grad_norm': 0.16459672152996063, 'learning_rate': 6.38627708691403e-06, 'epoch': 28.28}
{'loss': 1.4202, 'grad_norm': 0.2405596226453781, 'learning_rate': 6.369426751592357e-06, 'epoch': 28.28}
{'loss': 1.4203, 'grad_norm': 0.06273423880338669, 'learning_rate': 6.352576416270684e-06, 'epoch': 28.28}
{'loss': 1.4202, 'grad_norm': 0.18332886695861816, 'learning_rate': 6.335726080949011e-06, 'epoch': 28.29}
{'loss': 1.4199, 'grad_norm': 0.2749856114387512, 'learning_rate': 6.318875745627338e-06, 'epoch': 28.29}
{'loss': 1.4199, 'grad_norm': 0.0501086451113224, 'learning_rate': 6.302025410305665e-06, 'epoch': 28.3}
{'loss': 1.4199, 'grad_norm': 0.0857347920536995, 'learning_rate': 6.285175074983993e-06, 'epoch': 28.3}
{'loss': 1.4199, 'grad_norm': 0.0693187490105629, 'learning_rate': 6.2683247396623195e-06, 'epoch': 28.31}
{'loss': 1.4202, 'grad_norm': 0.06171863526105881, 'learning_rate': 6.251474404340647e-06, 'epoch': 28.31}
{'loss': 1.4202, 'grad_norm': 0.059031639248132706, 'learning_rate': 6.234624069018974e-06, 'epoch': 28.32}
{'loss': 1.4199, 'grad_norm': 0.06002678722143173, 'learning_rate': 6.2177737336973016e-06, 'epoch': 28.32}
{'loss': 1.4199, 'grad_norm': 0.20592713356018066, 'learning_rate': 6.2009233983756275e-06, 'epoch': 28.33}
{'loss': 1.4196, 'grad_norm': 0.06897511333227158, 'learning_rate': 6.184073063053955e-06, 'epoch': 28.33}
{'loss': 1.4198, 'grad_norm': 0.055746033787727356, 'learning_rate': 6.167222727732282e-06, 'epoch': 28.33}
{'loss': 1.42, 'grad_norm': 0.048728104680776596, 'learning_rate': 6.150372392410609e-06, 'epoch': 28.34}
{'loss': 1.4207, 'grad_norm': 0.05334320291876793, 'learning_rate': 6.1335220570889364e-06, 'epoch': 28.34}
{'loss': 1.4194, 'grad_norm': 0.06575503945350647, 'learning_rate': 6.116671721767263e-06, 'epoch': 28.35}
{'loss': 1.4199, 'grad_norm': 0.049391645938158035, 'learning_rate': 6.099821386445591e-06, 'epoch': 28.35}
{'loss': 1.4201, 'grad_norm': 0.07361244410276413, 'learning_rate': 6.082971051123918e-06, 'epoch': 28.36}
{'loss': 1.42, 'grad_norm': 0.049047358334064484, 'learning_rate': 6.0661207158022445e-06, 'epoch': 28.36}
{'loss': 1.4198, 'grad_norm': 0.05652708560228348, 'learning_rate': 6.049270380480572e-06, 'epoch': 28.37}
{'loss': 1.4198, 'grad_norm': 0.07321327924728394, 'learning_rate': 6.032420045158899e-06, 'epoch': 28.37}
{'loss': 1.4197, 'grad_norm': 0.04594705253839493, 'learning_rate': 6.015569709837226e-06, 'epoch': 28.38}
{'loss': 1.42, 'grad_norm': 0.28898125886917114, 'learning_rate': 5.998719374515553e-06, 'epoch': 28.38}
{'loss': 1.4201, 'grad_norm': 0.07633479684591293, 'learning_rate': 5.98186903919388e-06, 'epoch': 28.38}
{'loss': 1.42, 'grad_norm': 0.14452843368053436, 'learning_rate': 5.965018703872207e-06, 'epoch': 28.39}
{'loss': 1.4202, 'grad_norm': 0.13125677406787872, 'learning_rate': 5.948168368550535e-06, 'epoch': 28.39}
{'loss': 1.4205, 'grad_norm': 0.05901315063238144, 'learning_rate': 5.9313180332288615e-06, 'epoch': 28.4}
{'loss': 1.4197, 'grad_norm': 0.06613137573003769, 'learning_rate': 5.914467697907189e-06, 'epoch': 28.4}
{'loss': 1.42, 'grad_norm': 0.4519892632961273, 'learning_rate': 5.897617362585515e-06, 'epoch': 28.41}
{'loss': 1.4199, 'grad_norm': 0.1553785353899002, 'learning_rate': 5.880767027263843e-06, 'epoch': 28.41}
{'loss': 1.4199, 'grad_norm': 0.10503720492124557, 'learning_rate': 5.86391669194217e-06, 'epoch': 28.42}
{'loss': 1.42, 'grad_norm': 0.047095585614442825, 'learning_rate': 5.847066356620497e-06, 'epoch': 28.42}
{'loss': 1.4198, 'grad_norm': 0.07534657418727875, 'learning_rate': 5.830216021298824e-06, 'epoch': 28.43}
{'loss': 1.4201, 'grad_norm': 0.05773613601922989, 'learning_rate': 5.813365685977152e-06, 'epoch': 28.43}
{'loss': 1.4198, 'grad_norm': 0.08434019237756729, 'learning_rate': 5.7965153506554785e-06, 'epoch': 28.43}
{'loss': 1.4199, 'grad_norm': 0.05122625082731247, 'learning_rate': 5.779665015333805e-06, 'epoch': 28.44}
{'loss': 1.4197, 'grad_norm': 0.04776734113693237, 'learning_rate': 5.762814680012132e-06, 'epoch': 28.44}
{'loss': 1.4197, 'grad_norm': 0.05541497841477394, 'learning_rate': 5.74596434469046e-06, 'epoch': 28.45}
{'loss': 1.4202, 'grad_norm': 0.05791397765278816, 'learning_rate': 5.729114009368787e-06, 'epoch': 28.45}
{'loss': 1.4199, 'grad_norm': 0.1035550981760025, 'learning_rate': 5.712263674047113e-06, 'epoch': 28.46}
{'loss': 1.4199, 'grad_norm': 0.06241954490542412, 'learning_rate': 5.695413338725441e-06, 'epoch': 28.46}
{'loss': 1.42, 'grad_norm': 0.05754151940345764, 'learning_rate': 5.678563003403768e-06, 'epoch': 28.47}
{'loss': 1.4197, 'grad_norm': 0.06169486045837402, 'learning_rate': 5.661712668082095e-06, 'epoch': 28.47}
{'loss': 1.4203, 'grad_norm': 0.06765377521514893, 'learning_rate': 5.644862332760422e-06, 'epoch': 28.48}
{'loss': 1.4195, 'grad_norm': 0.18598981201648712, 'learning_rate': 5.628011997438749e-06, 'epoch': 28.48}
{'loss': 1.4198, 'grad_norm': 0.07147645205259323, 'learning_rate': 5.611161662117077e-06, 'epoch': 28.48}
{'loss': 1.42, 'grad_norm': 0.10268865525722504, 'learning_rate': 5.5943113267954035e-06, 'epoch': 28.49}
{'loss': 1.4202, 'grad_norm': 0.5795670747756958, 'learning_rate': 5.57746099147373e-06, 'epoch': 28.49}
{'loss': 1.4197, 'grad_norm': 0.05495765805244446, 'learning_rate': 5.560610656152058e-06, 'epoch': 28.5}
{'loss': 1.4195, 'grad_norm': 0.05743519961833954, 'learning_rate': 5.543760320830385e-06, 'epoch': 28.5}
{'loss': 1.4198, 'grad_norm': 0.06984532624483109, 'learning_rate': 5.5269099855087116e-06, 'epoch': 28.51}
{'loss': 1.4196, 'grad_norm': 0.07556548714637756, 'learning_rate': 5.510059650187039e-06, 'epoch': 28.51}
{'loss': 1.4201, 'grad_norm': 0.2194405049085617, 'learning_rate': 5.493209314865366e-06, 'epoch': 28.52}
{'loss': 1.4197, 'grad_norm': 0.056449852883815765, 'learning_rate': 5.476358979543693e-06, 'epoch': 28.52}
{'loss': 1.4196, 'grad_norm': 0.059542834758758545, 'learning_rate': 5.4595086442220205e-06, 'epoch': 28.53}
{'loss': 1.4198, 'grad_norm': 0.1405322104692459, 'learning_rate': 5.442658308900347e-06, 'epoch': 28.53}
{'loss': 1.4202, 'grad_norm': 0.04788642376661301, 'learning_rate': 5.425807973578675e-06, 'epoch': 28.54}
{'loss': 1.4202, 'grad_norm': 0.053530268371105194, 'learning_rate': 5.408957638257002e-06, 'epoch': 28.54}
{'loss': 1.4197, 'grad_norm': 0.07114811986684799, 'learning_rate': 5.3921073029353285e-06, 'epoch': 28.54}
{'loss': 1.4202, 'grad_norm': 0.09982125461101532, 'learning_rate': 5.375256967613656e-06, 'epoch': 28.55}
{'loss': 1.4201, 'grad_norm': 0.05962282046675682, 'learning_rate': 5.358406632291983e-06, 'epoch': 28.55}
{'loss': 1.42, 'grad_norm': 0.059802182018756866, 'learning_rate': 5.34155629697031e-06, 'epoch': 28.56}
{'loss': 1.4198, 'grad_norm': 0.05740145593881607, 'learning_rate': 5.3247059616486374e-06, 'epoch': 28.56}
{'loss': 1.4195, 'grad_norm': 0.06126302853226662, 'learning_rate': 5.307855626326964e-06, 'epoch': 28.57}
{'loss': 1.4208, 'grad_norm': 0.07318136841058731, 'learning_rate': 5.291005291005291e-06, 'epoch': 28.57}
{'loss': 1.4196, 'grad_norm': 0.048153407871723175, 'learning_rate': 5.274154955683618e-06, 'epoch': 28.58}
{'loss': 1.4198, 'grad_norm': 0.06916313618421555, 'learning_rate': 5.2573046203619455e-06, 'epoch': 28.58}
{'loss': 1.4196, 'grad_norm': 0.07576599717140198, 'learning_rate': 5.240454285040273e-06, 'epoch': 28.59}
{'loss': 1.4199, 'grad_norm': 0.09062226116657257, 'learning_rate': 5.223603949718599e-06, 'epoch': 28.59}
{'loss': 1.4201, 'grad_norm': 0.260426789522171, 'learning_rate': 5.206753614396927e-06, 'epoch': 28.59}
{'loss': 1.4199, 'grad_norm': 0.0773845985531807, 'learning_rate': 5.1899032790752544e-06, 'epoch': 28.6}
{'loss': 1.4198, 'grad_norm': 0.04705553874373436, 'learning_rate': 5.17305294375358e-06, 'epoch': 28.6}
{'loss': 1.4197, 'grad_norm': 0.0422578901052475, 'learning_rate': 5.156202608431908e-06, 'epoch': 28.61}
{'loss': 1.4196, 'grad_norm': 0.058539979159832, 'learning_rate': 5.139352273110235e-06, 'epoch': 28.61}
{'loss': 1.4199, 'grad_norm': 0.2272597849369049, 'learning_rate': 5.1225019377885625e-06, 'epoch': 28.62}
{'loss': 1.4199, 'grad_norm': 0.06469440460205078, 'learning_rate': 5.105651602466889e-06, 'epoch': 28.62}
{'loss': 1.4196, 'grad_norm': 0.04706687852740288, 'learning_rate': 5.088801267145216e-06, 'epoch': 28.63}
{'loss': 1.4195, 'grad_norm': 0.07389669120311737, 'learning_rate': 5.071950931823544e-06, 'epoch': 28.63}
{'loss': 1.4203, 'grad_norm': 0.0683366060256958, 'learning_rate': 5.0551005965018706e-06, 'epoch': 28.64}
{'loss': 1.4197, 'grad_norm': 0.05938209593296051, 'learning_rate': 5.038250261180197e-06, 'epoch': 28.64}
{'loss': 1.4196, 'grad_norm': 0.05336304008960724, 'learning_rate': 5.021399925858525e-06, 'epoch': 28.64}
{'loss': 1.42, 'grad_norm': 0.06672251969575882, 'learning_rate': 5.004549590536852e-06, 'epoch': 28.65}
{'loss': 1.4197, 'grad_norm': 0.059044644236564636, 'learning_rate': 4.987699255215179e-06, 'epoch': 28.65}
{'loss': 1.4196, 'grad_norm': 0.057787567377090454, 'learning_rate': 4.970848919893506e-06, 'epoch': 28.66}
{'loss': 1.4194, 'grad_norm': 0.048517681658267975, 'learning_rate': 4.953998584571833e-06, 'epoch': 28.66}
{'loss': 1.4197, 'grad_norm': 0.05226369947195053, 'learning_rate': 4.937148249250161e-06, 'epoch': 28.67}
{'loss': 1.4194, 'grad_norm': 0.18590815365314484, 'learning_rate': 4.9202979139284875e-06, 'epoch': 28.67}
{'loss': 1.4197, 'grad_norm': 0.08896851539611816, 'learning_rate': 4.903447578606814e-06, 'epoch': 28.68}
{'loss': 1.4201, 'grad_norm': 0.0621841661632061, 'learning_rate': 4.886597243285142e-06, 'epoch': 28.68}
{'loss': 1.4195, 'grad_norm': 0.2526082992553711, 'learning_rate': 4.869746907963469e-06, 'epoch': 28.69}
{'loss': 1.4202, 'grad_norm': 0.05687747895717621, 'learning_rate': 4.852896572641796e-06, 'epoch': 28.69}
{'loss': 1.4195, 'grad_norm': 0.04596612975001335, 'learning_rate': 4.836046237320123e-06, 'epoch': 28.69}
{'loss': 1.4199, 'grad_norm': 0.18747974932193756, 'learning_rate': 4.81919590199845e-06, 'epoch': 28.7}
{'loss': 1.4199, 'grad_norm': 0.13138025999069214, 'learning_rate': 4.802345566676777e-06, 'epoch': 28.7}
{'loss': 1.4203, 'grad_norm': 0.05854472890496254, 'learning_rate': 4.785495231355104e-06, 'epoch': 28.71}
{'loss': 1.42, 'grad_norm': 0.15606316924095154, 'learning_rate': 4.768644896033431e-06, 'epoch': 28.71}
{'loss': 1.42, 'grad_norm': 0.09256301820278168, 'learning_rate': 4.751794560711759e-06, 'epoch': 28.72}
{'loss': 1.4197, 'grad_norm': 0.06980432569980621, 'learning_rate': 4.734944225390085e-06, 'epoch': 28.72}
{'loss': 1.4197, 'grad_norm': 0.0500011071562767, 'learning_rate': 4.7180938900684126e-06, 'epoch': 28.73}
{'loss': 1.4201, 'grad_norm': 0.056898318231105804, 'learning_rate': 4.70124355474674e-06, 'epoch': 28.73}
{'loss': 1.4198, 'grad_norm': 0.049687135964632034, 'learning_rate': 4.684393219425067e-06, 'epoch': 28.74}
{'loss': 1.4202, 'grad_norm': 0.06170039623975754, 'learning_rate': 4.667542884103394e-06, 'epoch': 28.74}
{'loss': 1.4197, 'grad_norm': 0.05506923049688339, 'learning_rate': 4.650692548781721e-06, 'epoch': 28.74}
{'loss': 1.4201, 'grad_norm': 0.08843425661325455, 'learning_rate': 4.633842213460048e-06, 'epoch': 28.75}
{'loss': 1.4199, 'grad_norm': 0.102401003241539, 'learning_rate': 4.616991878138375e-06, 'epoch': 28.75}
{'loss': 1.4201, 'grad_norm': 0.055133309215307236, 'learning_rate': 4.600141542816702e-06, 'epoch': 28.76}
{'loss': 1.4195, 'grad_norm': 0.058757588267326355, 'learning_rate': 4.5832912074950296e-06, 'epoch': 28.76}
{'loss': 1.4193, 'grad_norm': 0.05045701190829277, 'learning_rate': 4.566440872173356e-06, 'epoch': 28.77}
{'loss': 1.4198, 'grad_norm': 0.07657960802316666, 'learning_rate': 4.549590536851683e-06, 'epoch': 28.77}
{'loss': 1.4199, 'grad_norm': 0.08650676906108856, 'learning_rate': 4.532740201530011e-06, 'epoch': 28.78}
{'loss': 1.4197, 'grad_norm': 0.04881646856665611, 'learning_rate': 4.515889866208338e-06, 'epoch': 28.78}
{'loss': 1.4194, 'grad_norm': 0.06530303508043289, 'learning_rate': 4.499039530886664e-06, 'epoch': 28.79}
{'loss': 1.4198, 'grad_norm': 0.17371386289596558, 'learning_rate': 4.482189195564992e-06, 'epoch': 28.79}
{'loss': 1.4198, 'grad_norm': 0.04798756539821625, 'learning_rate': 4.465338860243319e-06, 'epoch': 28.79}
{'loss': 1.4199, 'grad_norm': 0.04944518208503723, 'learning_rate': 4.4484885249216465e-06, 'epoch': 28.8}
{'loss': 1.4197, 'grad_norm': 0.06689445674419403, 'learning_rate': 4.431638189599973e-06, 'epoch': 28.8}
{'loss': 1.4198, 'grad_norm': 0.06118651106953621, 'learning_rate': 4.4147878542783e-06, 'epoch': 28.81}
{'loss': 1.42, 'grad_norm': 0.05602608993649483, 'learning_rate': 4.397937518956628e-06, 'epoch': 28.81}
{'loss': 1.42, 'grad_norm': 0.061972226947546005, 'learning_rate': 4.381087183634955e-06, 'epoch': 28.82}
{'loss': 1.42, 'grad_norm': 0.05732975900173187, 'learning_rate': 4.364236848313281e-06, 'epoch': 28.82}
{'loss': 1.42, 'grad_norm': 0.06698109954595566, 'learning_rate': 4.347386512991609e-06, 'epoch': 28.83}
{'loss': 1.4196, 'grad_norm': 0.0524933896958828, 'learning_rate': 4.330536177669936e-06, 'epoch': 28.83}
{'loss': 1.4202, 'grad_norm': 0.05318380519747734, 'learning_rate': 4.313685842348263e-06, 'epoch': 28.84}
{'loss': 1.4201, 'grad_norm': 0.05754520371556282, 'learning_rate': 4.29683550702659e-06, 'epoch': 28.84}
{'loss': 1.4199, 'grad_norm': 0.0725802481174469, 'learning_rate': 4.279985171704917e-06, 'epoch': 28.84}
{'loss': 1.4196, 'grad_norm': 0.05913439393043518, 'learning_rate': 4.263134836383245e-06, 'epoch': 28.85}
{'loss': 1.4201, 'grad_norm': 0.05484284088015556, 'learning_rate': 4.246284501061571e-06, 'epoch': 28.85}
{'loss': 1.4197, 'grad_norm': 0.06816653162240982, 'learning_rate': 4.229434165739898e-06, 'epoch': 28.86}
{'loss': 1.4197, 'grad_norm': 0.05267065763473511, 'learning_rate': 4.212583830418226e-06, 'epoch': 28.86}
{'loss': 1.42, 'grad_norm': 0.07109090685844421, 'learning_rate': 4.195733495096553e-06, 'epoch': 28.87}
{'loss': 1.4201, 'grad_norm': 0.07053794711828232, 'learning_rate': 4.17888315977488e-06, 'epoch': 28.87}
{'loss': 1.4196, 'grad_norm': 0.07037090510129929, 'learning_rate': 4.1620328244532064e-06, 'epoch': 28.88}
{'loss': 1.4199, 'grad_norm': 0.05696135014295578, 'learning_rate': 4.145182489131534e-06, 'epoch': 28.88}
{'loss': 1.4199, 'grad_norm': 0.4174976050853729, 'learning_rate': 4.128332153809861e-06, 'epoch': 28.89}
{'loss': 1.4196, 'grad_norm': 0.06489560008049011, 'learning_rate': 4.111481818488188e-06, 'epoch': 28.89}
{'loss': 1.4202, 'grad_norm': 0.2654297649860382, 'learning_rate': 4.094631483166515e-06, 'epoch': 28.89}
{'loss': 1.4193, 'grad_norm': 0.057899653911590576, 'learning_rate': 4.077781147844842e-06, 'epoch': 28.9}
{'loss': 1.4194, 'grad_norm': 0.08067800849676132, 'learning_rate': 4.060930812523169e-06, 'epoch': 28.9}
{'loss': 1.4202, 'grad_norm': 0.05286944657564163, 'learning_rate': 4.044080477201497e-06, 'epoch': 28.91}
{'loss': 1.4196, 'grad_norm': 0.1413118839263916, 'learning_rate': 4.027230141879823e-06, 'epoch': 28.91}
{'loss': 1.4196, 'grad_norm': 0.0934530571103096, 'learning_rate': 4.010379806558151e-06, 'epoch': 28.92}
{'loss': 1.4199, 'grad_norm': 0.05448481813073158, 'learning_rate': 3.993529471236478e-06, 'epoch': 28.92}
{'loss': 1.4202, 'grad_norm': 0.059125375002622604, 'learning_rate': 3.976679135914805e-06, 'epoch': 28.93}
{'loss': 1.4196, 'grad_norm': 0.04866967722773552, 'learning_rate': 3.959828800593132e-06, 'epoch': 28.93}
{'loss': 1.4193, 'grad_norm': 0.07412716001272202, 'learning_rate': 3.942978465271459e-06, 'epoch': 28.94}
{'loss': 1.42, 'grad_norm': 0.08490068465471268, 'learning_rate': 3.926128129949786e-06, 'epoch': 28.94}
{'loss': 1.4195, 'grad_norm': 0.21565783023834229, 'learning_rate': 3.909277794628114e-06, 'epoch': 28.94}
{'loss': 1.4202, 'grad_norm': 0.06439453363418579, 'learning_rate': 3.89242745930644e-06, 'epoch': 28.95}
{'loss': 1.4199, 'grad_norm': 0.058865759521722794, 'learning_rate': 3.875577123984767e-06, 'epoch': 28.95}
{'loss': 1.4201, 'grad_norm': 0.06019282341003418, 'learning_rate': 3.858726788663095e-06, 'epoch': 28.96}
{'loss': 1.4199, 'grad_norm': 0.05801715701818466, 'learning_rate': 3.841876453341422e-06, 'epoch': 28.96}
{'loss': 1.4199, 'grad_norm': 0.08344545215368271, 'learning_rate': 3.8250261180197485e-06, 'epoch': 28.97}
{'loss': 1.4195, 'grad_norm': 0.045272331684827805, 'learning_rate': 3.8081757826980757e-06, 'epoch': 28.97}
{'loss': 1.42, 'grad_norm': 0.13653460144996643, 'learning_rate': 3.791325447376403e-06, 'epoch': 28.98}
{'loss': 1.4198, 'grad_norm': 0.0550568550825119, 'learning_rate': 3.77447511205473e-06, 'epoch': 28.98}
{'loss': 1.4198, 'grad_norm': 0.2626187801361084, 'learning_rate': 3.757624776733057e-06, 'epoch': 28.99}
{'loss': 1.4195, 'grad_norm': 0.06579013168811798, 'learning_rate': 3.740774441411384e-06, 'epoch': 28.99}
{'loss': 1.4196, 'grad_norm': 0.04365953803062439, 'learning_rate': 3.7239241060897114e-06, 'epoch': 28.99}
{'loss': 1.4196, 'grad_norm': 0.07721437513828278, 'learning_rate': 3.7070737707680386e-06, 'epoch': 29.0}
{'loss': 1.4198, 'grad_norm': 0.04794616624712944, 'learning_rate': 3.6902234354463654e-06, 'epoch': 29.0}
{'loss': 1.4195, 'grad_norm': 0.062098465859889984, 'learning_rate': 3.6733731001246927e-06, 'epoch': 29.01}
{'loss': 1.4198, 'grad_norm': 0.08684130012989044, 'learning_rate': 3.65652276480302e-06, 'epoch': 29.01}
{'loss': 1.4196, 'grad_norm': 0.04627180099487305, 'learning_rate': 3.6396724294813467e-06, 'epoch': 29.02}
{'loss': 1.4196, 'grad_norm': 0.05107764154672623, 'learning_rate': 3.622822094159674e-06, 'epoch': 29.02}
{'loss': 1.4194, 'grad_norm': 0.05354756489396095, 'learning_rate': 3.605971758838001e-06, 'epoch': 29.03}
{'loss': 1.4196, 'grad_norm': 0.06416277587413788, 'learning_rate': 3.5891214235163284e-06, 'epoch': 29.03}
{'loss': 1.4198, 'grad_norm': 0.16473732888698578, 'learning_rate': 3.572271088194655e-06, 'epoch': 29.04}
{'loss': 1.4199, 'grad_norm': 0.047720346599817276, 'learning_rate': 3.5554207528729824e-06, 'epoch': 29.04}
{'loss': 1.4196, 'grad_norm': 0.16652165353298187, 'learning_rate': 3.5385704175513096e-06, 'epoch': 29.04}
{'loss': 1.4196, 'grad_norm': 0.07259844988584518, 'learning_rate': 3.521720082229637e-06, 'epoch': 29.05}
{'loss': 1.4194, 'grad_norm': 0.06820954382419586, 'learning_rate': 3.5048697469079637e-06, 'epoch': 29.05}
{'loss': 1.4193, 'grad_norm': 0.065174899995327, 'learning_rate': 3.488019411586291e-06, 'epoch': 29.06}
{'loss': 1.4193, 'grad_norm': 0.061842046678066254, 'learning_rate': 3.471169076264618e-06, 'epoch': 29.06}
{'loss': 1.4198, 'grad_norm': 0.055654823780059814, 'learning_rate': 3.4543187409429445e-06, 'epoch': 29.07}
{'loss': 1.4195, 'grad_norm': 0.048838794231414795, 'learning_rate': 3.4374684056212717e-06, 'epoch': 29.07}
{'loss': 1.4199, 'grad_norm': 0.04409598559141159, 'learning_rate': 3.4206180702995994e-06, 'epoch': 29.08}
{'loss': 1.4197, 'grad_norm': 0.06490841507911682, 'learning_rate': 3.4037677349779266e-06, 'epoch': 29.08}
{'loss': 1.4195, 'grad_norm': 0.05401802808046341, 'learning_rate': 3.386917399656253e-06, 'epoch': 29.09}
{'loss': 1.4199, 'grad_norm': 0.21648786962032318, 'learning_rate': 3.3700670643345802e-06, 'epoch': 29.09}
{'loss': 1.42, 'grad_norm': 0.27111539244651794, 'learning_rate': 3.353216729012908e-06, 'epoch': 29.09}
{'loss': 1.4195, 'grad_norm': 0.051809363067150116, 'learning_rate': 3.3363663936912343e-06, 'epoch': 29.1}
{'loss': 1.4198, 'grad_norm': 0.06665438413619995, 'learning_rate': 3.3195160583695615e-06, 'epoch': 29.1}
{'loss': 1.4196, 'grad_norm': 0.06282249093055725, 'learning_rate': 3.3026657230478887e-06, 'epoch': 29.11}
{'loss': 1.4196, 'grad_norm': 0.11952122300863266, 'learning_rate': 3.285815387726216e-06, 'epoch': 29.11}
{'loss': 1.4194, 'grad_norm': 0.05065576732158661, 'learning_rate': 3.2689650524045428e-06, 'epoch': 29.12}
pred : ardent in the prosecution of heresy cyril auspiciously opened his reign by oppressing the novations the most innocent and harmless of the sectaries
label: ardent in the prosecution of heresy cyril auspiciously opened his reign by oppressing the novatians the most innocent and harmless of the sectaries
pred : without any legal sentence without any royal mandate the patriarch at the dawn of day led a seditious multitude to the attack of the synagogues
label: without any legal sentence without any royal mandate the patriarch at the dawn of day led a seditious multitude to the attack of the synagogues
pred : such crimes would have deserved the animadversion of the magistrate but in this promiscuous outrage the innocent were confounded with the guilty and alexandria was impoverished by the loss of a wealthy and industrious colony
label: such crimes would have deserved the animadversion of the magistrate but in this promiscuous outrage the innocent were confounded with the guilty and alexandria was impoverished by the loss of a wealthy and industrious colony
pred : ardent in the prosecution of heresy cyril auspiciously opened his reign by oppressing the novations the most innocent and harmless of the sectaries
label: ardent in the prosecution of heresy cyril auspiciously opened his reign by oppressing the novatians the most innocent and harmless of the sectaries
pred : without any legal sentence without any royal mandate the patriarch at the dawn of day led a seditious multitude to the attack of the synagogues
label: without any legal sentence without any royal mandate the patriarch at the dawn of day led a seditious multitude to the attack of the synagogues
pred : such crimes would have deserved the animadversion of the magistrate but in this promiscuous outrage the innocent were confounded with the guilty and alexandria was impoverished by the loss of a wealthy and industrious colony
label: such crimes would have deserved the animadversion of the magistrate but in this promiscuous outrage the innocent were confounded with the guilty and alexandria was impoverished by the loss of a wealthy and industrious colony
pred : ardent in the prosecution of heresy cyril auspiciously opened his reign by oppressing the novations the most innocent and harmless of the sectaries
label: ardent in the prosecution of heresy cyril auspiciously opened his reign by oppressing the novatians the most innocent and harmless of the sectaries
pred : without any legal sentence without any royal mandate the patriarch at the dawn of day led a seditious multitude to the attack of the synagogues
label: without any legal sentence without any royal mandate the patriarch at the dawn of day led a seditious multitude to the attack of the synagogues
pred : such crimes would have deserved the animadversion of the magistrate but in this promiscuous outrage the innocent were confounded with the guilty and alexandria was impoverished by the loss of a wealthy and industrious colony
label: such crimes would have deserved the animadversion of the magistrate but in this promiscuous outrage the innocent were confounded with the guilty and alexandria was impoverished by the loss of a wealthy and industrious colony
pred : ardent in the prosecution of heresy cyril auspiciously opened his reign by oppressing the novations the most innocent and harmless of the sectaries
label: ardent in the prosecution of heresy cyril auspiciously opened his reign by oppressing the novatians the most innocent and harmless of the sectaries
pred : without any legal sentence without any royal mandate the patriarch at the dawn of day led a seditious multitude to the attack of the synagogues
label: without any legal sentence without any royal mandate the patriarch at the dawn of day led a seditious multitude to the attack of the synagogues
pred : such crimes would have deserved the animadversion of the magistrate but in this promiscuous outrage the innocent were confounded with the guilty and alexandria was impoverished by the loss of a wealthy and industrious colony
label: such crimes would have deserved the animadversion of the magistrate but in this promiscuous outrage the innocent were confounded with the guilty and alexandria was impoverished by the loss of a wealthy and industrious colony
{'eval_loss': 1.5592784881591797, 'eval_bleu': 96.95613485832196, 'eval_wer': 0.01657919960521196, 'eval_cer': 0.007880206436163115, 'eval_rouge1': 0.9865092965777164, 'eval_rouge2': 0.975243372805672, 'eval_rougeL': 0.9864977750131563, 'eval_runtime': 96.3636, 'eval_samples_per_second': 57.771, 'eval_steps_per_second': 0.301, 'epoch': 29.12}
{'loss': 1.4196, 'grad_norm': 0.04874719679355621, 'learning_rate': 3.25211471708287e-06, 'epoch': 29.12}
{'loss': 1.4194, 'grad_norm': 0.04652396962046623, 'learning_rate': 3.235264381761197e-06, 'epoch': 29.13}
{'loss': 1.4195, 'grad_norm': 0.0665193721652031, 'learning_rate': 3.2184140464395244e-06, 'epoch': 29.13}
{'loss': 1.4197, 'grad_norm': 0.06202186271548271, 'learning_rate': 3.2015637111178512e-06, 'epoch': 29.14}
{'loss': 1.4198, 'grad_norm': 0.05713381618261337, 'learning_rate': 3.1847133757961785e-06, 'epoch': 29.14}
{'loss': 1.4195, 'grad_norm': 0.08442668616771698, 'learning_rate': 3.1678630404745057e-06, 'epoch': 29.14}
{'loss': 1.4197, 'grad_norm': 0.17833611369132996, 'learning_rate': 3.1510127051528325e-06, 'epoch': 29.15}
{'loss': 1.4199, 'grad_norm': 0.05824478715658188, 'learning_rate': 3.1341623698311597e-06, 'epoch': 29.15}
{'loss': 1.4198, 'grad_norm': 0.058665499091148376, 'learning_rate': 3.117312034509487e-06, 'epoch': 29.16}
{'loss': 1.4197, 'grad_norm': 0.060992661863565445, 'learning_rate': 3.1004616991878138e-06, 'epoch': 29.16}
{'loss': 1.4196, 'grad_norm': 0.05261049419641495, 'learning_rate': 3.083611363866141e-06, 'epoch': 29.17}
{'loss': 1.4195, 'grad_norm': 0.05219511687755585, 'learning_rate': 3.0667610285444682e-06, 'epoch': 29.17}
{'loss': 1.4195, 'grad_norm': 0.16645777225494385, 'learning_rate': 3.0499106932227954e-06, 'epoch': 29.18}
{'loss': 1.4198, 'grad_norm': 0.08396714925765991, 'learning_rate': 3.0330603579011222e-06, 'epoch': 29.18}
{'loss': 1.42, 'grad_norm': 0.06076112389564514, 'learning_rate': 3.0162100225794495e-06, 'epoch': 29.19}
{'loss': 1.4195, 'grad_norm': 0.054296206682920456, 'learning_rate': 2.9993596872577767e-06, 'epoch': 29.19}
{'loss': 1.4195, 'grad_norm': 0.11181557178497314, 'learning_rate': 2.9825093519361035e-06, 'epoch': 29.19}
{'loss': 1.4196, 'grad_norm': 0.15844649076461792, 'learning_rate': 2.9656590166144307e-06, 'epoch': 29.2}
{'loss': 1.4195, 'grad_norm': 0.09904824197292328, 'learning_rate': 2.9488086812927575e-06, 'epoch': 29.2}
{'loss': 1.4194, 'grad_norm': 0.05487699434161186, 'learning_rate': 2.931958345971085e-06, 'epoch': 29.21}
{'loss': 1.4197, 'grad_norm': 0.04663064330816269, 'learning_rate': 2.915108010649412e-06, 'epoch': 29.21}
{'loss': 1.4199, 'grad_norm': 0.904509425163269, 'learning_rate': 2.8982576753277392e-06, 'epoch': 29.22}
{'loss': 1.4197, 'grad_norm': 0.08165581524372101, 'learning_rate': 2.881407340006066e-06, 'epoch': 29.22}
{'loss': 1.4199, 'grad_norm': 0.05984130874276161, 'learning_rate': 2.8645570046843937e-06, 'epoch': 29.23}
{'loss': 1.4196, 'grad_norm': 0.0437493734061718, 'learning_rate': 2.8477066693627205e-06, 'epoch': 29.23}
{'loss': 1.4197, 'grad_norm': 0.05998819321393967, 'learning_rate': 2.8308563340410473e-06, 'epoch': 29.24}
{'loss': 1.4196, 'grad_norm': 0.06250882893800735, 'learning_rate': 2.8140059987193745e-06, 'epoch': 29.24}
{'loss': 1.4195, 'grad_norm': 0.0556182898581028, 'learning_rate': 2.7971556633977017e-06, 'epoch': 29.24}
{'loss': 1.4197, 'grad_norm': 0.061997316777706146, 'learning_rate': 2.780305328076029e-06, 'epoch': 29.25}
{'loss': 1.4198, 'grad_norm': 0.09188119322061539, 'learning_rate': 2.7634549927543558e-06, 'epoch': 29.25}
{'loss': 1.4201, 'grad_norm': 0.05941309034824371, 'learning_rate': 2.746604657432683e-06, 'epoch': 29.26}
{'loss': 1.4195, 'grad_norm': 0.0845060646533966, 'learning_rate': 2.7297543221110102e-06, 'epoch': 29.26}
{'loss': 1.4199, 'grad_norm': 0.06454718858003616, 'learning_rate': 2.7129039867893375e-06, 'epoch': 29.27}
{'loss': 1.4195, 'grad_norm': 0.2841521203517914, 'learning_rate': 2.6960536514676643e-06, 'epoch': 29.27}
{'loss': 1.4198, 'grad_norm': 0.07526320964097977, 'learning_rate': 2.6792033161459915e-06, 'epoch': 29.28}
{'loss': 1.4197, 'grad_norm': 0.07546672224998474, 'learning_rate': 2.6623529808243187e-06, 'epoch': 29.28}
{'loss': 1.4192, 'grad_norm': 0.045844025909900665, 'learning_rate': 2.6455026455026455e-06, 'epoch': 29.29}
{'loss': 1.4194, 'grad_norm': 0.05362069234251976, 'learning_rate': 2.6286523101809728e-06, 'epoch': 29.29}
{'loss': 1.4193, 'grad_norm': 0.06236926093697548, 'learning_rate': 2.6118019748592996e-06, 'epoch': 29.29}
{'loss': 1.4197, 'grad_norm': 0.11536155641078949, 'learning_rate': 2.5949516395376272e-06, 'epoch': 29.3}
{'loss': 1.4198, 'grad_norm': 0.06508031487464905, 'learning_rate': 2.578101304215954e-06, 'epoch': 29.3}
{'loss': 1.4198, 'grad_norm': 0.06573110073804855, 'learning_rate': 2.5612509688942812e-06, 'epoch': 29.31}
{'loss': 1.4199, 'grad_norm': 0.066238634288311, 'learning_rate': 2.544400633572608e-06, 'epoch': 29.31}
{'loss': 1.4195, 'grad_norm': 0.3369642496109009, 'learning_rate': 2.5275502982509353e-06, 'epoch': 29.32}
{'loss': 1.42, 'grad_norm': 0.07970071583986282, 'learning_rate': 2.5106999629292625e-06, 'epoch': 29.32}
{'loss': 1.42, 'grad_norm': 0.06156877428293228, 'learning_rate': 2.4938496276075893e-06, 'epoch': 29.33}
{'loss': 1.4196, 'grad_norm': 0.13772915303707123, 'learning_rate': 2.4769992922859165e-06, 'epoch': 29.33}
{'loss': 1.4199, 'grad_norm': 0.3085342049598694, 'learning_rate': 2.4601489569642438e-06, 'epoch': 29.34}
{'loss': 1.4198, 'grad_norm': 0.06292617321014404, 'learning_rate': 2.443298621642571e-06, 'epoch': 29.34}
{'loss': 1.4196, 'grad_norm': 0.07099305093288422, 'learning_rate': 2.426448286320898e-06, 'epoch': 29.34}
{'loss': 1.4197, 'grad_norm': 0.04524467512965202, 'learning_rate': 2.409597950999225e-06, 'epoch': 29.35}
{'loss': 1.4194, 'grad_norm': 0.053549133241176605, 'learning_rate': 2.392747615677552e-06, 'epoch': 29.35}
{'loss': 1.4198, 'grad_norm': 0.05375046283006668, 'learning_rate': 2.3758972803558795e-06, 'epoch': 29.36}
{'loss': 1.4196, 'grad_norm': 0.09469705820083618, 'learning_rate': 2.3590469450342063e-06, 'epoch': 29.36}
{'loss': 1.4198, 'grad_norm': 0.05078780651092529, 'learning_rate': 2.3421966097125335e-06, 'epoch': 29.37}
{'loss': 1.4196, 'grad_norm': 0.1880970299243927, 'learning_rate': 2.3253462743908603e-06, 'epoch': 29.37}
{'loss': 1.4198, 'grad_norm': 0.07642441242933273, 'learning_rate': 2.3084959390691875e-06, 'epoch': 29.38}
{'loss': 1.4197, 'grad_norm': 0.051624614745378494, 'learning_rate': 2.2916456037475148e-06, 'epoch': 29.38}
{'loss': 1.4196, 'grad_norm': 0.10531780868768692, 'learning_rate': 2.2747952684258416e-06, 'epoch': 29.39}
{'loss': 1.4196, 'grad_norm': 0.09534664452075958, 'learning_rate': 2.257944933104169e-06, 'epoch': 29.39}
{'loss': 1.4194, 'grad_norm': 0.09634663909673691, 'learning_rate': 2.241094597782496e-06, 'epoch': 29.39}
{'loss': 1.4197, 'grad_norm': 0.16575853526592255, 'learning_rate': 2.2242442624608233e-06, 'epoch': 29.4}
{'loss': 1.4199, 'grad_norm': 0.05996352434158325, 'learning_rate': 2.20739392713915e-06, 'epoch': 29.4}
{'loss': 1.4197, 'grad_norm': 0.0586613304913044, 'learning_rate': 2.1905435918174773e-06, 'epoch': 29.41}
{'loss': 1.4196, 'grad_norm': 0.05625111609697342, 'learning_rate': 2.1736932564958045e-06, 'epoch': 29.41}
{'loss': 1.4194, 'grad_norm': 0.04774408042430878, 'learning_rate': 2.1568429211741313e-06, 'epoch': 29.42}
{'loss': 1.4199, 'grad_norm': 0.07908032834529877, 'learning_rate': 2.1399925858524586e-06, 'epoch': 29.42}
{'loss': 1.4194, 'grad_norm': 0.0497279055416584, 'learning_rate': 2.1231422505307854e-06, 'epoch': 29.43}
{'loss': 1.4196, 'grad_norm': 0.12193221598863602, 'learning_rate': 2.106291915209113e-06, 'epoch': 29.43}
{'loss': 1.42, 'grad_norm': 0.04279410466551781, 'learning_rate': 2.08944157988744e-06, 'epoch': 29.44}
{'loss': 1.4197, 'grad_norm': 0.06432746350765228, 'learning_rate': 2.072591244565767e-06, 'epoch': 29.44}
{'loss': 1.4196, 'grad_norm': 0.05739711597561836, 'learning_rate': 2.055740909244094e-06, 'epoch': 29.44}
{'loss': 1.4196, 'grad_norm': 0.07184285670518875, 'learning_rate': 2.038890573922421e-06, 'epoch': 29.45}
{'loss': 1.42, 'grad_norm': 0.05459291860461235, 'learning_rate': 2.0220402386007483e-06, 'epoch': 29.45}
{'loss': 1.4194, 'grad_norm': 0.04882337152957916, 'learning_rate': 2.0051899032790755e-06, 'epoch': 29.46}
{'loss': 1.4193, 'grad_norm': 0.06802430003881454, 'learning_rate': 1.9883395679574023e-06, 'epoch': 29.46}
{'loss': 1.4193, 'grad_norm': 0.3345257639884949, 'learning_rate': 1.9714892326357296e-06, 'epoch': 29.47}
{'loss': 1.4195, 'grad_norm': 0.05112462490797043, 'learning_rate': 1.954638897314057e-06, 'epoch': 29.47}
{'loss': 1.4197, 'grad_norm': 0.509109616279602, 'learning_rate': 1.9377885619923836e-06, 'epoch': 29.48}
{'loss': 1.4194, 'grad_norm': 0.04651593044400215, 'learning_rate': 1.920938226670711e-06, 'epoch': 29.48}
{'loss': 1.42, 'grad_norm': 0.05887048691511154, 'learning_rate': 1.9040878913490378e-06, 'epoch': 29.49}
{'loss': 1.42, 'grad_norm': 0.09858774393796921, 'learning_rate': 1.887237556027365e-06, 'epoch': 29.49}
{'loss': 1.4194, 'grad_norm': 0.0984012559056282, 'learning_rate': 1.870387220705692e-06, 'epoch': 29.49}
{'loss': 1.4202, 'grad_norm': 0.09941176325082779, 'learning_rate': 1.8535368853840193e-06, 'epoch': 29.5}
{'loss': 1.4199, 'grad_norm': 0.05286717042326927, 'learning_rate': 1.8366865500623463e-06, 'epoch': 29.5}
{'loss': 1.4197, 'grad_norm': 0.040908217430114746, 'learning_rate': 1.8198362147406733e-06, 'epoch': 29.51}
{'loss': 1.4195, 'grad_norm': 0.05716092139482498, 'learning_rate': 1.8029858794190006e-06, 'epoch': 29.51}
{'loss': 1.4195, 'grad_norm': 0.06202273070812225, 'learning_rate': 1.7861355440973276e-06, 'epoch': 29.52}
{'loss': 1.4195, 'grad_norm': 0.7984633445739746, 'learning_rate': 1.7692852087756548e-06, 'epoch': 29.52}
{'loss': 1.4196, 'grad_norm': 0.26229435205459595, 'learning_rate': 1.7524348734539818e-06, 'epoch': 29.53}
{'loss': 1.4196, 'grad_norm': 0.05850854143500328, 'learning_rate': 1.735584538132309e-06, 'epoch': 29.53}
{'loss': 1.4196, 'grad_norm': 0.05071781203150749, 'learning_rate': 1.7187342028106359e-06, 'epoch': 29.54}
{'loss': 1.4197, 'grad_norm': 0.05489476025104523, 'learning_rate': 1.7018838674889633e-06, 'epoch': 29.54}
{'loss': 1.42, 'grad_norm': 0.12759831547737122, 'learning_rate': 1.6850335321672901e-06, 'epoch': 29.55}
{'loss': 1.4195, 'grad_norm': 0.060982346534729004, 'learning_rate': 1.6681831968456171e-06, 'epoch': 29.55}
{'loss': 1.4196, 'grad_norm': 0.11660091578960419, 'learning_rate': 1.6513328615239444e-06, 'epoch': 29.55}
{'loss': 1.4195, 'grad_norm': 0.07677021622657776, 'learning_rate': 1.6344825262022714e-06, 'epoch': 29.56}
{'loss': 1.4197, 'grad_norm': 0.07527919858694077, 'learning_rate': 1.6176321908805986e-06, 'epoch': 29.56}
{'loss': 1.4195, 'grad_norm': 0.06672398746013641, 'learning_rate': 1.6007818555589256e-06, 'epoch': 29.57}
{'loss': 1.4194, 'grad_norm': 0.07401059567928314, 'learning_rate': 1.5839315202372528e-06, 'epoch': 29.57}
{'loss': 1.4196, 'grad_norm': 0.058652542531490326, 'learning_rate': 1.5670811849155799e-06, 'epoch': 29.58}
{'loss': 1.4197, 'grad_norm': 0.09952155500650406, 'learning_rate': 1.5502308495939069e-06, 'epoch': 29.58}
{'loss': 1.4194, 'grad_norm': 0.04533873125910759, 'learning_rate': 1.5333805142722341e-06, 'epoch': 29.59}
{'loss': 1.4197, 'grad_norm': 0.055963184684515, 'learning_rate': 1.5165301789505611e-06, 'epoch': 29.59}
{'loss': 1.4195, 'grad_norm': 0.05155566707253456, 'learning_rate': 1.4996798436288884e-06, 'epoch': 29.6}
{'loss': 1.4197, 'grad_norm': 0.06469357013702393, 'learning_rate': 1.4828295083072154e-06, 'epoch': 29.6}
{'loss': 1.4194, 'grad_norm': 0.16011208295822144, 'learning_rate': 1.4659791729855426e-06, 'epoch': 29.6}
{'loss': 1.42, 'grad_norm': 0.07094909995794296, 'learning_rate': 1.4491288376638696e-06, 'epoch': 29.61}
{'loss': 1.4196, 'grad_norm': 0.05629117786884308, 'learning_rate': 1.4322785023421968e-06, 'epoch': 29.61}
{'loss': 1.4196, 'grad_norm': 0.17516404390335083, 'learning_rate': 1.4154281670205236e-06, 'epoch': 29.62}
{'loss': 1.4196, 'grad_norm': 0.056793373078107834, 'learning_rate': 1.3985778316988509e-06, 'epoch': 29.62}
{'loss': 1.4196, 'grad_norm': 0.05251941829919815, 'learning_rate': 1.3817274963771779e-06, 'epoch': 29.63}
{'loss': 1.4198, 'grad_norm': 0.0498315803706646, 'learning_rate': 1.3648771610555051e-06, 'epoch': 29.63}
{'loss': 1.4193, 'grad_norm': 0.05455534905195236, 'learning_rate': 1.3480268257338321e-06, 'epoch': 29.64}
{'loss': 1.4199, 'grad_norm': 0.5950070023536682, 'learning_rate': 1.3311764904121594e-06, 'epoch': 29.64}
{'loss': 1.4197, 'grad_norm': 0.055458035320043564, 'learning_rate': 1.3143261550904864e-06, 'epoch': 29.65}
{'loss': 1.4196, 'grad_norm': 0.1073252260684967, 'learning_rate': 1.2974758197688136e-06, 'epoch': 29.65}
{'loss': 1.4199, 'grad_norm': 0.07161977887153625, 'learning_rate': 1.2806254844471406e-06, 'epoch': 29.65}
{'loss': 1.4197, 'grad_norm': 0.05921151116490364, 'learning_rate': 1.2637751491254676e-06, 'epoch': 29.66}
{'loss': 1.4198, 'grad_norm': 0.10174877196550369, 'learning_rate': 1.2469248138037947e-06, 'epoch': 29.66}
{'loss': 1.4196, 'grad_norm': 0.054614368826150894, 'learning_rate': 1.2300744784821219e-06, 'epoch': 29.67}
{'loss': 1.4195, 'grad_norm': 0.05367600917816162, 'learning_rate': 1.213224143160449e-06, 'epoch': 29.67}
{'loss': 1.4199, 'grad_norm': 0.05339457094669342, 'learning_rate': 1.196373807838776e-06, 'epoch': 29.68}
{'loss': 1.4197, 'grad_norm': 0.23572874069213867, 'learning_rate': 1.1795234725171031e-06, 'epoch': 29.68}
{'loss': 1.4195, 'grad_norm': 0.2714688181877136, 'learning_rate': 1.1626731371954302e-06, 'epoch': 29.69}
{'loss': 1.4195, 'grad_norm': 0.2760012149810791, 'learning_rate': 1.1458228018737574e-06, 'epoch': 29.69}
{'loss': 1.4196, 'grad_norm': 0.07015249133110046, 'learning_rate': 1.1289724665520844e-06, 'epoch': 29.7}
{'loss': 1.4193, 'grad_norm': 0.039670996367931366, 'learning_rate': 1.1121221312304116e-06, 'epoch': 29.7}
{'loss': 1.4194, 'grad_norm': 0.07873887568712234, 'learning_rate': 1.0952717959087386e-06, 'epoch': 29.7}
{'loss': 1.4197, 'grad_norm': 0.08251598477363586, 'learning_rate': 1.0784214605870657e-06, 'epoch': 29.71}
{'loss': 1.4197, 'grad_norm': 0.08555928617715836, 'learning_rate': 1.0615711252653927e-06, 'epoch': 29.71}
{'loss': 1.4194, 'grad_norm': 0.06025088205933571, 'learning_rate': 1.04472078994372e-06, 'epoch': 29.72}
{'loss': 1.4197, 'grad_norm': 0.28010129928588867, 'learning_rate': 1.027870454622047e-06, 'epoch': 29.72}
{'loss': 1.4195, 'grad_norm': 0.04972250387072563, 'learning_rate': 1.0110201193003742e-06, 'epoch': 29.73}
{'loss': 1.4195, 'grad_norm': 0.0530579574406147, 'learning_rate': 9.941697839787012e-07, 'epoch': 29.73}
{'loss': 1.4198, 'grad_norm': 0.05186814069747925, 'learning_rate': 9.773194486570284e-07, 'epoch': 29.74}
{'loss': 1.4197, 'grad_norm': 0.061556268483400345, 'learning_rate': 9.604691133353554e-07, 'epoch': 29.74}
{'loss': 1.4196, 'grad_norm': 0.0498136430978775, 'learning_rate': 9.436187780136825e-07, 'epoch': 29.75}
{'loss': 1.4199, 'grad_norm': 0.24513158202171326, 'learning_rate': 9.267684426920097e-07, 'epoch': 29.75}
{'loss': 1.4198, 'grad_norm': 0.11088573187589645, 'learning_rate': 9.099181073703367e-07, 'epoch': 29.75}
{'loss': 1.4198, 'grad_norm': 0.05408457666635513, 'learning_rate': 8.930677720486638e-07, 'epoch': 29.76}
{'loss': 1.4198, 'grad_norm': 0.05703720822930336, 'learning_rate': 8.762174367269909e-07, 'epoch': 29.76}
{'loss': 1.42, 'grad_norm': 0.0540800578892231, 'learning_rate': 8.593671014053179e-07, 'epoch': 29.77}
{'loss': 1.4197, 'grad_norm': 0.14085933566093445, 'learning_rate': 8.425167660836451e-07, 'epoch': 29.77}
{'loss': 1.4198, 'grad_norm': 0.06261204183101654, 'learning_rate': 8.256664307619722e-07, 'epoch': 29.78}
{'loss': 1.4196, 'grad_norm': 0.055368680506944656, 'learning_rate': 8.088160954402993e-07, 'epoch': 29.78}
{'loss': 1.4194, 'grad_norm': 0.04989411681890488, 'learning_rate': 7.919657601186264e-07, 'epoch': 29.79}
{'loss': 1.4201, 'grad_norm': 0.06721406430006027, 'learning_rate': 7.751154247969534e-07, 'epoch': 29.79}
{'loss': 1.4194, 'grad_norm': 0.06499665230512619, 'learning_rate': 7.582650894752806e-07, 'epoch': 29.8}
{'loss': 1.4194, 'grad_norm': 0.05587880313396454, 'learning_rate': 7.414147541536077e-07, 'epoch': 29.8}
{'loss': 1.4195, 'grad_norm': 0.05870905891060829, 'learning_rate': 7.245644188319348e-07, 'epoch': 29.8}
{'loss': 1.4196, 'grad_norm': 0.05584517866373062, 'learning_rate': 7.077140835102618e-07, 'epoch': 29.81}
{'loss': 1.4197, 'grad_norm': 0.17479468882083893, 'learning_rate': 6.908637481885889e-07, 'epoch': 29.81}
{'loss': 1.4197, 'grad_norm': 0.06598706543445587, 'learning_rate': 6.740134128669161e-07, 'epoch': 29.82}
{'loss': 1.4195, 'grad_norm': 0.05267199128866196, 'learning_rate': 6.571630775452432e-07, 'epoch': 29.82}
{'loss': 1.4196, 'grad_norm': 0.04603053256869316, 'learning_rate': 6.403127422235703e-07, 'epoch': 29.83}
{'loss': 1.4197, 'grad_norm': 0.051648326218128204, 'learning_rate': 6.234624069018973e-07, 'epoch': 29.83}
{'loss': 1.4197, 'grad_norm': 0.058396924287080765, 'learning_rate': 6.066120715802244e-07, 'epoch': 29.84}
{'loss': 1.4196, 'grad_norm': 0.05597575381398201, 'learning_rate': 5.897617362585516e-07, 'epoch': 29.84}
{'loss': 1.4196, 'grad_norm': 0.05423226207494736, 'learning_rate': 5.729114009368787e-07, 'epoch': 29.85}
{'loss': 1.4199, 'grad_norm': 0.09555646032094955, 'learning_rate': 5.560610656152058e-07, 'epoch': 29.85}
{'loss': 1.4197, 'grad_norm': 0.0627351850271225, 'learning_rate': 5.392107302935328e-07, 'epoch': 29.85}
{'loss': 1.42, 'grad_norm': 0.05307428538799286, 'learning_rate': 5.2236039497186e-07, 'epoch': 29.86}
{'loss': 1.4198, 'grad_norm': 0.06043042987585068, 'learning_rate': 5.055100596501871e-07, 'epoch': 29.86}
{'loss': 1.4198, 'grad_norm': 0.0488053523004055, 'learning_rate': 4.886597243285142e-07, 'epoch': 29.87}
{'loss': 1.4194, 'grad_norm': 0.05388965457677841, 'learning_rate': 4.7180938900684127e-07, 'epoch': 29.87}
{'loss': 1.4198, 'grad_norm': 0.04633038118481636, 'learning_rate': 4.5495905368516834e-07, 'epoch': 29.88}
{'loss': 1.4193, 'grad_norm': 0.08208206295967102, 'learning_rate': 4.3810871836349546e-07, 'epoch': 29.88}
{'loss': 1.4193, 'grad_norm': 0.27439433336257935, 'learning_rate': 4.2125838304182253e-07, 'epoch': 29.89}
{'loss': 1.4194, 'grad_norm': 0.05360444635152817, 'learning_rate': 4.0440804772014965e-07, 'epoch': 29.89}
{'loss': 1.4194, 'grad_norm': 0.0429646335542202, 'learning_rate': 3.875577123984767e-07, 'epoch': 29.9}
{'loss': 1.4195, 'grad_norm': 0.054834943264722824, 'learning_rate': 3.7070737707680384e-07, 'epoch': 29.9}
{'loss': 1.4194, 'grad_norm': 0.07822654396295547, 'learning_rate': 3.538570417551309e-07, 'epoch': 29.9}
{'loss': 1.4197, 'grad_norm': 0.043195925652980804, 'learning_rate': 3.3700670643345803e-07, 'epoch': 29.91}
{'loss': 1.4195, 'grad_norm': 0.06239049509167671, 'learning_rate': 3.2015637111178516e-07, 'epoch': 29.91}
{'loss': 1.4196, 'grad_norm': 0.06483160704374313, 'learning_rate': 3.033060357901122e-07, 'epoch': 29.92}
{'loss': 1.4196, 'grad_norm': 0.05460396781563759, 'learning_rate': 2.8645570046843935e-07, 'epoch': 29.92}
{'loss': 1.4195, 'grad_norm': 0.04560837149620056, 'learning_rate': 2.696053651467664e-07, 'epoch': 29.93}
{'loss': 1.4196, 'grad_norm': 0.041832733899354935, 'learning_rate': 2.5275502982509354e-07, 'epoch': 29.93}
{'loss': 1.4194, 'grad_norm': 0.05892537534236908, 'learning_rate': 2.3590469450342063e-07, 'epoch': 29.94}
{'loss': 1.4195, 'grad_norm': 0.071567103266716, 'learning_rate': 2.1905435918174773e-07, 'epoch': 29.94}
{'loss': 1.4192, 'grad_norm': 0.062224190682172775, 'learning_rate': 2.0220402386007483e-07, 'epoch': 29.95}
{'loss': 1.4195, 'grad_norm': 0.049290984869003296, 'learning_rate': 1.8535368853840192e-07, 'epoch': 29.95}
{'loss': 1.4196, 'grad_norm': 0.0548790879547596, 'learning_rate': 1.6850335321672902e-07, 'epoch': 29.95}
{'loss': 1.4197, 'grad_norm': 0.05078624188899994, 'learning_rate': 1.516530178950561e-07, 'epoch': 29.96}
{'loss': 1.4199, 'grad_norm': 0.10133309662342072, 'learning_rate': 1.348026825733832e-07, 'epoch': 29.96}
{'loss': 1.4196, 'grad_norm': 0.08714921772480011, 'learning_rate': 1.1795234725171032e-07, 'epoch': 29.97}
{'loss': 1.4194, 'grad_norm': 0.04900863394141197, 'learning_rate': 1.0110201193003741e-07, 'epoch': 29.97}
{'loss': 1.4194, 'grad_norm': 0.06035802513360977, 'learning_rate': 8.425167660836451e-08, 'epoch': 29.98}
{'loss': 1.4199, 'grad_norm': 0.06352337449789047, 'learning_rate': 6.74013412866916e-08, 'epoch': 29.98}
{'loss': 1.4197, 'grad_norm': 0.07945658266544342, 'learning_rate': 5.0551005965018706e-08, 'epoch': 29.99}
{'loss': 1.4199, 'grad_norm': 0.05231410637497902, 'learning_rate': 3.37006706433458e-08, 'epoch': 29.99}
{'loss': 1.4195, 'grad_norm': 0.04414517804980278, 'learning_rate': 1.68503353216729e-08, 'epoch': 30.0}
{'loss': 1.4197, 'grad_norm': 0.048426058143377304, 'learning_rate': 0.0, 'epoch': 30.0}
{'train_runtime': 23828.9656, 'train_samples_per_second': 354.075, 'train_steps_per_second': 2.767, 'train_loss': 1.5584217575271093, 'epoch': 30.0}
pred : ardent in the prosecution of heresy cyril auspiciously opened his reign by oppressing the novations the most innocent and harmless of the sectaries
label: ardent in the prosecution of heresy cyril auspiciously opened his reign by oppressing the novatians the most innocent and harmless of the sectaries
pred : without any legal sentence without any royal mandate the patriarch at the dawn of day led a seditious multitude to the attack of the synagogues
label: without any legal sentence without any royal mandate the patriarch at the dawn of day led a seditious multitude to the attack of the synagogues
pred : such crimes would have deserved the animadversion of the magistrate but in this promiscuous outrage the innocent were confounded with the guilty and alexandria was impoverished by the loss of a wealthy and industrious colony
label: such crimes would have deserved the animadversion of the magistrate but in this promiscuous outrage the innocent were confounded with the guilty and alexandria was impoverished by the loss of a wealthy and industrious colony
pred : ardent in the prosecution of heresy cyril auspiciously opened his reign by oppressing the novations the most innocent and harmless of the sectaries
label: ardent in the prosecution of heresy cyril auspiciously opened his reign by oppressing the novatians the most innocent and harmless of the sectaries
pred : without any legal sentence without any royal mandate the patriarch at the dawn of day led a seditious multitude to the attack of the synagogues
label: without any legal sentence without any royal mandate the patriarch at the dawn of day led a seditious multitude to the attack of the synagogues
pred : such crimes would have deserved the animadversion of the magistrate but in this promiscuous outrage the innocent were confounded with the guilty and alexandria was impoverished by the loss of a wealthy and industrious colony
label: such crimes would have deserved the animadversion of the magistrate but in this promiscuous outrage the innocent were confounded with the guilty and alexandria was impoverished by the loss of a wealthy and industrious colony
pred : ardent in the prosecution of heresy cyril auspiciously opened his reign by oppressing the novations the most innocent and harmless of the sectaries
label: ardent in the prosecution of heresy cyril auspiciously opened his reign by oppressing the novatians the most innocent and harmless of the sectaries
pred : without any legal sentence without any royal mandate the patriarch at the dawn of day led a seditious multitude to the attack of the synagogues
label: without any legal sentence without any royal mandate the patriarch at the dawn of day led a seditious multitude to the attack of the synagogues
pred : such crimes would have deserved the animadversion of the magistrate but in this promiscuous outrage the innocent were confounded with the guilty and alexandria was impoverished by the loss of a wealthy and industrious colony
label: such crimes would have deserved the animadversion of the magistrate but in this promiscuous outrage the innocent were confounded with the guilty and alexandria was impoverished by the loss of a wealthy and industrious colony
pred : ardent in the prosecution of heresy cyril auspiciously opened his reign by oppressing the novations the most innocent and harmless of the sectaries
label: ardent in the prosecution of heresy cyril auspiciously opened his reign by oppressing the novatians the most innocent and harmless of the sectaries
pred : without any legal sentence without any royal mandate the patriarch at the dawn of day led a seditious multitude to the attack of the synagogues
label: without any legal sentence without any royal mandate the patriarch at the dawn of day led a seditious multitude to the attack of the synagogues
pred : such crimes would have deserved the animadversion of the magistrate but in this promiscuous outrage the innocent were confounded with the guilty and alexandria was impoverished by the loss of a wealthy and industrious colony
label: such crimes would have deserved the animadversion of the magistrate but in this promiscuous outrage the innocent were confounded with the guilty and alexandria was impoverished by the loss of a wealthy and industrious colony
evaluation on dev: {'eval_loss': 1.5592784881591797, 'eval_bleu': 96.95613485832196, 'eval_wer': 0.01657919960521196, 'eval_cer': 0.007880206436163115, 'eval_rouge1': 0.9865383537387744, 'eval_rouge2': 0.9753413395383517, 'eval_rougeL': 0.9865124947055612, 'eval_runtime': 93.7619, 'eval_samples_per_second': 59.374, 'eval_steps_per_second': 0.309, 'epoch': 30.0}
model and tokenizer saved to ./bart_phoneme2text_no_wb_512_128_keep_phoneme
evaluation on dev: {'eval_loss': 1.5592784881591797, 'eval_bleu': 96.95613485832196, 'eval_wer': 0.01657919960521196, 'eval_cer': 0.007880206436163115, 'eval_rouge1': 0.9865092965777164, 'eval_rouge2': 0.975243372805672, 'eval_rougeL': 0.9864977750131563, 'eval_runtime': 95.5191, 'eval_samples_per_second': 58.282, 'eval_steps_per_second': 0.304, 'epoch': 30.0}
evaluation on dev: {'eval_loss': 1.5592784881591797, 'eval_bleu': 96.95613485832196, 'eval_wer': 0.01657919960521196, 'eval_cer': 0.007880206436163115, 'eval_rouge1': 0.9865417659754567, 'eval_rouge2': 0.9753647640328151, 'eval_rougeL': 0.9864738473695795, 'eval_runtime': 95.9907, 'eval_samples_per_second': 57.995, 'eval_steps_per_second': 0.302, 'epoch': 30.0}
model and tokenizer saved to ./bart_phoneme2text_no_wb_512_128_keep_phoneme
evaluation on dev: {'eval_loss': 1.5592784881591797, 'eval_bleu': 96.95613485832196, 'eval_wer': 0.01657919960521196, 'eval_cer': 0.007880206436163115, 'eval_rouge1': 0.9865356427945133, 'eval_rouge2': 0.9752264414177096, 'eval_rougeL': 0.9864664187628713, 'eval_runtime': 96.0844, 'eval_samples_per_second': 57.939, 'eval_steps_per_second': 0.302, 'epoch': 30.0}
model and tokenizer saved to ./bart_phoneme2text_no_wb_512_128_keep_phoneme
model and tokenizer saved to ./bart_phoneme2text_no_wb_512_128_keep_phoneme
