70 unique phonemes
70 unique phonemes
70 unique phonemes
70 unique phonemes
added and resized 71 phoneme tokens to tokenizer
added and resized 71 phoneme tokens to tokenizer
added and resized 71 phoneme tokens to tokenizer
added and resized 71 phoneme tokens to tokenizer
{'loss': 7.1238, 'grad_norm': 47.83717346191406, 'learning_rate': 1.516530178950561e-07, 'epoch': 0.0}
{'loss': 6.7412, 'grad_norm': 163.9886932373047, 'learning_rate': 3.033060357901122e-07, 'epoch': 0.01}
{'loss': 6.6705, 'grad_norm': 64.68274688720703, 'learning_rate': 4.5495905368516834e-07, 'epoch': 0.01}
{'loss': 6.6034, 'grad_norm': 53.6068000793457, 'learning_rate': 6.066120715802244e-07, 'epoch': 0.02}
{'loss': 6.5393, 'grad_norm': 69.67927551269531, 'learning_rate': 7.582650894752806e-07, 'epoch': 0.02}
{'loss': 6.3882, 'grad_norm': 368.27996826171875, 'learning_rate': 9.099181073703367e-07, 'epoch': 0.03}
{'loss': 6.2604, 'grad_norm': 22.42972183227539, 'learning_rate': 1.0615711252653927e-06, 'epoch': 0.03}
{'loss': 6.1971, 'grad_norm': 27.038429260253906, 'learning_rate': 1.213224143160449e-06, 'epoch': 0.04}
{'loss': 6.0606, 'grad_norm': 1265.0816650390625, 'learning_rate': 1.3648771610555051e-06, 'epoch': 0.04}
{'loss': 6.0085, 'grad_norm': 17.962646484375, 'learning_rate': 1.5165301789505611e-06, 'epoch': 0.05}
{'loss': 5.94, 'grad_norm': 29.604726791381836, 'learning_rate': 1.6681831968456171e-06, 'epoch': 0.05}
{'loss': 5.8868, 'grad_norm': 30.357019424438477, 'learning_rate': 1.8198362147406733e-06, 'epoch': 0.05}
{'loss': 5.8615, 'grad_norm': 27.75782585144043, 'learning_rate': 1.9714892326357296e-06, 'epoch': 0.06}
{'loss': 5.8309, 'grad_norm': 34.563682556152344, 'learning_rate': 2.1231422505307854e-06, 'epoch': 0.06}
{'loss': 5.8408, 'grad_norm': 61.92702102661133, 'learning_rate': 2.2747952684258416e-06, 'epoch': 0.07}
{'loss': 5.8116, 'grad_norm': 32.50753402709961, 'learning_rate': 2.426448286320898e-06, 'epoch': 0.07}
{'loss': 5.7815, 'grad_norm': 25.01909828186035, 'learning_rate': 2.578101304215954e-06, 'epoch': 0.08}
{'loss': 5.7536, 'grad_norm': 15.438714981079102, 'learning_rate': 2.7297543221110102e-06, 'epoch': 0.08}
{'loss': 5.7583, 'grad_norm': 44.66266632080078, 'learning_rate': 2.881407340006066e-06, 'epoch': 0.09}
{'loss': 5.7389, 'grad_norm': 29.739486694335938, 'learning_rate': 3.0330603579011222e-06, 'epoch': 0.09}
{'loss': 5.7077, 'grad_norm': 26.58075714111328, 'learning_rate': 3.1847133757961785e-06, 'epoch': 0.1}
{'loss': 5.7134, 'grad_norm': 48.741641998291016, 'learning_rate': 3.3363663936912343e-06, 'epoch': 0.1}
{'loss': 5.7063, 'grad_norm': 14.674870491027832, 'learning_rate': 3.488019411586291e-06, 'epoch': 0.1}
{'loss': 5.6923, 'grad_norm': 17.071796417236328, 'learning_rate': 3.6396724294813467e-06, 'epoch': 0.11}
{'loss': 5.668, 'grad_norm': 14.14462661743164, 'learning_rate': 3.791325447376403e-06, 'epoch': 0.11}
{'loss': 5.6465, 'grad_norm': 14.502842903137207, 'learning_rate': 3.942978465271459e-06, 'epoch': 0.12}
{'loss': 5.6365, 'grad_norm': 9.25191879272461, 'learning_rate': 4.094631483166515e-06, 'epoch': 0.12}
{'loss': 5.6185, 'grad_norm': 375.89874267578125, 'learning_rate': 4.246284501061571e-06, 'epoch': 0.13}
{'loss': 5.6456, 'grad_norm': 26.322431564331055, 'learning_rate': 4.397937518956628e-06, 'epoch': 0.13}
{'loss': 5.617, 'grad_norm': 9.706991195678711, 'learning_rate': 4.549590536851683e-06, 'epoch': 0.14}
{'loss': 5.6054, 'grad_norm': 40.077083587646484, 'learning_rate': 4.70124355474674e-06, 'epoch': 0.14}
{'loss': 5.6106, 'grad_norm': 13.521829605102539, 'learning_rate': 4.852896572641796e-06, 'epoch': 0.15}
{'loss': 5.611, 'grad_norm': 27.73356819152832, 'learning_rate': 5.004549590536852e-06, 'epoch': 0.15}
{'loss': 5.6108, 'grad_norm': 19.691375732421875, 'learning_rate': 5.156202608431908e-06, 'epoch': 0.15}
{'loss': 5.5589, 'grad_norm': 25.686861038208008, 'learning_rate': 5.307855626326964e-06, 'epoch': 0.16}
{'loss': 5.5718, 'grad_norm': 16.41387176513672, 'learning_rate': 5.4595086442220205e-06, 'epoch': 0.16}
{'loss': 5.5951, 'grad_norm': 10.168463706970215, 'learning_rate': 5.611161662117077e-06, 'epoch': 0.17}
{'loss': 5.5925, 'grad_norm': 16.543813705444336, 'learning_rate': 5.762814680012132e-06, 'epoch': 0.17}
{'loss': 5.5501, 'grad_norm': 13.818470001220703, 'learning_rate': 5.914467697907189e-06, 'epoch': 0.18}
{'loss': 5.5548, 'grad_norm': 9.124321937561035, 'learning_rate': 6.0661207158022445e-06, 'epoch': 0.18}
{'loss': 5.5592, 'grad_norm': 6.975248336791992, 'learning_rate': 6.2177737336973016e-06, 'epoch': 0.19}
{'loss': 5.5363, 'grad_norm': 20.430089950561523, 'learning_rate': 6.369426751592357e-06, 'epoch': 0.19}
{'loss': 5.5436, 'grad_norm': 30.02352523803711, 'learning_rate': 6.521079769487413e-06, 'epoch': 0.2}
{'loss': 5.5361, 'grad_norm': 17.458101272583008, 'learning_rate': 6.6727327873824685e-06, 'epoch': 0.2}
{'loss': 5.5499, 'grad_norm': 11.302840232849121, 'learning_rate': 6.824385805277525e-06, 'epoch': 0.2}
{'loss': 5.5399, 'grad_norm': 10.83702278137207, 'learning_rate': 6.976038823172582e-06, 'epoch': 0.21}
{'loss': 5.5054, 'grad_norm': 163.8033905029297, 'learning_rate': 7.127691841067638e-06, 'epoch': 0.21}
{'loss': 5.509, 'grad_norm': 22.389875411987305, 'learning_rate': 7.279344858962693e-06, 'epoch': 0.22}
{'loss': 5.4984, 'grad_norm': 24.855051040649414, 'learning_rate': 7.43099787685775e-06, 'epoch': 0.22}
{'loss': 5.4972, 'grad_norm': 13.681077003479004, 'learning_rate': 7.582650894752806e-06, 'epoch': 0.23}
{'loss': 5.4912, 'grad_norm': 31.875341415405273, 'learning_rate': 7.734303912647863e-06, 'epoch': 0.23}
{'loss': 5.4937, 'grad_norm': 37.940372467041016, 'learning_rate': 7.885956930542918e-06, 'epoch': 0.24}
{'loss': 5.4768, 'grad_norm': 19.0045223236084, 'learning_rate': 8.037609948437974e-06, 'epoch': 0.24}
{'loss': 5.4778, 'grad_norm': 6.478906631469727, 'learning_rate': 8.18926296633303e-06, 'epoch': 0.25}
{'loss': 5.499, 'grad_norm': 11.651880264282227, 'learning_rate': 8.340915984228088e-06, 'epoch': 0.25}
{'loss': 5.4679, 'grad_norm': 12.452560424804688, 'learning_rate': 8.492569002123141e-06, 'epoch': 0.25}
{'loss': 5.4768, 'grad_norm': 13.318047523498535, 'learning_rate': 8.644222020018199e-06, 'epoch': 0.26}
{'loss': 5.4885, 'grad_norm': 18.315969467163086, 'learning_rate': 8.795875037913256e-06, 'epoch': 0.26}
{'loss': 5.4512, 'grad_norm': 21.000211715698242, 'learning_rate': 8.947528055808311e-06, 'epoch': 0.27}
{'loss': 5.4522, 'grad_norm': 20.274219512939453, 'learning_rate': 9.099181073703366e-06, 'epoch': 0.27}
{'loss': 5.4374, 'grad_norm': 20.952157974243164, 'learning_rate': 9.250834091598423e-06, 'epoch': 0.28}
{'loss': 5.4245, 'grad_norm': 27.031597137451172, 'learning_rate': 9.40248710949348e-06, 'epoch': 0.28}
{'loss': 5.4559, 'grad_norm': 40.216129302978516, 'learning_rate': 9.554140127388536e-06, 'epoch': 0.29}
{'loss': 5.4359, 'grad_norm': 25.162948608398438, 'learning_rate': 9.705793145283591e-06, 'epoch': 0.29}
{'loss': 5.4281, 'grad_norm': 13.349447250366211, 'learning_rate': 9.857446163178648e-06, 'epoch': 0.3}
{'loss': 5.4486, 'grad_norm': 9.120738983154297, 'learning_rate': 1.0009099181073704e-05, 'epoch': 0.3}
{'loss': 5.4158, 'grad_norm': 10.87436294555664, 'learning_rate': 1.0160752198968759e-05, 'epoch': 0.3}
{'loss': 5.4081, 'grad_norm': 29.570587158203125, 'learning_rate': 1.0312405216863816e-05, 'epoch': 0.31}
{'loss': 5.4183, 'grad_norm': 12.57767105102539, 'learning_rate': 1.0464058234758871e-05, 'epoch': 0.31}
{'loss': 5.4119, 'grad_norm': 7.54488468170166, 'learning_rate': 1.0615711252653929e-05, 'epoch': 0.32}
{'loss': 5.3774, 'grad_norm': 8.302451133728027, 'learning_rate': 1.0767364270548984e-05, 'epoch': 0.32}
{'loss': 5.3767, 'grad_norm': 12.339157104492188, 'learning_rate': 1.0919017288444041e-05, 'epoch': 0.33}
{'loss': 5.378, 'grad_norm': 16.06056022644043, 'learning_rate': 1.1070670306339096e-05, 'epoch': 0.33}
{'loss': 5.3772, 'grad_norm': 9.746725082397461, 'learning_rate': 1.1222323324234153e-05, 'epoch': 0.34}
{'loss': 5.3754, 'grad_norm': 10.614363670349121, 'learning_rate': 1.1373976342129209e-05, 'epoch': 0.34}
{'loss': 5.3542, 'grad_norm': 6.985437393188477, 'learning_rate': 1.1525629360024264e-05, 'epoch': 0.35}
{'loss': 5.3756, 'grad_norm': 5.585020542144775, 'learning_rate': 1.1677282377919321e-05, 'epoch': 0.35}
{'loss': 5.3383, 'grad_norm': 9.6596097946167, 'learning_rate': 1.1828935395814378e-05, 'epoch': 0.35}
{'loss': 5.342, 'grad_norm': 113.62887573242188, 'learning_rate': 1.1980588413709434e-05, 'epoch': 0.36}
{'loss': 5.3616, 'grad_norm': 8.806377410888672, 'learning_rate': 1.2132241431604489e-05, 'epoch': 0.36}
{'loss': 5.3514, 'grad_norm': 70.58081817626953, 'learning_rate': 1.2283894449499546e-05, 'epoch': 0.37}
{'loss': 5.3238, 'grad_norm': 16.087203979492188, 'learning_rate': 1.2435547467394603e-05, 'epoch': 0.37}
{'loss': 5.341, 'grad_norm': 7.654362678527832, 'learning_rate': 1.2587200485289657e-05, 'epoch': 0.38}
{'loss': 5.2983, 'grad_norm': 187.66778564453125, 'learning_rate': 1.2738853503184714e-05, 'epoch': 0.38}
{'loss': 5.2917, 'grad_norm': 16.254932403564453, 'learning_rate': 1.2890506521079771e-05, 'epoch': 0.39}
{'loss': 5.3154, 'grad_norm': 8.590723037719727, 'learning_rate': 1.3042159538974826e-05, 'epoch': 0.39}
{'loss': 5.301, 'grad_norm': 50.477272033691406, 'learning_rate': 1.3193812556869883e-05, 'epoch': 0.4}
{'loss': 5.2912, 'grad_norm': 9.35169506072998, 'learning_rate': 1.3345465574764937e-05, 'epoch': 0.4}
{'loss': 5.2523, 'grad_norm': 9.75920581817627, 'learning_rate': 1.3497118592659994e-05, 'epoch': 0.4}
{'loss': 5.2522, 'grad_norm': 7.765493869781494, 'learning_rate': 1.364877161055505e-05, 'epoch': 0.41}
{'loss': 5.2556, 'grad_norm': 6.908228874206543, 'learning_rate': 1.3800424628450107e-05, 'epoch': 0.41}
{'loss': 5.2173, 'grad_norm': 17.37735366821289, 'learning_rate': 1.3952077646345164e-05, 'epoch': 0.42}
{'loss': 5.2316, 'grad_norm': 7.608549118041992, 'learning_rate': 1.4103730664240219e-05, 'epoch': 0.42}
{'loss': 5.2033, 'grad_norm': 6.355647563934326, 'learning_rate': 1.4255383682135276e-05, 'epoch': 0.43}
{'loss': 5.2028, 'grad_norm': 12.134305000305176, 'learning_rate': 1.4407036700030333e-05, 'epoch': 0.43}
{'loss': 5.1999, 'grad_norm': 9.833176612854004, 'learning_rate': 1.4558689717925387e-05, 'epoch': 0.44}
{'loss': 5.1633, 'grad_norm': 9.301249504089355, 'learning_rate': 1.4710342735820442e-05, 'epoch': 0.44}
{'loss': 5.0989, 'grad_norm': 9.472073554992676, 'learning_rate': 1.48619957537155e-05, 'epoch': 0.45}
{'loss': 5.1096, 'grad_norm': 10.454671859741211, 'learning_rate': 1.5013648771610556e-05, 'epoch': 0.45}
{'loss': 5.1459, 'grad_norm': 20.67708969116211, 'learning_rate': 1.5165301789505612e-05, 'epoch': 0.45}
{'loss': 5.1283, 'grad_norm': 9.94432544708252, 'learning_rate': 1.531695480740067e-05, 'epoch': 0.46}
{'loss': 5.1074, 'grad_norm': 15.897004127502441, 'learning_rate': 1.5468607825295726e-05, 'epoch': 0.46}
{'loss': 5.0789, 'grad_norm': 17.262855529785156, 'learning_rate': 1.5620260843190783e-05, 'epoch': 0.47}
{'loss': 5.0205, 'grad_norm': 12.730060577392578, 'learning_rate': 1.5771913861085837e-05, 'epoch': 0.47}
{'loss': 4.9874, 'grad_norm': 15.574178695678711, 'learning_rate': 1.592356687898089e-05, 'epoch': 0.48}
{'loss': 4.9742, 'grad_norm': 29.978517532348633, 'learning_rate': 1.6075219896875947e-05, 'epoch': 0.48}
{'loss': 5.0536, 'grad_norm': 11.550975799560547, 'learning_rate': 1.6226872914771004e-05, 'epoch': 0.49}
{'loss': 4.9917, 'grad_norm': 7.491081714630127, 'learning_rate': 1.637852593266606e-05, 'epoch': 0.49}
{'loss': 4.9597, 'grad_norm': 6.339527606964111, 'learning_rate': 1.653017895056112e-05, 'epoch': 0.5}
{'loss': 4.967, 'grad_norm': 13.027383804321289, 'learning_rate': 1.6681831968456176e-05, 'epoch': 0.5}
{'loss': 4.9937, 'grad_norm': 8.9588623046875, 'learning_rate': 1.683348498635123e-05, 'epoch': 0.51}
{'loss': 4.9211, 'grad_norm': 14.67618179321289, 'learning_rate': 1.6985138004246283e-05, 'epoch': 0.51}
{'loss': 4.9137, 'grad_norm': 11.50937271118164, 'learning_rate': 1.713679102214134e-05, 'epoch': 0.51}
{'loss': 4.9097, 'grad_norm': 12.921843528747559, 'learning_rate': 1.7288444040036397e-05, 'epoch': 0.52}
{'loss': 4.9624, 'grad_norm': 14.317106246948242, 'learning_rate': 1.7440097057931454e-05, 'epoch': 0.52}
{'loss': 4.9052, 'grad_norm': 13.699131965637207, 'learning_rate': 1.759175007582651e-05, 'epoch': 0.53}
{'loss': 4.8467, 'grad_norm': 11.946131706237793, 'learning_rate': 1.7743403093721568e-05, 'epoch': 0.53}
{'loss': 4.7885, 'grad_norm': 38.22430419921875, 'learning_rate': 1.7895056111616622e-05, 'epoch': 0.54}
{'loss': 4.7744, 'grad_norm': 9.606053352355957, 'learning_rate': 1.8046709129511676e-05, 'epoch': 0.54}
{'loss': 4.7793, 'grad_norm': 6.450694561004639, 'learning_rate': 1.8198362147406733e-05, 'epoch': 0.55}
{'loss': 4.7443, 'grad_norm': 14.45258617401123, 'learning_rate': 1.835001516530179e-05, 'epoch': 0.55}
{'loss': 4.7808, 'grad_norm': 27.183029174804688, 'learning_rate': 1.8501668183196847e-05, 'epoch': 0.56}
{'loss': 4.7094, 'grad_norm': 17.472774505615234, 'learning_rate': 1.8653321201091904e-05, 'epoch': 0.56}
{'loss': 4.6516, 'grad_norm': 46.72542190551758, 'learning_rate': 1.880497421898696e-05, 'epoch': 0.56}
{'loss': 4.6579, 'grad_norm': 61.416290283203125, 'learning_rate': 1.8956627236882015e-05, 'epoch': 0.57}
{'loss': 4.6814, 'grad_norm': 154.3831329345703, 'learning_rate': 1.910828025477707e-05, 'epoch': 0.57}
{'loss': 4.6299, 'grad_norm': 50.928733825683594, 'learning_rate': 1.9259933272672125e-05, 'epoch': 0.58}
{'loss': 4.629, 'grad_norm': 13.954299926757812, 'learning_rate': 1.9411586290567182e-05, 'epoch': 0.58}
{'loss': 4.6406, 'grad_norm': 6.450528621673584, 'learning_rate': 1.956323930846224e-05, 'epoch': 0.59}
{'loss': 4.5567, 'grad_norm': 24.91180992126465, 'learning_rate': 1.9714892326357297e-05, 'epoch': 0.59}
{'loss': 4.5455, 'grad_norm': 16.820852279663086, 'learning_rate': 1.9866545344252354e-05, 'epoch': 0.6}
{'loss': 4.4986, 'grad_norm': 8.309081077575684, 'learning_rate': 2.0018198362147407e-05, 'epoch': 0.6}
{'loss': 4.4793, 'grad_norm': 15.282408714294434, 'learning_rate': 2.0169851380042464e-05, 'epoch': 0.61}
{'loss': 4.4199, 'grad_norm': 12.135668754577637, 'learning_rate': 2.0321504397937518e-05, 'epoch': 0.61}
{'loss': 4.5115, 'grad_norm': 27.9451847076416, 'learning_rate': 2.0473157415832575e-05, 'epoch': 0.61}
{'loss': 4.339, 'grad_norm': 5.846123695373535, 'learning_rate': 2.0624810433727632e-05, 'epoch': 0.62}
{'loss': 4.359, 'grad_norm': 6.845814228057861, 'learning_rate': 2.077646345162269e-05, 'epoch': 0.62}
{'loss': 4.4142, 'grad_norm': 19.520998001098633, 'learning_rate': 2.0928116469517743e-05, 'epoch': 0.63}
{'loss': 4.3401, 'grad_norm': 7.744251251220703, 'learning_rate': 2.10797694874128e-05, 'epoch': 0.63}
{'loss': 4.3853, 'grad_norm': 17.577823638916016, 'learning_rate': 2.1231422505307857e-05, 'epoch': 0.64}
{'loss': 4.2977, 'grad_norm': 13.371127128601074, 'learning_rate': 2.1383075523202914e-05, 'epoch': 0.64}
{'loss': 4.2073, 'grad_norm': 9.462284088134766, 'learning_rate': 2.1534728541097968e-05, 'epoch': 0.65}
{'loss': 4.2008, 'grad_norm': 24.34248924255371, 'learning_rate': 2.1686381558993025e-05, 'epoch': 0.65}
{'loss': 4.1405, 'grad_norm': 49.467857360839844, 'learning_rate': 2.1838034576888082e-05, 'epoch': 0.66}
{'loss': 4.1029, 'grad_norm': 45.02048110961914, 'learning_rate': 2.1989687594783136e-05, 'epoch': 0.66}
{'loss': 4.1313, 'grad_norm': 12.678092002868652, 'learning_rate': 2.2141340612678193e-05, 'epoch': 0.66}
{'loss': 4.0202, 'grad_norm': 7.2121171951293945, 'learning_rate': 2.229299363057325e-05, 'epoch': 0.67}
{'loss': 3.878, 'grad_norm': 14.735078811645508, 'learning_rate': 2.2444646648468307e-05, 'epoch': 0.67}
{'loss': 3.8422, 'grad_norm': 5.91195011138916, 'learning_rate': 2.2596299666363364e-05, 'epoch': 0.68}
{'loss': 3.7782, 'grad_norm': 3.7049357891082764, 'learning_rate': 2.2747952684258417e-05, 'epoch': 0.68}
{'loss': 3.7314, 'grad_norm': 9.520535469055176, 'learning_rate': 2.2899605702153475e-05, 'epoch': 0.69}
{'loss': 3.6733, 'grad_norm': 9.169358253479004, 'learning_rate': 2.3051258720048528e-05, 'epoch': 0.69}
{'loss': 3.6182, 'grad_norm': 4.766731262207031, 'learning_rate': 2.3202911737943585e-05, 'epoch': 0.7}
{'loss': 3.599, 'grad_norm': 4.274606704711914, 'learning_rate': 2.3354564755838642e-05, 'epoch': 0.7}
{'loss': 3.5473, 'grad_norm': 8.98983383178711, 'learning_rate': 2.35062177737337e-05, 'epoch': 0.71}
{'loss': 3.4758, 'grad_norm': 7.013489723205566, 'learning_rate': 2.3657870791628757e-05, 'epoch': 0.71}
{'loss': 3.4441, 'grad_norm': 18.217300415039062, 'learning_rate': 2.380952380952381e-05, 'epoch': 0.71}
{'loss': 3.3938, 'grad_norm': 6.809934139251709, 'learning_rate': 2.3961176827418867e-05, 'epoch': 0.72}
{'loss': 3.3728, 'grad_norm': 7.7663068771362305, 'learning_rate': 2.411282984531392e-05, 'epoch': 0.72}
{'loss': 3.3274, 'grad_norm': 5.416659832000732, 'learning_rate': 2.4264482863208978e-05, 'epoch': 0.73}
{'loss': 3.27, 'grad_norm': 9.229082107543945, 'learning_rate': 2.4416135881104035e-05, 'epoch': 0.73}
{'loss': 3.2483, 'grad_norm': 6.578574180603027, 'learning_rate': 2.4567788898999092e-05, 'epoch': 0.74}
{'loss': 3.2443, 'grad_norm': 9.858983993530273, 'learning_rate': 2.471944191689415e-05, 'epoch': 0.74}
{'loss': 3.1895, 'grad_norm': 3.417039632797241, 'learning_rate': 2.4871094934789206e-05, 'epoch': 0.75}
{'loss': 3.1905, 'grad_norm': 5.868815898895264, 'learning_rate': 2.502274795268426e-05, 'epoch': 0.75}
{'loss': 3.1302, 'grad_norm': 3.479297637939453, 'learning_rate': 2.5174400970579314e-05, 'epoch': 0.76}
{'loss': 3.1079, 'grad_norm': 10.971970558166504, 'learning_rate': 2.5326053988474374e-05, 'epoch': 0.76}
{'loss': 3.0804, 'grad_norm': 7.798557281494141, 'learning_rate': 2.5477707006369428e-05, 'epoch': 0.76}
{'loss': 3.0755, 'grad_norm': 4.31607723236084, 'learning_rate': 2.562936002426448e-05, 'epoch': 0.77}
{'loss': 3.0177, 'grad_norm': 12.711668968200684, 'learning_rate': 2.5781013042159542e-05, 'epoch': 0.77}
{'loss': 2.989, 'grad_norm': 2.700145959854126, 'learning_rate': 2.5932666060054596e-05, 'epoch': 0.78}
{'loss': 2.9742, 'grad_norm': 8.997116088867188, 'learning_rate': 2.6084319077949653e-05, 'epoch': 0.78}
{'loss': 2.9571, 'grad_norm': 3.2825710773468018, 'learning_rate': 2.6235972095844706e-05, 'epoch': 0.79}
{'loss': 2.9214, 'grad_norm': 3.9145731925964355, 'learning_rate': 2.6387625113739767e-05, 'epoch': 0.79}
{'loss': 2.8753, 'grad_norm': 3.1223273277282715, 'learning_rate': 2.653927813163482e-05, 'epoch': 0.8}
{'loss': 2.8482, 'grad_norm': 4.849376678466797, 'learning_rate': 2.6690931149529874e-05, 'epoch': 0.8}
{'loss': 2.8198, 'grad_norm': 3.7720437049865723, 'learning_rate': 2.6842584167424935e-05, 'epoch': 0.81}
{'loss': 2.7864, 'grad_norm': 2.756436586380005, 'learning_rate': 2.6994237185319988e-05, 'epoch': 0.81}
{'loss': 2.7699, 'grad_norm': 2.409310817718506, 'learning_rate': 2.7145890203215045e-05, 'epoch': 0.81}
{'loss': 2.702, 'grad_norm': 2.6812210083007812, 'learning_rate': 2.72975432211101e-05, 'epoch': 0.82}
{'loss': 2.6859, 'grad_norm': 2.141676902770996, 'learning_rate': 2.744919623900516e-05, 'epoch': 0.82}
{'loss': 2.6651, 'grad_norm': 3.510098695755005, 'learning_rate': 2.7600849256900213e-05, 'epoch': 0.83}
{'loss': 2.6191, 'grad_norm': 4.572072505950928, 'learning_rate': 2.7752502274795274e-05, 'epoch': 0.83}
{'loss': 2.5821, 'grad_norm': 9.350297927856445, 'learning_rate': 2.7904155292690327e-05, 'epoch': 0.84}
{'loss': 2.6108, 'grad_norm': 3.884869337081909, 'learning_rate': 2.805580831058538e-05, 'epoch': 0.84}
{'loss': 2.5628, 'grad_norm': 9.998729705810547, 'learning_rate': 2.8207461328480438e-05, 'epoch': 0.85}
{'loss': 2.5223, 'grad_norm': 3.0303795337677, 'learning_rate': 2.835911434637549e-05, 'epoch': 0.85}
{'loss': 2.5273, 'grad_norm': 5.760497570037842, 'learning_rate': 2.8510767364270552e-05, 'epoch': 0.86}
{'loss': 2.5131, 'grad_norm': 4.596863746643066, 'learning_rate': 2.8662420382165606e-05, 'epoch': 0.86}
{'loss': 2.5097, 'grad_norm': 9.387065887451172, 'learning_rate': 2.8814073400060666e-05, 'epoch': 0.86}
{'loss': 2.4743, 'grad_norm': 2.260878562927246, 'learning_rate': 2.896572641795572e-05, 'epoch': 0.87}
{'loss': 2.4567, 'grad_norm': 19.78993797302246, 'learning_rate': 2.9117379435850774e-05, 'epoch': 0.87}
{'loss': 2.4562, 'grad_norm': 2.0039401054382324, 'learning_rate': 2.926903245374583e-05, 'epoch': 0.88}
{'loss': 2.4248, 'grad_norm': 1.5946396589279175, 'learning_rate': 2.9420685471640884e-05, 'epoch': 0.88}
{'loss': 2.4049, 'grad_norm': 2.5119056701660156, 'learning_rate': 2.9572338489535945e-05, 'epoch': 0.89}
{'loss': 2.3932, 'grad_norm': 1.9845197200775146, 'learning_rate': 2.9723991507431e-05, 'epoch': 0.89}
{'loss': 2.3762, 'grad_norm': 1.9397897720336914, 'learning_rate': 2.987564452532606e-05, 'epoch': 0.9}
{'loss': 2.3661, 'grad_norm': 1.516217589378357, 'learning_rate': 3.0027297543221113e-05, 'epoch': 0.9}
{'loss': 2.3443, 'grad_norm': 1.5303608179092407, 'learning_rate': 3.0178950561116166e-05, 'epoch': 0.91}
{'loss': 2.3083, 'grad_norm': 1.5230724811553955, 'learning_rate': 3.0330603579011223e-05, 'epoch': 0.91}
pred : arrest in the prosecution of horace sarah sarah sylvia spencer's opinion has run by expressing the nervousness the most innocent and humble of the citizens
label: ardent in the prosecution of heresy cyril auspiciously opened his reign by oppressing the novatians the most innocent and harmless of the sectaries
pred : without any legal sentence without any real mind to the practical at the dawn of day laid a seditious motive to the attack of the senators
label: without any legal sentence without any royal mandate the patriarch at the dawn of day led a seditious multitude to the attack of the synagogues
pred : such cries would have divided the imagination of the majority but in this process its true the innocent were confounded with the guilt and exile was impeded by the loss of a wealth and indifference collina
label: such crimes would have deserved the animadversion of the magistrate but in this promiscuous outrage the innocent were confounded with the guilty and alexandria was impoverished by the loss of a wealthy and industrious colony
pred : arrest in the prosecution of horace sarah sarah sylvia spencer's opinion has run by expressing the nervousness the most innocent and humble of the citizens
label: ardent in the prosecution of heresy cyril auspiciously opened his reign by oppressing the novatians the most innocent and harmless of the sectaries
pred : without any legal sentence without any real mind to the practical at the dawn of day laid a seditious motive to the attack of the senators
label: without any legal sentence without any royal mandate the patriarch at the dawn of day led a seditious multitude to the attack of the synagogues
pred : such cries would have divided the imagination of the majority but in this process its true the innocent were confounded with the guilt and exile was impeded by the loss of a wealth and indifference collina
label: such crimes would have deserved the animadversion of the magistrate but in this promiscuous outrage the innocent were confounded with the guilty and alexandria was impoverished by the loss of a wealthy and industrious colony
pred : arrest in the prosecution of horace sarah sarah sylvia spencer's opinion has run by expressing the nervousness the most innocent and humble of the citizens
label: ardent in the prosecution of heresy cyril auspiciously opened his reign by oppressing the novatians the most innocent and harmless of the sectaries
pred : without any legal sentence without any real mind to the practical at the dawn of day laid a seditious motive to the attack of the senators
label: without any legal sentence without any royal mandate the patriarch at the dawn of day led a seditious multitude to the attack of the synagogues
pred : such cries would have divided the imagination of the majority but in this process its true the innocent were confounded with the guilt and exile was impeded by the loss of a wealth and indifference collina
label: such crimes would have deserved the animadversion of the magistrate but in this promiscuous outrage the innocent were confounded with the guilty and alexandria was impoverished by the loss of a wealthy and industrious colony
pred : arrest in the prosecution of horace sarah sarah sylvia spencer's opinion has run by expressing the nervousness the most innocent and humble of the citizens
label: ardent in the prosecution of heresy cyril auspiciously opened his reign by oppressing the novatians the most innocent and harmless of the sectaries
pred : without any legal sentence without any real mind to the practical at the dawn of day laid a seditious motive to the attack of the senators
label: without any legal sentence without any royal mandate the patriarch at the dawn of day led a seditious multitude to the attack of the synagogues
pred : such cries would have divided the imagination of the majority but in this process its true the innocent were confounded with the guilt and exile was impeded by the loss of a wealth and indifference collina
label: such crimes would have deserved the animadversion of the magistrate but in this promiscuous outrage the innocent were confounded with the guilty and alexandria was impoverished by the loss of a wealthy and industrious colony
{'eval_loss': 2.2350070476531982, 'eval_bleu': 67.45039747866345, 'eval_wer': 0.17347897468991108, 'eval_cer': 0.10954568896807164, 'eval_rouge1': 0.8310070711683946, 'eval_rouge2': 0.7203858378803955, 'eval_rougeL': 0.8303131105350865, 'eval_runtime': 88.1304, 'eval_samples_per_second': 63.168, 'eval_steps_per_second': 0.329, 'epoch': 0.91}
{'loss': 2.3037, 'grad_norm': 1.4918721914291382, 'learning_rate': 3.0482256596906277e-05, 'epoch': 0.91}
{'loss': 2.3, 'grad_norm': 1.5764777660369873, 'learning_rate': 3.063390961480134e-05, 'epoch': 0.92}
{'loss': 2.2774, 'grad_norm': 1.598351001739502, 'learning_rate': 3.078556263269639e-05, 'epoch': 0.92}
{'loss': 2.2619, 'grad_norm': 1.472512125968933, 'learning_rate': 3.093721565059145e-05, 'epoch': 0.93}
{'loss': 2.2642, 'grad_norm': 1.5896358489990234, 'learning_rate': 3.1088868668486505e-05, 'epoch': 0.93}
{'loss': 2.2682, 'grad_norm': 1.3756790161132812, 'learning_rate': 3.1240521686381566e-05, 'epoch': 0.94}
{'loss': 2.2513, 'grad_norm': 1.5133728981018066, 'learning_rate': 3.139217470427662e-05, 'epoch': 0.94}
{'loss': 2.2085, 'grad_norm': 1.4941284656524658, 'learning_rate': 3.154382772217167e-05, 'epoch': 0.95}
{'loss': 2.2129, 'grad_norm': 1.371791958808899, 'learning_rate': 3.169548074006673e-05, 'epoch': 0.95}
{'loss': 2.1951, 'grad_norm': 1.5350706577301025, 'learning_rate': 3.184713375796178e-05, 'epoch': 0.96}
{'loss': 2.1943, 'grad_norm': 1.9736326932907104, 'learning_rate': 3.199878677585684e-05, 'epoch': 0.96}
{'loss': 2.1838, 'grad_norm': 1.7091199159622192, 'learning_rate': 3.2150439793751895e-05, 'epoch': 0.96}
{'loss': 2.1623, 'grad_norm': 1.6258631944656372, 'learning_rate': 3.2302092811646955e-05, 'epoch': 0.97}
{'loss': 2.1586, 'grad_norm': 1.35205078125, 'learning_rate': 3.245374582954201e-05, 'epoch': 0.97}
{'loss': 2.156, 'grad_norm': 1.8263040781021118, 'learning_rate': 3.260539884743706e-05, 'epoch': 0.98}
{'loss': 2.1295, 'grad_norm': 1.651537299156189, 'learning_rate': 3.275705186533212e-05, 'epoch': 0.98}
{'loss': 2.1403, 'grad_norm': 1.2357181310653687, 'learning_rate': 3.2908704883227177e-05, 'epoch': 0.99}
{'loss': 2.1164, 'grad_norm': 1.3016036748886108, 'learning_rate': 3.306035790112224e-05, 'epoch': 0.99}
{'loss': 2.1282, 'grad_norm': 1.2775731086730957, 'learning_rate': 3.321201091901729e-05, 'epoch': 1.0}
{'loss': 2.1105, 'grad_norm': 1.4242439270019531, 'learning_rate': 3.336366393691235e-05, 'epoch': 1.0}
{'loss': 2.1098, 'grad_norm': 1.175881266593933, 'learning_rate': 3.3515316954807405e-05, 'epoch': 1.01}
{'loss': 2.078, 'grad_norm': 1.3309341669082642, 'learning_rate': 3.366696997270246e-05, 'epoch': 1.01}
{'loss': 2.0809, 'grad_norm': 1.4347138404846191, 'learning_rate': 3.381862299059751e-05, 'epoch': 1.01}
{'loss': 2.0731, 'grad_norm': 1.3563382625579834, 'learning_rate': 3.3970276008492566e-05, 'epoch': 1.02}
{'loss': 2.0713, 'grad_norm': 1.2879269123077393, 'learning_rate': 3.4121929026387626e-05, 'epoch': 1.02}
{'loss': 2.0674, 'grad_norm': 1.335571527481079, 'learning_rate': 3.427358204428268e-05, 'epoch': 1.03}
{'loss': 2.0357, 'grad_norm': 1.2154591083526611, 'learning_rate': 3.442523506217774e-05, 'epoch': 1.03}
{'loss': 2.0587, 'grad_norm': 1.4584981203079224, 'learning_rate': 3.4576888080072794e-05, 'epoch': 1.04}
{'loss': 2.0472, 'grad_norm': 1.215535283088684, 'learning_rate': 3.4728541097967855e-05, 'epoch': 1.04}
{'loss': 2.0455, 'grad_norm': 1.6531174182891846, 'learning_rate': 3.488019411586291e-05, 'epoch': 1.05}
{'loss': 2.0426, 'grad_norm': 1.1909058094024658, 'learning_rate': 3.503184713375796e-05, 'epoch': 1.05}
{'loss': 2.0206, 'grad_norm': 1.2531147003173828, 'learning_rate': 3.518350015165302e-05, 'epoch': 1.06}
{'loss': 2.0014, 'grad_norm': 1.3271105289459229, 'learning_rate': 3.5335153169548076e-05, 'epoch': 1.06}
{'loss': 2.0007, 'grad_norm': 1.220603108406067, 'learning_rate': 3.5486806187443136e-05, 'epoch': 1.06}
{'loss': 1.9917, 'grad_norm': 1.3704921007156372, 'learning_rate': 3.563845920533819e-05, 'epoch': 1.07}
{'loss': 1.9908, 'grad_norm': 1.3590750694274902, 'learning_rate': 3.5790112223233244e-05, 'epoch': 1.07}
{'loss': 1.9891, 'grad_norm': 1.2512080669403076, 'learning_rate': 3.59417652411283e-05, 'epoch': 1.08}
{'loss': 1.9873, 'grad_norm': 1.2585594654083252, 'learning_rate': 3.609341825902335e-05, 'epoch': 1.08}
{'loss': 1.9712, 'grad_norm': 1.3779326677322388, 'learning_rate': 3.624507127691841e-05, 'epoch': 1.09}
{'loss': 1.9728, 'grad_norm': 1.188144326210022, 'learning_rate': 3.6396724294813465e-05, 'epoch': 1.09}
{'loss': 1.9782, 'grad_norm': 1.2102621793746948, 'learning_rate': 3.6548377312708526e-05, 'epoch': 1.1}
{'loss': 1.9656, 'grad_norm': 1.1219757795333862, 'learning_rate': 3.670003033060358e-05, 'epoch': 1.1}
{'loss': 1.957, 'grad_norm': 1.3076125383377075, 'learning_rate': 3.685168334849864e-05, 'epoch': 1.11}
{'loss': 1.946, 'grad_norm': 1.070067048072815, 'learning_rate': 3.7003336366393694e-05, 'epoch': 1.11}
{'loss': 1.9443, 'grad_norm': 1.586206316947937, 'learning_rate': 3.715498938428875e-05, 'epoch': 1.11}
{'loss': 1.9435, 'grad_norm': 1.305232048034668, 'learning_rate': 3.730664240218381e-05, 'epoch': 1.12}
{'loss': 1.9304, 'grad_norm': 1.030821442604065, 'learning_rate': 3.745829542007886e-05, 'epoch': 1.12}
{'loss': 1.9345, 'grad_norm': 1.2381218671798706, 'learning_rate': 3.760994843797392e-05, 'epoch': 1.13}
{'loss': 1.9277, 'grad_norm': 1.080536961555481, 'learning_rate': 3.7761601455868975e-05, 'epoch': 1.13}
{'loss': 1.9134, 'grad_norm': 1.2641563415527344, 'learning_rate': 3.791325447376403e-05, 'epoch': 1.14}
{'loss': 1.9159, 'grad_norm': 2.97133469581604, 'learning_rate': 3.806490749165908e-05, 'epoch': 1.14}
{'loss': 1.9168, 'grad_norm': 1.2350726127624512, 'learning_rate': 3.821656050955414e-05, 'epoch': 1.15}
{'loss': 1.9163, 'grad_norm': 0.9776949882507324, 'learning_rate': 3.83682135274492e-05, 'epoch': 1.15}
{'loss': 1.9004, 'grad_norm': 0.9803763628005981, 'learning_rate': 3.851986654534425e-05, 'epoch': 1.16}
{'loss': 1.9086, 'grad_norm': 1.0764381885528564, 'learning_rate': 3.867151956323931e-05, 'epoch': 1.16}
{'loss': 1.9107, 'grad_norm': 1.4978320598602295, 'learning_rate': 3.8823172581134365e-05, 'epoch': 1.16}
{'loss': 1.9009, 'grad_norm': 1.3117666244506836, 'learning_rate': 3.8974825599029425e-05, 'epoch': 1.17}
{'loss': 1.8872, 'grad_norm': 1.0486669540405273, 'learning_rate': 3.912647861692448e-05, 'epoch': 1.17}
{'loss': 1.8816, 'grad_norm': 1.4285857677459717, 'learning_rate': 3.927813163481954e-05, 'epoch': 1.18}
{'loss': 1.8957, 'grad_norm': 1.4315897226333618, 'learning_rate': 3.942978465271459e-05, 'epoch': 1.18}
{'loss': 1.8923, 'grad_norm': 0.9597394466400146, 'learning_rate': 3.958143767060965e-05, 'epoch': 1.19}
{'loss': 1.8811, 'grad_norm': 0.9528672695159912, 'learning_rate': 3.973309068850471e-05, 'epoch': 1.19}
{'loss': 1.8713, 'grad_norm': 1.0642603635787964, 'learning_rate': 3.988474370639976e-05, 'epoch': 1.2}
{'loss': 1.8824, 'grad_norm': 0.9767826199531555, 'learning_rate': 4.0036396724294815e-05, 'epoch': 1.2}
{'loss': 1.8626, 'grad_norm': 1.1831848621368408, 'learning_rate': 4.018804974218987e-05, 'epoch': 1.21}
{'loss': 1.8549, 'grad_norm': 1.1828019618988037, 'learning_rate': 4.033970276008493e-05, 'epoch': 1.21}
{'loss': 1.8589, 'grad_norm': 1.1014822721481323, 'learning_rate': 4.049135577797998e-05, 'epoch': 1.21}
{'loss': 1.8558, 'grad_norm': 0.8996864557266235, 'learning_rate': 4.0643008795875036e-05, 'epoch': 1.22}
{'loss': 1.8389, 'grad_norm': 0.951855480670929, 'learning_rate': 4.0794661813770096e-05, 'epoch': 1.22}
{'loss': 1.8529, 'grad_norm': 1.014772891998291, 'learning_rate': 4.094631483166515e-05, 'epoch': 1.23}
{'loss': 1.8408, 'grad_norm': 0.9582467675209045, 'learning_rate': 4.109796784956021e-05, 'epoch': 1.23}
{'loss': 1.8449, 'grad_norm': 0.9127212166786194, 'learning_rate': 4.1249620867455264e-05, 'epoch': 1.24}
{'loss': 1.8365, 'grad_norm': 0.8773109912872314, 'learning_rate': 4.1401273885350325e-05, 'epoch': 1.24}
{'loss': 1.8417, 'grad_norm': 1.2296762466430664, 'learning_rate': 4.155292690324538e-05, 'epoch': 1.25}
{'loss': 1.8237, 'grad_norm': 1.0216262340545654, 'learning_rate': 4.170457992114043e-05, 'epoch': 1.25}
{'loss': 1.8328, 'grad_norm': 0.9148287773132324, 'learning_rate': 4.1856232939035486e-05, 'epoch': 1.26}
{'loss': 1.8334, 'grad_norm': 1.1405032873153687, 'learning_rate': 4.200788595693054e-05, 'epoch': 1.26}
{'loss': 1.8306, 'grad_norm': 1.1261399984359741, 'learning_rate': 4.21595389748256e-05, 'epoch': 1.26}
{'loss': 1.8263, 'grad_norm': 0.9810555577278137, 'learning_rate': 4.2311191992720654e-05, 'epoch': 1.27}
{'loss': 1.822, 'grad_norm': 1.2669785022735596, 'learning_rate': 4.2462845010615714e-05, 'epoch': 1.27}
{'loss': 1.8151, 'grad_norm': 0.9329678416252136, 'learning_rate': 4.261449802851077e-05, 'epoch': 1.28}
{'loss': 1.8105, 'grad_norm': 0.9355123043060303, 'learning_rate': 4.276615104640583e-05, 'epoch': 1.28}
{'loss': 1.8073, 'grad_norm': 1.0695654153823853, 'learning_rate': 4.291780406430088e-05, 'epoch': 1.29}
{'loss': 1.8032, 'grad_norm': 1.0017776489257812, 'learning_rate': 4.3069457082195936e-05, 'epoch': 1.29}
{'loss': 1.801, 'grad_norm': 0.9745275974273682, 'learning_rate': 4.3221110100090996e-05, 'epoch': 1.3}
{'loss': 1.8053, 'grad_norm': 0.9434026479721069, 'learning_rate': 4.337276311798605e-05, 'epoch': 1.3}
{'loss': 1.8087, 'grad_norm': 1.077284574508667, 'learning_rate': 4.352441613588111e-05, 'epoch': 1.31}
{'loss': 1.7979, 'grad_norm': 0.8550531268119812, 'learning_rate': 4.3676069153776164e-05, 'epoch': 1.31}
{'loss': 1.791, 'grad_norm': 0.7778943777084351, 'learning_rate': 4.382772217167122e-05, 'epoch': 1.31}
{'loss': 1.7972, 'grad_norm': 0.9395223259925842, 'learning_rate': 4.397937518956627e-05, 'epoch': 1.32}
{'loss': 1.7944, 'grad_norm': 0.9292388558387756, 'learning_rate': 4.4131028207461325e-05, 'epoch': 1.32}
{'loss': 1.7946, 'grad_norm': 0.8439089059829712, 'learning_rate': 4.4282681225356385e-05, 'epoch': 1.33}
{'loss': 1.7832, 'grad_norm': 0.8912888169288635, 'learning_rate': 4.443433424325144e-05, 'epoch': 1.33}
{'loss': 1.7835, 'grad_norm': 0.9464724063873291, 'learning_rate': 4.45859872611465e-05, 'epoch': 1.34}
{'loss': 1.7911, 'grad_norm': 0.8472747802734375, 'learning_rate': 4.473764027904155e-05, 'epoch': 1.34}
{'loss': 1.7923, 'grad_norm': 1.0659576654434204, 'learning_rate': 4.4889293296936614e-05, 'epoch': 1.35}
{'loss': 1.7771, 'grad_norm': 0.8905218839645386, 'learning_rate': 4.504094631483167e-05, 'epoch': 1.35}
{'loss': 1.7863, 'grad_norm': 0.9701080322265625, 'learning_rate': 4.519259933272673e-05, 'epoch': 1.36}
{'loss': 1.7839, 'grad_norm': 0.9541661739349365, 'learning_rate': 4.534425235062178e-05, 'epoch': 1.36}
{'loss': 1.7758, 'grad_norm': 0.9400182962417603, 'learning_rate': 4.5495905368516835e-05, 'epoch': 1.36}
{'loss': 1.7738, 'grad_norm': 0.8769742846488953, 'learning_rate': 4.5647558386411895e-05, 'epoch': 1.37}
{'loss': 1.7818, 'grad_norm': 0.970279335975647, 'learning_rate': 4.579921140430695e-05, 'epoch': 1.37}
{'loss': 1.7596, 'grad_norm': 0.9204676747322083, 'learning_rate': 4.5950864422202e-05, 'epoch': 1.38}
{'loss': 1.7646, 'grad_norm': 1.9795178174972534, 'learning_rate': 4.6102517440097056e-05, 'epoch': 1.38}
{'loss': 1.7583, 'grad_norm': 0.8201656937599182, 'learning_rate': 4.625417045799212e-05, 'epoch': 1.39}
{'loss': 1.7589, 'grad_norm': 0.8628330230712891, 'learning_rate': 4.640582347588717e-05, 'epoch': 1.39}
{'loss': 1.7507, 'grad_norm': 0.7644272446632385, 'learning_rate': 4.6557476493782224e-05, 'epoch': 1.4}
{'loss': 1.7643, 'grad_norm': 0.996069610118866, 'learning_rate': 4.6709129511677285e-05, 'epoch': 1.4}
{'loss': 1.7562, 'grad_norm': 0.8848459124565125, 'learning_rate': 4.686078252957234e-05, 'epoch': 1.41}
{'loss': 1.7464, 'grad_norm': 0.7823897004127502, 'learning_rate': 4.70124355474674e-05, 'epoch': 1.41}
{'loss': 1.7382, 'grad_norm': 0.8862883448600769, 'learning_rate': 4.716408856536245e-05, 'epoch': 1.41}
{'loss': 1.743, 'grad_norm': 0.9779950380325317, 'learning_rate': 4.731574158325751e-05, 'epoch': 1.42}
{'loss': 1.7456, 'grad_norm': 1.000413417816162, 'learning_rate': 4.746739460115257e-05, 'epoch': 1.42}
{'loss': 1.741, 'grad_norm': 1.0935994386672974, 'learning_rate': 4.761904761904762e-05, 'epoch': 1.43}
{'loss': 1.7358, 'grad_norm': 0.9364248514175415, 'learning_rate': 4.777070063694268e-05, 'epoch': 1.43}
{'loss': 1.7355, 'grad_norm': 1.2279201745986938, 'learning_rate': 4.7922353654837734e-05, 'epoch': 1.44}
{'loss': 1.7468, 'grad_norm': 1.7172173261642456, 'learning_rate': 4.807400667273279e-05, 'epoch': 1.44}
{'loss': 1.7406, 'grad_norm': 0.8268448114395142, 'learning_rate': 4.822565969062784e-05, 'epoch': 1.45}
{'loss': 1.7305, 'grad_norm': 0.8872642517089844, 'learning_rate': 4.83773127085229e-05, 'epoch': 1.45}
{'loss': 1.7317, 'grad_norm': 0.8639853596687317, 'learning_rate': 4.8528965726417956e-05, 'epoch': 1.46}
{'loss': 1.7307, 'grad_norm': 0.8541373610496521, 'learning_rate': 4.8680618744313016e-05, 'epoch': 1.46}
{'loss': 1.7301, 'grad_norm': 0.8127827644348145, 'learning_rate': 4.883227176220807e-05, 'epoch': 1.46}
{'loss': 1.7184, 'grad_norm': 0.8906365633010864, 'learning_rate': 4.8983924780103124e-05, 'epoch': 1.47}
{'loss': 1.7275, 'grad_norm': 0.9168527722358704, 'learning_rate': 4.9135577797998184e-05, 'epoch': 1.47}
{'loss': 1.7268, 'grad_norm': 0.8429173827171326, 'learning_rate': 4.928723081589324e-05, 'epoch': 1.48}
{'loss': 1.7122, 'grad_norm': 0.7712043523788452, 'learning_rate': 4.94388838337883e-05, 'epoch': 1.48}
{'loss': 1.7147, 'grad_norm': 0.8840227723121643, 'learning_rate': 4.959053685168335e-05, 'epoch': 1.49}
{'loss': 1.7137, 'grad_norm': 0.8966665267944336, 'learning_rate': 4.974218986957841e-05, 'epoch': 1.49}
{'loss': 1.7223, 'grad_norm': 0.8727172017097473, 'learning_rate': 4.9893842887473466e-05, 'epoch': 1.5}
{'loss': 1.7105, 'grad_norm': 0.6313906908035278, 'learning_rate': 5.004549590536852e-05, 'epoch': 1.5}
{'loss': 1.7097, 'grad_norm': 0.7302072048187256, 'learning_rate': 5.0197148923263574e-05, 'epoch': 1.51}
{'loss': 1.7111, 'grad_norm': 0.8793303966522217, 'learning_rate': 5.034880194115863e-05, 'epoch': 1.51}
{'loss': 1.7122, 'grad_norm': 1.13083016872406, 'learning_rate': 5.050045495905369e-05, 'epoch': 1.52}
{'loss': 1.7116, 'grad_norm': 0.9245246648788452, 'learning_rate': 5.065210797694875e-05, 'epoch': 1.52}
{'loss': 1.7214, 'grad_norm': 0.8046934008598328, 'learning_rate': 5.0803760994843795e-05, 'epoch': 1.52}
{'loss': 1.71, 'grad_norm': 0.7329657673835754, 'learning_rate': 5.0955414012738855e-05, 'epoch': 1.53}
{'loss': 1.7176, 'grad_norm': 0.7743743658065796, 'learning_rate': 5.1107067030633916e-05, 'epoch': 1.53}
{'loss': 1.7024, 'grad_norm': 0.6210082173347473, 'learning_rate': 5.125872004852896e-05, 'epoch': 1.54}
{'loss': 1.6951, 'grad_norm': 0.7018355131149292, 'learning_rate': 5.141037306642402e-05, 'epoch': 1.54}
{'loss': 1.7005, 'grad_norm': 0.7801774144172668, 'learning_rate': 5.1562026084319084e-05, 'epoch': 1.55}
{'loss': 1.7026, 'grad_norm': 0.8912586569786072, 'learning_rate': 5.1713679102214144e-05, 'epoch': 1.55}
{'loss': 1.7025, 'grad_norm': 0.9442450404167175, 'learning_rate': 5.186533212010919e-05, 'epoch': 1.56}
{'loss': 1.6938, 'grad_norm': 0.6773757338523865, 'learning_rate': 5.201698513800425e-05, 'epoch': 1.56}
{'loss': 1.691, 'grad_norm': 0.810215950012207, 'learning_rate': 5.2168638155899305e-05, 'epoch': 1.57}
{'loss': 1.7037, 'grad_norm': 0.8299044370651245, 'learning_rate': 5.232029117379436e-05, 'epoch': 1.57}
{'loss': 1.6941, 'grad_norm': 0.8324209451675415, 'learning_rate': 5.247194419168941e-05, 'epoch': 1.57}
{'loss': 1.6933, 'grad_norm': 0.7574175000190735, 'learning_rate': 5.262359720958447e-05, 'epoch': 1.58}
{'loss': 1.6939, 'grad_norm': 0.7049881219863892, 'learning_rate': 5.2775250227479533e-05, 'epoch': 1.58}
{'loss': 1.6858, 'grad_norm': 0.6837061643600464, 'learning_rate': 5.292690324537458e-05, 'epoch': 1.59}
{'loss': 1.6779, 'grad_norm': 0.8452958464622498, 'learning_rate': 5.307855626326964e-05, 'epoch': 1.59}
{'loss': 1.6859, 'grad_norm': 0.9423834681510925, 'learning_rate': 5.32302092811647e-05, 'epoch': 1.6}
{'loss': 1.6829, 'grad_norm': 0.6577745079994202, 'learning_rate': 5.338186229905975e-05, 'epoch': 1.6}
{'loss': 1.6735, 'grad_norm': 0.8233387470245361, 'learning_rate': 5.353351531695481e-05, 'epoch': 1.61}
{'loss': 1.6794, 'grad_norm': 0.9790307283401489, 'learning_rate': 5.368516833484987e-05, 'epoch': 1.61}
{'loss': 1.6857, 'grad_norm': 0.9508066177368164, 'learning_rate': 5.383682135274492e-05, 'epoch': 1.62}
{'loss': 1.6768, 'grad_norm': 1.0684524774551392, 'learning_rate': 5.3988474370639976e-05, 'epoch': 1.62}
{'loss': 1.6672, 'grad_norm': 0.6451180577278137, 'learning_rate': 5.414012738853504e-05, 'epoch': 1.62}
{'loss': 1.6896, 'grad_norm': 0.7573496103286743, 'learning_rate': 5.429178040643009e-05, 'epoch': 1.63}
{'loss': 1.6724, 'grad_norm': 0.7842366695404053, 'learning_rate': 5.444343342432515e-05, 'epoch': 1.63}
{'loss': 1.6687, 'grad_norm': 0.6457788348197937, 'learning_rate': 5.45950864422202e-05, 'epoch': 1.64}
{'loss': 1.6889, 'grad_norm': 0.766750693321228, 'learning_rate': 5.474673946011526e-05, 'epoch': 1.64}
{'loss': 1.6746, 'grad_norm': 0.7722628116607666, 'learning_rate': 5.489839247801032e-05, 'epoch': 1.65}
{'loss': 1.6695, 'grad_norm': 0.8721221685409546, 'learning_rate': 5.5050045495905366e-05, 'epoch': 1.65}
{'loss': 1.675, 'grad_norm': 0.7909999489784241, 'learning_rate': 5.5201698513800426e-05, 'epoch': 1.66}
{'loss': 1.6656, 'grad_norm': 0.7519863247871399, 'learning_rate': 5.535335153169549e-05, 'epoch': 1.66}
{'loss': 1.6665, 'grad_norm': 0.7540422081947327, 'learning_rate': 5.550500454959055e-05, 'epoch': 1.67}
{'loss': 1.6621, 'grad_norm': 1.035300374031067, 'learning_rate': 5.5656657567485594e-05, 'epoch': 1.67}
{'loss': 1.6705, 'grad_norm': 0.8631759285926819, 'learning_rate': 5.5808310585380654e-05, 'epoch': 1.67}
{'loss': 1.6668, 'grad_norm': 0.9968898296356201, 'learning_rate': 5.595996360327571e-05, 'epoch': 1.68}
{'loss': 1.6581, 'grad_norm': 0.8141403794288635, 'learning_rate': 5.611161662117076e-05, 'epoch': 1.68}
{'loss': 1.6607, 'grad_norm': 0.8842821717262268, 'learning_rate': 5.6263269639065815e-05, 'epoch': 1.69}
{'loss': 1.6642, 'grad_norm': 0.7250403761863708, 'learning_rate': 5.6414922656960876e-05, 'epoch': 1.69}
{'loss': 1.6597, 'grad_norm': 0.6771107316017151, 'learning_rate': 5.6566575674855936e-05, 'epoch': 1.7}
{'loss': 1.655, 'grad_norm': 0.6974772810935974, 'learning_rate': 5.671822869275098e-05, 'epoch': 1.7}
{'loss': 1.6628, 'grad_norm': 0.8886289000511169, 'learning_rate': 5.6869881710646044e-05, 'epoch': 1.71}
{'loss': 1.6577, 'grad_norm': 0.8192099928855896, 'learning_rate': 5.7021534728541104e-05, 'epoch': 1.71}
{'loss': 1.6582, 'grad_norm': 0.7516261339187622, 'learning_rate': 5.717318774643615e-05, 'epoch': 1.72}
{'loss': 1.6587, 'grad_norm': 0.6173728704452515, 'learning_rate': 5.732484076433121e-05, 'epoch': 1.72}
{'loss': 1.6629, 'grad_norm': 0.9503306150436401, 'learning_rate': 5.747649378222627e-05, 'epoch': 1.72}
{'loss': 1.6563, 'grad_norm': 0.6787074208259583, 'learning_rate': 5.762814680012133e-05, 'epoch': 1.73}
{'loss': 1.6518, 'grad_norm': 0.6879227161407471, 'learning_rate': 5.777979981801638e-05, 'epoch': 1.73}
{'loss': 1.6477, 'grad_norm': 0.7033674120903015, 'learning_rate': 5.793145283591144e-05, 'epoch': 1.74}
{'loss': 1.6481, 'grad_norm': 0.9926135540008545, 'learning_rate': 5.8083105853806493e-05, 'epoch': 1.74}
{'loss': 1.656, 'grad_norm': 0.6682074666023254, 'learning_rate': 5.823475887170155e-05, 'epoch': 1.75}
{'loss': 1.6605, 'grad_norm': 0.7173945903778076, 'learning_rate': 5.83864118895966e-05, 'epoch': 1.75}
{'loss': 1.6488, 'grad_norm': 0.7220990061759949, 'learning_rate': 5.853806490749166e-05, 'epoch': 1.76}
{'loss': 1.6511, 'grad_norm': 0.7112342119216919, 'learning_rate': 5.868971792538672e-05, 'epoch': 1.76}
{'loss': 1.6543, 'grad_norm': 0.610691249370575, 'learning_rate': 5.884137094328177e-05, 'epoch': 1.77}
{'loss': 1.6472, 'grad_norm': 0.7507331967353821, 'learning_rate': 5.899302396117683e-05, 'epoch': 1.77}
{'loss': 1.6486, 'grad_norm': 0.782959520816803, 'learning_rate': 5.914467697907189e-05, 'epoch': 1.77}
{'loss': 1.6564, 'grad_norm': 0.734287440776825, 'learning_rate': 5.9296329996966936e-05, 'epoch': 1.78}
{'loss': 1.6478, 'grad_norm': 0.9568754434585571, 'learning_rate': 5.9447983014862e-05, 'epoch': 1.78}
{'loss': 1.6522, 'grad_norm': 0.7328155636787415, 'learning_rate': 5.959963603275706e-05, 'epoch': 1.79}
{'loss': 1.6353, 'grad_norm': 0.7667816281318665, 'learning_rate': 5.975128905065212e-05, 'epoch': 1.79}
{'loss': 1.6376, 'grad_norm': 0.6572122573852539, 'learning_rate': 5.9902942068547165e-05, 'epoch': 1.8}
{'loss': 1.6424, 'grad_norm': 0.6712742447853088, 'learning_rate': 6.0054595086442225e-05, 'epoch': 1.8}
{'loss': 1.6383, 'grad_norm': 0.7925028800964355, 'learning_rate': 6.020624810433728e-05, 'epoch': 1.81}
{'loss': 1.6351, 'grad_norm': 0.7939276099205017, 'learning_rate': 6.035790112223233e-05, 'epoch': 1.81}
{'loss': 1.6293, 'grad_norm': 0.7132562398910522, 'learning_rate': 6.0509554140127386e-05, 'epoch': 1.82}
{'loss': 1.6337, 'grad_norm': 0.810827910900116, 'learning_rate': 6.066120715802245e-05, 'epoch': 1.82}
pred : ardent in the prosecution of heresy cyril especially opened his reign by oppressing the navations the most innocent and harmless of the sectaries
label: ardent in the prosecution of heresy cyril auspiciously opened his reign by oppressing the novatians the most innocent and harmless of the sectaries
pred : without any legal sentence without any royal mandate the patriarch at the dawn of day led a seditious multitude to the attack of the synagogues
label: without any legal sentence without any royal mandate the patriarch at the dawn of day led a seditious multitude to the attack of the synagogues
pred : such crimes would have deserved the animosity of the magistrate but in this promiscuous outrage the innocent were confounded with the guilty and alexandria was improved by the loss of a wealthy and industrious colony
label: such crimes would have deserved the animadversion of the magistrate but in this promiscuous outrage the innocent were confounded with the guilty and alexandria was impoverished by the loss of a wealthy and industrious colony
pred : ardent in the prosecution of heresy cyril especially opened his reign by oppressing the navations the most innocent and harmless of the sectaries
label: ardent in the prosecution of heresy cyril auspiciously opened his reign by oppressing the novatians the most innocent and harmless of the sectaries
pred : without any legal sentence without any royal mandate the patriarch at the dawn of day led a seditious multitude to the attack of the synagogues
label: without any legal sentence without any royal mandate the patriarch at the dawn of day led a seditious multitude to the attack of the synagogues
pred : such crimes would have deserved the animosity of the magistrate but in this promiscuous outrage the innocent were confounded with the guilty and alexandria was improved by the loss of a wealthy and industrious colony
label: such crimes would have deserved the animadversion of the magistrate but in this promiscuous outrage the innocent were confounded with the guilty and alexandria was impoverished by the loss of a wealthy and industrious colony
pred : ardent in the prosecution of heresy cyril especially opened his reign by oppressing the navations the most innocent and harmless of the sectaries
label: ardent in the prosecution of heresy cyril auspiciously opened his reign by oppressing the novatians the most innocent and harmless of the sectaries
pred : without any legal sentence without any royal mandate the patriarch at the dawn of day led a seditious multitude to the attack of the synagogues
label: without any legal sentence without any royal mandate the patriarch at the dawn of day led a seditious multitude to the attack of the synagogues
pred : such crimes would have deserved the animosity of the magistrate but in this promiscuous outrage the innocent were confounded with the guilty and alexandria was improved by the loss of a wealthy and industrious colony
label: such crimes would have deserved the animadversion of the magistrate but in this promiscuous outrage the innocent were confounded with the guilty and alexandria was impoverished by the loss of a wealthy and industrious colony
pred : ardent in the prosecution of heresy cyril especially opened his reign by oppressing the navations the most innocent and harmless of the sectaries
label: ardent in the prosecution of heresy cyril auspiciously opened his reign by oppressing the novatians the most innocent and harmless of the sectaries
pred : without any legal sentence without any royal mandate the patriarch at the dawn of day led a seditious multitude to the attack of the synagogues
label: without any legal sentence without any royal mandate the patriarch at the dawn of day led a seditious multitude to the attack of the synagogues
pred : such crimes would have deserved the animosity of the magistrate but in this promiscuous outrage the innocent were confounded with the guilty and alexandria was improved by the loss of a wealthy and industrious colony
label: such crimes would have deserved the animadversion of the magistrate but in this promiscuous outrage the innocent were confounded with the guilty and alexandria was impoverished by the loss of a wealthy and industrious colony
{'eval_loss': 1.7084587812423706, 'eval_bleu': 93.48993849543203, 'eval_wer': 0.035777666005523234, 'eval_cer': 0.022594733786069528, 'eval_rouge1': 0.9709578416703126, 'eval_rouge2': 0.9485394009888273, 'eval_rougeL': 0.9709011285876666, 'eval_runtime': 84.7633, 'eval_samples_per_second': 65.677, 'eval_steps_per_second': 0.342, 'epoch': 1.82}
{'loss': 1.6376, 'grad_norm': 0.591532826423645, 'learning_rate': 6.081286017591751e-05, 'epoch': 1.82}
{'loss': 1.6392, 'grad_norm': 0.621343731880188, 'learning_rate': 6.0964513193812554e-05, 'epoch': 1.83}
{'loss': 1.6336, 'grad_norm': 0.5637975931167603, 'learning_rate': 6.111616621170762e-05, 'epoch': 1.83}
{'loss': 1.6398, 'grad_norm': 1.1157119274139404, 'learning_rate': 6.126781922960267e-05, 'epoch': 1.84}
{'loss': 1.6308, 'grad_norm': 0.7787186503410339, 'learning_rate': 6.141947224749773e-05, 'epoch': 1.84}
{'loss': 1.6425, 'grad_norm': 1.1698873043060303, 'learning_rate': 6.157112526539278e-05, 'epoch': 1.85}
{'loss': 1.6321, 'grad_norm': 0.6998829245567322, 'learning_rate': 6.172277828328784e-05, 'epoch': 1.85}
{'loss': 1.624, 'grad_norm': 0.7302231192588806, 'learning_rate': 6.18744313011829e-05, 'epoch': 1.86}
{'loss': 1.6295, 'grad_norm': 0.6035061478614807, 'learning_rate': 6.202608431907794e-05, 'epoch': 1.86}
{'loss': 1.628, 'grad_norm': 0.6446597576141357, 'learning_rate': 6.217773733697301e-05, 'epoch': 1.87}
{'loss': 1.6319, 'grad_norm': 0.6665771007537842, 'learning_rate': 6.232939035486806e-05, 'epoch': 1.87}
{'loss': 1.633, 'grad_norm': 0.6805511116981506, 'learning_rate': 6.248104337276313e-05, 'epoch': 1.87}
{'loss': 1.6266, 'grad_norm': 0.8574324250221252, 'learning_rate': 6.263269639065817e-05, 'epoch': 1.88}
{'loss': 1.6219, 'grad_norm': 0.6001831293106079, 'learning_rate': 6.278434940855324e-05, 'epoch': 1.88}
{'loss': 1.6165, 'grad_norm': 0.8525639772415161, 'learning_rate': 6.293600242644829e-05, 'epoch': 1.89}
{'loss': 1.6253, 'grad_norm': 0.8252382874488831, 'learning_rate': 6.308765544434335e-05, 'epoch': 1.89}
{'loss': 1.6293, 'grad_norm': 0.6744958162307739, 'learning_rate': 6.32393084622384e-05, 'epoch': 1.9}
{'loss': 1.6271, 'grad_norm': 0.6500810384750366, 'learning_rate': 6.339096148013345e-05, 'epoch': 1.9}
{'loss': 1.6219, 'grad_norm': 0.6460379958152771, 'learning_rate': 6.354261449802852e-05, 'epoch': 1.91}
{'loss': 1.6157, 'grad_norm': 0.7922542095184326, 'learning_rate': 6.369426751592356e-05, 'epoch': 1.91}
{'loss': 1.6179, 'grad_norm': 0.7733228206634521, 'learning_rate': 6.384592053381863e-05, 'epoch': 1.92}
{'loss': 1.6271, 'grad_norm': 0.6299905776977539, 'learning_rate': 6.399757355171368e-05, 'epoch': 1.92}
{'loss': 1.617, 'grad_norm': 0.8964917659759521, 'learning_rate': 6.414922656960874e-05, 'epoch': 1.92}
{'loss': 1.6223, 'grad_norm': 0.6731209754943848, 'learning_rate': 6.430087958750379e-05, 'epoch': 1.93}
{'loss': 1.6208, 'grad_norm': 0.5354005694389343, 'learning_rate': 6.445253260539886e-05, 'epoch': 1.93}
{'loss': 1.6193, 'grad_norm': 0.6002503037452698, 'learning_rate': 6.460418562329391e-05, 'epoch': 1.94}
{'loss': 1.6183, 'grad_norm': 0.8048579096794128, 'learning_rate': 6.475583864118896e-05, 'epoch': 1.94}
{'loss': 1.6257, 'grad_norm': 0.6293740272521973, 'learning_rate': 6.490749165908402e-05, 'epoch': 1.95}
{'loss': 1.6226, 'grad_norm': 0.5752379894256592, 'learning_rate': 6.505914467697908e-05, 'epoch': 1.95}
{'loss': 1.6176, 'grad_norm': 0.8178306221961975, 'learning_rate': 6.521079769487412e-05, 'epoch': 1.96}
{'loss': 1.6151, 'grad_norm': 0.7822471261024475, 'learning_rate': 6.536245071276919e-05, 'epoch': 1.96}
{'loss': 1.6137, 'grad_norm': 0.6302247643470764, 'learning_rate': 6.551410373066425e-05, 'epoch': 1.97}
{'loss': 1.6103, 'grad_norm': 0.8031948804855347, 'learning_rate': 6.56657567485593e-05, 'epoch': 1.97}
{'loss': 1.6305, 'grad_norm': 0.8604424595832825, 'learning_rate': 6.581740976645435e-05, 'epoch': 1.97}
{'loss': 1.6191, 'grad_norm': 0.7099075317382812, 'learning_rate': 6.59690627843494e-05, 'epoch': 1.98}
{'loss': 1.6233, 'grad_norm': 0.7911961674690247, 'learning_rate': 6.612071580224447e-05, 'epoch': 1.98}
{'loss': 1.6184, 'grad_norm': 0.5770549178123474, 'learning_rate': 6.627236882013951e-05, 'epoch': 1.99}
{'loss': 1.6203, 'grad_norm': 0.5574257373809814, 'learning_rate': 6.642402183803458e-05, 'epoch': 1.99}
{'loss': 1.6112, 'grad_norm': 0.5550375580787659, 'learning_rate': 6.657567485592963e-05, 'epoch': 2.0}
{'loss': 1.61, 'grad_norm': 0.7316176891326904, 'learning_rate': 6.67273278738247e-05, 'epoch': 2.0}
{'loss': 1.6033, 'grad_norm': 0.7050626873970032, 'learning_rate': 6.687898089171974e-05, 'epoch': 2.01}
{'loss': 1.5953, 'grad_norm': 0.5777987241744995, 'learning_rate': 6.703063390961481e-05, 'epoch': 2.01}
{'loss': 1.5934, 'grad_norm': 0.6351706385612488, 'learning_rate': 6.718228692750986e-05, 'epoch': 2.02}
{'loss': 1.6039, 'grad_norm': 0.7012861371040344, 'learning_rate': 6.733393994540492e-05, 'epoch': 2.02}
{'loss': 1.5979, 'grad_norm': 0.9253060221672058, 'learning_rate': 6.748559296329997e-05, 'epoch': 2.02}
{'loss': 1.5971, 'grad_norm': 0.6498864889144897, 'learning_rate': 6.763724598119502e-05, 'epoch': 2.03}
{'loss': 1.5986, 'grad_norm': 0.6424036026000977, 'learning_rate': 6.778889899909009e-05, 'epoch': 2.03}
{'loss': 1.5923, 'grad_norm': 0.6176241040229797, 'learning_rate': 6.794055201698513e-05, 'epoch': 2.04}
{'loss': 1.5958, 'grad_norm': 0.5747808814048767, 'learning_rate': 6.80922050348802e-05, 'epoch': 2.04}
{'loss': 1.5996, 'grad_norm': 0.6549831628799438, 'learning_rate': 6.824385805277525e-05, 'epoch': 2.05}
{'loss': 1.6021, 'grad_norm': 1.4616312980651855, 'learning_rate': 6.839551107067032e-05, 'epoch': 2.05}
{'loss': 1.5935, 'grad_norm': 0.8033888339996338, 'learning_rate': 6.854716408856536e-05, 'epoch': 2.06}
{'loss': 1.5981, 'grad_norm': 3.514671564102173, 'learning_rate': 6.869881710646043e-05, 'epoch': 2.06}
{'loss': 1.5994, 'grad_norm': 0.6547881364822388, 'learning_rate': 6.885047012435548e-05, 'epoch': 2.07}
{'loss': 1.5956, 'grad_norm': 0.665821373462677, 'learning_rate': 6.900212314225053e-05, 'epoch': 2.07}
{'loss': 1.5991, 'grad_norm': 0.5576815605163574, 'learning_rate': 6.915377616014559e-05, 'epoch': 2.07}
{'loss': 1.5913, 'grad_norm': 0.6649846434593201, 'learning_rate': 6.930542917804064e-05, 'epoch': 2.08}
{'loss': 1.5908, 'grad_norm': 0.9637700915336609, 'learning_rate': 6.945708219593571e-05, 'epoch': 2.08}
{'loss': 1.5934, 'grad_norm': 0.5986254215240479, 'learning_rate': 6.960873521383075e-05, 'epoch': 2.09}
{'loss': 1.6037, 'grad_norm': 0.6336972117424011, 'learning_rate': 6.976038823172582e-05, 'epoch': 2.09}
{'loss': 1.596, 'grad_norm': 0.6671413779258728, 'learning_rate': 6.991204124962087e-05, 'epoch': 2.1}
{'loss': 1.6008, 'grad_norm': 0.7815999388694763, 'learning_rate': 7.006369426751592e-05, 'epoch': 2.1}
{'loss': 1.5878, 'grad_norm': 0.899972677230835, 'learning_rate': 7.021534728541098e-05, 'epoch': 2.11}
{'loss': 1.5923, 'grad_norm': 0.8140969276428223, 'learning_rate': 7.036700030330604e-05, 'epoch': 2.11}
{'loss': 1.5885, 'grad_norm': 0.667426347732544, 'learning_rate': 7.05186533212011e-05, 'epoch': 2.12}
{'loss': 1.5865, 'grad_norm': 7.109192371368408, 'learning_rate': 7.067030633909615e-05, 'epoch': 2.12}
{'loss': 1.5913, 'grad_norm': 0.6360840797424316, 'learning_rate': 7.08219593569912e-05, 'epoch': 2.12}
{'loss': 1.6085, 'grad_norm': 1.4863017797470093, 'learning_rate': 7.097361237488627e-05, 'epoch': 2.13}
{'loss': 1.6118, 'grad_norm': 0.753123939037323, 'learning_rate': 7.112526539278131e-05, 'epoch': 2.13}
{'loss': 1.5952, 'grad_norm': 0.5633225440979004, 'learning_rate': 7.127691841067638e-05, 'epoch': 2.14}
{'loss': 1.5879, 'grad_norm': 0.642240583896637, 'learning_rate': 7.142857142857143e-05, 'epoch': 2.14}
{'loss': 1.5912, 'grad_norm': 0.46216627955436707, 'learning_rate': 7.158022444646649e-05, 'epoch': 2.15}
{'loss': 1.5905, 'grad_norm': 0.6962096691131592, 'learning_rate': 7.173187746436154e-05, 'epoch': 2.15}
{'loss': 1.5892, 'grad_norm': 0.5898329615592957, 'learning_rate': 7.18835304822566e-05, 'epoch': 2.16}
{'loss': 1.591, 'grad_norm': 0.689907431602478, 'learning_rate': 7.203518350015166e-05, 'epoch': 2.16}
{'loss': 1.5872, 'grad_norm': 0.6301274299621582, 'learning_rate': 7.21868365180467e-05, 'epoch': 2.17}
{'loss': 1.5881, 'grad_norm': 0.6171175837516785, 'learning_rate': 7.233848953594177e-05, 'epoch': 2.17}
{'loss': 1.5849, 'grad_norm': 0.5011215806007385, 'learning_rate': 7.249014255383682e-05, 'epoch': 2.17}
{'loss': 1.5849, 'grad_norm': 0.5037679672241211, 'learning_rate': 7.264179557173189e-05, 'epoch': 2.18}
{'loss': 1.5814, 'grad_norm': 0.6637678742408752, 'learning_rate': 7.279344858962693e-05, 'epoch': 2.18}
{'loss': 1.5832, 'grad_norm': 0.5108504891395569, 'learning_rate': 7.2945101607522e-05, 'epoch': 2.19}
{'loss': 1.5863, 'grad_norm': 0.6627351641654968, 'learning_rate': 7.309675462541705e-05, 'epoch': 2.19}
{'loss': 1.5921, 'grad_norm': 0.6108875870704651, 'learning_rate': 7.32484076433121e-05, 'epoch': 2.2}
{'loss': 1.585, 'grad_norm': 0.6839280724525452, 'learning_rate': 7.340006066120716e-05, 'epoch': 2.2}
{'loss': 1.5819, 'grad_norm': 0.6261449456214905, 'learning_rate': 7.355171367910221e-05, 'epoch': 2.21}
{'loss': 1.5806, 'grad_norm': 0.5850868225097656, 'learning_rate': 7.370336669699728e-05, 'epoch': 2.21}
{'loss': 1.5764, 'grad_norm': 0.5781227350234985, 'learning_rate': 7.385501971489232e-05, 'epoch': 2.22}
{'loss': 1.5826, 'grad_norm': 0.5542536973953247, 'learning_rate': 7.400667273278739e-05, 'epoch': 2.22}
{'loss': 1.577, 'grad_norm': 0.6031259894371033, 'learning_rate': 7.415832575068244e-05, 'epoch': 2.22}
{'loss': 1.5811, 'grad_norm': 0.7248899936676025, 'learning_rate': 7.43099787685775e-05, 'epoch': 2.23}
{'loss': 1.5798, 'grad_norm': 0.5268640518188477, 'learning_rate': 7.446163178647255e-05, 'epoch': 2.23}
{'loss': 1.5818, 'grad_norm': 0.8643708229064941, 'learning_rate': 7.461328480436762e-05, 'epoch': 2.24}
{'loss': 1.5838, 'grad_norm': 0.5159932374954224, 'learning_rate': 7.476493782226267e-05, 'epoch': 2.24}
{'loss': 1.5815, 'grad_norm': 0.5681391358375549, 'learning_rate': 7.491659084015772e-05, 'epoch': 2.25}
{'loss': 1.5743, 'grad_norm': 0.6277773976325989, 'learning_rate': 7.506824385805278e-05, 'epoch': 2.25}
{'loss': 1.5726, 'grad_norm': 0.4994567036628723, 'learning_rate': 7.521989687594784e-05, 'epoch': 2.26}
{'loss': 1.5776, 'grad_norm': 0.8305529952049255, 'learning_rate': 7.53715498938429e-05, 'epoch': 2.26}
{'loss': 1.5775, 'grad_norm': 0.5282692313194275, 'learning_rate': 7.552320291173795e-05, 'epoch': 2.27}
{'loss': 1.5731, 'grad_norm': 0.44190695881843567, 'learning_rate': 7.5674855929633e-05, 'epoch': 2.27}
{'loss': 1.5755, 'grad_norm': 0.4708736836910248, 'learning_rate': 7.582650894752806e-05, 'epoch': 2.27}
{'loss': 1.5732, 'grad_norm': 0.5294588208198547, 'learning_rate': 7.597816196542311e-05, 'epoch': 2.28}
{'loss': 1.577, 'grad_norm': 0.8615790009498596, 'learning_rate': 7.612981498331817e-05, 'epoch': 2.28}
{'loss': 1.5715, 'grad_norm': 0.7701511979103088, 'learning_rate': 7.628146800121323e-05, 'epoch': 2.29}
{'loss': 1.573, 'grad_norm': 1.4694122076034546, 'learning_rate': 7.643312101910829e-05, 'epoch': 2.29}
{'loss': 1.5798, 'grad_norm': 0.5648214817047119, 'learning_rate': 7.658477403700334e-05, 'epoch': 2.3}
{'loss': 1.582, 'grad_norm': 0.6721922159194946, 'learning_rate': 7.67364270548984e-05, 'epoch': 2.3}
{'loss': 1.5778, 'grad_norm': 0.5921478271484375, 'learning_rate': 7.688808007279346e-05, 'epoch': 2.31}
{'loss': 1.5774, 'grad_norm': 0.5879634022712708, 'learning_rate': 7.70397330906885e-05, 'epoch': 2.31}
{'loss': 1.5698, 'grad_norm': 0.5449874401092529, 'learning_rate': 7.719138610858357e-05, 'epoch': 2.32}
{'loss': 1.5739, 'grad_norm': 0.5931717157363892, 'learning_rate': 7.734303912647862e-05, 'epoch': 2.32}
{'loss': 1.5783, 'grad_norm': 3.517338275909424, 'learning_rate': 7.749469214437368e-05, 'epoch': 2.32}
{'loss': 1.5825, 'grad_norm': 0.6400235295295715, 'learning_rate': 7.764634516226873e-05, 'epoch': 2.33}
{'loss': 1.5714, 'grad_norm': 0.5016118884086609, 'learning_rate': 7.779799818016378e-05, 'epoch': 2.33}
{'loss': 1.5686, 'grad_norm': 0.6973192691802979, 'learning_rate': 7.794965119805885e-05, 'epoch': 2.34}
{'loss': 1.5722, 'grad_norm': 0.6373794078826904, 'learning_rate': 7.810130421595389e-05, 'epoch': 2.34}
{'loss': 1.5734, 'grad_norm': 0.47276899218559265, 'learning_rate': 7.825295723384896e-05, 'epoch': 2.35}
{'loss': 1.5757, 'grad_norm': 0.5285712480545044, 'learning_rate': 7.840461025174401e-05, 'epoch': 2.35}
{'loss': 1.577, 'grad_norm': 0.7181305289268494, 'learning_rate': 7.855626326963908e-05, 'epoch': 2.36}
{'loss': 1.5768, 'grad_norm': 0.5673985481262207, 'learning_rate': 7.870791628753412e-05, 'epoch': 2.36}
{'loss': 1.5726, 'grad_norm': 0.4755673408508301, 'learning_rate': 7.885956930542919e-05, 'epoch': 2.37}
{'loss': 1.5659, 'grad_norm': 0.5227917432785034, 'learning_rate': 7.901122232332424e-05, 'epoch': 2.37}
{'loss': 1.5676, 'grad_norm': 0.6427471041679382, 'learning_rate': 7.91628753412193e-05, 'epoch': 2.37}
{'loss': 1.5706, 'grad_norm': 0.4611493945121765, 'learning_rate': 7.931452835911435e-05, 'epoch': 2.38}
{'loss': 1.5737, 'grad_norm': 0.9930242300033569, 'learning_rate': 7.946618137700941e-05, 'epoch': 2.38}
{'loss': 1.5728, 'grad_norm': 0.5154709815979004, 'learning_rate': 7.961783439490447e-05, 'epoch': 2.39}
{'loss': 1.5742, 'grad_norm': 0.7876930832862854, 'learning_rate': 7.976948741279952e-05, 'epoch': 2.39}
{'loss': 1.5719, 'grad_norm': 0.5914251208305359, 'learning_rate': 7.992114043069458e-05, 'epoch': 2.4}
{'loss': 1.5811, 'grad_norm': 0.8003759980201721, 'learning_rate': 8.007279344858963e-05, 'epoch': 2.4}
{'loss': 1.5705, 'grad_norm': 0.6123183369636536, 'learning_rate': 8.022444646648468e-05, 'epoch': 2.41}
{'loss': 1.575, 'grad_norm': 0.5925322771072388, 'learning_rate': 8.037609948437974e-05, 'epoch': 2.41}
{'loss': 1.5717, 'grad_norm': 0.5794110298156738, 'learning_rate': 8.05277525022748e-05, 'epoch': 2.42}
{'loss': 1.5719, 'grad_norm': 0.5018675923347473, 'learning_rate': 8.067940552016986e-05, 'epoch': 2.42}
{'loss': 1.5722, 'grad_norm': 0.739762544631958, 'learning_rate': 8.083105853806491e-05, 'epoch': 2.42}
{'loss': 1.5758, 'grad_norm': 0.6913092732429504, 'learning_rate': 8.098271155595996e-05, 'epoch': 2.43}
{'loss': 1.5701, 'grad_norm': 0.5677399039268494, 'learning_rate': 8.113436457385503e-05, 'epoch': 2.43}
{'loss': 1.5684, 'grad_norm': 0.5610867142677307, 'learning_rate': 8.128601759175007e-05, 'epoch': 2.44}
{'loss': 1.5713, 'grad_norm': 0.7974603176116943, 'learning_rate': 8.143767060964514e-05, 'epoch': 2.44}
{'loss': 1.5674, 'grad_norm': 0.5300306081771851, 'learning_rate': 8.158932362754019e-05, 'epoch': 2.45}
{'loss': 1.5731, 'grad_norm': 1.768978476524353, 'learning_rate': 8.174097664543525e-05, 'epoch': 2.45}
{'loss': 1.5659, 'grad_norm': 0.7613441348075867, 'learning_rate': 8.18926296633303e-05, 'epoch': 2.46}
{'loss': 1.5692, 'grad_norm': 0.5809438228607178, 'learning_rate': 8.204428268122535e-05, 'epoch': 2.46}
{'loss': 1.5713, 'grad_norm': 0.5690817832946777, 'learning_rate': 8.219593569912042e-05, 'epoch': 2.47}
{'loss': 1.571, 'grad_norm': 0.6657427549362183, 'learning_rate': 8.234758871701547e-05, 'epoch': 2.47}
{'loss': 1.5729, 'grad_norm': 0.6513920426368713, 'learning_rate': 8.249924173491053e-05, 'epoch': 2.47}
{'loss': 1.573, 'grad_norm': 0.4941166639328003, 'learning_rate': 8.265089475280558e-05, 'epoch': 2.48}
{'loss': 1.5713, 'grad_norm': 0.8916096687316895, 'learning_rate': 8.280254777070065e-05, 'epoch': 2.48}
{'loss': 1.5658, 'grad_norm': 0.5821084380149841, 'learning_rate': 8.295420078859569e-05, 'epoch': 2.49}
{'loss': 1.5595, 'grad_norm': 0.5195392966270447, 'learning_rate': 8.310585380649076e-05, 'epoch': 2.49}
{'loss': 1.5619, 'grad_norm': 0.4425082206726074, 'learning_rate': 8.325750682438581e-05, 'epoch': 2.5}
{'loss': 1.5663, 'grad_norm': 0.5898498892784119, 'learning_rate': 8.340915984228086e-05, 'epoch': 2.5}
{'loss': 1.5673, 'grad_norm': 0.6646981835365295, 'learning_rate': 8.356081286017592e-05, 'epoch': 2.51}
{'loss': 1.5614, 'grad_norm': 0.6771241426467896, 'learning_rate': 8.371246587807097e-05, 'epoch': 2.51}
{'loss': 1.566, 'grad_norm': 0.6075034737586975, 'learning_rate': 8.386411889596604e-05, 'epoch': 2.52}
{'loss': 1.5638, 'grad_norm': 0.5620222687721252, 'learning_rate': 8.401577191386108e-05, 'epoch': 2.52}
{'loss': 1.5642, 'grad_norm': 0.6137763261795044, 'learning_rate': 8.416742493175615e-05, 'epoch': 2.53}
{'loss': 1.5738, 'grad_norm': 0.7203224301338196, 'learning_rate': 8.43190779496512e-05, 'epoch': 2.53}
{'loss': 1.5615, 'grad_norm': 0.712632417678833, 'learning_rate': 8.447073096754627e-05, 'epoch': 2.53}
{'loss': 1.5602, 'grad_norm': 1.9912500381469727, 'learning_rate': 8.462238398544131e-05, 'epoch': 2.54}
{'loss': 1.5635, 'grad_norm': 0.6006113886833191, 'learning_rate': 8.477403700333637e-05, 'epoch': 2.54}
{'loss': 1.5662, 'grad_norm': 0.4611770808696747, 'learning_rate': 8.492569002123143e-05, 'epoch': 2.55}
{'loss': 1.5622, 'grad_norm': 0.5718140006065369, 'learning_rate': 8.507734303912648e-05, 'epoch': 2.55}
{'loss': 1.5676, 'grad_norm': 0.7209999561309814, 'learning_rate': 8.522899605702154e-05, 'epoch': 2.56}
{'loss': 1.5636, 'grad_norm': 0.4299571216106415, 'learning_rate': 8.53806490749166e-05, 'epoch': 2.56}
{'loss': 1.5693, 'grad_norm': 0.6643565893173218, 'learning_rate': 8.553230209281166e-05, 'epoch': 2.57}
{'loss': 1.5638, 'grad_norm': 0.6088752746582031, 'learning_rate': 8.568395511070671e-05, 'epoch': 2.57}
{'loss': 1.5664, 'grad_norm': 0.4660523235797882, 'learning_rate': 8.583560812860176e-05, 'epoch': 2.58}
{'loss': 1.5666, 'grad_norm': 0.6868822574615479, 'learning_rate': 8.598726114649682e-05, 'epoch': 2.58}
{'loss': 1.5633, 'grad_norm': 1.2625703811645508, 'learning_rate': 8.613891416439187e-05, 'epoch': 2.58}
{'loss': 1.5635, 'grad_norm': 0.5040848255157471, 'learning_rate': 8.629056718228692e-05, 'epoch': 2.59}
{'loss': 1.5591, 'grad_norm': 0.5713583827018738, 'learning_rate': 8.644222020018199e-05, 'epoch': 2.59}
{'loss': 1.5643, 'grad_norm': 0.56678307056427, 'learning_rate': 8.659387321807705e-05, 'epoch': 2.6}
{'loss': 1.5623, 'grad_norm': 0.5555194616317749, 'learning_rate': 8.67455262359721e-05, 'epoch': 2.6}
{'loss': 1.5667, 'grad_norm': 0.6351431012153625, 'learning_rate': 8.689717925386715e-05, 'epoch': 2.61}
{'loss': 1.5609, 'grad_norm': 0.5608316659927368, 'learning_rate': 8.704883227176222e-05, 'epoch': 2.61}
{'loss': 1.5647, 'grad_norm': 0.6558111906051636, 'learning_rate': 8.720048528965726e-05, 'epoch': 2.62}
{'loss': 1.5635, 'grad_norm': 0.5802041888237, 'learning_rate': 8.735213830755233e-05, 'epoch': 2.62}
{'loss': 1.5566, 'grad_norm': 0.8180774450302124, 'learning_rate': 8.750379132544738e-05, 'epoch': 2.63}
{'loss': 1.5567, 'grad_norm': 0.6816418766975403, 'learning_rate': 8.765544434334243e-05, 'epoch': 2.63}
{'loss': 1.5588, 'grad_norm': 0.5367563962936401, 'learning_rate': 8.780709736123749e-05, 'epoch': 2.63}
{'loss': 1.5584, 'grad_norm': 0.6501906514167786, 'learning_rate': 8.795875037913254e-05, 'epoch': 2.64}
{'loss': 1.5572, 'grad_norm': 0.5076321959495544, 'learning_rate': 8.811040339702761e-05, 'epoch': 2.64}
{'loss': 1.5595, 'grad_norm': 0.6232800483703613, 'learning_rate': 8.826205641492265e-05, 'epoch': 2.65}
{'loss': 1.5604, 'grad_norm': 0.46477407217025757, 'learning_rate': 8.841370943281772e-05, 'epoch': 2.65}
{'loss': 1.5575, 'grad_norm': 0.622907280921936, 'learning_rate': 8.856536245071277e-05, 'epoch': 2.66}
{'loss': 1.5541, 'grad_norm': 0.5995118021965027, 'learning_rate': 8.871701546860784e-05, 'epoch': 2.66}
{'loss': 1.5607, 'grad_norm': 0.7547196745872498, 'learning_rate': 8.886866848650288e-05, 'epoch': 2.67}
{'loss': 1.5549, 'grad_norm': 0.772556483745575, 'learning_rate': 8.902032150439795e-05, 'epoch': 2.67}
{'loss': 1.5612, 'grad_norm': 0.525320291519165, 'learning_rate': 8.9171974522293e-05, 'epoch': 2.68}
{'loss': 1.5549, 'grad_norm': 0.6057405471801758, 'learning_rate': 8.932362754018807e-05, 'epoch': 2.68}
{'loss': 1.554, 'grad_norm': 0.542140781879425, 'learning_rate': 8.94752805580831e-05, 'epoch': 2.68}
{'loss': 1.556, 'grad_norm': 0.5283771753311157, 'learning_rate': 8.962693357597817e-05, 'epoch': 2.69}
{'loss': 1.556, 'grad_norm': 2.421273946762085, 'learning_rate': 8.977858659387323e-05, 'epoch': 2.69}
{'loss': 1.5533, 'grad_norm': 0.6333715319633484, 'learning_rate': 8.993023961176828e-05, 'epoch': 2.7}
{'loss': 1.5565, 'grad_norm': 0.6300196051597595, 'learning_rate': 9.008189262966333e-05, 'epoch': 2.7}
{'loss': 1.5727, 'grad_norm': 1.7174495458602905, 'learning_rate': 9.023354564755839e-05, 'epoch': 2.71}
{'loss': 1.6007, 'grad_norm': 0.9327970743179321, 'learning_rate': 9.038519866545346e-05, 'epoch': 2.71}
{'loss': 1.5695, 'grad_norm': 0.6750359535217285, 'learning_rate': 9.05368516833485e-05, 'epoch': 2.72}
{'loss': 1.5652, 'grad_norm': 0.6571749448776245, 'learning_rate': 9.068850470124356e-05, 'epoch': 2.72}
{'loss': 1.5508, 'grad_norm': 0.5047351121902466, 'learning_rate': 9.084015771913862e-05, 'epoch': 2.73}
{'loss': 1.5573, 'grad_norm': 0.5860984325408936, 'learning_rate': 9.099181073703367e-05, 'epoch': 2.73}
pred : ardent in the prosecution of heresy cyril auspiciously opened his reign by oppressing the innovations the most innocent and harmless of the sectaries
label: ardent in the prosecution of heresy cyril auspiciously opened his reign by oppressing the novatians the most innocent and harmless of the sectaries
pred : without any legal sentence without any royal mandate the patriarch at the dawn of day led a seditious multitude to the attack of the synagogues
label: without any legal sentence without any royal mandate the patriarch at the dawn of day led a seditious multitude to the attack of the synagogues
pred : such crimes would have deserved the animadversion of the magistrate but in this promiscuous outrage the innocent were confounded with the guilty and alexandria was impoverished by the loss of a wealthy and industrious colony
label: such crimes would have deserved the animadversion of the magistrate but in this promiscuous outrage the innocent were confounded with the guilty and alexandria was impoverished by the loss of a wealthy and industrious colony
pred : ardent in the prosecution of heresy cyril auspiciously opened his reign by oppressing the innovations the most innocent and harmless of the sectaries
label: ardent in the prosecution of heresy cyril auspiciously opened his reign by oppressing the novatians the most innocent and harmless of the sectaries
pred : without any legal sentence without any royal mandate the patriarch at the dawn of day led a seditious multitude to the attack of the synagogues
label: without any legal sentence without any royal mandate the patriarch at the dawn of day led a seditious multitude to the attack of the synagogues
pred : such crimes would have deserved the animadversion of the magistrate but in this promiscuous outrage the innocent were confounded with the guilty and alexandria was impoverished by the loss of a wealthy and industrious colony
label: such crimes would have deserved the animadversion of the magistrate but in this promiscuous outrage the innocent were confounded with the guilty and alexandria was impoverished by the loss of a wealthy and industrious colony
pred : ardent in the prosecution of heresy cyril auspiciously opened his reign by oppressing the innovations the most innocent and harmless of the sectaries
label: ardent in the prosecution of heresy cyril auspiciously opened his reign by oppressing the novatians the most innocent and harmless of the sectaries
pred : without any legal sentence without any royal mandate the patriarch at the dawn of day led a seditious multitude to the attack of the synagogues
label: without any legal sentence without any royal mandate the patriarch at the dawn of day led a seditious multitude to the attack of the synagogues
pred : such crimes would have deserved the animadversion of the magistrate but in this promiscuous outrage the innocent were confounded with the guilty and alexandria was impoverished by the loss of a wealthy and industrious colony
label: such crimes would have deserved the animadversion of the magistrate but in this promiscuous outrage the innocent were confounded with the guilty and alexandria was impoverished by the loss of a wealthy and industrious colony
pred : ardent in the prosecution of heresy cyril auspiciously opened his reign by oppressing the innovations the most innocent and harmless of the sectaries
label: ardent in the prosecution of heresy cyril auspiciously opened his reign by oppressing the novatians the most innocent and harmless of the sectaries
pred : without any legal sentence without any royal mandate the patriarch at the dawn of day led a seditious multitude to the attack of the synagogues
label: without any legal sentence without any royal mandate the patriarch at the dawn of day led a seditious multitude to the attack of the synagogues
pred : such crimes would have deserved the animadversion of the magistrate but in this promiscuous outrage the innocent were confounded with the guilty and alexandria was impoverished by the loss of a wealthy and industrious colony
label: such crimes would have deserved the animadversion of the magistrate but in this promiscuous outrage the innocent were confounded with the guilty and alexandria was impoverished by the loss of a wealthy and industrious colony
{'eval_loss': 1.6512037515640259, 'eval_bleu': 94.89572408866638, 'eval_wer': 0.029238989114858643, 'eval_cer': 0.01907478802785662, 'eval_rouge1': 0.9794057508905238, 'eval_rouge2': 0.9623652729435352, 'eval_rougeL': 0.9793781576944598, 'eval_runtime': 85.9024, 'eval_samples_per_second': 64.806, 'eval_steps_per_second': 0.338, 'epoch': 2.73}
{'loss': 1.5516, 'grad_norm': 0.5837181806564331, 'learning_rate': 9.114346375492872e-05, 'epoch': 2.73}
{'loss': 1.5607, 'grad_norm': 0.787743866443634, 'learning_rate': 9.129511677282379e-05, 'epoch': 2.74}
{'loss': 1.5559, 'grad_norm': 0.5418924689292908, 'learning_rate': 9.144676979071884e-05, 'epoch': 2.74}
{'loss': 1.5572, 'grad_norm': 0.6610423922538757, 'learning_rate': 9.15984228086139e-05, 'epoch': 2.75}
{'loss': 1.5481, 'grad_norm': 0.5031104683876038, 'learning_rate': 9.175007582650895e-05, 'epoch': 2.75}
{'loss': 1.5518, 'grad_norm': 0.6109251379966736, 'learning_rate': 9.1901728844404e-05, 'epoch': 2.76}
{'loss': 1.5513, 'grad_norm': 0.5769091248512268, 'learning_rate': 9.205338186229906e-05, 'epoch': 2.76}
{'loss': 1.5476, 'grad_norm': 0.6215211749076843, 'learning_rate': 9.220503488019411e-05, 'epoch': 2.77}
{'loss': 1.5583, 'grad_norm': 1.076811671257019, 'learning_rate': 9.235668789808918e-05, 'epoch': 2.77}
{'loss': 1.5562, 'grad_norm': 0.5770084261894226, 'learning_rate': 9.250834091598423e-05, 'epoch': 2.78}
{'loss': 1.5467, 'grad_norm': 0.48186618089675903, 'learning_rate': 9.265999393387929e-05, 'epoch': 2.78}
{'loss': 1.5575, 'grad_norm': 0.5284015536308289, 'learning_rate': 9.281164695177434e-05, 'epoch': 2.78}
{'loss': 1.5503, 'grad_norm': 0.8157055974006653, 'learning_rate': 9.296329996966941e-05, 'epoch': 2.79}
{'loss': 1.5516, 'grad_norm': 0.49896305799484253, 'learning_rate': 9.311495298756445e-05, 'epoch': 2.79}
{'loss': 1.5484, 'grad_norm': 0.6215836405754089, 'learning_rate': 9.326660600545952e-05, 'epoch': 2.8}
{'loss': 1.5496, 'grad_norm': 0.5771074891090393, 'learning_rate': 9.341825902335457e-05, 'epoch': 2.8}
{'loss': 1.5467, 'grad_norm': 0.4775681495666504, 'learning_rate': 9.356991204124964e-05, 'epoch': 2.81}
{'loss': 1.5518, 'grad_norm': 0.5939885973930359, 'learning_rate': 9.372156505914468e-05, 'epoch': 2.81}
{'loss': 1.5547, 'grad_norm': 0.5477979183197021, 'learning_rate': 9.387321807703974e-05, 'epoch': 2.82}
{'loss': 1.5445, 'grad_norm': 0.6157654523849487, 'learning_rate': 9.40248710949348e-05, 'epoch': 2.82}
{'loss': 1.5413, 'grad_norm': 0.6444296836853027, 'learning_rate': 9.417652411282985e-05, 'epoch': 2.83}
{'loss': 1.5516, 'grad_norm': 0.4845515191555023, 'learning_rate': 9.43281771307249e-05, 'epoch': 2.83}
{'loss': 1.5491, 'grad_norm': 0.6182606816291809, 'learning_rate': 9.447983014861996e-05, 'epoch': 2.83}
{'loss': 1.551, 'grad_norm': 0.666896402835846, 'learning_rate': 9.463148316651503e-05, 'epoch': 2.84}
{'loss': 1.5453, 'grad_norm': 0.492254376411438, 'learning_rate': 9.478313618441007e-05, 'epoch': 2.84}
{'loss': 1.5446, 'grad_norm': 0.5085369348526001, 'learning_rate': 9.493478920230513e-05, 'epoch': 2.85}
{'loss': 1.5535, 'grad_norm': 1.0167845487594604, 'learning_rate': 9.508644222020019e-05, 'epoch': 2.85}
{'loss': 1.5506, 'grad_norm': 1.7224212884902954, 'learning_rate': 9.523809523809524e-05, 'epoch': 2.86}
{'loss': 1.552, 'grad_norm': 0.6692217588424683, 'learning_rate': 9.53897482559903e-05, 'epoch': 2.86}
{'loss': 1.5645, 'grad_norm': 0.6303507089614868, 'learning_rate': 9.554140127388536e-05, 'epoch': 2.87}
{'loss': 1.5521, 'grad_norm': 0.864128828048706, 'learning_rate': 9.569305429178042e-05, 'epoch': 2.87}
{'loss': 1.5486, 'grad_norm': 0.40612152218818665, 'learning_rate': 9.584470730967547e-05, 'epoch': 2.88}
{'loss': 1.5455, 'grad_norm': 0.4898259937763214, 'learning_rate': 9.599636032757052e-05, 'epoch': 2.88}
{'loss': 1.5392, 'grad_norm': 0.4387418031692505, 'learning_rate': 9.614801334546558e-05, 'epoch': 2.88}
{'loss': 1.5528, 'grad_norm': 0.4635898172855377, 'learning_rate': 9.629966636336063e-05, 'epoch': 2.89}
{'loss': 1.5464, 'grad_norm': 0.5080236196517944, 'learning_rate': 9.645131938125568e-05, 'epoch': 2.89}
{'loss': 1.5514, 'grad_norm': 0.5387317538261414, 'learning_rate': 9.660297239915075e-05, 'epoch': 2.9}
{'loss': 1.5508, 'grad_norm': 0.5138217210769653, 'learning_rate': 9.67546254170458e-05, 'epoch': 2.9}
{'loss': 1.5474, 'grad_norm': 0.4906091094017029, 'learning_rate': 9.690627843494086e-05, 'epoch': 2.91}
{'loss': 1.5436, 'grad_norm': 0.646786630153656, 'learning_rate': 9.705793145283591e-05, 'epoch': 2.91}
{'loss': 1.547, 'grad_norm': 0.5110782384872437, 'learning_rate': 9.720958447073098e-05, 'epoch': 2.92}
{'loss': 1.5482, 'grad_norm': 0.4879354238510132, 'learning_rate': 9.736123748862603e-05, 'epoch': 2.92}
{'loss': 1.545, 'grad_norm': 0.38639572262763977, 'learning_rate': 9.751289050652109e-05, 'epoch': 2.93}
{'loss': 1.5454, 'grad_norm': 0.6191754937171936, 'learning_rate': 9.766454352441614e-05, 'epoch': 2.93}
{'loss': 1.5504, 'grad_norm': 0.6464148163795471, 'learning_rate': 9.78161965423112e-05, 'epoch': 2.93}
{'loss': 1.5412, 'grad_norm': 0.387983500957489, 'learning_rate': 9.796784956020625e-05, 'epoch': 2.94}
{'loss': 1.5422, 'grad_norm': 0.4232485890388489, 'learning_rate': 9.81195025781013e-05, 'epoch': 2.94}
{'loss': 1.5467, 'grad_norm': 0.4050329029560089, 'learning_rate': 9.827115559599637e-05, 'epoch': 2.95}
{'loss': 1.5499, 'grad_norm': 0.7155150771141052, 'learning_rate': 9.842280861389142e-05, 'epoch': 2.95}
{'loss': 1.5419, 'grad_norm': 0.614535927772522, 'learning_rate': 9.857446163178648e-05, 'epoch': 2.96}
{'loss': 1.5455, 'grad_norm': 0.5080498456954956, 'learning_rate': 9.872611464968153e-05, 'epoch': 2.96}
{'loss': 1.5429, 'grad_norm': 0.6391058564186096, 'learning_rate': 9.88777676675766e-05, 'epoch': 2.97}
{'loss': 1.5443, 'grad_norm': 0.49962323904037476, 'learning_rate': 9.902942068547164e-05, 'epoch': 2.97}
{'loss': 1.5408, 'grad_norm': 0.43230101466178894, 'learning_rate': 9.91810737033667e-05, 'epoch': 2.98}
{'loss': 1.5421, 'grad_norm': 0.6520401239395142, 'learning_rate': 9.933272672126176e-05, 'epoch': 2.98}
{'loss': 1.5421, 'grad_norm': 0.6029548645019531, 'learning_rate': 9.948437973915683e-05, 'epoch': 2.98}
{'loss': 1.5413, 'grad_norm': 1.948038935661316, 'learning_rate': 9.963603275705187e-05, 'epoch': 2.99}
{'loss': 1.547, 'grad_norm': 0.6234903335571289, 'learning_rate': 9.978768577494693e-05, 'epoch': 2.99}
{'loss': 1.5464, 'grad_norm': 0.6881477236747742, 'learning_rate': 9.993933879284199e-05, 'epoch': 3.0}
{'loss': 1.5435, 'grad_norm': 0.7366717457771301, 'learning_rate': 9.9989889798807e-05, 'epoch': 3.0}
{'loss': 1.5324, 'grad_norm': 0.505793571472168, 'learning_rate': 9.997303946348534e-05, 'epoch': 3.01}
{'loss': 1.5321, 'grad_norm': 0.39975592494010925, 'learning_rate': 9.995618912816365e-05, 'epoch': 3.01}
{'loss': 1.5303, 'grad_norm': 0.5433498620986938, 'learning_rate': 9.993933879284199e-05, 'epoch': 3.02}
{'loss': 1.5314, 'grad_norm': 0.5534657835960388, 'learning_rate': 9.992248845752032e-05, 'epoch': 3.02}
{'loss': 1.5271, 'grad_norm': 0.5610203742980957, 'learning_rate': 9.990563812219864e-05, 'epoch': 3.03}
{'loss': 1.53, 'grad_norm': 0.40119314193725586, 'learning_rate': 9.988878778687695e-05, 'epoch': 3.03}
{'loss': 1.5314, 'grad_norm': 0.8087112307548523, 'learning_rate': 9.987193745155529e-05, 'epoch': 3.03}
{'loss': 1.5319, 'grad_norm': 0.44847196340560913, 'learning_rate': 9.985508711623362e-05, 'epoch': 3.04}
{'loss': 1.5364, 'grad_norm': 0.6542168855667114, 'learning_rate': 9.983823678091194e-05, 'epoch': 3.04}
{'loss': 1.5391, 'grad_norm': 0.5066605806350708, 'learning_rate': 9.982138644559027e-05, 'epoch': 3.05}
{'loss': 1.5354, 'grad_norm': 0.5570547580718994, 'learning_rate': 9.98045361102686e-05, 'epoch': 3.05}
{'loss': 1.5328, 'grad_norm': 0.5692445635795593, 'learning_rate': 9.978768577494693e-05, 'epoch': 3.06}
{'loss': 1.5318, 'grad_norm': 0.6651983261108398, 'learning_rate': 9.977083543962525e-05, 'epoch': 3.06}
{'loss': 1.5288, 'grad_norm': 0.5576141476631165, 'learning_rate': 9.975398510430358e-05, 'epoch': 3.07}
{'loss': 1.5266, 'grad_norm': 0.4265238642692566, 'learning_rate': 9.973713476898191e-05, 'epoch': 3.07}
{'loss': 1.5286, 'grad_norm': 0.4026907682418823, 'learning_rate': 9.972028443366023e-05, 'epoch': 3.08}
{'loss': 1.5205, 'grad_norm': 0.4975295662879944, 'learning_rate': 9.970343409833856e-05, 'epoch': 3.08}
{'loss': 1.5277, 'grad_norm': 0.8758368492126465, 'learning_rate': 9.96865837630169e-05, 'epoch': 3.08}
{'loss': 1.5271, 'grad_norm': 0.4460289478302002, 'learning_rate': 9.966973342769521e-05, 'epoch': 3.09}
{'loss': 1.5225, 'grad_norm': 0.48821184039115906, 'learning_rate': 9.965288309237353e-05, 'epoch': 3.09}
{'loss': 1.5216, 'grad_norm': 0.6718466281890869, 'learning_rate': 9.963603275705187e-05, 'epoch': 3.1}
{'loss': 1.5232, 'grad_norm': 0.3708137273788452, 'learning_rate': 9.96191824217302e-05, 'epoch': 3.1}
{'loss': 1.5232, 'grad_norm': 0.5759605169296265, 'learning_rate': 9.960233208640853e-05, 'epoch': 3.11}
{'loss': 1.5221, 'grad_norm': 0.3633865416049957, 'learning_rate': 9.958548175108685e-05, 'epoch': 3.11}
{'loss': 1.5222, 'grad_norm': 0.4400755763053894, 'learning_rate': 9.956863141576518e-05, 'epoch': 3.12}
{'loss': 1.5241, 'grad_norm': 0.6866670846939087, 'learning_rate': 9.955178108044351e-05, 'epoch': 3.12}
{'loss': 1.5254, 'grad_norm': 0.6132824420928955, 'learning_rate': 9.953493074512183e-05, 'epoch': 3.13}
{'loss': 1.5237, 'grad_norm': 0.46853548288345337, 'learning_rate': 9.951808040980016e-05, 'epoch': 3.13}
{'loss': 1.5314, 'grad_norm': 0.39134669303894043, 'learning_rate': 9.950123007447849e-05, 'epoch': 3.13}
{'loss': 1.5287, 'grad_norm': 0.4679941236972809, 'learning_rate': 9.948437973915683e-05, 'epoch': 3.14}
{'loss': 1.5308, 'grad_norm': 0.5851688385009766, 'learning_rate': 9.946752940383513e-05, 'epoch': 3.14}
{'loss': 1.5287, 'grad_norm': 0.6650460362434387, 'learning_rate': 9.945067906851346e-05, 'epoch': 3.15}
{'loss': 1.5287, 'grad_norm': 0.5769270062446594, 'learning_rate': 9.94338287331918e-05, 'epoch': 3.15}
{'loss': 1.5296, 'grad_norm': 0.5593015551567078, 'learning_rate': 9.941697839787013e-05, 'epoch': 3.16}
{'loss': 1.5251, 'grad_norm': 0.34851187467575073, 'learning_rate': 9.940012806254844e-05, 'epoch': 3.16}
{'loss': 1.525, 'grad_norm': 0.3785315454006195, 'learning_rate': 9.938327772722678e-05, 'epoch': 3.17}
{'loss': 1.5267, 'grad_norm': 0.5879732370376587, 'learning_rate': 9.936642739190511e-05, 'epoch': 3.17}
{'loss': 1.5249, 'grad_norm': 0.5106067061424255, 'learning_rate': 9.934957705658343e-05, 'epoch': 3.18}
{'loss': 1.5311, 'grad_norm': 0.42657169699668884, 'learning_rate': 9.933272672126176e-05, 'epoch': 3.18}
{'loss': 1.5256, 'grad_norm': 26.043865203857422, 'learning_rate': 9.931587638594009e-05, 'epoch': 3.18}
{'loss': 1.5266, 'grad_norm': 0.55556321144104, 'learning_rate': 9.929902605061842e-05, 'epoch': 3.19}
{'loss': 1.5331, 'grad_norm': 0.7059524655342102, 'learning_rate': 9.928217571529674e-05, 'epoch': 3.19}
{'loss': 1.5279, 'grad_norm': 0.46154266595840454, 'learning_rate': 9.926532537997507e-05, 'epoch': 3.2}
{'loss': 1.5267, 'grad_norm': 0.5485538244247437, 'learning_rate': 9.924847504465339e-05, 'epoch': 3.2}
{'loss': 1.5243, 'grad_norm': 0.6077858805656433, 'learning_rate': 9.923162470933172e-05, 'epoch': 3.21}
{'loss': 1.5252, 'grad_norm': 0.5979257225990295, 'learning_rate': 9.921477437401004e-05, 'epoch': 3.21}
{'loss': 1.5253, 'grad_norm': 0.4399813711643219, 'learning_rate': 9.919792403868837e-05, 'epoch': 3.22}
{'loss': 1.5237, 'grad_norm': 0.4616168141365051, 'learning_rate': 9.91810737033667e-05, 'epoch': 3.22}
{'loss': 1.5209, 'grad_norm': 0.4525401294231415, 'learning_rate': 9.916422336804502e-05, 'epoch': 3.23}
{'loss': 1.5264, 'grad_norm': 0.44389164447784424, 'learning_rate': 9.914737303272335e-05, 'epoch': 3.23}
{'loss': 1.5221, 'grad_norm': 0.38248172402381897, 'learning_rate': 9.913052269740169e-05, 'epoch': 3.23}
{'loss': 1.52, 'grad_norm': 0.43698665499687195, 'learning_rate': 9.911367236208002e-05, 'epoch': 3.24}
{'loss': 1.5266, 'grad_norm': 0.39908477663993835, 'learning_rate': 9.909682202675834e-05, 'epoch': 3.24}
{'loss': 1.5286, 'grad_norm': 0.6387335658073425, 'learning_rate': 9.907997169143667e-05, 'epoch': 3.25}
{'loss': 1.5241, 'grad_norm': 0.5502161979675293, 'learning_rate': 9.9063121356115e-05, 'epoch': 3.25}
{'loss': 1.531, 'grad_norm': 1.111372709274292, 'learning_rate': 9.904627102079332e-05, 'epoch': 3.26}
{'loss': 1.5262, 'grad_norm': 0.5388743281364441, 'learning_rate': 9.902942068547164e-05, 'epoch': 3.26}
{'loss': 1.5297, 'grad_norm': 0.5351142287254333, 'learning_rate': 9.901257035014997e-05, 'epoch': 3.27}
{'loss': 1.5213, 'grad_norm': 0.4098800718784332, 'learning_rate': 9.89957200148283e-05, 'epoch': 3.27}
{'loss': 1.5249, 'grad_norm': 0.46387842297554016, 'learning_rate': 9.897886967950662e-05, 'epoch': 3.28}
{'loss': 1.5239, 'grad_norm': 0.6233938336372375, 'learning_rate': 9.896201934418495e-05, 'epoch': 3.28}
{'loss': 1.5207, 'grad_norm': 0.32450488209724426, 'learning_rate': 9.894516900886328e-05, 'epoch': 3.28}
{'loss': 1.5204, 'grad_norm': 0.3557460606098175, 'learning_rate': 9.892831867354161e-05, 'epoch': 3.29}
{'loss': 1.5198, 'grad_norm': 0.3654558062553406, 'learning_rate': 9.891146833821993e-05, 'epoch': 3.29}
{'loss': 1.5246, 'grad_norm': 0.6436759829521179, 'learning_rate': 9.889461800289826e-05, 'epoch': 3.3}
{'loss': 1.5212, 'grad_norm': 0.4108806848526001, 'learning_rate': 9.88777676675766e-05, 'epoch': 3.3}
{'loss': 1.5367, 'grad_norm': 0.7948259711265564, 'learning_rate': 9.886091733225492e-05, 'epoch': 3.31}
{'loss': 1.5288, 'grad_norm': 0.48609668016433716, 'learning_rate': 9.884406699693325e-05, 'epoch': 3.31}
{'loss': 1.5245, 'grad_norm': 0.588383138179779, 'learning_rate': 9.882721666161157e-05, 'epoch': 3.32}
{'loss': 1.5296, 'grad_norm': 0.5639519691467285, 'learning_rate': 9.88103663262899e-05, 'epoch': 3.32}
{'loss': 1.5194, 'grad_norm': 0.5698882937431335, 'learning_rate': 9.879351599096822e-05, 'epoch': 3.33}
{'loss': 1.5273, 'grad_norm': 0.45941829681396484, 'learning_rate': 9.877666565564655e-05, 'epoch': 3.33}
{'loss': 1.5254, 'grad_norm': 0.6170608401298523, 'learning_rate': 9.875981532032488e-05, 'epoch': 3.33}
{'loss': 1.5237, 'grad_norm': 0.4013389050960541, 'learning_rate': 9.874296498500321e-05, 'epoch': 3.34}
{'loss': 1.5205, 'grad_norm': 0.4067075550556183, 'learning_rate': 9.872611464968153e-05, 'epoch': 3.34}
{'loss': 1.5289, 'grad_norm': 0.39089804887771606, 'learning_rate': 9.870926431435986e-05, 'epoch': 3.35}
{'loss': 1.5231, 'grad_norm': 0.5127633213996887, 'learning_rate': 9.86924139790382e-05, 'epoch': 3.35}
{'loss': 1.5219, 'grad_norm': 0.5509454607963562, 'learning_rate': 9.867556364371651e-05, 'epoch': 3.36}
{'loss': 1.5213, 'grad_norm': 0.5755401253700256, 'learning_rate': 9.865871330839484e-05, 'epoch': 3.36}
{'loss': 1.5172, 'grad_norm': 0.5528774261474609, 'learning_rate': 9.864186297307318e-05, 'epoch': 3.37}
{'loss': 1.5224, 'grad_norm': 0.4658774435520172, 'learning_rate': 9.86250126377515e-05, 'epoch': 3.37}
{'loss': 1.5224, 'grad_norm': 0.35426825284957886, 'learning_rate': 9.860816230242981e-05, 'epoch': 3.38}
{'loss': 1.5197, 'grad_norm': 0.5708955526351929, 'learning_rate': 9.859131196710814e-05, 'epoch': 3.38}
{'loss': 1.5155, 'grad_norm': 0.4356316924095154, 'learning_rate': 9.857446163178648e-05, 'epoch': 3.38}
{'loss': 1.5164, 'grad_norm': 0.6182105541229248, 'learning_rate': 9.855761129646481e-05, 'epoch': 3.39}
{'loss': 1.523, 'grad_norm': 0.39562883973121643, 'learning_rate': 9.854076096114313e-05, 'epoch': 3.39}
{'loss': 1.5165, 'grad_norm': 0.46389004588127136, 'learning_rate': 9.852391062582146e-05, 'epoch': 3.4}
{'loss': 1.5163, 'grad_norm': 0.48814672231674194, 'learning_rate': 9.850706029049979e-05, 'epoch': 3.4}
{'loss': 1.5188, 'grad_norm': 0.4557309150695801, 'learning_rate': 9.849020995517811e-05, 'epoch': 3.41}
{'loss': 1.5147, 'grad_norm': 0.42892053723335266, 'learning_rate': 9.847335961985644e-05, 'epoch': 3.41}
{'loss': 1.5203, 'grad_norm': 0.3981356620788574, 'learning_rate': 9.845650928453477e-05, 'epoch': 3.42}
{'loss': 1.5124, 'grad_norm': 0.5195085406303406, 'learning_rate': 9.84396589492131e-05, 'epoch': 3.42}
{'loss': 1.5162, 'grad_norm': 0.5038641095161438, 'learning_rate': 9.842280861389142e-05, 'epoch': 3.43}
{'loss': 1.5149, 'grad_norm': 0.40246614813804626, 'learning_rate': 9.840595827856974e-05, 'epoch': 3.43}
{'loss': 1.516, 'grad_norm': 0.4071824252605438, 'learning_rate': 9.838910794324807e-05, 'epoch': 3.43}
{'loss': 1.5161, 'grad_norm': 0.5908315181732178, 'learning_rate': 9.83722576079264e-05, 'epoch': 3.44}
{'loss': 1.5254, 'grad_norm': 0.3382534980773926, 'learning_rate': 9.835540727260472e-05, 'epoch': 3.44}
{'loss': 1.517, 'grad_norm': 0.39151832461357117, 'learning_rate': 9.833855693728305e-05, 'epoch': 3.45}
{'loss': 1.5186, 'grad_norm': 0.33670786023139954, 'learning_rate': 9.832170660196139e-05, 'epoch': 3.45}
{'loss': 1.5205, 'grad_norm': 0.5075341463088989, 'learning_rate': 9.83048562666397e-05, 'epoch': 3.46}
{'loss': 1.5208, 'grad_norm': 0.4075668156147003, 'learning_rate': 9.828800593131804e-05, 'epoch': 3.46}
{'loss': 1.5196, 'grad_norm': 0.3946570158004761, 'learning_rate': 9.827115559599637e-05, 'epoch': 3.47}
{'loss': 1.5293, 'grad_norm': 0.6037622094154358, 'learning_rate': 9.82543052606747e-05, 'epoch': 3.47}
{'loss': 1.547, 'grad_norm': 0.664657711982727, 'learning_rate': 9.823745492535302e-05, 'epoch': 3.48}
{'loss': 1.5229, 'grad_norm': 0.4827234745025635, 'learning_rate': 9.822060459003135e-05, 'epoch': 3.48}
{'loss': 1.5221, 'grad_norm': 0.5871122479438782, 'learning_rate': 9.820375425470968e-05, 'epoch': 3.48}
{'loss': 1.5211, 'grad_norm': 0.5781559944152832, 'learning_rate': 9.8186903919388e-05, 'epoch': 3.49}
{'loss': 1.5122, 'grad_norm': 0.39482197165489197, 'learning_rate': 9.817005358406632e-05, 'epoch': 3.49}
{'loss': 1.5111, 'grad_norm': 0.4356696307659149, 'learning_rate': 9.815320324874465e-05, 'epoch': 3.5}
{'loss': 1.5187, 'grad_norm': 0.3347693383693695, 'learning_rate': 9.813635291342298e-05, 'epoch': 3.5}
{'loss': 1.5179, 'grad_norm': 0.4128849506378174, 'learning_rate': 9.81195025781013e-05, 'epoch': 3.51}
{'loss': 1.5167, 'grad_norm': 0.7000458240509033, 'learning_rate': 9.810265224277963e-05, 'epoch': 3.51}
{'loss': 1.5102, 'grad_norm': 0.3707957863807678, 'learning_rate': 9.808580190745797e-05, 'epoch': 3.52}
{'loss': 1.5144, 'grad_norm': 0.5832914113998413, 'learning_rate': 9.80689515721363e-05, 'epoch': 3.52}
{'loss': 1.5232, 'grad_norm': 0.44695886969566345, 'learning_rate': 9.805210123681462e-05, 'epoch': 3.53}
{'loss': 1.5133, 'grad_norm': 0.39168834686279297, 'learning_rate': 9.803525090149295e-05, 'epoch': 3.53}
{'loss': 1.5166, 'grad_norm': 0.39206066727638245, 'learning_rate': 9.801840056617128e-05, 'epoch': 3.54}
{'loss': 1.5185, 'grad_norm': 0.4695771634578705, 'learning_rate': 9.80015502308496e-05, 'epoch': 3.54}
{'loss': 1.5186, 'grad_norm': 0.3732008635997772, 'learning_rate': 9.798469989552792e-05, 'epoch': 3.54}
{'loss': 1.5147, 'grad_norm': 0.42555633187294006, 'learning_rate': 9.796784956020625e-05, 'epoch': 3.55}
{'loss': 1.5181, 'grad_norm': 1.5316864252090454, 'learning_rate': 9.795099922488458e-05, 'epoch': 3.55}
{'loss': 1.5169, 'grad_norm': 0.4861484467983246, 'learning_rate': 9.79341488895629e-05, 'epoch': 3.56}
{'loss': 1.5267, 'grad_norm': 0.7071927189826965, 'learning_rate': 9.791729855424123e-05, 'epoch': 3.56}
{'loss': 1.5204, 'grad_norm': 0.43062326312065125, 'learning_rate': 9.790044821891956e-05, 'epoch': 3.57}
{'loss': 1.5214, 'grad_norm': 0.525400698184967, 'learning_rate': 9.78835978835979e-05, 'epoch': 3.57}
{'loss': 1.5138, 'grad_norm': 0.354815274477005, 'learning_rate': 9.786674754827621e-05, 'epoch': 3.58}
{'loss': 1.5128, 'grad_norm': 0.39825087785720825, 'learning_rate': 9.784989721295454e-05, 'epoch': 3.58}
{'loss': 1.5171, 'grad_norm': 0.4544232487678528, 'learning_rate': 9.783304687763288e-05, 'epoch': 3.59}
{'loss': 1.5134, 'grad_norm': 0.5212360620498657, 'learning_rate': 9.78161965423112e-05, 'epoch': 3.59}
{'loss': 1.5125, 'grad_norm': 0.48635438084602356, 'learning_rate': 9.779934620698953e-05, 'epoch': 3.59}
{'loss': 1.5129, 'grad_norm': 0.4647274315357208, 'learning_rate': 9.778249587166786e-05, 'epoch': 3.6}
{'loss': 1.5159, 'grad_norm': 0.5544718503952026, 'learning_rate': 9.776564553634618e-05, 'epoch': 3.6}
{'loss': 1.515, 'grad_norm': 0.542191207408905, 'learning_rate': 9.774879520102451e-05, 'epoch': 3.61}
{'loss': 1.5135, 'grad_norm': 0.4715835154056549, 'learning_rate': 9.773194486570283e-05, 'epoch': 3.61}
{'loss': 1.5083, 'grad_norm': 0.5057368874549866, 'learning_rate': 9.771509453038116e-05, 'epoch': 3.62}
{'loss': 1.512, 'grad_norm': 0.3835621178150177, 'learning_rate': 9.769824419505949e-05, 'epoch': 3.62}
{'loss': 1.509, 'grad_norm': 0.3881218731403351, 'learning_rate': 9.768139385973781e-05, 'epoch': 3.63}
{'loss': 1.5135, 'grad_norm': 0.57566899061203, 'learning_rate': 9.766454352441614e-05, 'epoch': 3.63}
{'loss': 1.5139, 'grad_norm': 0.36636820435523987, 'learning_rate': 9.764769318909447e-05, 'epoch': 3.64}
{'loss': 1.5124, 'grad_norm': 0.42716917395591736, 'learning_rate': 9.763084285377279e-05, 'epoch': 3.64}
pred : ardent in the prosecution of heresy cyril auspiciously opened his reign by oppressing the novations the most innocent and harmless of the sectaries
label: ardent in the prosecution of heresy cyril auspiciously opened his reign by oppressing the novatians the most innocent and harmless of the sectaries
pred : without any legal sentence without any royal mandate the patriarch at the dawn of day led a seditious multitude to the attack of the synagogues
label: without any legal sentence without any royal mandate the patriarch at the dawn of day led a seditious multitude to the attack of the synagogues
pred : such crimes would have deserved the animadversion of the magistrate but in this promiscuous outrage the innocent were confounded with the guilty and alexandria was impoverished by the loss of a wealthy and industrious colony
label: such crimes would have deserved the animadversion of the magistrate but in this promiscuous outrage the innocent were confounded with the guilty and alexandria was impoverished by the loss of a wealthy and industrious colony
pred :pred :  ardent in the prosecution of heresy cyril auspiciously opened his reign by oppressing the novations the most innocent and harmless of the sectariesardent in the prosecution of heresy cyril auspiciously opened his reign by oppressing the novations the most innocent and harmless of the sectaries

label:label:  ardent in the prosecution of heresy cyril auspiciously opened his reign by oppressing the novatians the most innocent and harmless of the sectariesardent in the prosecution of heresy cyril auspiciously opened his reign by oppressing the novatians the most innocent and harmless of the sectaries

pred :pred :  without any legal sentence without any royal mandate the patriarch at the dawn of day led a seditious multitude to the attack of the synagogueswithout any legal sentence without any royal mandate the patriarch at the dawn of day led a seditious multitude to the attack of the synagogues

label:label:  without any legal sentence without any royal mandate the patriarch at the dawn of day led a seditious multitude to the attack of the synagogueswithout any legal sentence without any royal mandate the patriarch at the dawn of day led a seditious multitude to the attack of the synagogues

pred :pred :  such crimes would have deserved the animadversion of the magistrate but in this promiscuous outrage the innocent were confounded with the guilty and alexandria was impoverished by the loss of a wealthy and industrious colonysuch crimes would have deserved the animadversion of the magistrate but in this promiscuous outrage the innocent were confounded with the guilty and alexandria was impoverished by the loss of a wealthy and industrious colony

label:label:  such crimes would have deserved the animadversion of the magistrate but in this promiscuous outrage the innocent were confounded with the guilty and alexandria was impoverished by the loss of a wealthy and industrious colonysuch crimes would have deserved the animadversion of the magistrate but in this promiscuous outrage the innocent were confounded with the guilty and alexandria was impoverished by the loss of a wealthy and industrious colony

pred : ardent in the prosecution of heresy cyril auspiciously opened his reign by oppressing the novations the most innocent and harmless of the sectaries
label: ardent in the prosecution of heresy cyril auspiciously opened his reign by oppressing the novatians the most innocent and harmless of the sectaries
pred : without any legal sentence without any royal mandate the patriarch at the dawn of day led a seditious multitude to the attack of the synagogues
label: without any legal sentence without any royal mandate the patriarch at the dawn of day led a seditious multitude to the attack of the synagogues
pred : such crimes would have deserved the animadversion of the magistrate but in this promiscuous outrage the innocent were confounded with the guilty and alexandria was impoverished by the loss of a wealthy and industrious colony
label: such crimes would have deserved the animadversion of the magistrate but in this promiscuous outrage the innocent were confounded with the guilty and alexandria was impoverished by the loss of a wealthy and industrious colony
{'eval_loss': 1.6270993947982788, 'eval_bleu': 95.43562428127014, 'eval_wer': 0.02681901435851689, 'eval_cer': 0.017459075220808074, 'eval_rouge1': 0.9811955694153596, 'eval_rouge2': 0.9661345851259475, 'eval_rougeL': 0.9811345714211774, 'eval_runtime': 86.6979, 'eval_samples_per_second': 64.211, 'eval_steps_per_second': 0.334, 'epoch': 3.64}
{'loss': 1.5119, 'grad_norm': 0.3856763541698456, 'learning_rate': 9.761399251845112e-05, 'epoch': 3.64}
{'loss': 1.511, 'grad_norm': 0.41969090700149536, 'learning_rate': 9.759714218312945e-05, 'epoch': 3.65}
{'loss': 1.5127, 'grad_norm': 0.9317593574523926, 'learning_rate': 9.758029184780779e-05, 'epoch': 3.65}
{'loss': 1.5138, 'grad_norm': 0.5204376578330994, 'learning_rate': 9.75634415124861e-05, 'epoch': 3.66}
{'loss': 1.5155, 'grad_norm': 0.5375906825065613, 'learning_rate': 9.754659117716442e-05, 'epoch': 3.66}
{'loss': 1.5163, 'grad_norm': 0.3547574281692505, 'learning_rate': 9.752974084184275e-05, 'epoch': 3.67}
{'loss': 1.5126, 'grad_norm': 0.41437676548957825, 'learning_rate': 9.751289050652109e-05, 'epoch': 3.67}
{'loss': 1.5066, 'grad_norm': 0.5112993121147156, 'learning_rate': 9.74960401711994e-05, 'epoch': 3.68}
{'loss': 1.5064, 'grad_norm': 0.39493197202682495, 'learning_rate': 9.747918983587774e-05, 'epoch': 3.68}
{'loss': 1.5086, 'grad_norm': 0.6137182712554932, 'learning_rate': 9.746233950055607e-05, 'epoch': 3.69}
{'loss': 1.5134, 'grad_norm': 0.382307231426239, 'learning_rate': 9.744548916523439e-05, 'epoch': 3.69}
{'loss': 1.5138, 'grad_norm': 0.6296070218086243, 'learning_rate': 9.742863882991272e-05, 'epoch': 3.69}
{'loss': 1.513, 'grad_norm': 0.7813465595245361, 'learning_rate': 9.741178849459105e-05, 'epoch': 3.7}
{'loss': 1.5126, 'grad_norm': 0.44931384921073914, 'learning_rate': 9.739493815926938e-05, 'epoch': 3.7}
{'loss': 1.5086, 'grad_norm': 0.5608965754508972, 'learning_rate': 9.73780878239477e-05, 'epoch': 3.71}
{'loss': 1.515, 'grad_norm': 0.8390828967094421, 'learning_rate': 9.736123748862603e-05, 'epoch': 3.71}
{'loss': 1.5119, 'grad_norm': 0.4348736107349396, 'learning_rate': 9.734438715330435e-05, 'epoch': 3.72}
{'loss': 1.5098, 'grad_norm': 0.5346226096153259, 'learning_rate': 9.732753681798268e-05, 'epoch': 3.72}
{'loss': 1.5122, 'grad_norm': 0.43785569071769714, 'learning_rate': 9.7310686482661e-05, 'epoch': 3.73}
{'loss': 1.508, 'grad_norm': 0.5119720697402954, 'learning_rate': 9.729383614733933e-05, 'epoch': 3.73}
{'loss': 1.5112, 'grad_norm': 0.5081747174263, 'learning_rate': 9.727698581201767e-05, 'epoch': 3.74}
{'loss': 1.5135, 'grad_norm': 0.3899326026439667, 'learning_rate': 9.7260135476696e-05, 'epoch': 3.74}
{'loss': 1.5131, 'grad_norm': 0.6684300303459167, 'learning_rate': 9.724328514137432e-05, 'epoch': 3.74}
{'loss': 1.5159, 'grad_norm': 0.3584727942943573, 'learning_rate': 9.722643480605265e-05, 'epoch': 3.75}
{'loss': 1.5122, 'grad_norm': 0.4134306311607361, 'learning_rate': 9.720958447073098e-05, 'epoch': 3.75}
{'loss': 1.515, 'grad_norm': 0.46338292956352234, 'learning_rate': 9.71927341354093e-05, 'epoch': 3.76}
{'loss': 1.5123, 'grad_norm': 0.4420229196548462, 'learning_rate': 9.717588380008763e-05, 'epoch': 3.76}
{'loss': 1.5099, 'grad_norm': 0.6130843162536621, 'learning_rate': 9.715903346476596e-05, 'epoch': 3.77}
{'loss': 1.5149, 'grad_norm': 0.5481138825416565, 'learning_rate': 9.714218312944428e-05, 'epoch': 3.77}
{'loss': 1.5137, 'grad_norm': 0.3623259961605072, 'learning_rate': 9.71253327941226e-05, 'epoch': 3.78}
{'loss': 1.5118, 'grad_norm': 0.7386536598205566, 'learning_rate': 9.710848245880093e-05, 'epoch': 3.78}
{'loss': 1.5128, 'grad_norm': 0.5268387198448181, 'learning_rate': 9.709163212347926e-05, 'epoch': 3.79}
{'loss': 1.5125, 'grad_norm': 0.4235075116157532, 'learning_rate': 9.70747817881576e-05, 'epoch': 3.79}
{'loss': 1.5123, 'grad_norm': 0.5901787877082825, 'learning_rate': 9.705793145283591e-05, 'epoch': 3.79}
{'loss': 1.5156, 'grad_norm': 0.4817695915699005, 'learning_rate': 9.704108111751424e-05, 'epoch': 3.8}
{'loss': 1.5146, 'grad_norm': 0.3896561861038208, 'learning_rate': 9.702423078219258e-05, 'epoch': 3.8}
{'loss': 1.5122, 'grad_norm': 0.4226701259613037, 'learning_rate': 9.70073804468709e-05, 'epoch': 3.81}
{'loss': 1.5089, 'grad_norm': 0.40338295698165894, 'learning_rate': 9.699053011154923e-05, 'epoch': 3.81}
{'loss': 1.5108, 'grad_norm': 0.34147047996520996, 'learning_rate': 9.697367977622756e-05, 'epoch': 3.82}
{'loss': 1.5113, 'grad_norm': 0.5320777893066406, 'learning_rate': 9.695682944090589e-05, 'epoch': 3.82}
{'loss': 1.5083, 'grad_norm': 0.6824941635131836, 'learning_rate': 9.693997910558421e-05, 'epoch': 3.83}
{'loss': 1.5134, 'grad_norm': 0.7138494253158569, 'learning_rate': 9.692312877026253e-05, 'epoch': 3.83}
{'loss': 1.5139, 'grad_norm': 0.5077120661735535, 'learning_rate': 9.690627843494086e-05, 'epoch': 3.84}
{'loss': 1.5096, 'grad_norm': 0.5470790863037109, 'learning_rate': 9.688942809961919e-05, 'epoch': 3.84}
{'loss': 1.5053, 'grad_norm': 0.469524621963501, 'learning_rate': 9.687257776429751e-05, 'epoch': 3.84}
{'loss': 1.5064, 'grad_norm': 0.40513336658477783, 'learning_rate': 9.685572742897584e-05, 'epoch': 3.85}
{'loss': 1.5077, 'grad_norm': 0.33098548650741577, 'learning_rate': 9.683887709365417e-05, 'epoch': 3.85}
{'loss': 1.5061, 'grad_norm': 0.4589981436729431, 'learning_rate': 9.682202675833249e-05, 'epoch': 3.86}
{'loss': 1.5111, 'grad_norm': 0.3434216380119324, 'learning_rate': 9.680517642301082e-05, 'epoch': 3.86}
{'loss': 1.5063, 'grad_norm': 0.3207767903804779, 'learning_rate': 9.678832608768915e-05, 'epoch': 3.87}
{'loss': 1.5078, 'grad_norm': 0.5018504858016968, 'learning_rate': 9.677147575236749e-05, 'epoch': 3.87}
{'loss': 1.5074, 'grad_norm': 0.49223142862319946, 'learning_rate': 9.67546254170458e-05, 'epoch': 3.88}
{'loss': 1.5064, 'grad_norm': 0.386898010969162, 'learning_rate': 9.673777508172414e-05, 'epoch': 3.88}
{'loss': 1.5006, 'grad_norm': 0.2832126319408417, 'learning_rate': 9.672092474640245e-05, 'epoch': 3.89}
{'loss': 1.5043, 'grad_norm': 0.361281156539917, 'learning_rate': 9.670407441108079e-05, 'epoch': 3.89}
{'loss': 1.5037, 'grad_norm': 0.639951765537262, 'learning_rate': 9.66872240757591e-05, 'epoch': 3.89}
{'loss': 1.5021, 'grad_norm': 0.45109567046165466, 'learning_rate': 9.667037374043744e-05, 'epoch': 3.9}
{'loss': 1.5052, 'grad_norm': 0.628379762172699, 'learning_rate': 9.665352340511577e-05, 'epoch': 3.9}
{'loss': 1.5053, 'grad_norm': 0.36745861172676086, 'learning_rate': 9.663667306979409e-05, 'epoch': 3.91}
{'loss': 1.5053, 'grad_norm': 0.4512052536010742, 'learning_rate': 9.661982273447242e-05, 'epoch': 3.91}
{'loss': 1.4996, 'grad_norm': 0.3377876877784729, 'learning_rate': 9.660297239915075e-05, 'epoch': 3.92}
{'loss': 1.5073, 'grad_norm': 0.3927845060825348, 'learning_rate': 9.658612206382908e-05, 'epoch': 3.92}
{'loss': 1.5059, 'grad_norm': 0.35068246722221375, 'learning_rate': 9.65692717285074e-05, 'epoch': 3.93}
{'loss': 1.5063, 'grad_norm': 0.4201880693435669, 'learning_rate': 9.655242139318573e-05, 'epoch': 3.93}
{'loss': 1.5068, 'grad_norm': 0.32752296328544617, 'learning_rate': 9.653557105786406e-05, 'epoch': 3.94}
{'loss': 1.5038, 'grad_norm': 0.47245776653289795, 'learning_rate': 9.651872072254238e-05, 'epoch': 3.94}
{'loss': 1.5051, 'grad_norm': 0.5547069311141968, 'learning_rate': 9.65018703872207e-05, 'epoch': 3.94}
{'loss': 1.5022, 'grad_norm': 0.4310323894023895, 'learning_rate': 9.648502005189903e-05, 'epoch': 3.95}
{'loss': 1.5012, 'grad_norm': 0.5322134494781494, 'learning_rate': 9.646816971657737e-05, 'epoch': 3.95}
{'loss': 1.5049, 'grad_norm': 0.3042941689491272, 'learning_rate': 9.645131938125568e-05, 'epoch': 3.96}
{'loss': 1.5068, 'grad_norm': 0.5321316123008728, 'learning_rate': 9.643446904593402e-05, 'epoch': 3.96}
{'loss': 1.5062, 'grad_norm': 0.569952666759491, 'learning_rate': 9.641761871061235e-05, 'epoch': 3.97}
{'loss': 1.506, 'grad_norm': 0.3691985011100769, 'learning_rate': 9.640076837529068e-05, 'epoch': 3.97}
{'loss': 1.4975, 'grad_norm': 0.29300227761268616, 'learning_rate': 9.6383918039969e-05, 'epoch': 3.98}
{'loss': 1.5036, 'grad_norm': 0.3771383762359619, 'learning_rate': 9.636706770464733e-05, 'epoch': 3.98}
{'loss': 1.5123, 'grad_norm': 0.36209002137184143, 'learning_rate': 9.635021736932566e-05, 'epoch': 3.99}
{'loss': 1.5047, 'grad_norm': 0.7120888233184814, 'learning_rate': 9.633336703400398e-05, 'epoch': 3.99}
{'loss': 1.5017, 'grad_norm': 0.4295341670513153, 'learning_rate': 9.631651669868231e-05, 'epoch': 3.99}
{'loss': 1.5092, 'grad_norm': 0.43637943267822266, 'learning_rate': 9.629966636336063e-05, 'epoch': 4.0}
{'loss': 1.495, 'grad_norm': 0.3309745490550995, 'learning_rate': 9.628281602803896e-05, 'epoch': 4.0}
{'loss': 1.4904, 'grad_norm': 0.292113333940506, 'learning_rate': 9.626596569271728e-05, 'epoch': 4.01}
{'loss': 1.4904, 'grad_norm': 0.4865255057811737, 'learning_rate': 9.624911535739561e-05, 'epoch': 4.01}
{'loss': 1.4932, 'grad_norm': 0.41866880655288696, 'learning_rate': 9.623226502207394e-05, 'epoch': 4.02}
{'loss': 1.4953, 'grad_norm': 0.3034662902355194, 'learning_rate': 9.621541468675228e-05, 'epoch': 4.02}
{'loss': 1.4922, 'grad_norm': 0.47323697805404663, 'learning_rate': 9.61985643514306e-05, 'epoch': 4.03}
{'loss': 1.4948, 'grad_norm': 0.32155364751815796, 'learning_rate': 9.618171401610893e-05, 'epoch': 4.03}
{'loss': 1.4927, 'grad_norm': 0.41459035873413086, 'learning_rate': 9.616486368078726e-05, 'epoch': 4.04}
{'loss': 1.4938, 'grad_norm': 0.35176926851272583, 'learning_rate': 9.614801334546558e-05, 'epoch': 4.04}
{'loss': 1.494, 'grad_norm': 0.31537753343582153, 'learning_rate': 9.613116301014391e-05, 'epoch': 4.04}
{'loss': 1.5162, 'grad_norm': 0.5901358723640442, 'learning_rate': 9.611431267482224e-05, 'epoch': 4.05}
{'loss': 1.534, 'grad_norm': 1.216861367225647, 'learning_rate': 9.609746233950057e-05, 'epoch': 4.05}
{'loss': 1.5221, 'grad_norm': 0.8685169816017151, 'learning_rate': 9.608061200417888e-05, 'epoch': 4.06}
{'loss': 1.5559, 'grad_norm': 1.0565658807754517, 'learning_rate': 9.606376166885721e-05, 'epoch': 4.06}
{'loss': 1.5309, 'grad_norm': 0.4627058804035187, 'learning_rate': 9.604691133353554e-05, 'epoch': 4.07}
{'loss': 1.5512, 'grad_norm': 0.5828263163566589, 'learning_rate': 9.603006099821387e-05, 'epoch': 4.07}
{'loss': 1.5308, 'grad_norm': 0.7977956533432007, 'learning_rate': 9.601321066289219e-05, 'epoch': 4.08}
{'loss': 1.537, 'grad_norm': 0.48010018467903137, 'learning_rate': 9.599636032757052e-05, 'epoch': 4.08}
{'loss': 1.512, 'grad_norm': 0.5023884773254395, 'learning_rate': 9.597950999224885e-05, 'epoch': 4.09}
{'loss': 1.5116, 'grad_norm': 0.44961103796958923, 'learning_rate': 9.596265965692717e-05, 'epoch': 4.09}
{'loss': 1.5048, 'grad_norm': 0.39968597888946533, 'learning_rate': 9.59458093216055e-05, 'epoch': 4.09}
{'loss': 1.5034, 'grad_norm': 0.4033503234386444, 'learning_rate': 9.592895898628384e-05, 'epoch': 4.1}
{'loss': 1.5004, 'grad_norm': 0.45850232243537903, 'learning_rate': 9.591210865096217e-05, 'epoch': 4.1}
{'loss': 1.503, 'grad_norm': 0.45400649309158325, 'learning_rate': 9.589525831564049e-05, 'epoch': 4.11}
{'loss': 1.5053, 'grad_norm': 0.4101327657699585, 'learning_rate': 9.587840798031882e-05, 'epoch': 4.11}
{'loss': 1.5019, 'grad_norm': 0.4205574095249176, 'learning_rate': 9.586155764499714e-05, 'epoch': 4.12}
{'loss': 1.5033, 'grad_norm': 0.49277350306510925, 'learning_rate': 9.584470730967547e-05, 'epoch': 4.12}
{'loss': 1.5006, 'grad_norm': 0.3994770646095276, 'learning_rate': 9.582785697435379e-05, 'epoch': 4.13}
{'loss': 1.4994, 'grad_norm': 0.36518749594688416, 'learning_rate': 9.581100663903212e-05, 'epoch': 4.13}
{'loss': 1.4992, 'grad_norm': 0.44476479291915894, 'learning_rate': 9.579415630371045e-05, 'epoch': 4.14}
{'loss': 1.498, 'grad_norm': 0.5471125245094299, 'learning_rate': 9.577730596838877e-05, 'epoch': 4.14}
{'loss': 1.4951, 'grad_norm': 0.3861826956272125, 'learning_rate': 9.57604556330671e-05, 'epoch': 4.14}
{'loss': 1.4944, 'grad_norm': 0.32667064666748047, 'learning_rate': 9.574360529774543e-05, 'epoch': 4.15}
{'loss': 1.4937, 'grad_norm': 0.4028130769729614, 'learning_rate': 9.572675496242377e-05, 'epoch': 4.15}
{'loss': 1.4984, 'grad_norm': 0.37460681796073914, 'learning_rate': 9.570990462710208e-05, 'epoch': 4.16}
{'loss': 1.4959, 'grad_norm': 0.3776453137397766, 'learning_rate': 9.569305429178042e-05, 'epoch': 4.16}
{'loss': 1.4943, 'grad_norm': 0.42652955651283264, 'learning_rate': 9.567620395645875e-05, 'epoch': 4.17}
{'loss': 1.4998, 'grad_norm': 0.3607931435108185, 'learning_rate': 9.565935362113707e-05, 'epoch': 4.17}
{'loss': 1.5131, 'grad_norm': 0.3919484317302704, 'learning_rate': 9.564250328581538e-05, 'epoch': 4.18}
{'loss': 1.4954, 'grad_norm': 1.1851202249526978, 'learning_rate': 9.562565295049372e-05, 'epoch': 4.18}
{'loss': 1.4901, 'grad_norm': 0.4204952120780945, 'learning_rate': 9.560880261517205e-05, 'epoch': 4.19}
{'loss': 1.4915, 'grad_norm': 0.3575502634048462, 'learning_rate': 9.559195227985037e-05, 'epoch': 4.19}
{'loss': 1.4974, 'grad_norm': 0.48314210772514343, 'learning_rate': 9.55751019445287e-05, 'epoch': 4.19}
{'loss': 1.4945, 'grad_norm': 0.3236076533794403, 'learning_rate': 9.555825160920703e-05, 'epoch': 4.2}
{'loss': 1.4936, 'grad_norm': 0.6080202460289001, 'learning_rate': 9.554140127388536e-05, 'epoch': 4.2}
{'loss': 1.4946, 'grad_norm': 0.6218335628509521, 'learning_rate': 9.552455093856368e-05, 'epoch': 4.21}
{'loss': 1.4942, 'grad_norm': 0.5276118516921997, 'learning_rate': 9.550770060324201e-05, 'epoch': 4.21}
{'loss': 1.496, 'grad_norm': 0.7157101631164551, 'learning_rate': 9.549085026792034e-05, 'epoch': 4.22}
{'loss': 1.4932, 'grad_norm': 0.35094884037971497, 'learning_rate': 9.547399993259866e-05, 'epoch': 4.22}
{'loss': 1.5008, 'grad_norm': 0.556968629360199, 'learning_rate': 9.5457149597277e-05, 'epoch': 4.23}
{'loss': 1.4984, 'grad_norm': 0.3973974883556366, 'learning_rate': 9.544029926195531e-05, 'epoch': 4.23}
{'loss': 1.4981, 'grad_norm': 0.5933886766433716, 'learning_rate': 9.542344892663364e-05, 'epoch': 4.24}
{'loss': 1.5057, 'grad_norm': 0.42822080850601196, 'learning_rate': 9.540659859131196e-05, 'epoch': 4.24}
{'loss': 1.5028, 'grad_norm': 0.457408607006073, 'learning_rate': 9.53897482559903e-05, 'epoch': 4.24}
{'loss': 1.4958, 'grad_norm': 0.3743825852870941, 'learning_rate': 9.537289792066863e-05, 'epoch': 4.25}
{'loss': 1.4967, 'grad_norm': 0.3886585235595703, 'learning_rate': 9.535604758534696e-05, 'epoch': 4.25}
{'loss': 1.495, 'grad_norm': 0.46701592206954956, 'learning_rate': 9.533919725002528e-05, 'epoch': 4.26}
{'loss': 1.4937, 'grad_norm': 0.4066379964351654, 'learning_rate': 9.532234691470361e-05, 'epoch': 4.26}
{'loss': 1.4942, 'grad_norm': 0.3027074635028839, 'learning_rate': 9.530549657938194e-05, 'epoch': 4.27}
{'loss': 1.5004, 'grad_norm': 0.448251336812973, 'learning_rate': 9.528864624406026e-05, 'epoch': 4.27}
{'loss': 1.493, 'grad_norm': 0.30025115609169006, 'learning_rate': 9.527179590873859e-05, 'epoch': 4.28}
{'loss': 1.496, 'grad_norm': 0.4166950285434723, 'learning_rate': 9.525494557341692e-05, 'epoch': 4.28}
{'loss': 1.4976, 'grad_norm': 0.5378856062889099, 'learning_rate': 9.523809523809524e-05, 'epoch': 4.29}
{'loss': 1.4934, 'grad_norm': 0.32681214809417725, 'learning_rate': 9.522124490277356e-05, 'epoch': 4.29}
{'loss': 1.4943, 'grad_norm': 0.7686499357223511, 'learning_rate': 9.520439456745189e-05, 'epoch': 4.29}
{'loss': 1.4967, 'grad_norm': 0.8458014130592346, 'learning_rate': 9.518754423213022e-05, 'epoch': 4.3}
{'loss': 1.4965, 'grad_norm': 0.39899978041648865, 'learning_rate': 9.517069389680855e-05, 'epoch': 4.3}
{'loss': 1.4919, 'grad_norm': 0.30438944697380066, 'learning_rate': 9.515384356148687e-05, 'epoch': 4.31}
{'loss': 1.4917, 'grad_norm': 0.29004156589508057, 'learning_rate': 9.51369932261652e-05, 'epoch': 4.31}
{'loss': 1.4927, 'grad_norm': 0.45521897077560425, 'learning_rate': 9.512014289084354e-05, 'epoch': 4.32}
{'loss': 1.4927, 'grad_norm': 0.4722682535648346, 'learning_rate': 9.510329255552186e-05, 'epoch': 4.32}
{'loss': 1.491, 'grad_norm': 0.46161484718322754, 'learning_rate': 9.508644222020019e-05, 'epoch': 4.33}
{'loss': 1.4901, 'grad_norm': 0.33475393056869507, 'learning_rate': 9.506959188487852e-05, 'epoch': 4.33}
{'loss': 1.4946, 'grad_norm': 0.3999432325363159, 'learning_rate': 9.505274154955685e-05, 'epoch': 4.34}
{'loss': 1.4849, 'grad_norm': 0.4005945324897766, 'learning_rate': 9.503589121423517e-05, 'epoch': 4.34}
{'loss': 1.4895, 'grad_norm': 0.4886176884174347, 'learning_rate': 9.501904087891349e-05, 'epoch': 4.34}
{'loss': 1.4917, 'grad_norm': 0.44705963134765625, 'learning_rate': 9.500219054359182e-05, 'epoch': 4.35}
{'loss': 1.4902, 'grad_norm': 0.3413063585758209, 'learning_rate': 9.498534020827015e-05, 'epoch': 4.35}
{'loss': 1.4886, 'grad_norm': 0.2832835614681244, 'learning_rate': 9.496848987294847e-05, 'epoch': 4.36}
{'loss': 1.4925, 'grad_norm': 0.396198570728302, 'learning_rate': 9.49516395376268e-05, 'epoch': 4.36}
{'loss': 1.4949, 'grad_norm': 0.8852595090866089, 'learning_rate': 9.493478920230513e-05, 'epoch': 4.37}
{'loss': 1.4933, 'grad_norm': 0.5466066598892212, 'learning_rate': 9.491793886698345e-05, 'epoch': 4.37}
{'loss': 1.492, 'grad_norm': 0.2960556745529175, 'learning_rate': 9.490108853166178e-05, 'epoch': 4.38}
{'loss': 1.4914, 'grad_norm': 0.39556413888931274, 'learning_rate': 9.488423819634012e-05, 'epoch': 4.38}
{'loss': 1.4947, 'grad_norm': 0.3425772786140442, 'learning_rate': 9.486738786101845e-05, 'epoch': 4.39}
{'loss': 1.4895, 'grad_norm': 0.3615736961364746, 'learning_rate': 9.485053752569677e-05, 'epoch': 4.39}
{'loss': 1.4922, 'grad_norm': 0.5373573899269104, 'learning_rate': 9.48336871903751e-05, 'epoch': 4.39}
{'loss': 1.4928, 'grad_norm': 0.26729485392570496, 'learning_rate': 9.481683685505342e-05, 'epoch': 4.4}
{'loss': 1.4944, 'grad_norm': 0.32613247632980347, 'learning_rate': 9.479998651973175e-05, 'epoch': 4.4}
{'loss': 1.487, 'grad_norm': 0.5673052072525024, 'learning_rate': 9.478313618441007e-05, 'epoch': 4.41}
{'loss': 1.4896, 'grad_norm': 0.33822712302207947, 'learning_rate': 9.47662858490884e-05, 'epoch': 4.41}
{'loss': 1.4913, 'grad_norm': 0.6289141178131104, 'learning_rate': 9.474943551376673e-05, 'epoch': 4.42}
{'loss': 1.4937, 'grad_norm': 0.35899943113327026, 'learning_rate': 9.473258517844505e-05, 'epoch': 4.42}
{'loss': 1.4898, 'grad_norm': 0.34445855021476746, 'learning_rate': 9.471573484312338e-05, 'epoch': 4.43}
{'loss': 1.4916, 'grad_norm': 0.44612351059913635, 'learning_rate': 9.469888450780171e-05, 'epoch': 4.43}
{'loss': 1.4896, 'grad_norm': 0.2969885766506195, 'learning_rate': 9.468203417248004e-05, 'epoch': 4.44}
{'loss': 1.4889, 'grad_norm': 0.32461950182914734, 'learning_rate': 9.466518383715836e-05, 'epoch': 4.44}
{'loss': 1.4878, 'grad_norm': 0.37501391768455505, 'learning_rate': 9.46483335018367e-05, 'epoch': 4.44}
{'loss': 1.4906, 'grad_norm': 0.5307608246803284, 'learning_rate': 9.463148316651503e-05, 'epoch': 4.45}
{'loss': 1.4887, 'grad_norm': 0.3061615526676178, 'learning_rate': 9.461463283119334e-05, 'epoch': 4.45}
{'loss': 1.4889, 'grad_norm': 0.4099108576774597, 'learning_rate': 9.459778249587166e-05, 'epoch': 4.46}
{'loss': 1.4861, 'grad_norm': 0.42213577032089233, 'learning_rate': 9.458093216055e-05, 'epoch': 4.46}
{'loss': 1.4893, 'grad_norm': 0.8538092970848083, 'learning_rate': 9.456408182522833e-05, 'epoch': 4.47}
{'loss': 1.4918, 'grad_norm': 0.40997058153152466, 'learning_rate': 9.454723148990664e-05, 'epoch': 4.47}
{'loss': 1.4923, 'grad_norm': 0.304173082113266, 'learning_rate': 9.453038115458498e-05, 'epoch': 4.48}
{'loss': 1.4883, 'grad_norm': 0.2942027151584625, 'learning_rate': 9.451353081926331e-05, 'epoch': 4.48}
{'loss': 1.4922, 'grad_norm': 0.4169391095638275, 'learning_rate': 9.449668048394164e-05, 'epoch': 4.49}
{'loss': 1.4897, 'grad_norm': 0.40054163336753845, 'learning_rate': 9.447983014861996e-05, 'epoch': 4.49}
{'loss': 1.4926, 'grad_norm': 0.4725784957408905, 'learning_rate': 9.446297981329829e-05, 'epoch': 4.49}
{'loss': 1.4947, 'grad_norm': 0.40541714429855347, 'learning_rate': 9.444612947797662e-05, 'epoch': 4.5}
{'loss': 1.4872, 'grad_norm': 0.3925817608833313, 'learning_rate': 9.442927914265494e-05, 'epoch': 4.5}
{'loss': 1.4886, 'grad_norm': 0.31471648812294006, 'learning_rate': 9.441242880733327e-05, 'epoch': 4.51}
{'loss': 1.4872, 'grad_norm': 0.4673707187175751, 'learning_rate': 9.439557847201159e-05, 'epoch': 4.51}
{'loss': 1.4845, 'grad_norm': 0.336618036031723, 'learning_rate': 9.437872813668992e-05, 'epoch': 4.52}
{'loss': 1.4935, 'grad_norm': 0.30832570791244507, 'learning_rate': 9.436187780136824e-05, 'epoch': 4.52}
{'loss': 1.4942, 'grad_norm': 0.34667733311653137, 'learning_rate': 9.434502746604657e-05, 'epoch': 4.53}
{'loss': 1.4902, 'grad_norm': 0.41867533326148987, 'learning_rate': 9.43281771307249e-05, 'epoch': 4.53}
{'loss': 1.496, 'grad_norm': 0.3725476861000061, 'learning_rate': 9.431132679540324e-05, 'epoch': 4.54}
{'loss': 1.4874, 'grad_norm': 0.32951268553733826, 'learning_rate': 9.429447646008156e-05, 'epoch': 4.54}
{'loss': 1.501, 'grad_norm': 0.4217340052127838, 'learning_rate': 9.427762612475989e-05, 'epoch': 4.55}
{'loss': 1.4928, 'grad_norm': 0.28899040818214417, 'learning_rate': 9.426077578943822e-05, 'epoch': 4.55}
pred : ardent in the prosecution of heresy cyril auspiciously opened his reign by oppressing the novations the most innocent and harmless of the sectaries
label: ardent in the prosecution of heresy cyril auspiciously opened his reign by oppressing the novatians the most innocent and harmless of the sectaries
pred : without any legal sentence without any royal mandate the patriarch at the dawn of day led a seditious multitude to the attack of the synagogues
label: without any legal sentence without any royal mandate the patriarch at the dawn of day led a seditious multitude to the attack of the synagogues
pred : such crimes would have deserved the animadversion of the magistrate but in this promiscuous outrage the innocent were confounded with the guilty and alexandria was impoverished by the loss of a wealthy and industrious colony
label: such crimes would have deserved the animadversion of the magistrate but in this promiscuous outrage the innocent were confounded with the guilty and alexandria was impoverished by the loss of a wealthy and industrious colony
pred : ardent in the prosecution of heresy cyril auspiciously opened his reign by oppressing the novations the most innocent and harmless of the sectaries
label: ardent in the prosecution of heresy cyril auspiciously opened his reign by oppressing the novatians the most innocent and harmless of the sectaries
pred : without any legal sentence without any royal mandate the patriarch at the dawn of day led a seditious multitude to the attack of the synagogues
label: without any legal sentence without any royal mandate the patriarch at the dawn of day led a seditious multitude to the attack of the synagogues
pred : such crimes would have deserved the animadversion of the magistrate but in this promiscuous outrage the innocent were confounded with the guilty and alexandria was impoverished by the loss of a wealthy and industrious colony
label: such crimes would have deserved the animadversion of the magistrate but in this promiscuous outrage the innocent were confounded with the guilty and alexandria was impoverished by the loss of a wealthy and industrious colony
pred : ardent in the prosecution of heresy cyril auspiciously opened his reign by oppressing the novations the most innocent and harmless of the sectaries
label: ardent in the prosecution of heresy cyril auspiciously opened his reign by oppressing the novatians the most innocent and harmless of the sectaries
pred : without any legal sentence without any royal mandate the patriarch at the dawn of day led a seditious multitude to the attack of the synagogues
label: without any legal sentence without any royal mandate the patriarch at the dawn of day led a seditious multitude to the attack of the synagogues
pred : such crimes would have deserved the animadversion of the magistrate but in this promiscuous outrage the innocent were confounded with the guilty and alexandria was impoverished by the loss of a wealthy and industrious colony
label: such crimes would have deserved the animadversion of the magistrate but in this promiscuous outrage the innocent were confounded with the guilty and alexandria was impoverished by the loss of a wealthy and industrious colony
pred : ardent in the prosecution of heresy cyril auspiciously opened his reign by oppressing the novations the most innocent and harmless of the sectaries
label: ardent in the prosecution of heresy cyril auspiciously opened his reign by oppressing the novatians the most innocent and harmless of the sectaries
pred : without any legal sentence without any royal mandate the patriarch at the dawn of day led a seditious multitude to the attack of the synagogues
label: without any legal sentence without any royal mandate the patriarch at the dawn of day led a seditious multitude to the attack of the synagogues
pred : such crimes would have deserved the animadversion of the magistrate but in this promiscuous outrage the innocent were confounded with the guilty and alexandria was impoverished by the loss of a wealthy and industrious colony
label: such crimes would have deserved the animadversion of the magistrate but in this promiscuous outrage the innocent were confounded with the guilty and alexandria was impoverished by the loss of a wealthy and industrious colony
{'eval_loss': 1.6134531497955322, 'eval_bleu': 95.62919290145454, 'eval_wer': 0.025974395718068196, 'eval_cer': 0.016988426735719153, 'eval_rouge1': 0.9818078143285607, 'eval_rouge2': 0.9675300975637904, 'eval_rougeL': 0.9817338588864117, 'eval_runtime': 87.032, 'eval_samples_per_second': 63.965, 'eval_steps_per_second': 0.333, 'epoch': 4.55}
{'loss': 1.495, 'grad_norm': 0.5421908497810364, 'learning_rate': 9.424392545411654e-05, 'epoch': 4.55}
{'loss': 1.4932, 'grad_norm': 0.36452311277389526, 'learning_rate': 9.422707511879487e-05, 'epoch': 4.56}
{'loss': 1.4896, 'grad_norm': 0.2916746735572815, 'learning_rate': 9.42102247834732e-05, 'epoch': 4.56}
{'loss': 1.4923, 'grad_norm': 0.622180163860321, 'learning_rate': 9.419337444815153e-05, 'epoch': 4.57}
{'loss': 1.4908, 'grad_norm': 0.31081435084342957, 'learning_rate': 9.417652411282985e-05, 'epoch': 4.57}
{'loss': 1.492, 'grad_norm': 0.5034309029579163, 'learning_rate': 9.415967377750817e-05, 'epoch': 4.58}
{'loss': 1.4901, 'grad_norm': 0.316524863243103, 'learning_rate': 9.41428234421865e-05, 'epoch': 4.58}
{'loss': 1.4946, 'grad_norm': 0.322033166885376, 'learning_rate': 9.412597310686483e-05, 'epoch': 4.59}
{'loss': 1.4911, 'grad_norm': 0.3827320337295532, 'learning_rate': 9.410912277154315e-05, 'epoch': 4.59}
{'loss': 1.4886, 'grad_norm': 0.28314095735549927, 'learning_rate': 9.409227243622148e-05, 'epoch': 4.6}
{'loss': 1.4878, 'grad_norm': 0.5226587653160095, 'learning_rate': 9.407542210089982e-05, 'epoch': 4.6}
{'loss': 1.4916, 'grad_norm': 0.3058469295501709, 'learning_rate': 9.405857176557813e-05, 'epoch': 4.6}
{'loss': 1.4911, 'grad_norm': 0.38326504826545715, 'learning_rate': 9.404172143025647e-05, 'epoch': 4.61}
{'loss': 1.4859, 'grad_norm': 0.49337542057037354, 'learning_rate': 9.40248710949348e-05, 'epoch': 4.61}
{'loss': 1.4899, 'grad_norm': 0.28817957639694214, 'learning_rate': 9.400802075961313e-05, 'epoch': 4.62}
{'loss': 1.4897, 'grad_norm': 0.3247121572494507, 'learning_rate': 9.399117042429145e-05, 'epoch': 4.62}
{'loss': 1.4879, 'grad_norm': 0.47537747025489807, 'learning_rate': 9.397432008896977e-05, 'epoch': 4.63}
{'loss': 1.49, 'grad_norm': 0.35729682445526123, 'learning_rate': 9.39574697536481e-05, 'epoch': 4.63}
{'loss': 1.4877, 'grad_norm': 0.38728076219558716, 'learning_rate': 9.394061941832643e-05, 'epoch': 4.64}
{'loss': 1.4822, 'grad_norm': 0.277273952960968, 'learning_rate': 9.392376908300475e-05, 'epoch': 4.64}
{'loss': 1.4873, 'grad_norm': 0.3185765743255615, 'learning_rate': 9.390691874768308e-05, 'epoch': 4.65}
{'loss': 1.4935, 'grad_norm': 0.616832435131073, 'learning_rate': 9.389006841236141e-05, 'epoch': 4.65}
{'loss': 1.4875, 'grad_norm': 0.5675791501998901, 'learning_rate': 9.387321807703974e-05, 'epoch': 4.65}
{'loss': 1.4873, 'grad_norm': 0.2899291217327118, 'learning_rate': 9.385636774171806e-05, 'epoch': 4.66}
{'loss': 1.493, 'grad_norm': 0.37985026836395264, 'learning_rate': 9.38395174063964e-05, 'epoch': 4.66}
{'loss': 1.4864, 'grad_norm': 0.39372730255126953, 'learning_rate': 9.382266707107473e-05, 'epoch': 4.67}
{'loss': 1.487, 'grad_norm': 0.3911229074001312, 'learning_rate': 9.380581673575304e-05, 'epoch': 4.67}
{'loss': 1.4865, 'grad_norm': 0.35215121507644653, 'learning_rate': 9.378896640043138e-05, 'epoch': 4.68}
{'loss': 1.4896, 'grad_norm': 0.31179454922676086, 'learning_rate': 9.377211606510971e-05, 'epoch': 4.68}
{'loss': 1.4883, 'grad_norm': 0.3954819142818451, 'learning_rate': 9.375526572978803e-05, 'epoch': 4.69}
{'loss': 1.4845, 'grad_norm': 0.2916181981563568, 'learning_rate': 9.373841539446634e-05, 'epoch': 4.69}
{'loss': 1.4868, 'grad_norm': 0.3030819594860077, 'learning_rate': 9.372156505914468e-05, 'epoch': 4.7}
{'loss': 1.4886, 'grad_norm': 0.45773524045944214, 'learning_rate': 9.370471472382301e-05, 'epoch': 4.7}
{'loss': 1.4856, 'grad_norm': 0.3709625005722046, 'learning_rate': 9.368786438850134e-05, 'epoch': 4.7}
{'loss': 1.4856, 'grad_norm': 0.33095163106918335, 'learning_rate': 9.367101405317966e-05, 'epoch': 4.71}
{'loss': 1.4889, 'grad_norm': 0.3524937629699707, 'learning_rate': 9.365416371785799e-05, 'epoch': 4.71}
{'loss': 1.4855, 'grad_norm': 0.34177225828170776, 'learning_rate': 9.363731338253632e-05, 'epoch': 4.72}
{'loss': 1.4885, 'grad_norm': 0.635833740234375, 'learning_rate': 9.362046304721464e-05, 'epoch': 4.72}
{'loss': 1.4905, 'grad_norm': 0.3454718291759491, 'learning_rate': 9.360361271189297e-05, 'epoch': 4.73}
{'loss': 1.4914, 'grad_norm': 0.3304339051246643, 'learning_rate': 9.35867623765713e-05, 'epoch': 4.73}
{'loss': 1.4886, 'grad_norm': 0.32374629378318787, 'learning_rate': 9.356991204124964e-05, 'epoch': 4.74}
{'loss': 1.4947, 'grad_norm': 0.5173226594924927, 'learning_rate': 9.355306170592796e-05, 'epoch': 4.74}
{'loss': 1.4977, 'grad_norm': 0.4134058952331543, 'learning_rate': 9.353621137060627e-05, 'epoch': 4.75}
{'loss': 1.4921, 'grad_norm': 0.4020693302154541, 'learning_rate': 9.35193610352846e-05, 'epoch': 4.75}
{'loss': 1.5006, 'grad_norm': 4.724869251251221, 'learning_rate': 9.350251069996294e-05, 'epoch': 4.75}
{'loss': 1.5074, 'grad_norm': 0.47187697887420654, 'learning_rate': 9.348566036464126e-05, 'epoch': 4.76}
{'loss': 1.5262, 'grad_norm': 0.5090425610542297, 'learning_rate': 9.346881002931959e-05, 'epoch': 4.76}
{'loss': 1.4962, 'grad_norm': 1.933750867843628, 'learning_rate': 9.345195969399792e-05, 'epoch': 4.77}
{'loss': 1.5019, 'grad_norm': 0.4478303790092468, 'learning_rate': 9.343510935867624e-05, 'epoch': 4.77}
{'loss': 1.4961, 'grad_norm': 0.4931301176548004, 'learning_rate': 9.341825902335457e-05, 'epoch': 4.78}
{'loss': 1.4933, 'grad_norm': 0.4598498046398163, 'learning_rate': 9.34014086880329e-05, 'epoch': 4.78}
{'loss': 1.4913, 'grad_norm': 0.38286292552948, 'learning_rate': 9.338455835271123e-05, 'epoch': 4.79}
{'loss': 1.4917, 'grad_norm': 0.39778655767440796, 'learning_rate': 9.336770801738955e-05, 'epoch': 4.79}
{'loss': 1.493, 'grad_norm': 0.9010215401649475, 'learning_rate': 9.335085768206788e-05, 'epoch': 4.8}
{'loss': 1.4895, 'grad_norm': 0.47059786319732666, 'learning_rate': 9.33340073467462e-05, 'epoch': 4.8}
{'loss': 1.4873, 'grad_norm': 0.36319172382354736, 'learning_rate': 9.331715701142453e-05, 'epoch': 4.8}
{'loss': 1.4872, 'grad_norm': 0.28111353516578674, 'learning_rate': 9.330030667610285e-05, 'epoch': 4.81}
{'loss': 1.4899, 'grad_norm': 0.30840951204299927, 'learning_rate': 9.328345634078118e-05, 'epoch': 4.81}
{'loss': 1.4909, 'grad_norm': 0.2954895496368408, 'learning_rate': 9.326660600545952e-05, 'epoch': 4.82}
{'loss': 1.4864, 'grad_norm': 0.3688952326774597, 'learning_rate': 9.324975567013783e-05, 'epoch': 4.82}
{'loss': 1.4906, 'grad_norm': 0.5967950224876404, 'learning_rate': 9.323290533481617e-05, 'epoch': 4.83}
{'loss': 1.4895, 'grad_norm': 0.2902686893939972, 'learning_rate': 9.32160549994945e-05, 'epoch': 4.83}
{'loss': 1.4901, 'grad_norm': 0.46774181723594666, 'learning_rate': 9.319920466417283e-05, 'epoch': 4.84}
{'loss': 1.4932, 'grad_norm': 0.37409284710884094, 'learning_rate': 9.318235432885115e-05, 'epoch': 4.84}
{'loss': 1.4857, 'grad_norm': 0.42418742179870605, 'learning_rate': 9.316550399352948e-05, 'epoch': 4.85}
{'loss': 1.4851, 'grad_norm': 0.40898674726486206, 'learning_rate': 9.314865365820781e-05, 'epoch': 4.85}
{'loss': 1.4954, 'grad_norm': 0.332629919052124, 'learning_rate': 9.313180332288613e-05, 'epoch': 4.85}
{'loss': 1.5196, 'grad_norm': 0.4212162494659424, 'learning_rate': 9.311495298756445e-05, 'epoch': 4.86}
{'loss': 1.4903, 'grad_norm': 0.4693203568458557, 'learning_rate': 9.309810265224278e-05, 'epoch': 4.86}
{'loss': 1.4934, 'grad_norm': 0.5414916276931763, 'learning_rate': 9.308125231692111e-05, 'epoch': 4.87}
{'loss': 1.4875, 'grad_norm': 0.5627648830413818, 'learning_rate': 9.306440198159943e-05, 'epoch': 4.87}
{'loss': 1.4881, 'grad_norm': 0.46354740858078003, 'learning_rate': 9.304755164627776e-05, 'epoch': 4.88}
{'loss': 1.4858, 'grad_norm': 0.31457605957984924, 'learning_rate': 9.30307013109561e-05, 'epoch': 4.88}
{'loss': 1.4863, 'grad_norm': 0.3660701513290405, 'learning_rate': 9.301385097563443e-05, 'epoch': 4.89}
{'loss': 1.487, 'grad_norm': 0.4008307158946991, 'learning_rate': 9.299700064031274e-05, 'epoch': 4.89}
{'loss': 1.4873, 'grad_norm': 0.49111926555633545, 'learning_rate': 9.298015030499108e-05, 'epoch': 4.9}
{'loss': 1.487, 'grad_norm': 0.2818673551082611, 'learning_rate': 9.296329996966941e-05, 'epoch': 4.9}
{'loss': 1.4906, 'grad_norm': 0.3103390038013458, 'learning_rate': 9.294644963434773e-05, 'epoch': 4.9}
{'loss': 1.488, 'grad_norm': 0.5136820673942566, 'learning_rate': 9.292959929902606e-05, 'epoch': 4.91}
{'loss': 1.4845, 'grad_norm': 0.27969539165496826, 'learning_rate': 9.291274896370438e-05, 'epoch': 4.91}
{'loss': 1.4817, 'grad_norm': 0.25741955637931824, 'learning_rate': 9.289589862838271e-05, 'epoch': 4.92}
{'loss': 1.4836, 'grad_norm': 0.32212409377098083, 'learning_rate': 9.287904829306103e-05, 'epoch': 4.92}
{'loss': 1.4877, 'grad_norm': 0.45337241888046265, 'learning_rate': 9.286219795773936e-05, 'epoch': 4.93}
{'loss': 1.4819, 'grad_norm': 0.41606608033180237, 'learning_rate': 9.284534762241769e-05, 'epoch': 4.93}
{'loss': 1.482, 'grad_norm': 0.32715389132499695, 'learning_rate': 9.282849728709602e-05, 'epoch': 4.94}
{'loss': 1.4841, 'grad_norm': 0.2831912338733673, 'learning_rate': 9.281164695177434e-05, 'epoch': 4.94}
{'loss': 1.4871, 'grad_norm': 0.3862976133823395, 'learning_rate': 9.279479661645267e-05, 'epoch': 4.95}
{'loss': 1.4869, 'grad_norm': 0.631843090057373, 'learning_rate': 9.2777946281131e-05, 'epoch': 4.95}
{'loss': 1.4864, 'grad_norm': 0.4487892985343933, 'learning_rate': 9.276109594580932e-05, 'epoch': 4.95}
{'loss': 1.487, 'grad_norm': 0.3656197190284729, 'learning_rate': 9.274424561048766e-05, 'epoch': 4.96}
{'loss': 1.4815, 'grad_norm': 0.5910628437995911, 'learning_rate': 9.272739527516599e-05, 'epoch': 4.96}
{'loss': 1.4874, 'grad_norm': 0.3598610758781433, 'learning_rate': 9.271054493984432e-05, 'epoch': 4.97}
{'loss': 1.4838, 'grad_norm': 0.32151469588279724, 'learning_rate': 9.269369460452262e-05, 'epoch': 4.97}
{'loss': 1.4876, 'grad_norm': 0.31329408288002014, 'learning_rate': 9.267684426920096e-05, 'epoch': 4.98}
{'loss': 1.4819, 'grad_norm': 0.27698925137519836, 'learning_rate': 9.265999393387929e-05, 'epoch': 4.98}
{'loss': 1.4874, 'grad_norm': 1.1591604948043823, 'learning_rate': 9.264314359855762e-05, 'epoch': 4.99}
{'loss': 1.4838, 'grad_norm': 0.5162359476089478, 'learning_rate': 9.262629326323594e-05, 'epoch': 4.99}
{'loss': 1.4849, 'grad_norm': 0.3410727083683014, 'learning_rate': 9.260944292791427e-05, 'epoch': 5.0}
{'loss': 1.4853, 'grad_norm': 0.5390475988388062, 'learning_rate': 9.25925925925926e-05, 'epoch': 5.0}
{'loss': 1.477, 'grad_norm': 0.4089215099811554, 'learning_rate': 9.257574225727092e-05, 'epoch': 5.0}
{'loss': 1.4776, 'grad_norm': 0.2999721169471741, 'learning_rate': 9.255889192194925e-05, 'epoch': 5.01}
{'loss': 1.4746, 'grad_norm': 0.2654791474342346, 'learning_rate': 9.254204158662758e-05, 'epoch': 5.01}
{'loss': 1.477, 'grad_norm': 0.24578042328357697, 'learning_rate': 9.252519125130592e-05, 'epoch': 5.02}
{'loss': 1.4803, 'grad_norm': 0.7444422245025635, 'learning_rate': 9.250834091598423e-05, 'epoch': 5.02}
{'loss': 1.4784, 'grad_norm': 0.29904866218566895, 'learning_rate': 9.249149058066255e-05, 'epoch': 5.03}
{'loss': 1.4786, 'grad_norm': 0.478295236825943, 'learning_rate': 9.247464024534088e-05, 'epoch': 5.03}
{'loss': 1.477, 'grad_norm': 0.33321982622146606, 'learning_rate': 9.245778991001922e-05, 'epoch': 5.04}
{'loss': 1.4756, 'grad_norm': 0.36955130100250244, 'learning_rate': 9.244093957469753e-05, 'epoch': 5.04}
{'loss': 1.4751, 'grad_norm': 0.3299696445465088, 'learning_rate': 9.242408923937587e-05, 'epoch': 5.05}
{'loss': 1.4784, 'grad_norm': 0.30967122316360474, 'learning_rate': 9.24072389040542e-05, 'epoch': 5.05}
{'loss': 1.4755, 'grad_norm': 0.2503834068775177, 'learning_rate': 9.239038856873252e-05, 'epoch': 5.05}
{'loss': 1.4759, 'grad_norm': 0.23828920722007751, 'learning_rate': 9.237353823341085e-05, 'epoch': 5.06}
{'loss': 1.4762, 'grad_norm': 0.3417411148548126, 'learning_rate': 9.235668789808918e-05, 'epoch': 5.06}
{'loss': 1.477, 'grad_norm': 0.34712886810302734, 'learning_rate': 9.233983756276751e-05, 'epoch': 5.07}
{'loss': 1.4759, 'grad_norm': 0.36092448234558105, 'learning_rate': 9.232298722744583e-05, 'epoch': 5.07}
{'loss': 1.4768, 'grad_norm': 0.40293073654174805, 'learning_rate': 9.230613689212416e-05, 'epoch': 5.08}
{'loss': 1.4778, 'grad_norm': 0.35352379083633423, 'learning_rate': 9.22892865568025e-05, 'epoch': 5.08}
{'loss': 1.4804, 'grad_norm': 0.6561253070831299, 'learning_rate': 9.227243622148081e-05, 'epoch': 5.09}
{'loss': 1.4763, 'grad_norm': 0.3485264480113983, 'learning_rate': 9.225558588615913e-05, 'epoch': 5.09}
{'loss': 1.4763, 'grad_norm': 0.6481735706329346, 'learning_rate': 9.223873555083746e-05, 'epoch': 5.1}
{'loss': 1.4789, 'grad_norm': 0.3893687129020691, 'learning_rate': 9.22218852155158e-05, 'epoch': 5.1}
{'loss': 1.4768, 'grad_norm': 0.25231435894966125, 'learning_rate': 9.220503488019411e-05, 'epoch': 5.1}
{'loss': 1.4735, 'grad_norm': 0.25877320766448975, 'learning_rate': 9.218818454487244e-05, 'epoch': 5.11}
{'loss': 1.4751, 'grad_norm': 0.27012085914611816, 'learning_rate': 9.217133420955078e-05, 'epoch': 5.11}
{'loss': 1.4746, 'grad_norm': 0.32866913080215454, 'learning_rate': 9.215448387422911e-05, 'epoch': 5.12}
{'loss': 1.4756, 'grad_norm': 0.4905325174331665, 'learning_rate': 9.213763353890743e-05, 'epoch': 5.12}
{'loss': 1.474, 'grad_norm': 0.2632390558719635, 'learning_rate': 9.212078320358576e-05, 'epoch': 5.13}
{'loss': 1.4753, 'grad_norm': 0.3369819223880768, 'learning_rate': 9.210393286826409e-05, 'epoch': 5.13}
{'loss': 1.4714, 'grad_norm': 0.25593847036361694, 'learning_rate': 9.208708253294241e-05, 'epoch': 5.14}
{'loss': 1.4738, 'grad_norm': 0.36323752999305725, 'learning_rate': 9.207023219762073e-05, 'epoch': 5.14}
{'loss': 1.4736, 'grad_norm': 0.3039989471435547, 'learning_rate': 9.205338186229906e-05, 'epoch': 5.15}
{'loss': 1.4712, 'grad_norm': 0.28928670287132263, 'learning_rate': 9.203653152697739e-05, 'epoch': 5.15}
{'loss': 1.4744, 'grad_norm': 0.3931029438972473, 'learning_rate': 9.201968119165571e-05, 'epoch': 5.15}
{'loss': 1.472, 'grad_norm': 0.5691683888435364, 'learning_rate': 9.200283085633404e-05, 'epoch': 5.16}
{'loss': 1.476, 'grad_norm': 0.29894399642944336, 'learning_rate': 9.198598052101237e-05, 'epoch': 5.16}
{'loss': 1.4766, 'grad_norm': 0.305436372756958, 'learning_rate': 9.19691301856907e-05, 'epoch': 5.17}
{'loss': 1.4814, 'grad_norm': 0.2915486991405487, 'learning_rate': 9.195227985036902e-05, 'epoch': 5.17}
{'loss': 1.4734, 'grad_norm': 0.5159348249435425, 'learning_rate': 9.193542951504736e-05, 'epoch': 5.18}
{'loss': 1.4768, 'grad_norm': 0.3930057883262634, 'learning_rate': 9.191857917972569e-05, 'epoch': 5.18}
{'loss': 1.4743, 'grad_norm': 0.322369247674942, 'learning_rate': 9.1901728844404e-05, 'epoch': 5.19}
{'loss': 1.4764, 'grad_norm': 0.29751163721084595, 'learning_rate': 9.188487850908234e-05, 'epoch': 5.19}
{'loss': 1.4771, 'grad_norm': 0.3697437345981598, 'learning_rate': 9.186802817376067e-05, 'epoch': 5.2}
{'loss': 1.4766, 'grad_norm': 0.3355134427547455, 'learning_rate': 9.185117783843899e-05, 'epoch': 5.2}
{'loss': 1.4765, 'grad_norm': 0.3046233654022217, 'learning_rate': 9.18343275031173e-05, 'epoch': 5.2}
{'loss': 1.4724, 'grad_norm': 0.4153411090373993, 'learning_rate': 9.181747716779564e-05, 'epoch': 5.21}
{'loss': 1.4747, 'grad_norm': 0.4444098472595215, 'learning_rate': 9.180062683247397e-05, 'epoch': 5.21}
{'loss': 1.4743, 'grad_norm': 0.753585934638977, 'learning_rate': 9.17837764971523e-05, 'epoch': 5.22}
{'loss': 1.4756, 'grad_norm': 0.32931196689605713, 'learning_rate': 9.176692616183062e-05, 'epoch': 5.22}
{'loss': 1.4763, 'grad_norm': 0.27381953597068787, 'learning_rate': 9.175007582650895e-05, 'epoch': 5.23}
{'loss': 1.4762, 'grad_norm': 0.27056166529655457, 'learning_rate': 9.173322549118728e-05, 'epoch': 5.23}
{'loss': 1.4764, 'grad_norm': 0.32070496678352356, 'learning_rate': 9.17163751558656e-05, 'epoch': 5.24}
{'loss': 1.4764, 'grad_norm': 0.2783307433128357, 'learning_rate': 9.169952482054393e-05, 'epoch': 5.24}
{'loss': 1.4762, 'grad_norm': 0.2839384078979492, 'learning_rate': 9.168267448522227e-05, 'epoch': 5.25}
{'loss': 1.4733, 'grad_norm': 0.3918050527572632, 'learning_rate': 9.16658241499006e-05, 'epoch': 5.25}
{'loss': 1.4764, 'grad_norm': 0.27594128251075745, 'learning_rate': 9.16489738145789e-05, 'epoch': 5.25}
{'loss': 1.4764, 'grad_norm': 0.34639012813568115, 'learning_rate': 9.163212347925723e-05, 'epoch': 5.26}
{'loss': 1.4779, 'grad_norm': 0.4271690547466278, 'learning_rate': 9.161527314393557e-05, 'epoch': 5.26}
{'loss': 1.4741, 'grad_norm': 0.30784422159194946, 'learning_rate': 9.15984228086139e-05, 'epoch': 5.27}
{'loss': 1.474, 'grad_norm': 0.6080585718154907, 'learning_rate': 9.158157247329222e-05, 'epoch': 5.27}
{'loss': 1.4757, 'grad_norm': 0.2101944088935852, 'learning_rate': 9.156472213797055e-05, 'epoch': 5.28}
{'loss': 1.4776, 'grad_norm': 0.4156859219074249, 'learning_rate': 9.154787180264888e-05, 'epoch': 5.28}
{'loss': 1.4764, 'grad_norm': 0.7041372656822205, 'learning_rate': 9.15310214673272e-05, 'epoch': 5.29}
{'loss': 1.4747, 'grad_norm': 0.5260260701179504, 'learning_rate': 9.151417113200553e-05, 'epoch': 5.29}
{'loss': 1.4738, 'grad_norm': 0.42338210344314575, 'learning_rate': 9.149732079668386e-05, 'epoch': 5.3}
{'loss': 1.4746, 'grad_norm': 0.4658026397228241, 'learning_rate': 9.14804704613622e-05, 'epoch': 5.3}
{'loss': 1.4751, 'grad_norm': 0.3580706715583801, 'learning_rate': 9.146362012604051e-05, 'epoch': 5.3}
{'loss': 1.4742, 'grad_norm': 0.4068436622619629, 'learning_rate': 9.144676979071884e-05, 'epoch': 5.31}
{'loss': 1.4738, 'grad_norm': 1.1792834997177124, 'learning_rate': 9.142991945539716e-05, 'epoch': 5.31}
{'loss': 1.4758, 'grad_norm': 0.3908803462982178, 'learning_rate': 9.14130691200755e-05, 'epoch': 5.32}
{'loss': 1.4746, 'grad_norm': 0.3769705295562744, 'learning_rate': 9.139621878475381e-05, 'epoch': 5.32}
{'loss': 1.4739, 'grad_norm': 0.31010812520980835, 'learning_rate': 9.137936844943215e-05, 'epoch': 5.33}
{'loss': 1.477, 'grad_norm': 0.29271119832992554, 'learning_rate': 9.136251811411048e-05, 'epoch': 5.33}
{'loss': 1.474, 'grad_norm': 0.25478634238243103, 'learning_rate': 9.13456677787888e-05, 'epoch': 5.34}
{'loss': 1.4734, 'grad_norm': 0.3266238868236542, 'learning_rate': 9.132881744346713e-05, 'epoch': 5.34}
{'loss': 1.4754, 'grad_norm': 0.48015454411506653, 'learning_rate': 9.131196710814546e-05, 'epoch': 5.35}
{'loss': 1.4767, 'grad_norm': 0.3893398344516754, 'learning_rate': 9.129511677282379e-05, 'epoch': 5.35}
{'loss': 1.4735, 'grad_norm': 0.31724563241004944, 'learning_rate': 9.127826643750211e-05, 'epoch': 5.35}
{'loss': 1.4767, 'grad_norm': 0.45554250478744507, 'learning_rate': 9.126141610218044e-05, 'epoch': 5.36}
{'loss': 1.4765, 'grad_norm': 1.0249838829040527, 'learning_rate': 9.124456576685877e-05, 'epoch': 5.36}
{'loss': 1.4764, 'grad_norm': 0.3393011689186096, 'learning_rate': 9.122771543153709e-05, 'epoch': 5.37}
{'loss': 1.4722, 'grad_norm': 0.41854622960090637, 'learning_rate': 9.121086509621541e-05, 'epoch': 5.37}
{'loss': 1.4753, 'grad_norm': 0.4307476878166199, 'learning_rate': 9.119401476089374e-05, 'epoch': 5.38}
{'loss': 1.4744, 'grad_norm': 0.2562570869922638, 'learning_rate': 9.117716442557207e-05, 'epoch': 5.38}
{'loss': 1.4756, 'grad_norm': 0.3507939279079437, 'learning_rate': 9.116031409025039e-05, 'epoch': 5.39}
{'loss': 1.4738, 'grad_norm': 0.2517701983451843, 'learning_rate': 9.114346375492872e-05, 'epoch': 5.39}
{'loss': 1.48, 'grad_norm': 0.4042750298976898, 'learning_rate': 9.112661341960706e-05, 'epoch': 5.4}
{'loss': 1.4784, 'grad_norm': 0.425424724817276, 'learning_rate': 9.110976308428539e-05, 'epoch': 5.4}
{'loss': 1.4816, 'grad_norm': 0.33081427216529846, 'learning_rate': 9.10929127489637e-05, 'epoch': 5.4}
{'loss': 1.4731, 'grad_norm': 0.4162180721759796, 'learning_rate': 9.107606241364204e-05, 'epoch': 5.41}
{'loss': 1.4758, 'grad_norm': 0.303951621055603, 'learning_rate': 9.105921207832037e-05, 'epoch': 5.41}
{'loss': 1.4753, 'grad_norm': 0.2883216440677643, 'learning_rate': 9.104236174299869e-05, 'epoch': 5.42}
{'loss': 1.487, 'grad_norm': 0.3395284414291382, 'learning_rate': 9.102551140767702e-05, 'epoch': 5.42}
{'loss': 1.478, 'grad_norm': 1.5204925537109375, 'learning_rate': 9.100866107235534e-05, 'epoch': 5.43}
{'loss': 1.4744, 'grad_norm': 0.4031603932380676, 'learning_rate': 9.099181073703367e-05, 'epoch': 5.43}
{'loss': 1.4797, 'grad_norm': 0.4429750144481659, 'learning_rate': 9.097496040171199e-05, 'epoch': 5.44}
{'loss': 1.4866, 'grad_norm': 0.21961167454719543, 'learning_rate': 9.095811006639032e-05, 'epoch': 5.44}
{'loss': 1.4818, 'grad_norm': 0.37441760301589966, 'learning_rate': 9.094125973106865e-05, 'epoch': 5.45}
{'loss': 1.4771, 'grad_norm': 0.426521360874176, 'learning_rate': 9.092440939574698e-05, 'epoch': 5.45}
{'loss': 1.476, 'grad_norm': 0.3750714659690857, 'learning_rate': 9.09075590604253e-05, 'epoch': 5.45}
{'loss': 1.4741, 'grad_norm': 0.24507123231887817, 'learning_rate': 9.089070872510363e-05, 'epoch': 5.46}
pred : ardent in the prosecution of heresy cyril auspiciously opened his reign by oppressing the novations the most innocent and harmless of the sectaries
label: ardent in the prosecution of heresy cyril auspiciously opened his reign by oppressing the novatians the most innocent and harmless of the sectaries
pred : without any legal sentence without any royal mandate the patriarch at the dawn of day led a seditious multitude to the attack of the synagogues
label: without any legal sentence without any royal mandate the patriarch at the dawn of day led a seditious multitude to the attack of the synagogues
pred : such crimes would have deserved the animadversion of the magistrate but in this promiscuous outrage the innocent were confounded with the guilty and alexandria was impoverished by the loss of a wealthy and industrious colony
label: such crimes would have deserved the animadversion of the magistrate but in this promiscuous outrage the innocent were confounded with the guilty and alexandria was impoverished by the loss of a wealthy and industrious colony
pred : ardent in the prosecution of heresy cyril auspiciously opened his reign by oppressing the novations the most innocent and harmless of the sectaries
label: ardent in the prosecution of heresy cyril auspiciously opened his reign by oppressing the novatians the most innocent and harmless of the sectaries
pred : without any legal sentence without any royal mandate the patriarch at the dawn of day led a seditious multitude to the attack of the synagogues
label: without any legal sentence without any royal mandate the patriarch at the dawn of day led a seditious multitude to the attack of the synagogues
pred : such crimes would have deserved the animadversion of the magistrate but in this promiscuous outrage the innocent were confounded with the guilty and alexandria was impoverished by the loss of a wealthy and industrious colony
label: such crimes would have deserved the animadversion of the magistrate but in this promiscuous outrage the innocent were confounded with the guilty and alexandria was impoverished by the loss of a wealthy and industrious colony
pred : ardent in the prosecution of heresy cyril auspiciously opened his reign by oppressing the novations the most innocent and harmless of the sectaries
label: ardent in the prosecution of heresy cyril auspiciously opened his reign by oppressing the novatians the most innocent and harmless of the sectaries
pred : without any legal sentence without any royal mandate the patriarch at the dawn of day led a seditious multitude to the attack of the synagogues
label: without any legal sentence without any royal mandate the patriarch at the dawn of day led a seditious multitude to the attack of the synagogues
pred : such crimes would have deserved the animadversion of the magistrate but in this promiscuous outrage the innocent were confounded with the guilty and alexandria was impoverished by the loss of a wealthy and industrious colony
label: such crimes would have deserved the animadversion of the magistrate but in this promiscuous outrage the innocent were confounded with the guilty and alexandria was impoverished by the loss of a wealthy and industrious colony
pred : ardent in the prosecution of heresy cyril auspiciously opened his reign by oppressing the novations the most innocent and harmless of the sectaries
label: ardent in the prosecution of heresy cyril auspiciously opened his reign by oppressing the novatians the most innocent and harmless of the sectaries
pred : without any legal sentence without any royal mandate the patriarch at the dawn of day led a seditious multitude to the attack of the synagogues
label: without any legal sentence without any royal mandate the patriarch at the dawn of day led a seditious multitude to the attack of the synagogues
pred : such crimes would have deserved the animadversion of the magistrate but in this promiscuous outrage the innocent were confounded with the guilty and alexandria was impoverished by the loss of a wealthy and industrious colony
label: such crimes would have deserved the animadversion of the magistrate but in this promiscuous outrage the innocent were confounded with the guilty and alexandria was impoverished by the loss of a wealthy and industrious colony
{'eval_loss': 1.6071438789367676, 'eval_bleu': 95.50260618680984, 'eval_wer': 0.02823303882398717, 'eval_cer': 0.020169361324595982, 'eval_rouge1': 0.9733662514514538, 'eval_rouge2': 0.9584150471088932, 'eval_rougeL': 0.973319341392995, 'eval_runtime': 87.143, 'eval_samples_per_second': 63.884, 'eval_steps_per_second': 0.333, 'epoch': 5.46}
{'loss': 1.4748, 'grad_norm': 0.3644222617149353, 'learning_rate': 9.087385838978197e-05, 'epoch': 5.46}
{'loss': 1.4745, 'grad_norm': 0.6725037693977356, 'learning_rate': 9.085700805446028e-05, 'epoch': 5.47}
{'loss': 1.4834, 'grad_norm': 0.42414742708206177, 'learning_rate': 9.084015771913862e-05, 'epoch': 5.47}
{'loss': 1.4753, 'grad_norm': 0.2961794137954712, 'learning_rate': 9.082330738381695e-05, 'epoch': 5.48}
{'loss': 1.4748, 'grad_norm': 0.3364177942276001, 'learning_rate': 9.080645704849528e-05, 'epoch': 5.48}
{'loss': 1.4773, 'grad_norm': 0.48983657360076904, 'learning_rate': 9.07896067131736e-05, 'epoch': 5.49}
{'loss': 1.4781, 'grad_norm': 0.27266716957092285, 'learning_rate': 9.077275637785192e-05, 'epoch': 5.49}
{'loss': 1.4762, 'grad_norm': 0.34639349579811096, 'learning_rate': 9.075590604253025e-05, 'epoch': 5.5}
{'loss': 1.4759, 'grad_norm': 0.5237303972244263, 'learning_rate': 9.073905570720858e-05, 'epoch': 5.5}
{'loss': 1.4766, 'grad_norm': 0.24690958857536316, 'learning_rate': 9.07222053718869e-05, 'epoch': 5.51}
{'loss': 1.4805, 'grad_norm': 0.28660762310028076, 'learning_rate': 9.070535503656523e-05, 'epoch': 5.51}
{'loss': 1.4776, 'grad_norm': 0.2898696959018707, 'learning_rate': 9.068850470124356e-05, 'epoch': 5.51}
{'loss': 1.4841, 'grad_norm': 0.8612129092216492, 'learning_rate': 9.067165436592188e-05, 'epoch': 5.52}
{'loss': 1.4852, 'grad_norm': 0.6014520525932312, 'learning_rate': 9.065480403060021e-05, 'epoch': 5.52}
{'loss': 1.4847, 'grad_norm': 0.33859309554100037, 'learning_rate': 9.063795369527854e-05, 'epoch': 5.53}
{'loss': 1.4781, 'grad_norm': 0.3043269217014313, 'learning_rate': 9.062110335995688e-05, 'epoch': 5.53}
{'loss': 1.4791, 'grad_norm': 0.30899763107299805, 'learning_rate': 9.06042530246352e-05, 'epoch': 5.54}
{'loss': 1.4774, 'grad_norm': 0.30491068959236145, 'learning_rate': 9.058740268931351e-05, 'epoch': 5.54}
{'loss': 1.4738, 'grad_norm': 0.28784987330436707, 'learning_rate': 9.057055235399185e-05, 'epoch': 5.55}
{'loss': 1.476, 'grad_norm': 0.3187771141529083, 'learning_rate': 9.055370201867018e-05, 'epoch': 5.55}
{'loss': 1.4767, 'grad_norm': 0.35189226269721985, 'learning_rate': 9.05368516833485e-05, 'epoch': 5.56}
{'loss': 1.4814, 'grad_norm': 0.3651167154312134, 'learning_rate': 9.052000134802683e-05, 'epoch': 5.56}
{'loss': 1.4745, 'grad_norm': 0.3168449103832245, 'learning_rate': 9.050315101270516e-05, 'epoch': 5.56}
{'loss': 1.4759, 'grad_norm': 0.21787646412849426, 'learning_rate': 9.048630067738348e-05, 'epoch': 5.57}
{'loss': 1.4754, 'grad_norm': 0.4698117971420288, 'learning_rate': 9.046945034206181e-05, 'epoch': 5.57}
{'loss': 1.4774, 'grad_norm': 0.32629716396331787, 'learning_rate': 9.045260000674014e-05, 'epoch': 5.58}
{'loss': 1.4819, 'grad_norm': 0.3943905234336853, 'learning_rate': 9.043574967141847e-05, 'epoch': 5.58}
{'loss': 1.4791, 'grad_norm': 0.2848191559314728, 'learning_rate': 9.041889933609679e-05, 'epoch': 5.59}
{'loss': 1.4786, 'grad_norm': 0.3723340928554535, 'learning_rate': 9.040204900077512e-05, 'epoch': 5.59}
{'loss': 1.4763, 'grad_norm': 0.26865482330322266, 'learning_rate': 9.038519866545346e-05, 'epoch': 5.6}
{'loss': 1.4847, 'grad_norm': 0.32249003648757935, 'learning_rate': 9.036834833013177e-05, 'epoch': 5.6}
{'loss': 1.4717, 'grad_norm': 0.2524835169315338, 'learning_rate': 9.035149799481009e-05, 'epoch': 5.61}
{'loss': 1.4768, 'grad_norm': 0.2626553773880005, 'learning_rate': 9.033464765948842e-05, 'epoch': 5.61}
{'loss': 1.4754, 'grad_norm': 0.24457702040672302, 'learning_rate': 9.031779732416676e-05, 'epoch': 5.61}
{'loss': 1.4771, 'grad_norm': 0.29409536719322205, 'learning_rate': 9.030094698884509e-05, 'epoch': 5.62}
{'loss': 1.475, 'grad_norm': 0.36513349413871765, 'learning_rate': 9.02840966535234e-05, 'epoch': 5.62}
{'loss': 1.4733, 'grad_norm': 0.26115137338638306, 'learning_rate': 9.026724631820174e-05, 'epoch': 5.63}
{'loss': 1.4767, 'grad_norm': 0.3315982222557068, 'learning_rate': 9.025039598288007e-05, 'epoch': 5.63}
{'loss': 1.4753, 'grad_norm': 0.3948255181312561, 'learning_rate': 9.023354564755839e-05, 'epoch': 5.64}
{'loss': 1.4767, 'grad_norm': 0.3189716935157776, 'learning_rate': 9.021669531223672e-05, 'epoch': 5.64}
{'loss': 1.4742, 'grad_norm': 0.27136915922164917, 'learning_rate': 9.019984497691505e-05, 'epoch': 5.65}
{'loss': 1.4782, 'grad_norm': 1.4480949640274048, 'learning_rate': 9.018299464159337e-05, 'epoch': 5.65}
{'loss': 1.4753, 'grad_norm': 0.38288959860801697, 'learning_rate': 9.016614430627169e-05, 'epoch': 5.66}
{'loss': 1.4798, 'grad_norm': 0.7025218605995178, 'learning_rate': 9.014929397095002e-05, 'epoch': 5.66}
{'loss': 1.4815, 'grad_norm': 0.3186156749725342, 'learning_rate': 9.013244363562835e-05, 'epoch': 5.66}
{'loss': 1.4755, 'grad_norm': 0.5648025274276733, 'learning_rate': 9.011559330030668e-05, 'epoch': 5.67}
{'loss': 1.4874, 'grad_norm': 0.3023698925971985, 'learning_rate': 9.0098742964985e-05, 'epoch': 5.67}
{'loss': 1.4778, 'grad_norm': 1.6349087953567505, 'learning_rate': 9.008189262966333e-05, 'epoch': 5.68}
{'loss': 1.4813, 'grad_norm': 0.6103065609931946, 'learning_rate': 9.006504229434167e-05, 'epoch': 5.68}
{'loss': 1.4813, 'grad_norm': 0.3413775861263275, 'learning_rate': 9.004819195901998e-05, 'epoch': 5.69}
{'loss': 1.4801, 'grad_norm': 0.33455049991607666, 'learning_rate': 9.003134162369832e-05, 'epoch': 5.69}
{'loss': 1.478, 'grad_norm': 0.3721349835395813, 'learning_rate': 9.001449128837665e-05, 'epoch': 5.7}
{'loss': 1.4767, 'grad_norm': 0.3426428735256195, 'learning_rate': 8.999764095305498e-05, 'epoch': 5.7}
{'loss': 1.4775, 'grad_norm': 0.34403717517852783, 'learning_rate': 8.99807906177333e-05, 'epoch': 5.71}
{'loss': 1.4742, 'grad_norm': 0.5287854671478271, 'learning_rate': 8.996394028241163e-05, 'epoch': 5.71}
{'loss': 1.4823, 'grad_norm': 0.3387015461921692, 'learning_rate': 8.994708994708995e-05, 'epoch': 5.71}
{'loss': 1.4763, 'grad_norm': 0.3104104995727539, 'learning_rate': 8.993023961176828e-05, 'epoch': 5.72}
{'loss': 1.4752, 'grad_norm': 0.3805142045021057, 'learning_rate': 8.99133892764466e-05, 'epoch': 5.72}
{'loss': 1.4803, 'grad_norm': 0.42348042130470276, 'learning_rate': 8.989653894112493e-05, 'epoch': 5.73}
{'loss': 1.4787, 'grad_norm': 0.2606600821018219, 'learning_rate': 8.987968860580326e-05, 'epoch': 5.73}
{'loss': 1.4854, 'grad_norm': 0.43350961804389954, 'learning_rate': 8.986283827048158e-05, 'epoch': 5.74}
{'loss': 1.4803, 'grad_norm': 0.5685270428657532, 'learning_rate': 8.984598793515991e-05, 'epoch': 5.74}
{'loss': 1.4742, 'grad_norm': 0.5942142605781555, 'learning_rate': 8.982913759983824e-05, 'epoch': 5.75}
{'loss': 1.4754, 'grad_norm': 0.27737900614738464, 'learning_rate': 8.981228726451658e-05, 'epoch': 5.75}
{'loss': 1.4792, 'grad_norm': 0.2762207090854645, 'learning_rate': 8.97954369291949e-05, 'epoch': 5.76}
{'loss': 1.478, 'grad_norm': 0.38873490691185, 'learning_rate': 8.977858659387323e-05, 'epoch': 5.76}
{'loss': 1.4793, 'grad_norm': 0.42188170552253723, 'learning_rate': 8.976173625855156e-05, 'epoch': 5.76}
{'loss': 1.4805, 'grad_norm': 0.3666955530643463, 'learning_rate': 8.974488592322988e-05, 'epoch': 5.77}
{'loss': 1.4797, 'grad_norm': 0.3961963653564453, 'learning_rate': 8.97280355879082e-05, 'epoch': 5.77}
{'loss': 1.4776, 'grad_norm': 0.2617538571357727, 'learning_rate': 8.971118525258653e-05, 'epoch': 5.78}
{'loss': 1.4748, 'grad_norm': 0.3801538944244385, 'learning_rate': 8.969433491726486e-05, 'epoch': 5.78}
{'loss': 1.4755, 'grad_norm': 0.31048452854156494, 'learning_rate': 8.967748458194318e-05, 'epoch': 5.79}
{'loss': 1.4756, 'grad_norm': 0.33787164092063904, 'learning_rate': 8.966063424662151e-05, 'epoch': 5.79}
{'loss': 1.4772, 'grad_norm': 0.3128752112388611, 'learning_rate': 8.964378391129984e-05, 'epoch': 5.8}
{'loss': 1.4762, 'grad_norm': 0.6587679386138916, 'learning_rate': 8.962693357597817e-05, 'epoch': 5.8}
{'loss': 1.4738, 'grad_norm': 0.5977543592453003, 'learning_rate': 8.961008324065649e-05, 'epoch': 5.81}
{'loss': 1.4758, 'grad_norm': 0.31998181343078613, 'learning_rate': 8.959323290533482e-05, 'epoch': 5.81}
{'loss': 1.4758, 'grad_norm': 0.2470715343952179, 'learning_rate': 8.957638257001316e-05, 'epoch': 5.81}
{'loss': 1.4741, 'grad_norm': 0.3992827534675598, 'learning_rate': 8.955953223469147e-05, 'epoch': 5.82}
{'loss': 1.4736, 'grad_norm': 0.2775424122810364, 'learning_rate': 8.95426818993698e-05, 'epoch': 5.82}
{'loss': 1.4757, 'grad_norm': 0.2383122742176056, 'learning_rate': 8.952583156404812e-05, 'epoch': 5.83}
{'loss': 1.4749, 'grad_norm': 0.3990657329559326, 'learning_rate': 8.950898122872646e-05, 'epoch': 5.83}
{'loss': 1.4727, 'grad_norm': 0.449054479598999, 'learning_rate': 8.949213089340477e-05, 'epoch': 5.84}
{'loss': 1.472, 'grad_norm': 0.2806203365325928, 'learning_rate': 8.94752805580831e-05, 'epoch': 5.84}
{'loss': 1.4757, 'grad_norm': 0.35099974274635315, 'learning_rate': 8.945843022276144e-05, 'epoch': 5.85}
{'loss': 1.4769, 'grad_norm': 0.33804237842559814, 'learning_rate': 8.944157988743977e-05, 'epoch': 5.85}
{'loss': 1.4716, 'grad_norm': 0.2118084579706192, 'learning_rate': 8.942472955211809e-05, 'epoch': 5.86}
{'loss': 1.475, 'grad_norm': 0.4704158902168274, 'learning_rate': 8.940787921679642e-05, 'epoch': 5.86}
{'loss': 1.4732, 'grad_norm': 0.3198177218437195, 'learning_rate': 8.939102888147475e-05, 'epoch': 5.86}
{'loss': 1.4716, 'grad_norm': 0.2727468013763428, 'learning_rate': 8.937417854615307e-05, 'epoch': 5.87}
{'loss': 1.4715, 'grad_norm': 0.3861910104751587, 'learning_rate': 8.93573282108314e-05, 'epoch': 5.87}
{'loss': 1.4691, 'grad_norm': 0.310379296541214, 'learning_rate': 8.934047787550973e-05, 'epoch': 5.88}
{'loss': 1.4726, 'grad_norm': 0.8288376331329346, 'learning_rate': 8.932362754018807e-05, 'epoch': 5.88}
{'loss': 1.4726, 'grad_norm': 0.34124770760536194, 'learning_rate': 8.930677720486637e-05, 'epoch': 5.89}
{'loss': 1.4747, 'grad_norm': 0.3467290997505188, 'learning_rate': 8.92899268695447e-05, 'epoch': 5.89}
{'loss': 1.4751, 'grad_norm': 0.30088168382644653, 'learning_rate': 8.927307653422303e-05, 'epoch': 5.9}
{'loss': 1.4733, 'grad_norm': 0.3026975095272064, 'learning_rate': 8.925622619890137e-05, 'epoch': 5.9}
{'loss': 1.4743, 'grad_norm': 0.267345666885376, 'learning_rate': 8.923937586357968e-05, 'epoch': 5.91}
{'loss': 1.4748, 'grad_norm': 0.3955845236778259, 'learning_rate': 8.922252552825802e-05, 'epoch': 5.91}
{'loss': 1.4751, 'grad_norm': 0.5895378589630127, 'learning_rate': 8.920567519293635e-05, 'epoch': 5.91}
{'loss': 1.4714, 'grad_norm': 0.40698766708374023, 'learning_rate': 8.918882485761467e-05, 'epoch': 5.92}
{'loss': 1.4731, 'grad_norm': 0.29660919308662415, 'learning_rate': 8.9171974522293e-05, 'epoch': 5.92}
{'loss': 1.4704, 'grad_norm': 0.24859623610973358, 'learning_rate': 8.915512418697133e-05, 'epoch': 5.93}
{'loss': 1.4715, 'grad_norm': 0.35745659470558167, 'learning_rate': 8.913827385164966e-05, 'epoch': 5.93}
{'loss': 1.471, 'grad_norm': 0.4161530137062073, 'learning_rate': 8.912142351632798e-05, 'epoch': 5.94}
{'loss': 1.469, 'grad_norm': 0.2746909260749817, 'learning_rate': 8.91045731810063e-05, 'epoch': 5.94}
{'loss': 1.4741, 'grad_norm': 0.31500178575515747, 'learning_rate': 8.908772284568463e-05, 'epoch': 5.95}
{'loss': 1.4701, 'grad_norm': 0.32964619994163513, 'learning_rate': 8.907087251036296e-05, 'epoch': 5.95}
{'loss': 1.4721, 'grad_norm': 0.24414153397083282, 'learning_rate': 8.905402217504128e-05, 'epoch': 5.96}
{'loss': 1.473, 'grad_norm': 0.318106472492218, 'learning_rate': 8.903717183971961e-05, 'epoch': 5.96}
{'loss': 1.4689, 'grad_norm': 0.3837248682975769, 'learning_rate': 8.902032150439795e-05, 'epoch': 5.96}
{'loss': 1.4722, 'grad_norm': 0.39168137311935425, 'learning_rate': 8.900347116907626e-05, 'epoch': 5.97}
{'loss': 1.473, 'grad_norm': 0.31074151396751404, 'learning_rate': 8.89866208337546e-05, 'epoch': 5.97}
{'loss': 1.4753, 'grad_norm': 0.27211323380470276, 'learning_rate': 8.896977049843293e-05, 'epoch': 5.98}
{'loss': 1.4694, 'grad_norm': 0.27880123257637024, 'learning_rate': 8.895292016311126e-05, 'epoch': 5.98}
{'loss': 1.4676, 'grad_norm': 0.25081777572631836, 'learning_rate': 8.893606982778958e-05, 'epoch': 5.99}
{'loss': 1.4688, 'grad_norm': 0.20809170603752136, 'learning_rate': 8.891921949246791e-05, 'epoch': 5.99}
{'loss': 1.4681, 'grad_norm': 0.31847211718559265, 'learning_rate': 8.890236915714624e-05, 'epoch': 6.0}
{'loss': 1.4688, 'grad_norm': 0.28639301657676697, 'learning_rate': 8.888551882182456e-05, 'epoch': 6.0}
{'loss': 1.4648, 'grad_norm': 0.2502242922782898, 'learning_rate': 8.886866848650288e-05, 'epoch': 6.01}
{'loss': 1.463, 'grad_norm': 0.3126501441001892, 'learning_rate': 8.885181815118121e-05, 'epoch': 6.01}
{'loss': 1.4632, 'grad_norm': 0.4052673578262329, 'learning_rate': 8.883496781585954e-05, 'epoch': 6.01}
{'loss': 1.4639, 'grad_norm': 0.293938547372818, 'learning_rate': 8.881811748053786e-05, 'epoch': 6.02}
{'loss': 1.4635, 'grad_norm': 0.22870385646820068, 'learning_rate': 8.880126714521619e-05, 'epoch': 6.02}
{'loss': 1.4602, 'grad_norm': 0.22943927347660065, 'learning_rate': 8.878441680989452e-05, 'epoch': 6.03}
{'loss': 1.4631, 'grad_norm': 0.30279842019081116, 'learning_rate': 8.876756647457286e-05, 'epoch': 6.03}
{'loss': 1.4624, 'grad_norm': 0.28302428126335144, 'learning_rate': 8.875071613925117e-05, 'epoch': 6.04}
{'loss': 1.4625, 'grad_norm': 0.2620876431465149, 'learning_rate': 8.87338658039295e-05, 'epoch': 6.04}
{'loss': 1.4648, 'grad_norm': 0.26417773962020874, 'learning_rate': 8.871701546860784e-05, 'epoch': 6.05}
{'loss': 1.4643, 'grad_norm': 0.24851392209529877, 'learning_rate': 8.870016513328616e-05, 'epoch': 6.05}
{'loss': 1.463, 'grad_norm': 0.2474391758441925, 'learning_rate': 8.868331479796447e-05, 'epoch': 6.06}
{'loss': 1.463, 'grad_norm': 0.4202960431575775, 'learning_rate': 8.86664644626428e-05, 'epoch': 6.06}
{'loss': 1.4631, 'grad_norm': 0.2968906760215759, 'learning_rate': 8.864961412732114e-05, 'epoch': 6.06}
{'loss': 1.467, 'grad_norm': 0.8551010489463806, 'learning_rate': 8.863276379199946e-05, 'epoch': 6.07}
{'loss': 1.4649, 'grad_norm': 0.3018020689487457, 'learning_rate': 8.861591345667779e-05, 'epoch': 6.07}
{'loss': 1.4648, 'grad_norm': 0.44252580404281616, 'learning_rate': 8.859906312135612e-05, 'epoch': 6.08}
{'loss': 1.4631, 'grad_norm': 0.22942927479743958, 'learning_rate': 8.858221278603445e-05, 'epoch': 6.08}
{'loss': 1.4639, 'grad_norm': 0.9972431063652039, 'learning_rate': 8.856536245071277e-05, 'epoch': 6.09}
{'loss': 1.4662, 'grad_norm': 0.34292370080947876, 'learning_rate': 8.85485121153911e-05, 'epoch': 6.09}
{'loss': 1.4681, 'grad_norm': 0.2787429690361023, 'learning_rate': 8.853166178006943e-05, 'epoch': 6.1}
{'loss': 1.4648, 'grad_norm': 0.27650612592697144, 'learning_rate': 8.851481144474775e-05, 'epoch': 6.1}
{'loss': 1.4711, 'grad_norm': 0.30295392870903015, 'learning_rate': 8.849796110942608e-05, 'epoch': 6.11}
{'loss': 1.465, 'grad_norm': 0.25213009119033813, 'learning_rate': 8.848111077410442e-05, 'epoch': 6.11}
{'loss': 1.4719, 'grad_norm': 0.3971923887729645, 'learning_rate': 8.846426043878273e-05, 'epoch': 6.11}
{'loss': 1.4655, 'grad_norm': 0.33644193410873413, 'learning_rate': 8.844741010346105e-05, 'epoch': 6.12}
{'loss': 1.4665, 'grad_norm': 0.33858099579811096, 'learning_rate': 8.843055976813938e-05, 'epoch': 6.12}
{'loss': 1.4621, 'grad_norm': 0.2758965492248535, 'learning_rate': 8.841370943281772e-05, 'epoch': 6.13}
{'loss': 1.4671, 'grad_norm': 0.2793950140476227, 'learning_rate': 8.839685909749605e-05, 'epoch': 6.13}
{'loss': 1.4655, 'grad_norm': 0.5205262303352356, 'learning_rate': 8.838000876217437e-05, 'epoch': 6.14}
{'loss': 1.4647, 'grad_norm': 0.30831918120384216, 'learning_rate': 8.83631584268527e-05, 'epoch': 6.14}
{'loss': 1.4646, 'grad_norm': 0.7013484239578247, 'learning_rate': 8.834630809153103e-05, 'epoch': 6.15}
{'loss': 1.4656, 'grad_norm': 0.49062198400497437, 'learning_rate': 8.832945775620935e-05, 'epoch': 6.15}
{'loss': 1.4652, 'grad_norm': 0.7558223605155945, 'learning_rate': 8.831260742088768e-05, 'epoch': 6.16}
{'loss': 1.4646, 'grad_norm': 0.27735182642936707, 'learning_rate': 8.829575708556601e-05, 'epoch': 6.16}
{'loss': 1.4695, 'grad_norm': 0.2954385578632355, 'learning_rate': 8.827890675024434e-05, 'epoch': 6.16}
{'loss': 1.4683, 'grad_norm': 0.3217693865299225, 'learning_rate': 8.826205641492265e-05, 'epoch': 6.17}
{'loss': 1.4676, 'grad_norm': 0.28217971324920654, 'learning_rate': 8.824520607960098e-05, 'epoch': 6.17}
{'loss': 1.4619, 'grad_norm': 0.24285957217216492, 'learning_rate': 8.822835574427931e-05, 'epoch': 6.18}
{'loss': 1.4647, 'grad_norm': 0.3234548568725586, 'learning_rate': 8.821150540895765e-05, 'epoch': 6.18}
{'loss': 1.4635, 'grad_norm': 0.4698426425457001, 'learning_rate': 8.819465507363596e-05, 'epoch': 6.19}
{'loss': 1.4693, 'grad_norm': 0.468633770942688, 'learning_rate': 8.81778047383143e-05, 'epoch': 6.19}
{'loss': 1.4685, 'grad_norm': 0.42244139313697815, 'learning_rate': 8.816095440299263e-05, 'epoch': 6.2}
{'loss': 1.465, 'grad_norm': 0.41207101941108704, 'learning_rate': 8.814410406767095e-05, 'epoch': 6.2}
{'loss': 1.4676, 'grad_norm': 0.35510626435279846, 'learning_rate': 8.812725373234928e-05, 'epoch': 6.21}
{'loss': 1.4644, 'grad_norm': 0.25719383358955383, 'learning_rate': 8.811040339702761e-05, 'epoch': 6.21}
{'loss': 1.4662, 'grad_norm': 0.23934157192707062, 'learning_rate': 8.809355306170594e-05, 'epoch': 6.21}
{'loss': 1.466, 'grad_norm': 0.4521793723106384, 'learning_rate': 8.807670272638426e-05, 'epoch': 6.22}
{'loss': 1.463, 'grad_norm': 0.30353593826293945, 'learning_rate': 8.805985239106259e-05, 'epoch': 6.22}
{'loss': 1.464, 'grad_norm': 0.39628854393959045, 'learning_rate': 8.804300205574091e-05, 'epoch': 6.23}
{'loss': 1.4633, 'grad_norm': 0.25413742661476135, 'learning_rate': 8.802615172041924e-05, 'epoch': 6.23}
{'loss': 1.4646, 'grad_norm': 0.5858717560768127, 'learning_rate': 8.800930138509756e-05, 'epoch': 6.24}
{'loss': 1.4647, 'grad_norm': 0.3582749366760254, 'learning_rate': 8.799245104977589e-05, 'epoch': 6.24}
{'loss': 1.4624, 'grad_norm': 0.2725704610347748, 'learning_rate': 8.797560071445422e-05, 'epoch': 6.25}
{'loss': 1.4638, 'grad_norm': 0.20578980445861816, 'learning_rate': 8.795875037913254e-05, 'epoch': 6.25}
{'loss': 1.4635, 'grad_norm': 0.2958424389362335, 'learning_rate': 8.794190004381087e-05, 'epoch': 6.26}
{'loss': 1.4642, 'grad_norm': 0.2632369101047516, 'learning_rate': 8.79250497084892e-05, 'epoch': 6.26}
{'loss': 1.4646, 'grad_norm': 0.21952630579471588, 'learning_rate': 8.790819937316754e-05, 'epoch': 6.26}
{'loss': 1.4679, 'grad_norm': 0.36393749713897705, 'learning_rate': 8.789134903784586e-05, 'epoch': 6.27}
{'loss': 1.4668, 'grad_norm': 0.22732838988304138, 'learning_rate': 8.787449870252419e-05, 'epoch': 6.27}
{'loss': 1.467, 'grad_norm': 0.37916135787963867, 'learning_rate': 8.785764836720252e-05, 'epoch': 6.28}
{'loss': 1.4679, 'grad_norm': 0.30476388335227966, 'learning_rate': 8.784079803188084e-05, 'epoch': 6.28}
{'loss': 1.4658, 'grad_norm': 0.28342196345329285, 'learning_rate': 8.782394769655916e-05, 'epoch': 6.29}
{'loss': 1.4658, 'grad_norm': 0.3175114393234253, 'learning_rate': 8.780709736123749e-05, 'epoch': 6.29}
{'loss': 1.4622, 'grad_norm': 0.28842830657958984, 'learning_rate': 8.779024702591582e-05, 'epoch': 6.3}
{'loss': 1.4618, 'grad_norm': 0.2517392337322235, 'learning_rate': 8.777339669059414e-05, 'epoch': 6.3}
{'loss': 1.4623, 'grad_norm': 0.40734222531318665, 'learning_rate': 8.775654635527247e-05, 'epoch': 6.31}
{'loss': 1.4657, 'grad_norm': 0.26951223611831665, 'learning_rate': 8.77396960199508e-05, 'epoch': 6.31}
{'loss': 1.4618, 'grad_norm': 0.30670204758644104, 'learning_rate': 8.772284568462913e-05, 'epoch': 6.31}
{'loss': 1.4621, 'grad_norm': 0.25814807415008545, 'learning_rate': 8.770599534930745e-05, 'epoch': 6.32}
{'loss': 1.4631, 'grad_norm': 0.4545692801475525, 'learning_rate': 8.768914501398578e-05, 'epoch': 6.32}
{'loss': 1.4626, 'grad_norm': 0.24158431589603424, 'learning_rate': 8.767229467866412e-05, 'epoch': 6.33}
{'loss': 1.4635, 'grad_norm': 0.2417159229516983, 'learning_rate': 8.765544434334243e-05, 'epoch': 6.33}
{'loss': 1.4684, 'grad_norm': 0.31777113676071167, 'learning_rate': 8.763859400802077e-05, 'epoch': 6.34}
{'loss': 1.4653, 'grad_norm': 0.3148297965526581, 'learning_rate': 8.762174367269909e-05, 'epoch': 6.34}
{'loss': 1.465, 'grad_norm': 0.2643527090549469, 'learning_rate': 8.760489333737742e-05, 'epoch': 6.35}
{'loss': 1.4633, 'grad_norm': 0.37843790650367737, 'learning_rate': 8.758804300205574e-05, 'epoch': 6.35}
{'loss': 1.462, 'grad_norm': 0.3950228691101074, 'learning_rate': 8.757119266673407e-05, 'epoch': 6.36}
{'loss': 1.4669, 'grad_norm': 0.44099897146224976, 'learning_rate': 8.75543423314124e-05, 'epoch': 6.36}
{'loss': 1.4633, 'grad_norm': 0.3736670911312103, 'learning_rate': 8.753749199609073e-05, 'epoch': 6.36}
{'loss': 1.463, 'grad_norm': 0.42890501022338867, 'learning_rate': 8.752064166076905e-05, 'epoch': 6.37}
pred : ardent in the prosecution of heresy cyril auspiciously opened his reign by oppressing the novations the most innocent and harmless of the sectaries
label: ardent in the prosecution of heresy cyril auspiciously opened his reign by oppressing the novatians the most innocent and harmless of the sectaries
pred : without any legal sentence without any royal mandate the patriarch at the dawn of day led a seditious multitude to the attack of the synagogue
label: without any legal sentence without any royal mandate the patriarch at the dawn of day led a seditious multitude to the attack of the synagogues
pred : such crimes would have deserved the animadversion of the magistrate but in this promiscuous outrage the innocent were confounded with the guilty and alexandria was impoverished by the loss of a wealthy and industrious colony
label: such crimes would have deserved the animadversion of the magistrate but in this promiscuous outrage the innocent were confounded with the guilty and alexandria was impoverished by the loss of a wealthy and industrious colony
pred : ardent in the prosecution of heresy cyril auspiciously opened his reign by oppressing the novations the most innocent and harmless of the sectaries
label: ardent in the prosecution of heresy cyril auspiciously opened his reign by oppressing the novatians the most innocent and harmless of the sectaries
pred : without any legal sentence without any royal mandate the patriarch at the dawn of day led a seditious multitude to the attack of the synagogue
label: without any legal sentence without any royal mandate the patriarch at the dawn of day led a seditious multitude to the attack of the synagogues
pred : such crimes would have deserved the animadversion of the magistrate but in this promiscuous outrage the innocent were confounded with the guilty and alexandria was impoverished by the loss of a wealthy and industrious colony
label: such crimes would have deserved the animadversion of the magistrate but in this promiscuous outrage the innocent were confounded with the guilty and alexandria was impoverished by the loss of a wealthy and industrious colony
pred : ardent in the prosecution of heresy cyril auspiciously opened his reign by oppressing the novations the most innocent and harmless of the sectaries
label: ardent in the prosecution of heresy cyril auspiciously opened his reign by oppressing the novatians the most innocent and harmless of the sectaries
pred : without any legal sentence without any royal mandate the patriarch at the dawn of day led a seditious multitude to the attack of the synagogue
label: without any legal sentence without any royal mandate the patriarch at the dawn of day led a seditious multitude to the attack of the synagogues
pred : such crimes would have deserved the animadversion of the magistrate but in this promiscuous outrage the innocent were confounded with the guilty and alexandria was impoverished by the loss of a wealthy and industrious colony
label: such crimes would have deserved the animadversion of the magistrate but in this promiscuous outrage the innocent were confounded with the guilty and alexandria was impoverished by the loss of a wealthy and industrious colony
pred : ardent in the prosecution of heresy cyril auspiciously opened his reign by oppressing the novations the most innocent and harmless of the sectaries
label: ardent in the prosecution of heresy cyril auspiciously opened his reign by oppressing the novatians the most innocent and harmless of the sectaries
pred : without any legal sentence without any royal mandate the patriarch at the dawn of day led a seditious multitude to the attack of the synagogue
label: without any legal sentence without any royal mandate the patriarch at the dawn of day led a seditious multitude to the attack of the synagogues
pred : such crimes would have deserved the animadversion of the magistrate but in this promiscuous outrage the innocent were confounded with the guilty and alexandria was impoverished by the loss of a wealthy and industrious colony
label: such crimes would have deserved the animadversion of the magistrate but in this promiscuous outrage the innocent were confounded with the guilty and alexandria was impoverished by the loss of a wealthy and industrious colony
{'eval_loss': 1.6295593976974487, 'eval_bleu': 95.92435329568227, 'eval_wer': 0.02456986134968161, 'eval_cer': 0.0161517183177833, 'eval_rouge1': 0.9834537631382179, 'eval_rouge2': 0.9706379979317656, 'eval_rougeL': 0.983472649197286, 'eval_runtime': 88.6054, 'eval_samples_per_second': 62.829, 'eval_steps_per_second': 0.327, 'epoch': 6.37}
{'loss': 1.465, 'grad_norm': 0.5049171447753906, 'learning_rate': 8.750379132544738e-05, 'epoch': 6.37}
{'loss': 1.4635, 'grad_norm': 0.27842509746551514, 'learning_rate': 8.748694099012571e-05, 'epoch': 6.38}
{'loss': 1.4644, 'grad_norm': 0.6943814158439636, 'learning_rate': 8.747009065480403e-05, 'epoch': 6.38}
{'loss': 1.464, 'grad_norm': 0.4208510220050812, 'learning_rate': 8.745324031948236e-05, 'epoch': 6.39}
{'loss': 1.4668, 'grad_norm': 0.33773306012153625, 'learning_rate': 8.74363899841607e-05, 'epoch': 6.39}
{'loss': 1.4654, 'grad_norm': 0.25478190183639526, 'learning_rate': 8.741953964883901e-05, 'epoch': 6.4}
{'loss': 1.464, 'grad_norm': 0.23986266553401947, 'learning_rate': 8.740268931351733e-05, 'epoch': 6.4}
{'loss': 1.464, 'grad_norm': 0.3693564832210541, 'learning_rate': 8.738583897819566e-05, 'epoch': 6.41}
{'loss': 1.4649, 'grad_norm': 0.22907952964305878, 'learning_rate': 8.7368988642874e-05, 'epoch': 6.41}
{'loss': 1.463, 'grad_norm': 0.26099273562431335, 'learning_rate': 8.735213830755233e-05, 'epoch': 6.41}
{'loss': 1.4628, 'grad_norm': 0.27321162819862366, 'learning_rate': 8.733528797223065e-05, 'epoch': 6.42}
{'loss': 1.4639, 'grad_norm': 0.40833765268325806, 'learning_rate': 8.731843763690898e-05, 'epoch': 6.42}
{'loss': 1.4612, 'grad_norm': 0.32816481590270996, 'learning_rate': 8.730158730158731e-05, 'epoch': 6.43}
{'loss': 1.465, 'grad_norm': 0.3430033028125763, 'learning_rate': 8.728473696626563e-05, 'epoch': 6.43}
{'loss': 1.4643, 'grad_norm': 0.25296974182128906, 'learning_rate': 8.726788663094396e-05, 'epoch': 6.44}
{'loss': 1.4615, 'grad_norm': 0.2327633500099182, 'learning_rate': 8.725103629562229e-05, 'epoch': 6.44}
{'loss': 1.4624, 'grad_norm': 0.3710510730743408, 'learning_rate': 8.723418596030062e-05, 'epoch': 6.45}
{'loss': 1.4635, 'grad_norm': 0.3358299732208252, 'learning_rate': 8.721733562497894e-05, 'epoch': 6.45}
{'loss': 1.465, 'grad_norm': 0.2650797665119171, 'learning_rate': 8.720048528965726e-05, 'epoch': 6.46}
{'loss': 1.4641, 'grad_norm': 0.3032050132751465, 'learning_rate': 8.718363495433559e-05, 'epoch': 6.46}
{'loss': 1.4668, 'grad_norm': 0.24872815608978271, 'learning_rate': 8.716678461901392e-05, 'epoch': 6.46}
{'loss': 1.4684, 'grad_norm': 0.24976982176303864, 'learning_rate': 8.714993428369224e-05, 'epoch': 6.47}
{'loss': 1.4628, 'grad_norm': 0.22909048199653625, 'learning_rate': 8.713308394837057e-05, 'epoch': 6.47}
{'loss': 1.4637, 'grad_norm': 0.2585234045982361, 'learning_rate': 8.71162336130489e-05, 'epoch': 6.48}
{'loss': 1.464, 'grad_norm': 0.319411963224411, 'learning_rate': 8.709938327772722e-05, 'epoch': 6.48}
{'loss': 1.463, 'grad_norm': 0.26078489422798157, 'learning_rate': 8.708253294240556e-05, 'epoch': 6.49}
{'loss': 1.4667, 'grad_norm': 0.38080427050590515, 'learning_rate': 8.706568260708389e-05, 'epoch': 6.49}
{'loss': 1.4661, 'grad_norm': 0.41646382212638855, 'learning_rate': 8.704883227176222e-05, 'epoch': 6.5}
{'loss': 1.4674, 'grad_norm': 0.4148269295692444, 'learning_rate': 8.703198193644054e-05, 'epoch': 6.5}
{'loss': 1.4661, 'grad_norm': 6.922313213348389, 'learning_rate': 8.701513160111887e-05, 'epoch': 6.51}
{'loss': 1.4631, 'grad_norm': 0.526723325252533, 'learning_rate': 8.69982812657972e-05, 'epoch': 6.51}
{'loss': 1.4683, 'grad_norm': 0.4041636288166046, 'learning_rate': 8.698143093047552e-05, 'epoch': 6.52}
{'loss': 1.467, 'grad_norm': 0.24935397505760193, 'learning_rate': 8.696458059515384e-05, 'epoch': 6.52}
{'loss': 1.4663, 'grad_norm': 0.2868555188179016, 'learning_rate': 8.694773025983217e-05, 'epoch': 6.52}
{'loss': 1.4651, 'grad_norm': 0.2608385682106018, 'learning_rate': 8.69308799245105e-05, 'epoch': 6.53}
{'loss': 1.4641, 'grad_norm': 0.27783557772636414, 'learning_rate': 8.691402958918883e-05, 'epoch': 6.53}
{'loss': 1.4629, 'grad_norm': 0.2813577353954315, 'learning_rate': 8.689717925386715e-05, 'epoch': 6.54}
{'loss': 1.4639, 'grad_norm': 0.25804629921913147, 'learning_rate': 8.688032891854548e-05, 'epoch': 6.54}
{'loss': 1.4658, 'grad_norm': 0.37018951773643494, 'learning_rate': 8.686347858322382e-05, 'epoch': 6.55}
{'loss': 1.4645, 'grad_norm': 0.21603886783123016, 'learning_rate': 8.684662824790214e-05, 'epoch': 6.55}
{'loss': 1.4649, 'grad_norm': 0.28974369168281555, 'learning_rate': 8.682977791258047e-05, 'epoch': 6.56}
{'loss': 1.4635, 'grad_norm': 0.4101827144622803, 'learning_rate': 8.68129275772588e-05, 'epoch': 6.56}
{'loss': 1.4628, 'grad_norm': 0.2873585522174835, 'learning_rate': 8.679607724193712e-05, 'epoch': 6.57}
{'loss': 1.4654, 'grad_norm': 0.3015998601913452, 'learning_rate': 8.677922690661544e-05, 'epoch': 6.57}
{'loss': 1.4669, 'grad_norm': 0.3105540871620178, 'learning_rate': 8.676237657129377e-05, 'epoch': 6.57}
{'loss': 1.4651, 'grad_norm': 0.38691216707229614, 'learning_rate': 8.67455262359721e-05, 'epoch': 6.58}
{'loss': 1.4643, 'grad_norm': 0.24499960243701935, 'learning_rate': 8.672867590065043e-05, 'epoch': 6.58}
{'loss': 1.4631, 'grad_norm': 0.5565004348754883, 'learning_rate': 8.671182556532875e-05, 'epoch': 6.59}
{'loss': 1.4643, 'grad_norm': 0.30112719535827637, 'learning_rate': 8.669497523000708e-05, 'epoch': 6.59}
{'loss': 1.465, 'grad_norm': 0.22991208732128143, 'learning_rate': 8.667812489468541e-05, 'epoch': 6.6}
{'loss': 1.4637, 'grad_norm': 0.3196937143802643, 'learning_rate': 8.666127455936373e-05, 'epoch': 6.6}
{'loss': 1.4633, 'grad_norm': 0.3423578143119812, 'learning_rate': 8.664442422404206e-05, 'epoch': 6.61}
{'loss': 1.4652, 'grad_norm': 0.2541413903236389, 'learning_rate': 8.66275738887204e-05, 'epoch': 6.61}
{'loss': 1.4619, 'grad_norm': 0.19528527557849884, 'learning_rate': 8.661072355339871e-05, 'epoch': 6.62}
{'loss': 1.4655, 'grad_norm': 0.28018128871917725, 'learning_rate': 8.659387321807705e-05, 'epoch': 6.62}
{'loss': 1.4631, 'grad_norm': 0.26642078161239624, 'learning_rate': 8.657702288275538e-05, 'epoch': 6.62}
{'loss': 1.4639, 'grad_norm': 0.3303045630455017, 'learning_rate': 8.65601725474337e-05, 'epoch': 6.63}
{'loss': 1.4629, 'grad_norm': 0.23140756785869598, 'learning_rate': 8.654332221211203e-05, 'epoch': 6.63}
{'loss': 1.4638, 'grad_norm': 0.23864376544952393, 'learning_rate': 8.652647187679035e-05, 'epoch': 6.64}
{'loss': 1.4619, 'grad_norm': 0.30051109194755554, 'learning_rate': 8.650962154146868e-05, 'epoch': 6.64}
{'loss': 1.4646, 'grad_norm': 0.33018219470977783, 'learning_rate': 8.649277120614701e-05, 'epoch': 6.65}
{'loss': 1.4642, 'grad_norm': 0.2631390690803528, 'learning_rate': 8.647592087082533e-05, 'epoch': 6.65}
{'loss': 1.4645, 'grad_norm': 0.28760093450546265, 'learning_rate': 8.645907053550366e-05, 'epoch': 6.66}
{'loss': 1.4654, 'grad_norm': 0.2707681357860565, 'learning_rate': 8.644222020018199e-05, 'epoch': 6.66}
{'loss': 1.4636, 'grad_norm': 0.3603900671005249, 'learning_rate': 8.642536986486032e-05, 'epoch': 6.67}
{'loss': 1.4626, 'grad_norm': 0.1944250613451004, 'learning_rate': 8.640851952953864e-05, 'epoch': 6.67}
{'loss': 1.4636, 'grad_norm': 0.24612663686275482, 'learning_rate': 8.639166919421697e-05, 'epoch': 6.67}
{'loss': 1.4586, 'grad_norm': 0.3999738097190857, 'learning_rate': 8.63748188588953e-05, 'epoch': 6.68}
{'loss': 1.4628, 'grad_norm': 0.5216513276100159, 'learning_rate': 8.635796852357362e-05, 'epoch': 6.68}
{'loss': 1.4664, 'grad_norm': 0.3115946054458618, 'learning_rate': 8.634111818825194e-05, 'epoch': 6.69}
{'loss': 1.4619, 'grad_norm': 0.3851458430290222, 'learning_rate': 8.632426785293027e-05, 'epoch': 6.69}
{'loss': 1.4619, 'grad_norm': 0.38311752676963806, 'learning_rate': 8.63074175176086e-05, 'epoch': 6.7}
{'loss': 1.463, 'grad_norm': 0.2206609845161438, 'learning_rate': 8.629056718228692e-05, 'epoch': 6.7}
{'loss': 1.4638, 'grad_norm': 0.23420381546020508, 'learning_rate': 8.627371684696526e-05, 'epoch': 6.71}
{'loss': 1.4641, 'grad_norm': 0.2435479462146759, 'learning_rate': 8.625686651164359e-05, 'epoch': 6.71}
{'loss': 1.4648, 'grad_norm': 0.2171727567911148, 'learning_rate': 8.624001617632192e-05, 'epoch': 6.72}
{'loss': 1.4624, 'grad_norm': 0.36417636275291443, 'learning_rate': 8.622316584100024e-05, 'epoch': 6.72}
{'loss': 1.4611, 'grad_norm': 0.29166245460510254, 'learning_rate': 8.620631550567857e-05, 'epoch': 6.72}
{'loss': 1.4644, 'grad_norm': 0.2572992742061615, 'learning_rate': 8.61894651703569e-05, 'epoch': 6.73}
{'loss': 1.4627, 'grad_norm': 0.2686261236667633, 'learning_rate': 8.617261483503522e-05, 'epoch': 6.73}
{'loss': 1.4604, 'grad_norm': 0.2705889344215393, 'learning_rate': 8.615576449971355e-05, 'epoch': 6.74}
{'loss': 1.462, 'grad_norm': 0.30201151967048645, 'learning_rate': 8.613891416439187e-05, 'epoch': 6.74}
{'loss': 1.4628, 'grad_norm': 0.26462385058403015, 'learning_rate': 8.61220638290702e-05, 'epoch': 6.75}
{'loss': 1.4618, 'grad_norm': 0.27503061294555664, 'learning_rate': 8.610521349374852e-05, 'epoch': 6.75}
{'loss': 1.4612, 'grad_norm': 0.2662908136844635, 'learning_rate': 8.608836315842685e-05, 'epoch': 6.76}
{'loss': 1.4679, 'grad_norm': 0.3041270673274994, 'learning_rate': 8.607151282310519e-05, 'epoch': 6.76}
{'loss': 1.464, 'grad_norm': 0.25530320405960083, 'learning_rate': 8.605466248778352e-05, 'epoch': 6.77}
{'loss': 1.463, 'grad_norm': 0.2555544078350067, 'learning_rate': 8.603781215246184e-05, 'epoch': 6.77}
{'loss': 1.463, 'grad_norm': 0.25315621495246887, 'learning_rate': 8.602096181714017e-05, 'epoch': 6.77}
{'loss': 1.4603, 'grad_norm': 0.23014682531356812, 'learning_rate': 8.60041114818185e-05, 'epoch': 6.78}
{'loss': 1.4612, 'grad_norm': 0.2314448058605194, 'learning_rate': 8.598726114649682e-05, 'epoch': 6.78}
{'loss': 1.4634, 'grad_norm': 0.29769787192344666, 'learning_rate': 8.597041081117515e-05, 'epoch': 6.79}
{'loss': 1.4636, 'grad_norm': 0.24468006193637848, 'learning_rate': 8.595356047585348e-05, 'epoch': 6.79}
{'loss': 1.4651, 'grad_norm': 0.2657616436481476, 'learning_rate': 8.59367101405318e-05, 'epoch': 6.8}
{'loss': 1.4677, 'grad_norm': 0.6241605877876282, 'learning_rate': 8.591985980521012e-05, 'epoch': 6.8}
{'loss': 1.4627, 'grad_norm': 0.3221628963947296, 'learning_rate': 8.590300946988845e-05, 'epoch': 6.81}
{'loss': 1.4633, 'grad_norm': 0.2716018259525299, 'learning_rate': 8.588615913456678e-05, 'epoch': 6.81}
{'loss': 1.4653, 'grad_norm': 0.33968445658683777, 'learning_rate': 8.586930879924511e-05, 'epoch': 6.82}
{'loss': 1.4633, 'grad_norm': 0.26680830121040344, 'learning_rate': 8.585245846392343e-05, 'epoch': 6.82}
{'loss': 1.4664, 'grad_norm': 0.5945393443107605, 'learning_rate': 8.583560812860176e-05, 'epoch': 6.82}
{'loss': 1.4673, 'grad_norm': 0.35823050141334534, 'learning_rate': 8.58187577932801e-05, 'epoch': 6.83}
{'loss': 1.4658, 'grad_norm': 0.3844183087348938, 'learning_rate': 8.580190745795841e-05, 'epoch': 6.83}
{'loss': 1.4667, 'grad_norm': 0.6037128567695618, 'learning_rate': 8.578505712263675e-05, 'epoch': 6.84}
{'loss': 1.4612, 'grad_norm': 0.3699333369731903, 'learning_rate': 8.576820678731508e-05, 'epoch': 6.84}
{'loss': 1.4654, 'grad_norm': 0.29180628061294556, 'learning_rate': 8.575135645199341e-05, 'epoch': 6.85}
{'loss': 1.4642, 'grad_norm': 0.28400373458862305, 'learning_rate': 8.573450611667173e-05, 'epoch': 6.85}
{'loss': 1.4651, 'grad_norm': 0.3262593448162079, 'learning_rate': 8.571765578135005e-05, 'epoch': 6.86}
{'loss': 1.4631, 'grad_norm': 0.30960071086883545, 'learning_rate': 8.570080544602838e-05, 'epoch': 6.86}
{'loss': 1.4644, 'grad_norm': 0.33218809962272644, 'learning_rate': 8.568395511070671e-05, 'epoch': 6.87}
{'loss': 1.4644, 'grad_norm': 0.37188243865966797, 'learning_rate': 8.566710477538503e-05, 'epoch': 6.87}
{'loss': 1.4641, 'grad_norm': 0.25164783000946045, 'learning_rate': 8.565025444006336e-05, 'epoch': 6.87}
{'loss': 1.4624, 'grad_norm': 0.2480889856815338, 'learning_rate': 8.563340410474169e-05, 'epoch': 6.88}
{'loss': 1.4633, 'grad_norm': 0.39993587136268616, 'learning_rate': 8.561655376942001e-05, 'epoch': 6.88}
{'loss': 1.4628, 'grad_norm': 0.24855397641658783, 'learning_rate': 8.559970343409834e-05, 'epoch': 6.89}
{'loss': 1.4649, 'grad_norm': 0.35444748401641846, 'learning_rate': 8.558285309877667e-05, 'epoch': 6.89}
{'loss': 1.4654, 'grad_norm': 0.2850358188152313, 'learning_rate': 8.5566002763455e-05, 'epoch': 6.9}
{'loss': 1.4639, 'grad_norm': 0.21401578187942505, 'learning_rate': 8.554915242813332e-05, 'epoch': 6.9}
{'loss': 1.4625, 'grad_norm': 0.7372554540634155, 'learning_rate': 8.553230209281166e-05, 'epoch': 6.91}
{'loss': 1.4632, 'grad_norm': 0.24916067719459534, 'learning_rate': 8.551545175748997e-05, 'epoch': 6.91}
{'loss': 1.4634, 'grad_norm': 0.2582302391529083, 'learning_rate': 8.54986014221683e-05, 'epoch': 6.92}
{'loss': 1.4628, 'grad_norm': 0.24219761788845062, 'learning_rate': 8.548175108684662e-05, 'epoch': 6.92}
{'loss': 1.4627, 'grad_norm': 0.2170840948820114, 'learning_rate': 8.546490075152496e-05, 'epoch': 6.92}
{'loss': 1.4609, 'grad_norm': 0.49823275208473206, 'learning_rate': 8.544805041620329e-05, 'epoch': 6.93}
{'loss': 1.4657, 'grad_norm': 0.35740289092063904, 'learning_rate': 8.543120008088161e-05, 'epoch': 6.93}
{'loss': 1.4598, 'grad_norm': 0.28384822607040405, 'learning_rate': 8.541434974555994e-05, 'epoch': 6.94}
{'loss': 1.4633, 'grad_norm': 0.367800772190094, 'learning_rate': 8.539749941023827e-05, 'epoch': 6.94}
{'loss': 1.4646, 'grad_norm': 0.3376957178115845, 'learning_rate': 8.53806490749166e-05, 'epoch': 6.95}
{'loss': 1.4627, 'grad_norm': 0.23801854252815247, 'learning_rate': 8.536379873959492e-05, 'epoch': 6.95}
{'loss': 1.4599, 'grad_norm': 0.3406912386417389, 'learning_rate': 8.534694840427325e-05, 'epoch': 6.96}
{'loss': 1.4646, 'grad_norm': 0.2757592797279358, 'learning_rate': 8.533009806895158e-05, 'epoch': 6.96}
{'loss': 1.4655, 'grad_norm': 0.5946075916290283, 'learning_rate': 8.53132477336299e-05, 'epoch': 6.97}
{'loss': 1.464, 'grad_norm': 0.4078737199306488, 'learning_rate': 8.529639739830822e-05, 'epoch': 6.97}
{'loss': 1.465, 'grad_norm': 0.5652989745140076, 'learning_rate': 8.527954706298655e-05, 'epoch': 6.97}
{'loss': 1.4615, 'grad_norm': 0.18763874471187592, 'learning_rate': 8.526269672766489e-05, 'epoch': 6.98}
{'loss': 1.4647, 'grad_norm': 0.2520754635334015, 'learning_rate': 8.52458463923432e-05, 'epoch': 6.98}
{'loss': 1.4647, 'grad_norm': 0.3403330445289612, 'learning_rate': 8.522899605702154e-05, 'epoch': 6.99}
{'loss': 1.4643, 'grad_norm': 0.33572879433631897, 'learning_rate': 8.521214572169987e-05, 'epoch': 6.99}
{'loss': 1.4616, 'grad_norm': 0.1854238510131836, 'learning_rate': 8.51952953863782e-05, 'epoch': 7.0}
{'loss': 1.4592, 'grad_norm': 0.36556386947631836, 'learning_rate': 8.517844505105652e-05, 'epoch': 7.0}
{'loss': 1.456, 'grad_norm': 0.21147707104682922, 'learning_rate': 8.516159471573485e-05, 'epoch': 7.01}
{'loss': 1.4563, 'grad_norm': 0.19192172586917877, 'learning_rate': 8.514474438041318e-05, 'epoch': 7.01}
{'loss': 1.4561, 'grad_norm': 0.258155882358551, 'learning_rate': 8.51278940450915e-05, 'epoch': 7.02}
{'loss': 1.4563, 'grad_norm': 0.25669917464256287, 'learning_rate': 8.511104370976983e-05, 'epoch': 7.02}
{'loss': 1.4575, 'grad_norm': 0.553002119064331, 'learning_rate': 8.509419337444815e-05, 'epoch': 7.02}
{'loss': 1.4545, 'grad_norm': 0.3179633915424347, 'learning_rate': 8.507734303912648e-05, 'epoch': 7.03}
{'loss': 1.4559, 'grad_norm': 0.2400498241186142, 'learning_rate': 8.50604927038048e-05, 'epoch': 7.03}
{'loss': 1.4577, 'grad_norm': 0.22158914804458618, 'learning_rate': 8.504364236848313e-05, 'epoch': 7.04}
{'loss': 1.4559, 'grad_norm': 0.2555937170982361, 'learning_rate': 8.502679203316146e-05, 'epoch': 7.04}
{'loss': 1.4561, 'grad_norm': 0.1878054291009903, 'learning_rate': 8.50099416978398e-05, 'epoch': 7.05}
{'loss': 1.4569, 'grad_norm': 0.25005388259887695, 'learning_rate': 8.499309136251811e-05, 'epoch': 7.05}
{'loss': 1.4547, 'grad_norm': 0.3158288598060608, 'learning_rate': 8.497624102719645e-05, 'epoch': 7.06}
{'loss': 1.4551, 'grad_norm': 0.23452867567539215, 'learning_rate': 8.495939069187478e-05, 'epoch': 7.06}
{'loss': 1.4566, 'grad_norm': 0.17666572332382202, 'learning_rate': 8.49425403565531e-05, 'epoch': 7.07}
{'loss': 1.4594, 'grad_norm': 0.27867814898490906, 'learning_rate': 8.492569002123143e-05, 'epoch': 7.07}
{'loss': 1.4582, 'grad_norm': 0.33129578828811646, 'learning_rate': 8.490883968590976e-05, 'epoch': 7.07}
{'loss': 1.4594, 'grad_norm': 0.3195221722126007, 'learning_rate': 8.489198935058809e-05, 'epoch': 7.08}
{'loss': 1.4601, 'grad_norm': 0.24326977133750916, 'learning_rate': 8.48751390152664e-05, 'epoch': 7.08}
{'loss': 1.4574, 'grad_norm': 0.29431453347206116, 'learning_rate': 8.485828867994473e-05, 'epoch': 7.09}
{'loss': 1.4581, 'grad_norm': 0.24840769171714783, 'learning_rate': 8.484143834462306e-05, 'epoch': 7.09}
{'loss': 1.4585, 'grad_norm': 0.23241128027439117, 'learning_rate': 8.482458800930139e-05, 'epoch': 7.1}
{'loss': 1.4553, 'grad_norm': 0.22450725734233856, 'learning_rate': 8.480773767397971e-05, 'epoch': 7.1}
{'loss': 1.459, 'grad_norm': 0.2839627265930176, 'learning_rate': 8.479088733865804e-05, 'epoch': 7.11}
{'loss': 1.4556, 'grad_norm': 0.3329128324985504, 'learning_rate': 8.477403700333637e-05, 'epoch': 7.11}
{'loss': 1.456, 'grad_norm': 0.28577059507369995, 'learning_rate': 8.475718666801469e-05, 'epoch': 7.12}
{'loss': 1.4568, 'grad_norm': 0.26611652970314026, 'learning_rate': 8.474033633269302e-05, 'epoch': 7.12}
{'loss': 1.4573, 'grad_norm': 0.6118068695068359, 'learning_rate': 8.472348599737136e-05, 'epoch': 7.12}
{'loss': 1.4573, 'grad_norm': 0.2328692227602005, 'learning_rate': 8.470663566204969e-05, 'epoch': 7.13}
{'loss': 1.4563, 'grad_norm': 0.37565746903419495, 'learning_rate': 8.4689785326728e-05, 'epoch': 7.13}
{'loss': 1.4591, 'grad_norm': 0.2532251179218292, 'learning_rate': 8.467293499140634e-05, 'epoch': 7.14}
{'loss': 1.4596, 'grad_norm': 0.279683917760849, 'learning_rate': 8.465608465608466e-05, 'epoch': 7.14}
{'loss': 1.4567, 'grad_norm': 0.1827806532382965, 'learning_rate': 8.463923432076299e-05, 'epoch': 7.15}
{'loss': 1.4602, 'grad_norm': 0.20709547400474548, 'learning_rate': 8.462238398544131e-05, 'epoch': 7.15}
{'loss': 1.4573, 'grad_norm': 0.22068874537944794, 'learning_rate': 8.460553365011964e-05, 'epoch': 7.16}
{'loss': 1.4545, 'grad_norm': 0.35889413952827454, 'learning_rate': 8.458868331479797e-05, 'epoch': 7.16}
{'loss': 1.4577, 'grad_norm': 0.35212379693984985, 'learning_rate': 8.457183297947629e-05, 'epoch': 7.17}
{'loss': 1.4577, 'grad_norm': 0.4343927502632141, 'learning_rate': 8.455498264415462e-05, 'epoch': 7.17}
{'loss': 1.4566, 'grad_norm': 0.324384868144989, 'learning_rate': 8.453813230883295e-05, 'epoch': 7.17}
{'loss': 1.4594, 'grad_norm': 0.2653939425945282, 'learning_rate': 8.452128197351128e-05, 'epoch': 7.18}
{'loss': 1.4572, 'grad_norm': 0.31568777561187744, 'learning_rate': 8.45044316381896e-05, 'epoch': 7.18}
{'loss': 1.4599, 'grad_norm': 0.2383592575788498, 'learning_rate': 8.448758130286794e-05, 'epoch': 7.19}
{'loss': 1.4609, 'grad_norm': 0.5089537501335144, 'learning_rate': 8.447073096754627e-05, 'epoch': 7.19}
{'loss': 1.458, 'grad_norm': 0.21652616560459137, 'learning_rate': 8.445388063222459e-05, 'epoch': 7.2}
{'loss': 1.4578, 'grad_norm': 0.18053275346755981, 'learning_rate': 8.44370302969029e-05, 'epoch': 7.2}
{'loss': 1.457, 'grad_norm': 0.19733241200447083, 'learning_rate': 8.442017996158124e-05, 'epoch': 7.21}
{'loss': 1.4604, 'grad_norm': 0.27561143040657043, 'learning_rate': 8.440332962625957e-05, 'epoch': 7.21}
{'loss': 1.4603, 'grad_norm': 0.409364253282547, 'learning_rate': 8.438647929093789e-05, 'epoch': 7.22}
{'loss': 1.4603, 'grad_norm': 0.2849597632884979, 'learning_rate': 8.436962895561622e-05, 'epoch': 7.22}
{'loss': 1.4583, 'grad_norm': 0.2241872400045395, 'learning_rate': 8.435277862029455e-05, 'epoch': 7.22}
{'loss': 1.4548, 'grad_norm': 0.4896124601364136, 'learning_rate': 8.433592828497288e-05, 'epoch': 7.23}
{'loss': 1.4568, 'grad_norm': 0.26006612181663513, 'learning_rate': 8.43190779496512e-05, 'epoch': 7.23}
{'loss': 1.4572, 'grad_norm': 0.4043533205986023, 'learning_rate': 8.430222761432953e-05, 'epoch': 7.24}
{'loss': 1.4576, 'grad_norm': 0.26154205203056335, 'learning_rate': 8.428537727900786e-05, 'epoch': 7.24}
{'loss': 1.4573, 'grad_norm': 0.8476975560188293, 'learning_rate': 8.426852694368618e-05, 'epoch': 7.25}
{'loss': 1.4573, 'grad_norm': 0.4516635835170746, 'learning_rate': 8.425167660836451e-05, 'epoch': 7.25}
{'loss': 1.4606, 'grad_norm': 0.9466243386268616, 'learning_rate': 8.423482627304283e-05, 'epoch': 7.26}
{'loss': 1.4643, 'grad_norm': 0.2970460057258606, 'learning_rate': 8.421797593772116e-05, 'epoch': 7.26}
{'loss': 1.4632, 'grad_norm': 0.20991121232509613, 'learning_rate': 8.420112560239948e-05, 'epoch': 7.27}
{'loss': 1.4631, 'grad_norm': 0.1893211305141449, 'learning_rate': 8.418427526707781e-05, 'epoch': 7.27}
{'loss': 1.4597, 'grad_norm': 0.27809998393058777, 'learning_rate': 8.416742493175615e-05, 'epoch': 7.27}
{'loss': 1.4611, 'grad_norm': 0.23624730110168457, 'learning_rate': 8.415057459643448e-05, 'epoch': 7.28}
pred : ardent in the prosecution of heresy cyril auspiciously opened his reign by oppressing the novations the most innocent and harmless of the sectaries
label: ardent in the prosecution of heresy cyril auspiciously opened his reign by oppressing the novatians the most innocent and harmless of the sectaries
pred : without any legal sentence without any royal mandate the patriarch at the dawn of day led a seditious multitude to the attack of the synagogues
label: without any legal sentence without any royal mandate the patriarch at the dawn of day led a seditious multitude to the attack of the synagogues
pred : such crimes would have deserved the animadversion of the magistrate but in this promiscuous outrage the innocent were confounded with the guilty and alexandria was impoverished by the loss of a wealthy and industrious colony
label: such crimes would have deserved the animadversion of the magistrate but in this promiscuous outrage the innocent were confounded with the guilty and alexandria was impoverished by the loss of a wealthy and industrious colony
pred : ardent in the prosecution of heresy cyril auspiciously opened his reign by oppressing the novations the most innocent and harmless of the sectaries
label: ardent in the prosecution of heresy cyril auspiciously opened his reign by oppressing the novatians the most innocent and harmless of the sectaries
pred : without any legal sentence without any royal mandate the patriarch at the dawn of day led a seditious multitude to the attack of the synagogues
label: without any legal sentence without any royal mandate the patriarch at the dawn of day led a seditious multitude to the attack of the synagogues
pred : such crimes would have deserved the animadversion of the magistrate but in this promiscuous outrage the innocent were confounded with the guilty and alexandria was impoverished by the loss of a wealthy and industrious colony
label: such crimes would have deserved the animadversion of the magistrate but in this promiscuous outrage the innocent were confounded with the guilty and alexandria was impoverished by the loss of a wealthy and industrious colony
pred : ardent in the prosecution of heresy cyril auspiciously opened his reign by oppressing the novations the most innocent and harmless of the sectaries
label: ardent in the prosecution of heresy cyril auspiciously opened his reign by oppressing the novatians the most innocent and harmless of the sectaries
pred : without any legal sentence without any royal mandate the patriarch at the dawn of day led a seditious multitude to the attack of the synagogues
label: without any legal sentence without any royal mandate the patriarch at the dawn of day led a seditious multitude to the attack of the synagogues
pred : such crimes would have deserved the animadversion of the magistrate but in this promiscuous outrage the innocent were confounded with the guilty and alexandria was impoverished by the loss of a wealthy and industrious colony
label: such crimes would have deserved the animadversion of the magistrate but in this promiscuous outrage the innocent were confounded with the guilty and alexandria was impoverished by the loss of a wealthy and industrious colony
pred : ardent in the prosecution of heresy cyril auspiciously opened his reign by oppressing the novations the most innocent and harmless of the sectaries
label: ardent in the prosecution of heresy cyril auspiciously opened his reign by oppressing the novatians the most innocent and harmless of the sectaries
pred : without any legal sentence without any royal mandate the patriarch at the dawn of day led a seditious multitude to the attack of the synagogues
label: without any legal sentence without any royal mandate the patriarch at the dawn of day led a seditious multitude to the attack of the synagogues
pred : such crimes would have deserved the animadversion of the magistrate but in this promiscuous outrage the innocent were confounded with the guilty and alexandria was impoverished by the loss of a wealthy and industrious colony
label: such crimes would have deserved the animadversion of the magistrate but in this promiscuous outrage the innocent were confounded with the guilty and alexandria was impoverished by the loss of a wealthy and industrious colony
{'eval_loss': 1.618643879890442, 'eval_bleu': 96.08021162858229, 'eval_wer': 0.023715752612149223, 'eval_cer': 0.01573697061061682, 'eval_rouge1': 0.9851089692970207, 'eval_rouge2': 0.9727401240261146, 'eval_rougeL': 0.9850495953793583, 'eval_runtime': 91.1552, 'eval_samples_per_second': 61.072, 'eval_steps_per_second': 0.318, 'epoch': 7.28}
{'loss': 1.4632, 'grad_norm': 0.42289337515830994, 'learning_rate': 8.41337242611128e-05, 'epoch': 7.28}
{'loss': 1.4603, 'grad_norm': 0.23948641121387482, 'learning_rate': 8.411687392579113e-05, 'epoch': 7.29}
{'loss': 1.4603, 'grad_norm': 0.382182776927948, 'learning_rate': 8.410002359046946e-05, 'epoch': 7.29}
{'loss': 1.4592, 'grad_norm': 0.33664485812187195, 'learning_rate': 8.408317325514778e-05, 'epoch': 7.3}
{'loss': 1.4597, 'grad_norm': 0.2978335916996002, 'learning_rate': 8.406632291982611e-05, 'epoch': 7.3}
{'loss': 1.462, 'grad_norm': 0.30239811539649963, 'learning_rate': 8.404947258450444e-05, 'epoch': 7.31}
{'loss': 1.4595, 'grad_norm': 0.3129201829433441, 'learning_rate': 8.403262224918276e-05, 'epoch': 7.31}
{'loss': 1.4591, 'grad_norm': 0.2582947015762329, 'learning_rate': 8.401577191386108e-05, 'epoch': 7.32}
{'loss': 1.4626, 'grad_norm': 0.47361740469932556, 'learning_rate': 8.399892157853941e-05, 'epoch': 7.32}
{'loss': 1.4576, 'grad_norm': 0.20292899012565613, 'learning_rate': 8.398207124321774e-05, 'epoch': 7.32}
{'loss': 1.4575, 'grad_norm': 0.20799490809440613, 'learning_rate': 8.396522090789607e-05, 'epoch': 7.33}
{'loss': 1.4599, 'grad_norm': 0.2879093289375305, 'learning_rate': 8.394837057257439e-05, 'epoch': 7.33}
{'loss': 1.4585, 'grad_norm': 0.36693075299263, 'learning_rate': 8.393152023725272e-05, 'epoch': 7.34}
{'loss': 1.4596, 'grad_norm': 0.2294851541519165, 'learning_rate': 8.391466990193106e-05, 'epoch': 7.34}
{'loss': 1.4556, 'grad_norm': 0.33719390630722046, 'learning_rate': 8.389781956660937e-05, 'epoch': 7.35}
{'loss': 1.4566, 'grad_norm': 0.36636820435523987, 'learning_rate': 8.388096923128771e-05, 'epoch': 7.35}
{'loss': 1.4563, 'grad_norm': 0.22546172142028809, 'learning_rate': 8.386411889596604e-05, 'epoch': 7.36}
{'loss': 1.4569, 'grad_norm': 0.24306362867355347, 'learning_rate': 8.384726856064437e-05, 'epoch': 7.36}
{'loss': 1.4537, 'grad_norm': 0.33027276396751404, 'learning_rate': 8.383041822532269e-05, 'epoch': 7.37}
{'loss': 1.4554, 'grad_norm': 0.3543454110622406, 'learning_rate': 8.381356789000101e-05, 'epoch': 7.37}
{'loss': 1.4545, 'grad_norm': 0.22626832127571106, 'learning_rate': 8.379671755467934e-05, 'epoch': 7.37}
{'loss': 1.4567, 'grad_norm': 0.24280612170696259, 'learning_rate': 8.377986721935767e-05, 'epoch': 7.38}
{'loss': 1.4558, 'grad_norm': 0.22142206132411957, 'learning_rate': 8.376301688403599e-05, 'epoch': 7.38}
{'loss': 1.4544, 'grad_norm': 0.31048980355262756, 'learning_rate': 8.374616654871432e-05, 'epoch': 7.39}
{'loss': 1.4542, 'grad_norm': 0.2047911286354065, 'learning_rate': 8.372931621339265e-05, 'epoch': 7.39}
{'loss': 1.4548, 'grad_norm': 0.2732704281806946, 'learning_rate': 8.371246587807097e-05, 'epoch': 7.4}
{'loss': 1.4569, 'grad_norm': 0.26052922010421753, 'learning_rate': 8.36956155427493e-05, 'epoch': 7.4}
{'loss': 1.4568, 'grad_norm': 0.24858930706977844, 'learning_rate': 8.367876520742764e-05, 'epoch': 7.41}
{'loss': 1.4588, 'grad_norm': 0.2207946479320526, 'learning_rate': 8.366191487210597e-05, 'epoch': 7.41}
{'loss': 1.4567, 'grad_norm': 0.33950525522232056, 'learning_rate': 8.364506453678429e-05, 'epoch': 7.42}
{'loss': 1.4579, 'grad_norm': 0.3981393873691559, 'learning_rate': 8.362821420146262e-05, 'epoch': 7.42}
{'loss': 1.4562, 'grad_norm': 0.24861200153827667, 'learning_rate': 8.361136386614094e-05, 'epoch': 7.42}
{'loss': 1.4532, 'grad_norm': 0.3944016396999359, 'learning_rate': 8.359451353081927e-05, 'epoch': 7.43}
{'loss': 1.4537, 'grad_norm': 0.19912239909172058, 'learning_rate': 8.357766319549759e-05, 'epoch': 7.43}
{'loss': 1.4543, 'grad_norm': 0.20469051599502563, 'learning_rate': 8.356081286017592e-05, 'epoch': 7.44}
{'loss': 1.4533, 'grad_norm': 0.3072250187397003, 'learning_rate': 8.354396252485425e-05, 'epoch': 7.44}
{'loss': 1.4558, 'grad_norm': 0.2200603187084198, 'learning_rate': 8.352711218953257e-05, 'epoch': 7.45}
{'loss': 1.4562, 'grad_norm': 0.3063339293003082, 'learning_rate': 8.35102618542109e-05, 'epoch': 7.45}
{'loss': 1.4568, 'grad_norm': 0.2591460049152374, 'learning_rate': 8.349341151888923e-05, 'epoch': 7.46}
{'loss': 1.4548, 'grad_norm': 0.1993740051984787, 'learning_rate': 8.347656118356756e-05, 'epoch': 7.46}
{'loss': 1.4576, 'grad_norm': 0.5014429688453674, 'learning_rate': 8.345971084824588e-05, 'epoch': 7.47}
{'loss': 1.4562, 'grad_norm': 0.2479221671819687, 'learning_rate': 8.344286051292421e-05, 'epoch': 7.47}
{'loss': 1.4572, 'grad_norm': 0.27963986992836, 'learning_rate': 8.342601017760255e-05, 'epoch': 7.47}
{'loss': 1.4548, 'grad_norm': 0.23887886106967926, 'learning_rate': 8.340915984228086e-05, 'epoch': 7.48}
{'loss': 1.4555, 'grad_norm': 0.3035283386707306, 'learning_rate': 8.339230950695918e-05, 'epoch': 7.48}
{'loss': 1.4561, 'grad_norm': 0.5498483777046204, 'learning_rate': 8.337545917163751e-05, 'epoch': 7.49}
{'loss': 1.4557, 'grad_norm': 0.24351200461387634, 'learning_rate': 8.335860883631585e-05, 'epoch': 7.49}
{'loss': 1.4555, 'grad_norm': 0.31865137815475464, 'learning_rate': 8.334175850099418e-05, 'epoch': 7.5}
{'loss': 1.4554, 'grad_norm': 0.4854079484939575, 'learning_rate': 8.33249081656725e-05, 'epoch': 7.5}
{'loss': 1.4572, 'grad_norm': 0.26705384254455566, 'learning_rate': 8.330805783035083e-05, 'epoch': 7.51}
{'loss': 1.4563, 'grad_norm': 0.4179043471813202, 'learning_rate': 8.329120749502916e-05, 'epoch': 7.51}
{'loss': 1.4553, 'grad_norm': 0.21857082843780518, 'learning_rate': 8.327435715970748e-05, 'epoch': 7.52}
{'loss': 1.4564, 'grad_norm': 0.2217719405889511, 'learning_rate': 8.325750682438581e-05, 'epoch': 7.52}
{'loss': 1.4547, 'grad_norm': 0.2259979248046875, 'learning_rate': 8.324065648906414e-05, 'epoch': 7.53}
{'loss': 1.4547, 'grad_norm': 0.26103881001472473, 'learning_rate': 8.322380615374246e-05, 'epoch': 7.53}
{'loss': 1.4547, 'grad_norm': 0.19437596201896667, 'learning_rate': 8.320695581842079e-05, 'epoch': 7.53}
{'loss': 1.4534, 'grad_norm': 0.271157830953598, 'learning_rate': 8.319010548309911e-05, 'epoch': 7.54}
{'loss': 1.4562, 'grad_norm': 0.2809906005859375, 'learning_rate': 8.317325514777744e-05, 'epoch': 7.54}
{'loss': 1.4566, 'grad_norm': 0.1717485636472702, 'learning_rate': 8.315640481245577e-05, 'epoch': 7.55}
{'loss': 1.4561, 'grad_norm': 0.251059889793396, 'learning_rate': 8.313955447713409e-05, 'epoch': 7.55}
{'loss': 1.4558, 'grad_norm': 0.2092459797859192, 'learning_rate': 8.312270414181242e-05, 'epoch': 7.56}
{'loss': 1.4548, 'grad_norm': 0.2381807416677475, 'learning_rate': 8.310585380649076e-05, 'epoch': 7.56}
{'loss': 1.4583, 'grad_norm': 0.23980477452278137, 'learning_rate': 8.308900347116908e-05, 'epoch': 7.57}
{'loss': 1.456, 'grad_norm': 0.2688771188259125, 'learning_rate': 8.307215313584741e-05, 'epoch': 7.57}
{'loss': 1.4553, 'grad_norm': 0.24013498425483704, 'learning_rate': 8.305530280052574e-05, 'epoch': 7.58}
{'loss': 1.4565, 'grad_norm': 0.25694984197616577, 'learning_rate': 8.303845246520407e-05, 'epoch': 7.58}
{'loss': 1.4572, 'grad_norm': 0.2678864896297455, 'learning_rate': 8.302160212988239e-05, 'epoch': 7.58}
{'loss': 1.4559, 'grad_norm': 0.21589301526546478, 'learning_rate': 8.300475179456072e-05, 'epoch': 7.59}
{'loss': 1.4557, 'grad_norm': 0.42762163281440735, 'learning_rate': 8.298790145923905e-05, 'epoch': 7.59}
{'loss': 1.4551, 'grad_norm': 0.33518174290657043, 'learning_rate': 8.297105112391737e-05, 'epoch': 7.6}
{'loss': 1.4542, 'grad_norm': 0.19076989591121674, 'learning_rate': 8.295420078859569e-05, 'epoch': 7.6}
{'loss': 1.4559, 'grad_norm': 0.28678393363952637, 'learning_rate': 8.293735045327402e-05, 'epoch': 7.61}
{'loss': 1.4535, 'grad_norm': 0.2430664300918579, 'learning_rate': 8.292050011795235e-05, 'epoch': 7.61}
{'loss': 1.4561, 'grad_norm': 0.924932599067688, 'learning_rate': 8.290364978263067e-05, 'epoch': 7.62}
{'loss': 1.4558, 'grad_norm': 0.3353036344051361, 'learning_rate': 8.2886799447309e-05, 'epoch': 7.62}
{'loss': 1.4546, 'grad_norm': 0.37851834297180176, 'learning_rate': 8.286994911198734e-05, 'epoch': 7.63}
{'loss': 1.4553, 'grad_norm': 0.26037099957466125, 'learning_rate': 8.285309877666567e-05, 'epoch': 7.63}
{'loss': 1.4561, 'grad_norm': 0.2816276252269745, 'learning_rate': 8.283624844134399e-05, 'epoch': 7.63}
{'loss': 1.4553, 'grad_norm': 0.24170465767383575, 'learning_rate': 8.281939810602232e-05, 'epoch': 7.64}
{'loss': 1.4563, 'grad_norm': 0.2118830531835556, 'learning_rate': 8.280254777070065e-05, 'epoch': 7.64}
{'loss': 1.456, 'grad_norm': 0.40642064809799194, 'learning_rate': 8.278569743537897e-05, 'epoch': 7.65}
{'loss': 1.4586, 'grad_norm': 0.30974993109703064, 'learning_rate': 8.276884710005729e-05, 'epoch': 7.65}
{'loss': 1.4562, 'grad_norm': 0.3366498053073883, 'learning_rate': 8.275199676473562e-05, 'epoch': 7.66}
{'loss': 1.4563, 'grad_norm': 0.4666879177093506, 'learning_rate': 8.273514642941395e-05, 'epoch': 7.66}
{'loss': 1.4549, 'grad_norm': 0.3192404806613922, 'learning_rate': 8.271829609409227e-05, 'epoch': 7.67}
{'loss': 1.4573, 'grad_norm': 0.2523176670074463, 'learning_rate': 8.27014457587706e-05, 'epoch': 7.67}
{'loss': 1.4561, 'grad_norm': 0.3095047175884247, 'learning_rate': 8.268459542344893e-05, 'epoch': 7.68}
{'loss': 1.4566, 'grad_norm': 0.27700746059417725, 'learning_rate': 8.266774508812726e-05, 'epoch': 7.68}
{'loss': 1.4573, 'grad_norm': 0.23932883143424988, 'learning_rate': 8.265089475280558e-05, 'epoch': 7.68}
{'loss': 1.4546, 'grad_norm': 0.254196435213089, 'learning_rate': 8.263404441748391e-05, 'epoch': 7.69}
{'loss': 1.4539, 'grad_norm': 0.2289021611213684, 'learning_rate': 8.261719408216225e-05, 'epoch': 7.69}
{'loss': 1.4565, 'grad_norm': 0.20195958018302917, 'learning_rate': 8.260034374684056e-05, 'epoch': 7.7}
{'loss': 1.4553, 'grad_norm': 0.27326804399490356, 'learning_rate': 8.25834934115189e-05, 'epoch': 7.7}
{'loss': 1.4546, 'grad_norm': 0.2369208186864853, 'learning_rate': 8.256664307619723e-05, 'epoch': 7.71}
{'loss': 1.4525, 'grad_norm': 0.24154607951641083, 'learning_rate': 8.254979274087555e-05, 'epoch': 7.71}
{'loss': 1.4543, 'grad_norm': 0.2017754465341568, 'learning_rate': 8.253294240555386e-05, 'epoch': 7.72}
{'loss': 1.4537, 'grad_norm': 0.2411576360464096, 'learning_rate': 8.25160920702322e-05, 'epoch': 7.72}
{'loss': 1.4523, 'grad_norm': 0.20644107460975647, 'learning_rate': 8.249924173491053e-05, 'epoch': 7.73}
{'loss': 1.4531, 'grad_norm': 0.22422167658805847, 'learning_rate': 8.248239139958886e-05, 'epoch': 7.73}
{'loss': 1.457, 'grad_norm': 0.2216871678829193, 'learning_rate': 8.246554106426718e-05, 'epoch': 7.73}
{'loss': 1.4559, 'grad_norm': 0.4016181230545044, 'learning_rate': 8.244869072894551e-05, 'epoch': 7.74}
{'loss': 1.4561, 'grad_norm': 0.2005053460597992, 'learning_rate': 8.243184039362384e-05, 'epoch': 7.74}
{'loss': 1.4567, 'grad_norm': 0.22190366685390472, 'learning_rate': 8.241499005830216e-05, 'epoch': 7.75}
{'loss': 1.4571, 'grad_norm': 0.28995636105537415, 'learning_rate': 8.239813972298049e-05, 'epoch': 7.75}
{'loss': 1.4557, 'grad_norm': 0.28355956077575684, 'learning_rate': 8.238128938765882e-05, 'epoch': 7.76}
{'loss': 1.4555, 'grad_norm': 0.27112171053886414, 'learning_rate': 8.236443905233716e-05, 'epoch': 7.76}
{'loss': 1.4533, 'grad_norm': 0.4148479998111725, 'learning_rate': 8.234758871701547e-05, 'epoch': 7.77}
{'loss': 1.4544, 'grad_norm': 0.2327203005552292, 'learning_rate': 8.233073838169379e-05, 'epoch': 7.77}
{'loss': 1.4558, 'grad_norm': 0.4681077301502228, 'learning_rate': 8.231388804637213e-05, 'epoch': 7.78}
{'loss': 1.4555, 'grad_norm': 0.23930492997169495, 'learning_rate': 8.229703771105046e-05, 'epoch': 7.78}
{'loss': 1.4591, 'grad_norm': 0.3832448720932007, 'learning_rate': 8.228018737572878e-05, 'epoch': 7.78}
{'loss': 1.4571, 'grad_norm': 0.3433264493942261, 'learning_rate': 8.226333704040711e-05, 'epoch': 7.79}
{'loss': 1.4573, 'grad_norm': 0.2717490792274475, 'learning_rate': 8.224648670508544e-05, 'epoch': 7.79}
{'loss': 1.456, 'grad_norm': 0.3977886736392975, 'learning_rate': 8.222963636976376e-05, 'epoch': 7.8}
{'loss': 1.4577, 'grad_norm': 0.3623357117176056, 'learning_rate': 8.221278603444209e-05, 'epoch': 7.8}
{'loss': 1.4565, 'grad_norm': 0.4508742392063141, 'learning_rate': 8.219593569912042e-05, 'epoch': 7.81}
{'loss': 1.4547, 'grad_norm': 0.3668449819087982, 'learning_rate': 8.217908536379875e-05, 'epoch': 7.81}
{'loss': 1.456, 'grad_norm': 0.24299971759319305, 'learning_rate': 8.216223502847707e-05, 'epoch': 7.82}
{'loss': 1.4547, 'grad_norm': 0.8003687262535095, 'learning_rate': 8.21453846931554e-05, 'epoch': 7.82}
{'loss': 1.456, 'grad_norm': 0.25029638409614563, 'learning_rate': 8.212853435783372e-05, 'epoch': 7.83}
{'loss': 1.4566, 'grad_norm': 0.2190522700548172, 'learning_rate': 8.211168402251205e-05, 'epoch': 7.83}
{'loss': 1.4576, 'grad_norm': 0.25719523429870605, 'learning_rate': 8.209483368719037e-05, 'epoch': 7.83}
{'loss': 1.4548, 'grad_norm': 0.2642933130264282, 'learning_rate': 8.20779833518687e-05, 'epoch': 7.84}
{'loss': 1.4559, 'grad_norm': 0.21675032377243042, 'learning_rate': 8.206113301654704e-05, 'epoch': 7.84}
{'loss': 1.4557, 'grad_norm': 0.26344555616378784, 'learning_rate': 8.204428268122535e-05, 'epoch': 7.85}
{'loss': 1.4555, 'grad_norm': 0.28836125135421753, 'learning_rate': 8.202743234590369e-05, 'epoch': 7.85}
{'loss': 1.4553, 'grad_norm': 0.2174709141254425, 'learning_rate': 8.201058201058202e-05, 'epoch': 7.86}
{'loss': 1.455, 'grad_norm': 0.2332170605659485, 'learning_rate': 8.199373167526035e-05, 'epoch': 7.86}
{'loss': 1.4526, 'grad_norm': 0.1998891979455948, 'learning_rate': 8.197688133993867e-05, 'epoch': 7.87}
{'loss': 1.4534, 'grad_norm': 0.1984921395778656, 'learning_rate': 8.1960031004617e-05, 'epoch': 7.87}
{'loss': 1.4567, 'grad_norm': 0.26385682821273804, 'learning_rate': 8.194318066929533e-05, 'epoch': 7.88}
{'loss': 1.4533, 'grad_norm': 0.23863515257835388, 'learning_rate': 8.192633033397365e-05, 'epoch': 7.88}
{'loss': 1.4575, 'grad_norm': 0.2643551528453827, 'learning_rate': 8.190947999865197e-05, 'epoch': 7.88}
{'loss': 1.4594, 'grad_norm': 0.3312632739543915, 'learning_rate': 8.18926296633303e-05, 'epoch': 7.89}
{'loss': 1.4548, 'grad_norm': 0.33789098262786865, 'learning_rate': 8.187577932800863e-05, 'epoch': 7.89}
{'loss': 1.4544, 'grad_norm': 0.6706266403198242, 'learning_rate': 8.185892899268695e-05, 'epoch': 7.9}
{'loss': 1.4563, 'grad_norm': 0.38099926710128784, 'learning_rate': 8.184207865736528e-05, 'epoch': 7.9}
{'loss': 1.4566, 'grad_norm': 0.27371618151664734, 'learning_rate': 8.182522832204361e-05, 'epoch': 7.91}
{'loss': 1.4553, 'grad_norm': 0.3076367974281311, 'learning_rate': 8.180837798672195e-05, 'epoch': 7.91}
{'loss': 1.4566, 'grad_norm': 0.31531858444213867, 'learning_rate': 8.179152765140026e-05, 'epoch': 7.92}
{'loss': 1.4566, 'grad_norm': 0.2201913595199585, 'learning_rate': 8.17746773160786e-05, 'epoch': 7.92}
{'loss': 1.4555, 'grad_norm': 0.3073486387729645, 'learning_rate': 8.175782698075693e-05, 'epoch': 7.93}
{'loss': 1.4567, 'grad_norm': 0.579914927482605, 'learning_rate': 8.174097664543525e-05, 'epoch': 7.93}
{'loss': 1.4581, 'grad_norm': 0.40256863832473755, 'learning_rate': 8.172412631011358e-05, 'epoch': 7.93}
{'loss': 1.4566, 'grad_norm': 0.1892051249742508, 'learning_rate': 8.17072759747919e-05, 'epoch': 7.94}
{'loss': 1.4575, 'grad_norm': 0.22215139865875244, 'learning_rate': 8.169042563947023e-05, 'epoch': 7.94}
{'loss': 1.4552, 'grad_norm': 0.21901832520961761, 'learning_rate': 8.167357530414855e-05, 'epoch': 7.95}
{'loss': 1.4574, 'grad_norm': 0.6843897700309753, 'learning_rate': 8.165672496882688e-05, 'epoch': 7.95}
{'loss': 1.457, 'grad_norm': 0.4757724404335022, 'learning_rate': 8.163987463350521e-05, 'epoch': 7.96}
{'loss': 1.4566, 'grad_norm': 0.2690882384777069, 'learning_rate': 8.162302429818354e-05, 'epoch': 7.96}
{'loss': 1.4556, 'grad_norm': 0.28815895318984985, 'learning_rate': 8.160617396286186e-05, 'epoch': 7.97}
{'loss': 1.4575, 'grad_norm': 0.21535290777683258, 'learning_rate': 8.158932362754019e-05, 'epoch': 7.97}
{'loss': 1.4585, 'grad_norm': 0.2996460795402527, 'learning_rate': 8.157247329221852e-05, 'epoch': 7.98}
{'loss': 1.4537, 'grad_norm': 0.26862743496894836, 'learning_rate': 8.155562295689684e-05, 'epoch': 7.98}
{'loss': 1.4551, 'grad_norm': 0.423678457736969, 'learning_rate': 8.153877262157518e-05, 'epoch': 7.98}
{'loss': 1.4559, 'grad_norm': 0.24473237991333008, 'learning_rate': 8.152192228625351e-05, 'epoch': 7.99}
{'loss': 1.4587, 'grad_norm': 0.24079111218452454, 'learning_rate': 8.150507195093184e-05, 'epoch': 7.99}
{'loss': 1.4558, 'grad_norm': 0.293735533952713, 'learning_rate': 8.148822161561014e-05, 'epoch': 8.0}
{'loss': 1.4527, 'grad_norm': 0.22226034104824066, 'learning_rate': 8.147137128028848e-05, 'epoch': 8.0}
{'loss': 1.4534, 'grad_norm': 0.21939235925674438, 'learning_rate': 8.145452094496681e-05, 'epoch': 8.01}
{'loss': 1.4564, 'grad_norm': 0.20760080218315125, 'learning_rate': 8.143767060964514e-05, 'epoch': 8.01}
{'loss': 1.4546, 'grad_norm': 0.30348771810531616, 'learning_rate': 8.142082027432346e-05, 'epoch': 8.02}
{'loss': 1.454, 'grad_norm': 0.17222164571285248, 'learning_rate': 8.140396993900179e-05, 'epoch': 8.02}
{'loss': 1.4531, 'grad_norm': 0.6153754591941833, 'learning_rate': 8.138711960368012e-05, 'epoch': 8.03}
{'loss': 1.4523, 'grad_norm': 0.2027098834514618, 'learning_rate': 8.137026926835844e-05, 'epoch': 8.03}
{'loss': 1.4523, 'grad_norm': 0.2691137194633484, 'learning_rate': 8.135341893303677e-05, 'epoch': 8.03}
{'loss': 1.4516, 'grad_norm': 0.1814742088317871, 'learning_rate': 8.13365685977151e-05, 'epoch': 8.04}
{'loss': 1.4535, 'grad_norm': 0.30217382311820984, 'learning_rate': 8.131971826239344e-05, 'epoch': 8.04}
{'loss': 1.4528, 'grad_norm': 0.23550830781459808, 'learning_rate': 8.130286792707175e-05, 'epoch': 8.05}
{'loss': 1.4546, 'grad_norm': 0.3576843738555908, 'learning_rate': 8.128601759175007e-05, 'epoch': 8.05}
{'loss': 1.4543, 'grad_norm': 0.3076789677143097, 'learning_rate': 8.12691672564284e-05, 'epoch': 8.06}
{'loss': 1.4513, 'grad_norm': 0.18537597358226776, 'learning_rate': 8.125231692110674e-05, 'epoch': 8.06}
{'loss': 1.4529, 'grad_norm': 0.27651315927505493, 'learning_rate': 8.123546658578505e-05, 'epoch': 8.07}
{'loss': 1.4528, 'grad_norm': 0.41444897651672363, 'learning_rate': 8.121861625046339e-05, 'epoch': 8.07}
{'loss': 1.4519, 'grad_norm': 0.38162681460380554, 'learning_rate': 8.120176591514172e-05, 'epoch': 8.08}
{'loss': 1.4523, 'grad_norm': 0.4579400420188904, 'learning_rate': 8.118491557982004e-05, 'epoch': 8.08}
{'loss': 1.4522, 'grad_norm': 0.278160959482193, 'learning_rate': 8.116806524449837e-05, 'epoch': 8.08}
{'loss': 1.4518, 'grad_norm': 0.27634477615356445, 'learning_rate': 8.11512149091767e-05, 'epoch': 8.09}
{'loss': 1.4538, 'grad_norm': 0.22748598456382751, 'learning_rate': 8.113436457385503e-05, 'epoch': 8.09}
{'loss': 1.4519, 'grad_norm': 0.3362005650997162, 'learning_rate': 8.111751423853335e-05, 'epoch': 8.1}
{'loss': 1.4526, 'grad_norm': 0.5536068081855774, 'learning_rate': 8.110066390321168e-05, 'epoch': 8.1}
{'loss': 1.4557, 'grad_norm': 0.24738191068172455, 'learning_rate': 8.108381356789001e-05, 'epoch': 8.11}
{'loss': 1.4523, 'grad_norm': 0.31495437026023865, 'learning_rate': 8.106696323256833e-05, 'epoch': 8.11}
{'loss': 1.4528, 'grad_norm': 0.26455017924308777, 'learning_rate': 8.105011289724665e-05, 'epoch': 8.12}
{'loss': 1.4503, 'grad_norm': 0.3995620310306549, 'learning_rate': 8.103326256192498e-05, 'epoch': 8.12}
{'loss': 1.4512, 'grad_norm': 0.17076627910137177, 'learning_rate': 8.101641222660331e-05, 'epoch': 8.13}
{'loss': 1.4507, 'grad_norm': 0.2198157161474228, 'learning_rate': 8.099956189128163e-05, 'epoch': 8.13}
{'loss': 1.4525, 'grad_norm': 0.2558663785457611, 'learning_rate': 8.098271155595996e-05, 'epoch': 8.13}
{'loss': 1.452, 'grad_norm': 0.5641327500343323, 'learning_rate': 8.09658612206383e-05, 'epoch': 8.14}
{'loss': 1.452, 'grad_norm': 0.4297625720500946, 'learning_rate': 8.094901088531663e-05, 'epoch': 8.14}
{'loss': 1.4523, 'grad_norm': 0.2532128095626831, 'learning_rate': 8.093216054999495e-05, 'epoch': 8.15}
{'loss': 1.4542, 'grad_norm': 0.29601335525512695, 'learning_rate': 8.091531021467328e-05, 'epoch': 8.15}
{'loss': 1.4518, 'grad_norm': 0.3117128312587738, 'learning_rate': 8.089845987935161e-05, 'epoch': 8.16}
{'loss': 1.4517, 'grad_norm': 0.23464342951774597, 'learning_rate': 8.088160954402993e-05, 'epoch': 8.16}
{'loss': 1.4518, 'grad_norm': 0.5362812876701355, 'learning_rate': 8.086475920870825e-05, 'epoch': 8.17}
{'loss': 1.4518, 'grad_norm': 0.2019430696964264, 'learning_rate': 8.084790887338658e-05, 'epoch': 8.17}
{'loss': 1.4525, 'grad_norm': 0.31177204847335815, 'learning_rate': 8.083105853806491e-05, 'epoch': 8.18}
{'loss': 1.4521, 'grad_norm': 0.24721914529800415, 'learning_rate': 8.081420820274323e-05, 'epoch': 8.18}
{'loss': 1.4509, 'grad_norm': 0.479672372341156, 'learning_rate': 8.079735786742156e-05, 'epoch': 8.18}
{'loss': 1.4526, 'grad_norm': 0.2278418242931366, 'learning_rate': 8.078050753209989e-05, 'epoch': 8.19}
pred : ardent in the prosecution of heresy cyril auspiciously opened his reign by oppressing the novations the most innocent and harmless of the sectaries
label: ardent in the prosecution of heresy cyril auspiciously opened his reign by oppressing the novatians the most innocent and harmless of the sectaries
pred :  any royal mandate the patriarch at the dawn of day led a seditious multitude to the attack of the synagogues
label: without any legal sentence without any royal mandate the patriarch at the dawn of day led a seditious multitude to the attack of the synagogues
pred : such crimes would have deserved the animadversion of the magistrate but in this promiscuous outrage the innocent were confounded with the guilty and alexandria was impoverished by the loss of a wealthy and industrious colony
label: such crimes would have deserved the animadversion of the magistrate but in this promiscuous outrage the innocent were confounded with the guilty and alexandria was impoverished by the loss of a wealthy and industrious colony
pred : ardent in the prosecution of heresy cyril auspiciously opened his reign by oppressing the novations the most innocent and harmless of the sectaries
label: ardent in the prosecution of heresy cyril auspiciously opened his reign by oppressing the novatians the most innocent and harmless of the sectaries
pred :  any royal mandate the patriarch at the dawn of day led a seditious multitude to the attack of the synagogues
label: without any legal sentence without any royal mandate the patriarch at the dawn of day led a seditious multitude to the attack of the synagogues
pred : such crimes would have deserved the animadversion of the magistrate but in this promiscuous outrage the innocent were confounded with the guilty and alexandria was impoverished by the loss of a wealthy and industrious colony
label: such crimes would have deserved the animadversion of the magistrate but in this promiscuous outrage the innocent were confounded with the guilty and alexandria was impoverished by the loss of a wealthy and industrious colony
pred : ardent in the prosecution of heresy cyril auspiciously opened his reign by oppressing the novations the most innocent and harmless of the sectaries
label: ardent in the prosecution of heresy cyril auspiciously opened his reign by oppressing the novatians the most innocent and harmless of the sectaries
pred :  any royal mandate the patriarch at the dawn of day led a seditious multitude to the attack of the synagogues
label: without any legal sentence without any royal mandate the patriarch at the dawn of day led a seditious multitude to the attack of the synagogues
pred : such crimes would have deserved the animadversion of the magistrate but in this promiscuous outrage the innocent were confounded with the guilty and alexandria was impoverished by the loss of a wealthy and industrious colony
label: such crimes would have deserved the animadversion of the magistrate but in this promiscuous outrage the innocent were confounded with the guilty and alexandria was impoverished by the loss of a wealthy and industrious colony
pred : ardent in the prosecution of heresy cyril auspiciously opened his reign by oppressing the novations the most innocent and harmless of the sectaries
label: ardent in the prosecution of heresy cyril auspiciously opened his reign by oppressing the novatians the most innocent and harmless of the sectaries
pred :  any royal mandate the patriarch at the dawn of day led a seditious multitude to the attack of the synagogues
label: without any legal sentence without any royal mandate the patriarch at the dawn of day led a seditious multitude to the attack of the synagogues
pred : such crimes would have deserved the animadversion of the magistrate but in this promiscuous outrage the innocent were confounded with the guilty and alexandria was impoverished by the loss of a wealthy and industrious colony
label: such crimes would have deserved the animadversion of the magistrate but in this promiscuous outrage the innocent were confounded with the guilty and alexandria was impoverished by the loss of a wealthy and industrious colony
{'eval_loss': 1.621809720993042, 'eval_bleu': 91.97979284245844, 'eval_wer': 0.06485532346995909, 'eval_cer': 0.057603046772721864, 'eval_rouge1': 0.9402355208319524, 'eval_rouge2': 0.9229357394048159, 'eval_rougeL': 0.9399889258843174, 'eval_runtime': 87.3566, 'eval_samples_per_second': 63.727, 'eval_steps_per_second': 0.332, 'epoch': 8.19}
{'loss': 1.4534, 'grad_norm': 0.17999333143234253, 'learning_rate': 8.076365719677822e-05, 'epoch': 8.19}
{'loss': 1.4528, 'grad_norm': 0.3379969000816345, 'learning_rate': 8.074680686145654e-05, 'epoch': 8.2}
{'loss': 1.4514, 'grad_norm': 0.2840372920036316, 'learning_rate': 8.072995652613488e-05, 'epoch': 8.2}
{'loss': 1.453, 'grad_norm': 0.2710598111152649, 'learning_rate': 8.071310619081321e-05, 'epoch': 8.21}
{'loss': 1.4505, 'grad_norm': 0.21923765540122986, 'learning_rate': 8.069625585549153e-05, 'epoch': 8.21}
{'loss': 1.4514, 'grad_norm': 0.20853711664676666, 'learning_rate': 8.067940552016986e-05, 'epoch': 8.22}
{'loss': 1.4515, 'grad_norm': 0.18477952480316162, 'learning_rate': 8.066255518484819e-05, 'epoch': 8.22}
{'loss': 1.448, 'grad_norm': 0.47095438838005066, 'learning_rate': 8.064570484952651e-05, 'epoch': 8.23}
{'loss': 1.4501, 'grad_norm': 0.35027599334716797, 'learning_rate': 8.062885451420483e-05, 'epoch': 8.23}
{'loss': 1.4496, 'grad_norm': 0.43311309814453125, 'learning_rate': 8.061200417888316e-05, 'epoch': 8.23}
{'loss': 1.4497, 'grad_norm': 0.2715756297111511, 'learning_rate': 8.059515384356149e-05, 'epoch': 8.24}
{'loss': 1.4505, 'grad_norm': 0.3522447645664215, 'learning_rate': 8.057830350823982e-05, 'epoch': 8.24}
{'loss': 1.4504, 'grad_norm': 0.27257871627807617, 'learning_rate': 8.056145317291814e-05, 'epoch': 8.25}
{'loss': 1.4507, 'grad_norm': 0.44191980361938477, 'learning_rate': 8.054460283759647e-05, 'epoch': 8.25}
{'loss': 1.4519, 'grad_norm': 0.3116283416748047, 'learning_rate': 8.05277525022748e-05, 'epoch': 8.26}
{'loss': 1.4529, 'grad_norm': 0.3178008496761322, 'learning_rate': 8.051090216695312e-05, 'epoch': 8.26}
{'loss': 1.4504, 'grad_norm': 0.24824276566505432, 'learning_rate': 8.049405183163145e-05, 'epoch': 8.27}
{'loss': 1.4527, 'grad_norm': 0.5271368026733398, 'learning_rate': 8.047720149630979e-05, 'epoch': 8.27}
{'loss': 1.4532, 'grad_norm': 0.5524162650108337, 'learning_rate': 8.046035116098812e-05, 'epoch': 8.28}
{'loss': 1.4526, 'grad_norm': 0.33288460969924927, 'learning_rate': 8.044350082566642e-05, 'epoch': 8.28}
{'loss': 1.4537, 'grad_norm': 0.26902833580970764, 'learning_rate': 8.042665049034475e-05, 'epoch': 8.28}
{'loss': 1.4575, 'grad_norm': 0.3017958700656891, 'learning_rate': 8.040980015502309e-05, 'epoch': 8.29}
{'loss': 1.4545, 'grad_norm': 0.41843223571777344, 'learning_rate': 8.039294981970142e-05, 'epoch': 8.29}
{'loss': 1.4552, 'grad_norm': 0.5664312839508057, 'learning_rate': 8.037609948437974e-05, 'epoch': 8.3}
{'loss': 1.454, 'grad_norm': 0.2527361512184143, 'learning_rate': 8.035924914905807e-05, 'epoch': 8.3}
{'loss': 1.4524, 'grad_norm': 0.24564847350120544, 'learning_rate': 8.03423988137364e-05, 'epoch': 8.31}
{'loss': 1.4519, 'grad_norm': 0.2574968934059143, 'learning_rate': 8.032554847841472e-05, 'epoch': 8.31}
{'loss': 1.4533, 'grad_norm': 0.35806411504745483, 'learning_rate': 8.030869814309305e-05, 'epoch': 8.32}
{'loss': 1.4525, 'grad_norm': 0.2161112278699875, 'learning_rate': 8.029184780777138e-05, 'epoch': 8.32}
{'loss': 1.4527, 'grad_norm': 0.22693230211734772, 'learning_rate': 8.027499747244971e-05, 'epoch': 8.33}
{'loss': 1.4533, 'grad_norm': 0.23349633812904358, 'learning_rate': 8.025814713712803e-05, 'epoch': 8.33}
{'loss': 1.4536, 'grad_norm': 0.21206749975681305, 'learning_rate': 8.024129680180636e-05, 'epoch': 8.33}
{'loss': 1.4483, 'grad_norm': 0.44425708055496216, 'learning_rate': 8.022444646648468e-05, 'epoch': 8.34}
{'loss': 1.4494, 'grad_norm': 0.3247503340244293, 'learning_rate': 8.020759613116301e-05, 'epoch': 8.34}
{'loss': 1.4503, 'grad_norm': 0.20209765434265137, 'learning_rate': 8.019074579584133e-05, 'epoch': 8.35}
{'loss': 1.4524, 'grad_norm': 0.5117430090904236, 'learning_rate': 8.017389546051966e-05, 'epoch': 8.35}
{'loss': 1.4538, 'grad_norm': 0.49524152278900146, 'learning_rate': 8.0157045125198e-05, 'epoch': 8.36}
{'loss': 1.4514, 'grad_norm': 0.23895688354969025, 'learning_rate': 8.014019478987632e-05, 'epoch': 8.36}
{'loss': 1.453, 'grad_norm': 0.22631210088729858, 'learning_rate': 8.012334445455465e-05, 'epoch': 8.37}
{'loss': 1.4538, 'grad_norm': 0.2659718096256256, 'learning_rate': 8.010649411923298e-05, 'epoch': 8.37}
{'loss': 1.4506, 'grad_norm': 0.2453252673149109, 'learning_rate': 8.008964378391131e-05, 'epoch': 8.38}
{'loss': 1.4502, 'grad_norm': 0.18744884431362152, 'learning_rate': 8.007279344858963e-05, 'epoch': 8.38}
{'loss': 1.4526, 'grad_norm': 0.2667309045791626, 'learning_rate': 8.005594311326796e-05, 'epoch': 8.38}
{'loss': 1.4519, 'grad_norm': 0.7025076150894165, 'learning_rate': 8.003909277794629e-05, 'epoch': 8.39}
{'loss': 1.4535, 'grad_norm': 0.27356547117233276, 'learning_rate': 8.002224244262461e-05, 'epoch': 8.39}
{'loss': 1.4513, 'grad_norm': 0.3865147531032562, 'learning_rate': 8.000539210730293e-05, 'epoch': 8.4}
{'loss': 1.4509, 'grad_norm': 0.18137633800506592, 'learning_rate': 7.998854177198126e-05, 'epoch': 8.4}
{'loss': 1.4537, 'grad_norm': 0.19198673963546753, 'learning_rate': 7.99716914366596e-05, 'epoch': 8.41}
{'loss': 1.4491, 'grad_norm': 0.19537395238876343, 'learning_rate': 7.995484110133793e-05, 'epoch': 8.41}
{'loss': 1.4511, 'grad_norm': 0.28804919123649597, 'learning_rate': 7.993799076601624e-05, 'epoch': 8.42}
{'loss': 1.4514, 'grad_norm': 0.35488978028297424, 'learning_rate': 7.992114043069458e-05, 'epoch': 8.42}
{'loss': 1.4501, 'grad_norm': 0.3738294839859009, 'learning_rate': 7.990429009537291e-05, 'epoch': 8.43}
{'loss': 1.4504, 'grad_norm': 0.17919863760471344, 'learning_rate': 7.988743976005123e-05, 'epoch': 8.43}
{'loss': 1.4521, 'grad_norm': 0.2185196876525879, 'learning_rate': 7.987058942472956e-05, 'epoch': 8.43}
{'loss': 1.4499, 'grad_norm': 0.1910778433084488, 'learning_rate': 7.985373908940789e-05, 'epoch': 8.44}
{'loss': 1.4489, 'grad_norm': 0.3449037969112396, 'learning_rate': 7.983688875408621e-05, 'epoch': 8.44}
{'loss': 1.4504, 'grad_norm': 0.20764033496379852, 'learning_rate': 7.982003841876454e-05, 'epoch': 8.45}
{'loss': 1.45, 'grad_norm': 0.21979495882987976, 'learning_rate': 7.980318808344286e-05, 'epoch': 8.45}
{'loss': 1.4501, 'grad_norm': 0.18543554842472076, 'learning_rate': 7.978633774812119e-05, 'epoch': 8.46}
{'loss': 1.4522, 'grad_norm': 0.26684507727622986, 'learning_rate': 7.976948741279952e-05, 'epoch': 8.46}
{'loss': 1.4514, 'grad_norm': 0.22699801623821259, 'learning_rate': 7.975263707747784e-05, 'epoch': 8.47}
{'loss': 1.4526, 'grad_norm': 0.2544572055339813, 'learning_rate': 7.973578674215617e-05, 'epoch': 8.47}
{'loss': 1.4509, 'grad_norm': 0.18134361505508423, 'learning_rate': 7.97189364068345e-05, 'epoch': 8.48}
{'loss': 1.4508, 'grad_norm': 0.2420816719532013, 'learning_rate': 7.970208607151282e-05, 'epoch': 8.48}
{'loss': 1.4504, 'grad_norm': 0.23017007112503052, 'learning_rate': 7.968523573619115e-05, 'epoch': 8.48}
{'loss': 1.4491, 'grad_norm': 0.20864930748939514, 'learning_rate': 7.966838540086949e-05, 'epoch': 8.49}
{'loss': 1.4497, 'grad_norm': 0.16089650988578796, 'learning_rate': 7.96515350655478e-05, 'epoch': 8.49}
{'loss': 1.4493, 'grad_norm': 0.17739741504192352, 'learning_rate': 7.963468473022614e-05, 'epoch': 8.5}
{'loss': 1.4486, 'grad_norm': 0.42101892828941345, 'learning_rate': 7.961783439490447e-05, 'epoch': 8.5}
{'loss': 1.4509, 'grad_norm': 0.18390770256519318, 'learning_rate': 7.96009840595828e-05, 'epoch': 8.51}
{'loss': 1.4491, 'grad_norm': 0.3386119604110718, 'learning_rate': 7.958413372426112e-05, 'epoch': 8.51}
{'loss': 1.4507, 'grad_norm': 0.2896137833595276, 'learning_rate': 7.956728338893944e-05, 'epoch': 8.52}
{'loss': 1.4489, 'grad_norm': 0.2675440311431885, 'learning_rate': 7.955043305361777e-05, 'epoch': 8.52}
{'loss': 1.4497, 'grad_norm': 0.2687681317329407, 'learning_rate': 7.95335827182961e-05, 'epoch': 8.53}
{'loss': 1.4521, 'grad_norm': 0.2838694453239441, 'learning_rate': 7.951673238297442e-05, 'epoch': 8.53}
{'loss': 1.4495, 'grad_norm': 0.17632706463336945, 'learning_rate': 7.949988204765275e-05, 'epoch': 8.54}
{'loss': 1.4509, 'grad_norm': 0.21980293095111847, 'learning_rate': 7.948303171233108e-05, 'epoch': 8.54}
{'loss': 1.4493, 'grad_norm': 0.2578621208667755, 'learning_rate': 7.946618137700941e-05, 'epoch': 8.54}
{'loss': 1.4487, 'grad_norm': 0.2978193461894989, 'learning_rate': 7.944933104168773e-05, 'epoch': 8.55}
{'loss': 1.4479, 'grad_norm': 0.2316613346338272, 'learning_rate': 7.943248070636606e-05, 'epoch': 8.55}
{'loss': 1.4502, 'grad_norm': 0.2659793496131897, 'learning_rate': 7.94156303710444e-05, 'epoch': 8.56}
{'loss': 1.4499, 'grad_norm': 0.2808556854724884, 'learning_rate': 7.939878003572271e-05, 'epoch': 8.56}
{'loss': 1.4493, 'grad_norm': 0.2982284724712372, 'learning_rate': 7.938192970040103e-05, 'epoch': 8.57}
{'loss': 1.4472, 'grad_norm': 0.1813962161540985, 'learning_rate': 7.936507936507937e-05, 'epoch': 8.57}
{'loss': 1.4517, 'grad_norm': 0.20913580060005188, 'learning_rate': 7.93482290297577e-05, 'epoch': 8.58}
{'loss': 1.4496, 'grad_norm': 0.3247257471084595, 'learning_rate': 7.933137869443602e-05, 'epoch': 8.58}
{'loss': 1.4502, 'grad_norm': 0.28337401151657104, 'learning_rate': 7.931452835911435e-05, 'epoch': 8.59}
{'loss': 1.449, 'grad_norm': 0.21220117807388306, 'learning_rate': 7.929767802379268e-05, 'epoch': 8.59}
{'loss': 1.4483, 'grad_norm': 0.3723810315132141, 'learning_rate': 7.928082768847101e-05, 'epoch': 8.59}
{'loss': 1.4501, 'grad_norm': 0.19784247875213623, 'learning_rate': 7.926397735314933e-05, 'epoch': 8.6}
{'loss': 1.451, 'grad_norm': 0.3236217796802521, 'learning_rate': 7.924712701782766e-05, 'epoch': 8.6}
{'loss': 1.4515, 'grad_norm': 0.2064145803451538, 'learning_rate': 7.923027668250599e-05, 'epoch': 8.61}
{'loss': 1.4526, 'grad_norm': 0.3863466680049896, 'learning_rate': 7.921342634718431e-05, 'epoch': 8.61}
{'loss': 1.4516, 'grad_norm': 0.2789689898490906, 'learning_rate': 7.919657601186264e-05, 'epoch': 8.62}
{'loss': 1.4502, 'grad_norm': 0.21084803342819214, 'learning_rate': 7.917972567654098e-05, 'epoch': 8.62}
{'loss': 1.4499, 'grad_norm': 0.22693128883838654, 'learning_rate': 7.91628753412193e-05, 'epoch': 8.63}
{'loss': 1.4496, 'grad_norm': 0.21912747621536255, 'learning_rate': 7.914602500589761e-05, 'epoch': 8.63}
{'loss': 1.4491, 'grad_norm': 0.19678832590579987, 'learning_rate': 7.912917467057594e-05, 'epoch': 8.64}
{'loss': 1.4509, 'grad_norm': 0.26999086141586304, 'learning_rate': 7.911232433525428e-05, 'epoch': 8.64}
{'loss': 1.4513, 'grad_norm': 0.2443292886018753, 'learning_rate': 7.909547399993261e-05, 'epoch': 8.64}
{'loss': 1.4536, 'grad_norm': 0.2886155843734741, 'learning_rate': 7.907862366461093e-05, 'epoch': 8.65}
{'loss': 1.4517, 'grad_norm': 0.32558363676071167, 'learning_rate': 7.906177332928926e-05, 'epoch': 8.65}
{'loss': 1.4513, 'grad_norm': 0.3157115578651428, 'learning_rate': 7.904492299396759e-05, 'epoch': 8.66}
{'loss': 1.4494, 'grad_norm': 0.21315497159957886, 'learning_rate': 7.902807265864591e-05, 'epoch': 8.66}
{'loss': 1.4502, 'grad_norm': 0.2372904270887375, 'learning_rate': 7.901122232332424e-05, 'epoch': 8.67}
{'loss': 1.4507, 'grad_norm': 0.316018283367157, 'learning_rate': 7.899437198800257e-05, 'epoch': 8.67}
{'loss': 1.4514, 'grad_norm': 0.3292970359325409, 'learning_rate': 7.89775216526809e-05, 'epoch': 8.68}
{'loss': 1.4523, 'grad_norm': 0.18165326118469238, 'learning_rate': 7.896067131735921e-05, 'epoch': 8.68}
{'loss': 1.452, 'grad_norm': 0.1890641152858734, 'learning_rate': 7.894382098203754e-05, 'epoch': 8.69}
{'loss': 1.4523, 'grad_norm': 0.4013806879520416, 'learning_rate': 7.892697064671587e-05, 'epoch': 8.69}
{'loss': 1.451, 'grad_norm': 0.23063042759895325, 'learning_rate': 7.89101203113942e-05, 'epoch': 8.69}
{'loss': 1.4509, 'grad_norm': 0.2188834697008133, 'learning_rate': 7.889326997607252e-05, 'epoch': 8.7}
{'loss': 1.4517, 'grad_norm': 0.7430967688560486, 'learning_rate': 7.887641964075085e-05, 'epoch': 8.7}
{'loss': 1.4518, 'grad_norm': 0.28463369607925415, 'learning_rate': 7.885956930542919e-05, 'epoch': 8.71}
{'loss': 1.4547, 'grad_norm': 0.21034280955791473, 'learning_rate': 7.88427189701075e-05, 'epoch': 8.71}
{'loss': 1.4519, 'grad_norm': 0.17387937009334564, 'learning_rate': 7.882586863478584e-05, 'epoch': 8.72}
{'loss': 1.4511, 'grad_norm': 0.28430259227752686, 'learning_rate': 7.880901829946417e-05, 'epoch': 8.72}
{'loss': 1.4499, 'grad_norm': 0.21187984943389893, 'learning_rate': 7.87921679641425e-05, 'epoch': 8.73}
{'loss': 1.4499, 'grad_norm': 0.2443413883447647, 'learning_rate': 7.877531762882082e-05, 'epoch': 8.73}
{'loss': 1.4543, 'grad_norm': 0.31956836581230164, 'learning_rate': 7.875846729349915e-05, 'epoch': 8.74}
{'loss': 1.4523, 'grad_norm': 0.5032760500907898, 'learning_rate': 7.874161695817747e-05, 'epoch': 8.74}
{'loss': 1.4501, 'grad_norm': 0.36348050832748413, 'learning_rate': 7.87247666228558e-05, 'epoch': 8.74}
{'loss': 1.4518, 'grad_norm': 0.1881253868341446, 'learning_rate': 7.870791628753412e-05, 'epoch': 8.75}
{'loss': 1.4529, 'grad_norm': 0.25441887974739075, 'learning_rate': 7.869106595221245e-05, 'epoch': 8.75}
{'loss': 1.4509, 'grad_norm': 0.19222882390022278, 'learning_rate': 7.867421561689078e-05, 'epoch': 8.76}
{'loss': 1.4511, 'grad_norm': 0.28522518277168274, 'learning_rate': 7.86573652815691e-05, 'epoch': 8.76}
{'loss': 1.4509, 'grad_norm': 0.43773114681243896, 'learning_rate': 7.864051494624743e-05, 'epoch': 8.77}
{'loss': 1.4509, 'grad_norm': 0.3594733774662018, 'learning_rate': 7.862366461092576e-05, 'epoch': 8.77}
{'loss': 1.4501, 'grad_norm': 0.2019813358783722, 'learning_rate': 7.86068142756041e-05, 'epoch': 8.78}
{'loss': 1.4506, 'grad_norm': 0.22786791622638702, 'learning_rate': 7.858996394028241e-05, 'epoch': 8.78}
{'loss': 1.4532, 'grad_norm': 0.2597273886203766, 'learning_rate': 7.857311360496075e-05, 'epoch': 8.79}
{'loss': 1.4524, 'grad_norm': 0.24285906553268433, 'learning_rate': 7.855626326963908e-05, 'epoch': 8.79}
{'loss': 1.4528, 'grad_norm': 0.3017615079879761, 'learning_rate': 7.85394129343174e-05, 'epoch': 8.79}
{'loss': 1.4506, 'grad_norm': 0.19715926051139832, 'learning_rate': 7.852256259899572e-05, 'epoch': 8.8}
{'loss': 1.452, 'grad_norm': 0.29711854457855225, 'learning_rate': 7.850571226367405e-05, 'epoch': 8.8}
{'loss': 1.4507, 'grad_norm': 0.2365250289440155, 'learning_rate': 7.848886192835238e-05, 'epoch': 8.81}
{'loss': 1.4579, 'grad_norm': 0.24704423546791077, 'learning_rate': 7.84720115930307e-05, 'epoch': 8.81}
{'loss': 1.4499, 'grad_norm': 0.23722751438617706, 'learning_rate': 7.845516125770903e-05, 'epoch': 8.82}
{'loss': 1.452, 'grad_norm': 0.2932911813259125, 'learning_rate': 7.843831092238736e-05, 'epoch': 8.82}
{'loss': 1.4503, 'grad_norm': 0.3060833513736725, 'learning_rate': 7.842146058706569e-05, 'epoch': 8.83}
{'loss': 1.4566, 'grad_norm': 0.26161137223243713, 'learning_rate': 7.840461025174401e-05, 'epoch': 8.83}
{'loss': 1.4491, 'grad_norm': 0.2842208445072174, 'learning_rate': 7.838775991642234e-05, 'epoch': 8.84}
{'loss': 1.4523, 'grad_norm': 0.354190856218338, 'learning_rate': 7.837090958110068e-05, 'epoch': 8.84}
{'loss': 1.4596, 'grad_norm': 0.393673837184906, 'learning_rate': 7.8354059245779e-05, 'epoch': 8.84}
{'loss': 1.4647, 'grad_norm': 0.2737688720226288, 'learning_rate': 7.833720891045733e-05, 'epoch': 8.85}
{'loss': 1.458, 'grad_norm': 0.2537640929222107, 'learning_rate': 7.832035857513564e-05, 'epoch': 8.85}
{'loss': 1.4556, 'grad_norm': 0.2031286358833313, 'learning_rate': 7.830350823981398e-05, 'epoch': 8.86}
{'loss': 1.4508, 'grad_norm': 0.18949741125106812, 'learning_rate': 7.82866579044923e-05, 'epoch': 8.86}
{'loss': 1.4524, 'grad_norm': 0.23678803443908691, 'learning_rate': 7.826980756917063e-05, 'epoch': 8.87}
{'loss': 1.4513, 'grad_norm': 0.3667333424091339, 'learning_rate': 7.825295723384896e-05, 'epoch': 8.87}
{'loss': 1.4569, 'grad_norm': 0.916008472442627, 'learning_rate': 7.823610689852729e-05, 'epoch': 8.88}
{'loss': 1.4589, 'grad_norm': 0.35142797231674194, 'learning_rate': 7.821925656320561e-05, 'epoch': 8.88}
{'loss': 1.453, 'grad_norm': 0.23318593204021454, 'learning_rate': 7.820240622788394e-05, 'epoch': 8.89}
{'loss': 1.4535, 'grad_norm': 0.39707204699516296, 'learning_rate': 7.818555589256227e-05, 'epoch': 8.89}
{'loss': 1.4544, 'grad_norm': 0.3214126527309418, 'learning_rate': 7.816870555724059e-05, 'epoch': 8.89}
{'loss': 1.4514, 'grad_norm': 0.42408958077430725, 'learning_rate': 7.815185522191892e-05, 'epoch': 8.9}
{'loss': 1.4503, 'grad_norm': 0.16446684300899506, 'learning_rate': 7.813500488659725e-05, 'epoch': 8.9}
{'loss': 1.4513, 'grad_norm': 0.2639542520046234, 'learning_rate': 7.811815455127557e-05, 'epoch': 8.91}
{'loss': 1.4519, 'grad_norm': 0.18587984144687653, 'learning_rate': 7.810130421595389e-05, 'epoch': 8.91}
{'loss': 1.4543, 'grad_norm': 0.26759788393974304, 'learning_rate': 7.808445388063222e-05, 'epoch': 8.92}
{'loss': 1.4575, 'grad_norm': 0.486585795879364, 'learning_rate': 7.806760354531055e-05, 'epoch': 8.92}
{'loss': 1.4591, 'grad_norm': 0.24236267805099487, 'learning_rate': 7.805075320998889e-05, 'epoch': 8.93}
{'loss': 1.4522, 'grad_norm': 0.41933920979499817, 'learning_rate': 7.80339028746672e-05, 'epoch': 8.93}
{'loss': 1.4565, 'grad_norm': 0.6559847593307495, 'learning_rate': 7.801705253934554e-05, 'epoch': 8.94}
{'loss': 1.4569, 'grad_norm': 0.4827813506126404, 'learning_rate': 7.800020220402387e-05, 'epoch': 8.94}
{'loss': 1.4531, 'grad_norm': 0.2512432038784027, 'learning_rate': 7.798335186870219e-05, 'epoch': 8.94}
{'loss': 1.4531, 'grad_norm': 0.326625794172287, 'learning_rate': 7.796650153338052e-05, 'epoch': 8.95}
{'loss': 1.4505, 'grad_norm': 0.2894463837146759, 'learning_rate': 7.794965119805885e-05, 'epoch': 8.95}
{'loss': 1.4506, 'grad_norm': 0.36470142006874084, 'learning_rate': 7.793280086273718e-05, 'epoch': 8.96}
{'loss': 1.4509, 'grad_norm': 0.2532952129840851, 'learning_rate': 7.79159505274155e-05, 'epoch': 8.96}
{'loss': 1.4525, 'grad_norm': 0.33692196011543274, 'learning_rate': 7.789910019209382e-05, 'epoch': 8.97}
{'loss': 1.4533, 'grad_norm': 0.3431718945503235, 'learning_rate': 7.788224985677215e-05, 'epoch': 8.97}
{'loss': 1.4587, 'grad_norm': 0.2577974498271942, 'learning_rate': 7.786539952145048e-05, 'epoch': 8.98}
{'loss': 1.459, 'grad_norm': 0.2299085408449173, 'learning_rate': 7.78485491861288e-05, 'epoch': 8.98}
{'loss': 1.4521, 'grad_norm': 0.2240438163280487, 'learning_rate': 7.783169885080713e-05, 'epoch': 8.99}
{'loss': 1.4662, 'grad_norm': 0.2556248903274536, 'learning_rate': 7.781484851548546e-05, 'epoch': 8.99}
{'loss': 1.4507, 'grad_norm': 0.23121292889118195, 'learning_rate': 7.779799818016378e-05, 'epoch': 8.99}
{'loss': 1.45, 'grad_norm': 0.24668830633163452, 'learning_rate': 7.778114784484212e-05, 'epoch': 9.0}
{'loss': 1.4484, 'grad_norm': 0.15403427183628082, 'learning_rate': 7.776429750952045e-05, 'epoch': 9.0}
{'loss': 1.4475, 'grad_norm': 0.3929436206817627, 'learning_rate': 7.774744717419878e-05, 'epoch': 9.01}
{'loss': 1.4511, 'grad_norm': 0.15510940551757812, 'learning_rate': 7.77305968388771e-05, 'epoch': 9.01}
{'loss': 1.4445, 'grad_norm': 0.18950454890727997, 'learning_rate': 7.771374650355543e-05, 'epoch': 9.02}
{'loss': 1.4455, 'grad_norm': 0.26814767718315125, 'learning_rate': 7.769689616823376e-05, 'epoch': 9.02}
{'loss': 1.4465, 'grad_norm': 0.21406912803649902, 'learning_rate': 7.768004583291208e-05, 'epoch': 9.03}
{'loss': 1.4463, 'grad_norm': 0.291323721408844, 'learning_rate': 7.76631954975904e-05, 'epoch': 9.03}
{'loss': 1.4465, 'grad_norm': 0.3791780471801758, 'learning_rate': 7.764634516226873e-05, 'epoch': 9.04}
{'loss': 1.4471, 'grad_norm': 0.27256205677986145, 'learning_rate': 7.762949482694706e-05, 'epoch': 9.04}
{'loss': 1.4475, 'grad_norm': 0.21786682307720184, 'learning_rate': 7.761264449162538e-05, 'epoch': 9.04}
{'loss': 1.4504, 'grad_norm': 0.3197047710418701, 'learning_rate': 7.759579415630371e-05, 'epoch': 9.05}
{'loss': 1.4458, 'grad_norm': 0.18926513195037842, 'learning_rate': 7.757894382098204e-05, 'epoch': 9.05}
{'loss': 1.447, 'grad_norm': 0.2766505479812622, 'learning_rate': 7.756209348566038e-05, 'epoch': 9.06}
{'loss': 1.4458, 'grad_norm': 0.36467042565345764, 'learning_rate': 7.75452431503387e-05, 'epoch': 9.06}
{'loss': 1.4474, 'grad_norm': 0.28888046741485596, 'learning_rate': 7.752839281501703e-05, 'epoch': 9.07}
{'loss': 1.4464, 'grad_norm': 0.24625526368618011, 'learning_rate': 7.751154247969536e-05, 'epoch': 9.07}
{'loss': 1.4466, 'grad_norm': 0.2437080293893814, 'learning_rate': 7.749469214437368e-05, 'epoch': 9.08}
{'loss': 1.4463, 'grad_norm': 0.3676128089427948, 'learning_rate': 7.7477841809052e-05, 'epoch': 9.08}
{'loss': 1.4473, 'grad_norm': 0.2323974221944809, 'learning_rate': 7.746099147373033e-05, 'epoch': 9.09}
{'loss': 1.4471, 'grad_norm': 0.2496393620967865, 'learning_rate': 7.744414113840866e-05, 'epoch': 9.09}
{'loss': 1.4492, 'grad_norm': 0.2344130277633667, 'learning_rate': 7.742729080308698e-05, 'epoch': 9.09}
{'loss': 1.4457, 'grad_norm': 0.1885039061307907, 'learning_rate': 7.741044046776531e-05, 'epoch': 9.1}
pred : ardent in the prosecution of heresy cyril auspiciously opened his reign by oppressing the novations the most innocent and harmless of the sectaries
label: ardent in the prosecution of heresy cyril auspiciously opened his reign by oppressing the novatians the most innocent and harmless of the sectaries
pred : without any legal sentence without any royal mandate the patriarch at the dawn of day led a seditious multitude to the attack of the synagogues
label: without any legal sentence without any royal mandate the patriarch at the dawn of day led a seditious multitude to the attack of the synagogues
pred : such crimes would have deserved the animadversion of the magistrate but in this promiscuous outrage the innocent were confounded with the guilty and alexandria was impoverished by the loss of a wealthy and industrious colony
label:pred :  such crimes would have deserved the animadversion of the magistrate but in this promiscuous outrage the innocent were confounded with the guilty and alexandria was impoverished by the loss of a wealthy and industrious colonyardent in the prosecution of heresy cyril auspiciously opened his reign by oppressing the novations the most innocent and harmless of the sectaries

label: ardent in the prosecution of heresy cyril auspiciously opened his reign by oppressing the novatians the most innocent and harmless of the sectaries
pred : without any legal sentence without any royal mandate the patriarch at the dawn of day led a seditious multitude to the attack of the synagogues
label: without any legal sentence without any royal mandate the patriarch at the dawn of day led a seditious multitude to the attack of the synagogues
pred : such crimes would have deserved the animadversion of the magistrate but in this promiscuous outrage the innocent were confounded with the guilty and alexandria was impoverished by the loss of a wealthy and industrious colony
label: such crimes would have deserved the animadversion of the magistrate but in this promiscuous outrage the innocent were confounded with the guilty and alexandria was impoverished by the loss of a wealthy and industrious colony
pred : ardent in the prosecution of heresy cyril auspiciously opened his reign by oppressing the novations the most innocent and harmless of the sectaries
label: ardent in the prosecution of heresy cyril auspiciously opened his reign by oppressing the novatians the most innocent and harmless of the sectaries
pred : without any legal sentence without any royal mandate the patriarch at the dawn of day led a seditious multitude to the attack of the synagogues
label: without any legal sentence without any royal mandate the patriarch at the dawn of day led a seditious multitude to the attack of the synagogues
pred : such crimes would have deserved the animadversion of the magistrate but in this promiscuous outrage the innocent were confounded with the guilty and alexandria was impoverished by the loss of a wealthy and industrious colony
label: such crimes would have deserved the animadversion of the magistrate but in this promiscuous outrage the innocent were confounded with the guilty and alexandria was impoverished by the loss of a wealthy and industrious colony
pred : ardent in the prosecution of heresy cyril auspiciously opened his reign by oppressing the novations the most innocent and harmless of the sectaries
label: ardent in the prosecution of heresy cyril auspiciously opened his reign by oppressing the novatians the most innocent and harmless of the sectaries
pred : without any legal sentence without any royal mandate the patriarch at the dawn of day led a seditious multitude to the attack of the synagogues
label: without any legal sentence without any royal mandate the patriarch at the dawn of day led a seditious multitude to the attack of the synagogues
pred : such crimes would have deserved the animadversion of the magistrate but in this promiscuous outrage the innocent were confounded with the guilty and alexandria was impoverished by the loss of a wealthy and industrious colony
label: such crimes would have deserved the animadversion of the magistrate but in this promiscuous outrage the innocent were confounded with the guilty and alexandria was impoverished by the loss of a wealthy and industrious colony
{'eval_loss': 1.6108800172805786, 'eval_bleu': 95.64878921386492, 'eval_wer': 0.028868875328594612, 'eval_cer': 0.02096098847001374, 'eval_rouge1': 0.9760531813956314, 'eval_rouge2': 0.9618846668050709, 'eval_rougeL': 0.976008075595227, 'eval_runtime': 88.1058, 'eval_samples_per_second': 63.185, 'eval_steps_per_second': 0.329, 'epoch': 9.1}
{'loss': 1.4459, 'grad_norm': 0.286013662815094, 'learning_rate': 7.739359013244364e-05, 'epoch': 9.1}
{'loss': 1.4449, 'grad_norm': 0.2393699437379837, 'learning_rate': 7.737673979712197e-05, 'epoch': 9.11}
{'loss': 1.4449, 'grad_norm': 0.33952584862709045, 'learning_rate': 7.735988946180029e-05, 'epoch': 9.11}
{'loss': 1.446, 'grad_norm': 0.30779409408569336, 'learning_rate': 7.734303912647862e-05, 'epoch': 9.12}
{'loss': 1.4454, 'grad_norm': 0.2589664161205292, 'learning_rate': 7.732618879115695e-05, 'epoch': 9.12}
{'loss': 1.4447, 'grad_norm': 0.17755761742591858, 'learning_rate': 7.730933845583527e-05, 'epoch': 9.13}
{'loss': 1.4442, 'grad_norm': 0.2774016857147217, 'learning_rate': 7.72924881205136e-05, 'epoch': 9.13}
{'loss': 1.4446, 'grad_norm': 0.2524627447128296, 'learning_rate': 7.727563778519194e-05, 'epoch': 9.14}
{'loss': 1.4467, 'grad_norm': 0.2908143699169159, 'learning_rate': 7.725878744987025e-05, 'epoch': 9.14}
{'loss': 1.4442, 'grad_norm': 0.19920121133327484, 'learning_rate': 7.724193711454857e-05, 'epoch': 9.14}
{'loss': 1.4428, 'grad_norm': 0.17627622187137604, 'learning_rate': 7.72250867792269e-05, 'epoch': 9.15}
{'loss': 1.4426, 'grad_norm': 0.2177504599094391, 'learning_rate': 7.720823644390524e-05, 'epoch': 9.15}
{'loss': 1.4441, 'grad_norm': 0.2019006758928299, 'learning_rate': 7.719138610858357e-05, 'epoch': 9.16}
{'loss': 1.4456, 'grad_norm': 0.18362967669963837, 'learning_rate': 7.717453577326189e-05, 'epoch': 9.16}
{'loss': 1.4464, 'grad_norm': 0.41296157240867615, 'learning_rate': 7.715768543794022e-05, 'epoch': 9.17}
{'loss': 1.4435, 'grad_norm': 0.29549989104270935, 'learning_rate': 7.714083510261855e-05, 'epoch': 9.17}
{'loss': 1.4438, 'grad_norm': 0.273538738489151, 'learning_rate': 7.712398476729687e-05, 'epoch': 9.18}
{'loss': 1.4456, 'grad_norm': 0.33578604459762573, 'learning_rate': 7.71071344319752e-05, 'epoch': 9.18}
{'loss': 1.4462, 'grad_norm': 0.21080513298511505, 'learning_rate': 7.709028409665353e-05, 'epoch': 9.19}
{'loss': 1.4485, 'grad_norm': 0.6300042867660522, 'learning_rate': 7.707343376133186e-05, 'epoch': 9.19}
{'loss': 1.4473, 'grad_norm': 0.24172556400299072, 'learning_rate': 7.705658342601017e-05, 'epoch': 9.19}
{'loss': 1.4475, 'grad_norm': 0.4403986930847168, 'learning_rate': 7.70397330906885e-05, 'epoch': 9.2}
{'loss': 1.4454, 'grad_norm': 0.2109440714120865, 'learning_rate': 7.702288275536683e-05, 'epoch': 9.2}
{'loss': 1.4446, 'grad_norm': 0.2852124571800232, 'learning_rate': 7.700603242004517e-05, 'epoch': 9.21}
{'loss': 1.4461, 'grad_norm': 0.19443312287330627, 'learning_rate': 7.698918208472348e-05, 'epoch': 9.21}
{'loss': 1.445, 'grad_norm': 0.30826476216316223, 'learning_rate': 7.697233174940182e-05, 'epoch': 9.22}
{'loss': 1.447, 'grad_norm': 0.19238537549972534, 'learning_rate': 7.695548141408015e-05, 'epoch': 9.22}
{'loss': 1.4454, 'grad_norm': 0.296681672334671, 'learning_rate': 7.693863107875847e-05, 'epoch': 9.23}
{'loss': 1.4457, 'grad_norm': 0.1679403930902481, 'learning_rate': 7.69217807434368e-05, 'epoch': 9.23}
{'loss': 1.445, 'grad_norm': 0.5158503651618958, 'learning_rate': 7.690493040811513e-05, 'epoch': 9.24}
{'loss': 1.4448, 'grad_norm': 0.1400884985923767, 'learning_rate': 7.688808007279346e-05, 'epoch': 9.24}
{'loss': 1.4447, 'grad_norm': 0.19077318906784058, 'learning_rate': 7.687122973747178e-05, 'epoch': 9.24}
{'loss': 1.4445, 'grad_norm': 0.2413906306028366, 'learning_rate': 7.685437940215011e-05, 'epoch': 9.25}
{'loss': 1.4457, 'grad_norm': 0.4470990002155304, 'learning_rate': 7.683752906682843e-05, 'epoch': 9.25}
{'loss': 1.444, 'grad_norm': 0.21121294796466827, 'learning_rate': 7.682067873150676e-05, 'epoch': 9.26}
{'loss': 1.4438, 'grad_norm': 0.2060089111328125, 'learning_rate': 7.680382839618508e-05, 'epoch': 9.26}
{'loss': 1.4466, 'grad_norm': 0.30223438143730164, 'learning_rate': 7.678697806086341e-05, 'epoch': 9.27}
{'loss': 1.4443, 'grad_norm': 0.23269814252853394, 'learning_rate': 7.677012772554174e-05, 'epoch': 9.27}
{'loss': 1.448, 'grad_norm': 0.1788499355316162, 'learning_rate': 7.675327739022006e-05, 'epoch': 9.28}
{'loss': 1.4439, 'grad_norm': 0.23731541633605957, 'learning_rate': 7.67364270548984e-05, 'epoch': 9.28}
{'loss': 1.4454, 'grad_norm': 0.20907488465309143, 'learning_rate': 7.671957671957673e-05, 'epoch': 9.29}
{'loss': 1.4477, 'grad_norm': 0.18032480776309967, 'learning_rate': 7.670272638425506e-05, 'epoch': 9.29}
{'loss': 1.4449, 'grad_norm': 0.254029780626297, 'learning_rate': 7.668587604893338e-05, 'epoch': 9.29}
{'loss': 1.447, 'grad_norm': 0.18258842825889587, 'learning_rate': 7.666902571361171e-05, 'epoch': 9.3}
{'loss': 1.4461, 'grad_norm': 0.31108397245407104, 'learning_rate': 7.665217537829004e-05, 'epoch': 9.3}
{'loss': 1.4442, 'grad_norm': 0.16581173241138458, 'learning_rate': 7.663532504296836e-05, 'epoch': 9.31}
{'loss': 1.4459, 'grad_norm': 0.15326127409934998, 'learning_rate': 7.661847470764668e-05, 'epoch': 9.31}
{'loss': 1.4445, 'grad_norm': 0.3359452486038208, 'learning_rate': 7.660162437232501e-05, 'epoch': 9.32}
{'loss': 1.446, 'grad_norm': 0.4115702211856842, 'learning_rate': 7.658477403700334e-05, 'epoch': 9.32}
{'loss': 1.4464, 'grad_norm': 0.6767540574073792, 'learning_rate': 7.656792370168166e-05, 'epoch': 9.33}
{'loss': 1.4449, 'grad_norm': 0.4001860022544861, 'learning_rate': 7.655107336635999e-05, 'epoch': 9.33}
{'loss': 1.4455, 'grad_norm': 0.20077304542064667, 'learning_rate': 7.653422303103832e-05, 'epoch': 9.34}
{'loss': 1.447, 'grad_norm': 0.25690966844558716, 'learning_rate': 7.651737269571665e-05, 'epoch': 9.34}
{'loss': 1.4479, 'grad_norm': 0.2198621928691864, 'learning_rate': 7.650052236039497e-05, 'epoch': 9.34}
{'loss': 1.4446, 'grad_norm': 0.1674000769853592, 'learning_rate': 7.64836720250733e-05, 'epoch': 9.35}
{'loss': 1.4453, 'grad_norm': 0.2910177707672119, 'learning_rate': 7.646682168975164e-05, 'epoch': 9.35}
{'loss': 1.4436, 'grad_norm': 0.2875196039676666, 'learning_rate': 7.644997135442995e-05, 'epoch': 9.36}
{'loss': 1.4456, 'grad_norm': 0.25257277488708496, 'learning_rate': 7.643312101910829e-05, 'epoch': 9.36}
{'loss': 1.4464, 'grad_norm': 0.2414458841085434, 'learning_rate': 7.64162706837866e-05, 'epoch': 9.37}
{'loss': 1.4479, 'grad_norm': 0.22840279340744019, 'learning_rate': 7.639942034846494e-05, 'epoch': 9.37}
{'loss': 1.4443, 'grad_norm': 0.17727446556091309, 'learning_rate': 7.638257001314327e-05, 'epoch': 9.38}
{'loss': 1.4457, 'grad_norm': 0.3975989818572998, 'learning_rate': 7.636571967782159e-05, 'epoch': 9.38}
{'loss': 1.4443, 'grad_norm': 0.5090760588645935, 'learning_rate': 7.634886934249992e-05, 'epoch': 9.39}
{'loss': 1.4467, 'grad_norm': 0.15589997172355652, 'learning_rate': 7.633201900717825e-05, 'epoch': 9.39}
{'loss': 1.444, 'grad_norm': 0.15393197536468506, 'learning_rate': 7.631516867185657e-05, 'epoch': 9.39}
{'loss': 1.4455, 'grad_norm': 0.21425753831863403, 'learning_rate': 7.62983183365349e-05, 'epoch': 9.4}
{'loss': 1.4451, 'grad_norm': 0.21397435665130615, 'learning_rate': 7.628146800121323e-05, 'epoch': 9.4}
{'loss': 1.4451, 'grad_norm': 0.20963865518569946, 'learning_rate': 7.626461766589155e-05, 'epoch': 9.41}
{'loss': 1.4454, 'grad_norm': 0.1631261110305786, 'learning_rate': 7.624776733056988e-05, 'epoch': 9.41}
{'loss': 1.4433, 'grad_norm': 0.17134061455726624, 'learning_rate': 7.623091699524822e-05, 'epoch': 9.42}
{'loss': 1.4442, 'grad_norm': 0.30864059925079346, 'learning_rate': 7.621406665992653e-05, 'epoch': 9.42}
{'loss': 1.4455, 'grad_norm': 0.35951969027519226, 'learning_rate': 7.619721632460487e-05, 'epoch': 9.43}
{'loss': 1.4461, 'grad_norm': 0.1492198258638382, 'learning_rate': 7.618036598928318e-05, 'epoch': 9.43}
{'loss': 1.4457, 'grad_norm': 0.3038937747478485, 'learning_rate': 7.616351565396152e-05, 'epoch': 9.44}
{'loss': 1.4443, 'grad_norm': 0.1831972748041153, 'learning_rate': 7.614666531863985e-05, 'epoch': 9.44}
{'loss': 1.4453, 'grad_norm': 0.25783100724220276, 'learning_rate': 7.612981498331817e-05, 'epoch': 9.44}
{'loss': 1.4445, 'grad_norm': 0.1807783991098404, 'learning_rate': 7.61129646479965e-05, 'epoch': 9.45}
{'loss': 1.4457, 'grad_norm': 0.1683393120765686, 'learning_rate': 7.609611431267483e-05, 'epoch': 9.45}
{'loss': 1.4472, 'grad_norm': 0.21690349280834198, 'learning_rate': 7.607926397735316e-05, 'epoch': 9.46}
{'loss': 1.4449, 'grad_norm': 0.19007064402103424, 'learning_rate': 7.606241364203148e-05, 'epoch': 9.46}
{'loss': 1.4467, 'grad_norm': 0.194753035902977, 'learning_rate': 7.604556330670981e-05, 'epoch': 9.47}
{'loss': 1.4452, 'grad_norm': 27.363208770751953, 'learning_rate': 7.602871297138814e-05, 'epoch': 9.47}
{'loss': 1.4453, 'grad_norm': 0.1851416826248169, 'learning_rate': 7.601186263606646e-05, 'epoch': 9.48}
{'loss': 1.4461, 'grad_norm': 0.17418889701366425, 'learning_rate': 7.599501230074478e-05, 'epoch': 9.48}
{'loss': 1.4478, 'grad_norm': 0.25394099950790405, 'learning_rate': 7.597816196542311e-05, 'epoch': 9.49}
{'loss': 1.4456, 'grad_norm': 0.17412042617797852, 'learning_rate': 7.596131163010144e-05, 'epoch': 9.49}
{'loss': 1.4445, 'grad_norm': 0.2093207985162735, 'learning_rate': 7.594446129477976e-05, 'epoch': 9.49}
{'loss': 1.4459, 'grad_norm': 0.18505354225635529, 'learning_rate': 7.59276109594581e-05, 'epoch': 9.5}
{'loss': 1.4462, 'grad_norm': 0.16870906949043274, 'learning_rate': 7.591076062413643e-05, 'epoch': 9.5}
{'loss': 1.4449, 'grad_norm': 0.26322367787361145, 'learning_rate': 7.589391028881476e-05, 'epoch': 9.51}
{'loss': 1.4458, 'grad_norm': 0.19710224866867065, 'learning_rate': 7.587705995349308e-05, 'epoch': 9.51}
{'loss': 1.4463, 'grad_norm': 0.2615637481212616, 'learning_rate': 7.586020961817141e-05, 'epoch': 9.52}
{'loss': 1.4459, 'grad_norm': 0.1688266545534134, 'learning_rate': 7.584335928284974e-05, 'epoch': 9.52}
{'loss': 1.4457, 'grad_norm': 0.30898767709732056, 'learning_rate': 7.582650894752806e-05, 'epoch': 9.53}
{'loss': 1.4446, 'grad_norm': 0.2937009632587433, 'learning_rate': 7.580965861220639e-05, 'epoch': 9.53}
{'loss': 1.4445, 'grad_norm': 0.22122366726398468, 'learning_rate': 7.579280827688471e-05, 'epoch': 9.54}
{'loss': 1.4463, 'grad_norm': 0.23760586977005005, 'learning_rate': 7.577595794156304e-05, 'epoch': 9.54}
{'loss': 1.4432, 'grad_norm': 0.28216734528541565, 'learning_rate': 7.575910760624136e-05, 'epoch': 9.55}
{'loss': 1.4445, 'grad_norm': 0.319671630859375, 'learning_rate': 7.574225727091969e-05, 'epoch': 9.55}
{'loss': 1.447, 'grad_norm': 0.2592971622943878, 'learning_rate': 7.572540693559802e-05, 'epoch': 9.55}
{'loss': 1.4457, 'grad_norm': 0.2294660210609436, 'learning_rate': 7.570855660027635e-05, 'epoch': 9.56}
{'loss': 1.4441, 'grad_norm': 0.2721046507358551, 'learning_rate': 7.569170626495467e-05, 'epoch': 9.56}
{'loss': 1.4446, 'grad_norm': 0.325900137424469, 'learning_rate': 7.5674855929633e-05, 'epoch': 9.57}
{'loss': 1.4455, 'grad_norm': 0.3982314467430115, 'learning_rate': 7.565800559431134e-05, 'epoch': 9.57}
{'loss': 1.4446, 'grad_norm': 0.22134354710578918, 'learning_rate': 7.564115525898965e-05, 'epoch': 9.58}
{'loss': 1.4479, 'grad_norm': 0.31411704421043396, 'learning_rate': 7.562430492366799e-05, 'epoch': 9.58}
{'loss': 1.4465, 'grad_norm': 0.26875200867652893, 'learning_rate': 7.560745458834632e-05, 'epoch': 9.59}
{'loss': 1.445, 'grad_norm': 0.2126270830631256, 'learning_rate': 7.559060425302465e-05, 'epoch': 9.59}
{'loss': 1.4459, 'grad_norm': 0.44406431913375854, 'learning_rate': 7.557375391770296e-05, 'epoch': 9.6}
{'loss': 1.4468, 'grad_norm': 0.3380202054977417, 'learning_rate': 7.555690358238129e-05, 'epoch': 9.6}
{'loss': 1.4486, 'grad_norm': 0.39197859168052673, 'learning_rate': 7.554005324705962e-05, 'epoch': 9.6}
{'loss': 1.446, 'grad_norm': 0.1424369066953659, 'learning_rate': 7.552320291173795e-05, 'epoch': 9.61}
{'loss': 1.4472, 'grad_norm': 0.17652644217014313, 'learning_rate': 7.550635257641627e-05, 'epoch': 9.61}
{'loss': 1.4451, 'grad_norm': 0.16306619346141815, 'learning_rate': 7.54895022410946e-05, 'epoch': 9.62}
{'loss': 1.4464, 'grad_norm': 0.27466893196105957, 'learning_rate': 7.547265190577293e-05, 'epoch': 9.62}
{'loss': 1.4437, 'grad_norm': 0.1311596930027008, 'learning_rate': 7.545580157045125e-05, 'epoch': 9.63}
{'loss': 1.4456, 'grad_norm': 0.15837393701076508, 'learning_rate': 7.543895123512958e-05, 'epoch': 9.63}
{'loss': 1.4441, 'grad_norm': 0.21242982149124146, 'learning_rate': 7.542210089980792e-05, 'epoch': 9.64}
{'loss': 1.4448, 'grad_norm': 0.23095954954624176, 'learning_rate': 7.540525056448625e-05, 'epoch': 9.64}
{'loss': 1.4482, 'grad_norm': 0.22652071714401245, 'learning_rate': 7.538840022916457e-05, 'epoch': 9.65}
{'loss': 1.4462, 'grad_norm': 0.4453674554824829, 'learning_rate': 7.53715498938429e-05, 'epoch': 9.65}
{'loss': 1.4469, 'grad_norm': 0.3181982636451721, 'learning_rate': 7.535469955852122e-05, 'epoch': 9.65}
{'loss': 1.4461, 'grad_norm': 0.3139703571796417, 'learning_rate': 7.533784922319955e-05, 'epoch': 9.66}
{'loss': 1.4472, 'grad_norm': 0.24074305593967438, 'learning_rate': 7.532099888787787e-05, 'epoch': 9.66}
{'loss': 1.4474, 'grad_norm': 0.5036288499832153, 'learning_rate': 7.53041485525562e-05, 'epoch': 9.67}
{'loss': 1.4462, 'grad_norm': 0.3337947726249695, 'learning_rate': 7.528729821723453e-05, 'epoch': 9.67}
{'loss': 1.4473, 'grad_norm': 0.16730287671089172, 'learning_rate': 7.527044788191285e-05, 'epoch': 9.68}
{'loss': 1.4482, 'grad_norm': 0.20554886758327484, 'learning_rate': 7.525359754659118e-05, 'epoch': 9.68}
{'loss': 1.4457, 'grad_norm': 0.24748215079307556, 'learning_rate': 7.523674721126951e-05, 'epoch': 9.69}
{'loss': 1.4475, 'grad_norm': 0.2254745215177536, 'learning_rate': 7.521989687594784e-05, 'epoch': 9.69}
{'loss': 1.4471, 'grad_norm': 0.3166027367115021, 'learning_rate': 7.520304654062616e-05, 'epoch': 9.7}
{'loss': 1.445, 'grad_norm': 0.21122771501541138, 'learning_rate': 7.51861962053045e-05, 'epoch': 9.7}
{'loss': 1.4471, 'grad_norm': 0.2592439651489258, 'learning_rate': 7.516934586998283e-05, 'epoch': 9.7}
{'loss': 1.4482, 'grad_norm': 0.3976210057735443, 'learning_rate': 7.515249553466114e-05, 'epoch': 9.71}
{'loss': 1.4445, 'grad_norm': 0.14466676115989685, 'learning_rate': 7.513564519933946e-05, 'epoch': 9.71}
{'loss': 1.4473, 'grad_norm': 0.2139391452074051, 'learning_rate': 7.51187948640178e-05, 'epoch': 9.72}
{'loss': 1.4468, 'grad_norm': 0.3198753297328949, 'learning_rate': 7.510194452869613e-05, 'epoch': 9.72}
{'loss': 1.4467, 'grad_norm': 0.26516470313072205, 'learning_rate': 7.508509419337444e-05, 'epoch': 9.73}
{'loss': 1.4463, 'grad_norm': 0.29606521129608154, 'learning_rate': 7.506824385805278e-05, 'epoch': 9.73}
{'loss': 1.4464, 'grad_norm': 0.5758175253868103, 'learning_rate': 7.505139352273111e-05, 'epoch': 9.74}
{'loss': 1.446, 'grad_norm': 0.18623927235603333, 'learning_rate': 7.503454318740944e-05, 'epoch': 9.74}
{'loss': 1.444, 'grad_norm': 0.16472332179546356, 'learning_rate': 7.501769285208776e-05, 'epoch': 9.75}
{'loss': 1.446, 'grad_norm': 0.7554407715797424, 'learning_rate': 7.500084251676609e-05, 'epoch': 9.75}
{'loss': 1.4467, 'grad_norm': 0.19840100407600403, 'learning_rate': 7.498399218144442e-05, 'epoch': 9.75}
{'loss': 1.4459, 'grad_norm': 0.2958320081233978, 'learning_rate': 7.496714184612274e-05, 'epoch': 9.76}
{'loss': 1.4457, 'grad_norm': 0.1567831188440323, 'learning_rate': 7.495029151080107e-05, 'epoch': 9.76}
{'loss': 1.4456, 'grad_norm': 0.2841865122318268, 'learning_rate': 7.493344117547939e-05, 'epoch': 9.77}
{'loss': 1.4474, 'grad_norm': 0.26557713747024536, 'learning_rate': 7.491659084015772e-05, 'epoch': 9.77}
{'loss': 1.4464, 'grad_norm': 0.16862940788269043, 'learning_rate': 7.489974050483604e-05, 'epoch': 9.78}
{'loss': 1.4465, 'grad_norm': 0.13746707141399384, 'learning_rate': 7.488289016951437e-05, 'epoch': 9.78}
{'loss': 1.4495, 'grad_norm': 0.22621658444404602, 'learning_rate': 7.48660398341927e-05, 'epoch': 9.79}
{'loss': 1.4486, 'grad_norm': 0.24533645808696747, 'learning_rate': 7.484918949887104e-05, 'epoch': 9.79}
{'loss': 1.4444, 'grad_norm': 0.16042542457580566, 'learning_rate': 7.483233916354936e-05, 'epoch': 9.8}
{'loss': 1.4456, 'grad_norm': 0.2455487847328186, 'learning_rate': 7.481548882822769e-05, 'epoch': 9.8}
{'loss': 1.448, 'grad_norm': 0.2652733027935028, 'learning_rate': 7.479863849290602e-05, 'epoch': 9.8}
{'loss': 1.4477, 'grad_norm': 0.15669408440589905, 'learning_rate': 7.478178815758434e-05, 'epoch': 9.81}
{'loss': 1.4432, 'grad_norm': 0.1780487298965454, 'learning_rate': 7.476493782226267e-05, 'epoch': 9.81}
{'loss': 1.447, 'grad_norm': 0.2653735876083374, 'learning_rate': 7.4748087486941e-05, 'epoch': 9.82}
{'loss': 1.4469, 'grad_norm': 0.19803130626678467, 'learning_rate': 7.473123715161932e-05, 'epoch': 9.82}
{'loss': 1.4465, 'grad_norm': 0.20419250428676605, 'learning_rate': 7.471438681629764e-05, 'epoch': 9.83}
{'loss': 1.4454, 'grad_norm': 0.2071530818939209, 'learning_rate': 7.469753648097597e-05, 'epoch': 9.83}
{'loss': 1.4458, 'grad_norm': 0.28464236855506897, 'learning_rate': 7.46806861456543e-05, 'epoch': 9.84}
{'loss': 1.4462, 'grad_norm': 0.28300461173057556, 'learning_rate': 7.466383581033263e-05, 'epoch': 9.84}
{'loss': 1.4481, 'grad_norm': 0.3042357563972473, 'learning_rate': 7.464698547501095e-05, 'epoch': 9.85}
{'loss': 1.448, 'grad_norm': 0.2994205355644226, 'learning_rate': 7.463013513968928e-05, 'epoch': 9.85}
{'loss': 1.4482, 'grad_norm': 0.20994244515895844, 'learning_rate': 7.461328480436762e-05, 'epoch': 9.85}
{'loss': 1.4457, 'grad_norm': 0.1964758336544037, 'learning_rate': 7.459643446904593e-05, 'epoch': 9.86}
{'loss': 1.4471, 'grad_norm': 0.22578701376914978, 'learning_rate': 7.457958413372427e-05, 'epoch': 9.86}
{'loss': 1.4448, 'grad_norm': 0.1848314255475998, 'learning_rate': 7.45627337984026e-05, 'epoch': 9.87}
{'loss': 1.4455, 'grad_norm': 0.2509869635105133, 'learning_rate': 7.454588346308093e-05, 'epoch': 9.87}
{'loss': 1.4448, 'grad_norm': 0.5621313452720642, 'learning_rate': 7.452903312775925e-05, 'epoch': 9.88}
{'loss': 1.4461, 'grad_norm': 0.23645956814289093, 'learning_rate': 7.451218279243757e-05, 'epoch': 9.88}
{'loss': 1.4443, 'grad_norm': 0.1812714785337448, 'learning_rate': 7.44953324571159e-05, 'epoch': 9.89}
{'loss': 1.4446, 'grad_norm': 0.20743851363658905, 'learning_rate': 7.447848212179423e-05, 'epoch': 9.89}
{'loss': 1.4447, 'grad_norm': 0.2205502986907959, 'learning_rate': 7.446163178647255e-05, 'epoch': 9.9}
{'loss': 1.446, 'grad_norm': 0.17817136645317078, 'learning_rate': 7.444478145115088e-05, 'epoch': 9.9}
{'loss': 1.4481, 'grad_norm': 0.23265308141708374, 'learning_rate': 7.442793111582921e-05, 'epoch': 9.9}
{'loss': 1.4448, 'grad_norm': 0.16635434329509735, 'learning_rate': 7.441108078050753e-05, 'epoch': 9.91}
{'loss': 1.4465, 'grad_norm': 0.23301748931407928, 'learning_rate': 7.439423044518586e-05, 'epoch': 9.91}
{'loss': 1.4469, 'grad_norm': 0.20051611959934235, 'learning_rate': 7.43773801098642e-05, 'epoch': 9.92}
{'loss': 1.4459, 'grad_norm': 0.29724597930908203, 'learning_rate': 7.436052977454253e-05, 'epoch': 9.92}
{'loss': 1.4457, 'grad_norm': 0.21072043478488922, 'learning_rate': 7.434367943922084e-05, 'epoch': 9.93}
{'loss': 1.4456, 'grad_norm': 0.1673712581396103, 'learning_rate': 7.432682910389918e-05, 'epoch': 9.93}
{'loss': 1.4462, 'grad_norm': 0.20484599471092224, 'learning_rate': 7.43099787685775e-05, 'epoch': 9.94}
{'loss': 1.4465, 'grad_norm': 0.33934104442596436, 'learning_rate': 7.429312843325583e-05, 'epoch': 9.94}
{'loss': 1.4456, 'grad_norm': 0.19510765373706818, 'learning_rate': 7.427627809793414e-05, 'epoch': 9.95}
{'loss': 1.4466, 'grad_norm': 0.2129782885313034, 'learning_rate': 7.425942776261248e-05, 'epoch': 9.95}
{'loss': 1.4465, 'grad_norm': 0.3001657724380493, 'learning_rate': 7.424257742729081e-05, 'epoch': 9.95}
{'loss': 1.4479, 'grad_norm': 0.19384323060512543, 'learning_rate': 7.422572709196913e-05, 'epoch': 9.96}
{'loss': 1.447, 'grad_norm': 0.20017166435718536, 'learning_rate': 7.420887675664746e-05, 'epoch': 9.96}
{'loss': 1.4455, 'grad_norm': 0.6120033264160156, 'learning_rate': 7.419202642132579e-05, 'epoch': 9.97}
{'loss': 1.4446, 'grad_norm': 0.8262611627578735, 'learning_rate': 7.417517608600412e-05, 'epoch': 9.97}
{'loss': 1.4473, 'grad_norm': 0.1999235451221466, 'learning_rate': 7.415832575068244e-05, 'epoch': 9.98}
{'loss': 1.4467, 'grad_norm': 0.2389315813779831, 'learning_rate': 7.414147541536077e-05, 'epoch': 9.98}
{'loss': 1.4466, 'grad_norm': 0.35452988743782043, 'learning_rate': 7.41246250800391e-05, 'epoch': 9.99}
{'loss': 1.447, 'grad_norm': 0.25391530990600586, 'learning_rate': 7.410777474471742e-05, 'epoch': 9.99}
{'loss': 1.4479, 'grad_norm': 0.22431395947933197, 'learning_rate': 7.409092440939574e-05, 'epoch': 10.0}
{'loss': 1.4459, 'grad_norm': 0.19543948769569397, 'learning_rate': 7.407407407407407e-05, 'epoch': 10.0}
{'loss': 1.4435, 'grad_norm': 0.192268505692482, 'learning_rate': 7.40572237387524e-05, 'epoch': 10.0}
{'loss': 1.4448, 'grad_norm': 0.4155871868133545, 'learning_rate': 7.404037340343072e-05, 'epoch': 10.01}
pred : ardent in the prosecution of heresy cyril auspiciously opened his reign by oppressing the novations the most innocent and harmless of the sectaries
label: ardent in the prosecution of heresy cyril auspiciously opened his reign by oppressing the novatians the most innocent and harmless of the sectaries
pred : without any legal sentence without any royal mandate the patriarch at the dawn of day led a seditious multitude to the attack of the synagogues
label: without any legal sentence without any royal mandate the patriarch at the dawn of day led a seditious multitude to the attack of the synagogues
pred : such crimes would have deserved the animadversion of the magistrate but in this promiscuous outrage the innocent were confounded with the guilty and alexandria was impoverished by the loss of a wealthy and industrious colony
label: such crimes would have deserved the animadversion of the magistrate but in this promiscuous outrage the innocent were confounded with the guilty and alexandria was impoverished by the loss of a wealthy and industrious colony
pred : ardent in the prosecution of heresy cyril auspiciously opened his reign by oppressing the novations the most innocent and harmless of the sectaries
label: ardent in the prosecution of heresy cyril auspiciously opened his reign by oppressing the novatians the most innocent and harmless of the sectaries
pred : without any legal sentence without any royal mandate the patriarch at the dawn of day led a seditious multitude to the attack of the synagogues
label: without any legal sentence without any royal mandate the patriarch at the dawn of day led a seditious multitude to the attack of the synagogues
pred : such crimes would have deserved the animadversion of the magistrate but in this promiscuous outrage the innocent were confounded with the guilty and alexandria was impoverished by the loss of a wealthy and industrious colony
label: such crimes would have deserved the animadversion of the magistrate but in this promiscuous outrage the innocent were confounded with the guilty and alexandria was impoverished by the loss of a wealthy and industrious colony
pred : ardent in the prosecution of heresy cyril auspiciously opened his reign by oppressing the novations the most innocent and harmless of the sectaries
label: ardent in the prosecution of heresy cyril auspiciously opened his reign by oppressing the novatians the most innocent and harmless of the sectaries
pred : without any legal sentence without any royal mandate the patriarch at the dawn of day led a seditious multitude to the attack of the synagogues
label: without any legal sentence without any royal mandate the patriarch at the dawn of day led a seditious multitude to the attack of the synagogues
pred : such crimes would have deserved the animadversion of the magistrate but in this promiscuous outrage the innocent were confounded with the guilty and alexandria was impoverished by the loss of a wealthy and industrious colony
label: such crimes would have deserved the animadversion of the magistrate but in this promiscuous outrage the innocent were confounded with the guilty and alexandria was impoverished by the loss of a wealthy and industrious colony
pred : ardent in the prosecution of heresy cyril auspiciously opened his reign by oppressing the novations the most innocent and harmless of the sectaries
label: ardent in the prosecution of heresy cyril auspiciously opened his reign by oppressing the novatians the most innocent and harmless of the sectaries
pred : without any legal sentence without any royal mandate the patriarch at the dawn of day led a seditious multitude to the attack of the synagogues
label: without any legal sentence without any royal mandate the patriarch at the dawn of day led a seditious multitude to the attack of the synagogues
pred : such crimes would have deserved the animadversion of the magistrate but in this promiscuous outrage the innocent were confounded with the guilty and alexandria was impoverished by the loss of a wealthy and industrious colony
label: such crimes would have deserved the animadversion of the magistrate but in this promiscuous outrage the innocent were confounded with the guilty and alexandria was impoverished by the loss of a wealthy and industrious colony
{'eval_loss': 1.60618257522583, 'eval_bleu': 95.622273078134, 'eval_wer': 0.029030206979017394, 'eval_cer': 0.021649830314090242, 'eval_rouge1': 0.9727073016531533, 'eval_rouge2': 0.9576737877735569, 'eval_rougeL': 0.9726197679307189, 'eval_runtime': 87.9631, 'eval_samples_per_second': 63.288, 'eval_steps_per_second': 0.33, 'epoch': 10.01}
{'loss': 1.4427, 'grad_norm': 0.2526165246963501, 'learning_rate': 7.402352306810906e-05, 'epoch': 10.01}
{'loss': 1.4436, 'grad_norm': 0.35432031750679016, 'learning_rate': 7.400667273278739e-05, 'epoch': 10.02}
{'loss': 1.4433, 'grad_norm': 0.29284951090812683, 'learning_rate': 7.398982239746572e-05, 'epoch': 10.02}
{'loss': 1.4434, 'grad_norm': 0.2929604947566986, 'learning_rate': 7.397297206214404e-05, 'epoch': 10.03}
{'loss': 1.4432, 'grad_norm': 0.2545902132987976, 'learning_rate': 7.395612172682237e-05, 'epoch': 10.03}
{'loss': 1.4412, 'grad_norm': 0.14995510876178741, 'learning_rate': 7.39392713915007e-05, 'epoch': 10.04}
{'loss': 1.4425, 'grad_norm': 0.2235724925994873, 'learning_rate': 7.392242105617902e-05, 'epoch': 10.04}
{'loss': 1.4436, 'grad_norm': 0.29000720381736755, 'learning_rate': 7.390557072085735e-05, 'epoch': 10.05}
{'loss': 1.4443, 'grad_norm': 0.21532222628593445, 'learning_rate': 7.388872038553567e-05, 'epoch': 10.05}
{'loss': 1.4448, 'grad_norm': 0.19127394258975983, 'learning_rate': 7.3871870050214e-05, 'epoch': 10.05}
{'loss': 1.442, 'grad_norm': 0.24214914441108704, 'learning_rate': 7.385501971489232e-05, 'epoch': 10.06}
{'loss': 1.4429, 'grad_norm': 0.4596664607524872, 'learning_rate': 7.383816937957065e-05, 'epoch': 10.06}
{'loss': 1.4423, 'grad_norm': 0.16327881813049316, 'learning_rate': 7.382131904424898e-05, 'epoch': 10.07}
{'loss': 1.4436, 'grad_norm': 0.19217118620872498, 'learning_rate': 7.380446870892732e-05, 'epoch': 10.07}
{'loss': 1.4443, 'grad_norm': 0.24403248727321625, 'learning_rate': 7.378761837360563e-05, 'epoch': 10.08}
{'loss': 1.4432, 'grad_norm': 0.15852703154087067, 'learning_rate': 7.377076803828397e-05, 'epoch': 10.08}
{'loss': 1.444, 'grad_norm': 0.2466994822025299, 'learning_rate': 7.37539177029623e-05, 'epoch': 10.09}
{'loss': 1.4433, 'grad_norm': 0.2077508419752121, 'learning_rate': 7.373706736764062e-05, 'epoch': 10.09}
{'loss': 1.4423, 'grad_norm': 0.4522918462753296, 'learning_rate': 7.372021703231895e-05, 'epoch': 10.1}
{'loss': 1.4425, 'grad_norm': 0.529158890247345, 'learning_rate': 7.370336669699728e-05, 'epoch': 10.1}
{'loss': 1.4411, 'grad_norm': 0.188435897231102, 'learning_rate': 7.368651636167561e-05, 'epoch': 10.1}
{'loss': 1.4409, 'grad_norm': 0.24061572551727295, 'learning_rate': 7.366966602635392e-05, 'epoch': 10.11}
{'loss': 1.4424, 'grad_norm': 0.16740913689136505, 'learning_rate': 7.365281569103225e-05, 'epoch': 10.11}
{'loss': 1.4426, 'grad_norm': 0.34298157691955566, 'learning_rate': 7.363596535571058e-05, 'epoch': 10.12}
{'loss': 1.442, 'grad_norm': 0.3743017911911011, 'learning_rate': 7.361911502038891e-05, 'epoch': 10.12}
{'loss': 1.4419, 'grad_norm': 0.1797178089618683, 'learning_rate': 7.360226468506723e-05, 'epoch': 10.13}
{'loss': 1.442, 'grad_norm': 0.19841384887695312, 'learning_rate': 7.358541434974556e-05, 'epoch': 10.13}
{'loss': 1.4429, 'grad_norm': 0.1828920692205429, 'learning_rate': 7.35685640144239e-05, 'epoch': 10.14}
{'loss': 1.4431, 'grad_norm': 0.16695910692214966, 'learning_rate': 7.355171367910221e-05, 'epoch': 10.14}
{'loss': 1.4415, 'grad_norm': 0.23966413736343384, 'learning_rate': 7.353486334378054e-05, 'epoch': 10.15}
{'loss': 1.4435, 'grad_norm': 0.1765923947095871, 'learning_rate': 7.351801300845888e-05, 'epoch': 10.15}
{'loss': 1.4427, 'grad_norm': 0.14470283687114716, 'learning_rate': 7.350116267313721e-05, 'epoch': 10.15}
{'loss': 1.4416, 'grad_norm': 0.20285174250602722, 'learning_rate': 7.348431233781553e-05, 'epoch': 10.16}
{'loss': 1.4405, 'grad_norm': 0.16943290829658508, 'learning_rate': 7.346746200249386e-05, 'epoch': 10.16}
{'loss': 1.4407, 'grad_norm': 0.2982918322086334, 'learning_rate': 7.345061166717218e-05, 'epoch': 10.17}
{'loss': 1.4435, 'grad_norm': 0.23073875904083252, 'learning_rate': 7.343376133185051e-05, 'epoch': 10.17}
{'loss': 1.4424, 'grad_norm': 0.22911278903484344, 'learning_rate': 7.341691099652883e-05, 'epoch': 10.18}
{'loss': 1.4417, 'grad_norm': 0.17083758115768433, 'learning_rate': 7.340006066120716e-05, 'epoch': 10.18}
{'loss': 1.4413, 'grad_norm': 0.1432320773601532, 'learning_rate': 7.338321032588549e-05, 'epoch': 10.19}
{'loss': 1.4431, 'grad_norm': 0.522179365158081, 'learning_rate': 7.336635999056381e-05, 'epoch': 10.19}
{'loss': 1.4439, 'grad_norm': 0.20089532434940338, 'learning_rate': 7.334950965524214e-05, 'epoch': 10.2}
{'loss': 1.4417, 'grad_norm': 0.35294249653816223, 'learning_rate': 7.333265931992047e-05, 'epoch': 10.2}
{'loss': 1.4422, 'grad_norm': 0.2032116949558258, 'learning_rate': 7.33158089845988e-05, 'epoch': 10.2}
{'loss': 1.4421, 'grad_norm': 0.17101582884788513, 'learning_rate': 7.329895864927712e-05, 'epoch': 10.21}
{'loss': 1.4424, 'grad_norm': 0.19263426959514618, 'learning_rate': 7.328210831395545e-05, 'epoch': 10.21}
{'loss': 1.4433, 'grad_norm': 0.3805598020553589, 'learning_rate': 7.326525797863379e-05, 'epoch': 10.22}
{'loss': 1.4419, 'grad_norm': 0.151774063706398, 'learning_rate': 7.32484076433121e-05, 'epoch': 10.22}
{'loss': 1.4429, 'grad_norm': 0.16416975855827332, 'learning_rate': 7.323155730799042e-05, 'epoch': 10.23}
{'loss': 1.4418, 'grad_norm': 0.34390315413475037, 'learning_rate': 7.321470697266876e-05, 'epoch': 10.23}
{'loss': 1.4442, 'grad_norm': 0.3819109797477722, 'learning_rate': 7.319785663734709e-05, 'epoch': 10.24}
{'loss': 1.4424, 'grad_norm': 0.27569177746772766, 'learning_rate': 7.31810063020254e-05, 'epoch': 10.24}
{'loss': 1.4449, 'grad_norm': 0.47964635491371155, 'learning_rate': 7.316415596670374e-05, 'epoch': 10.25}
{'loss': 1.4428, 'grad_norm': 0.19696751236915588, 'learning_rate': 7.314730563138207e-05, 'epoch': 10.25}
{'loss': 1.4415, 'grad_norm': 0.19026610255241394, 'learning_rate': 7.31304552960604e-05, 'epoch': 10.25}
{'loss': 1.4425, 'grad_norm': 0.2103222906589508, 'learning_rate': 7.311360496073872e-05, 'epoch': 10.26}
{'loss': 1.4434, 'grad_norm': 0.21233108639717102, 'learning_rate': 7.309675462541705e-05, 'epoch': 10.26}
{'loss': 1.4433, 'grad_norm': 0.15463849902153015, 'learning_rate': 7.307990429009538e-05, 'epoch': 10.27}
{'loss': 1.4436, 'grad_norm': 0.2506161630153656, 'learning_rate': 7.30630539547737e-05, 'epoch': 10.27}
{'loss': 1.4435, 'grad_norm': 0.1459396928548813, 'learning_rate': 7.304620361945203e-05, 'epoch': 10.28}
{'loss': 1.4425, 'grad_norm': 0.2588690221309662, 'learning_rate': 7.302935328413035e-05, 'epoch': 10.28}
{'loss': 1.4429, 'grad_norm': 0.2335750013589859, 'learning_rate': 7.301250294880868e-05, 'epoch': 10.29}
{'loss': 1.4432, 'grad_norm': 0.16776451468467712, 'learning_rate': 7.2995652613487e-05, 'epoch': 10.29}
{'loss': 1.4425, 'grad_norm': 0.22153663635253906, 'learning_rate': 7.297880227816533e-05, 'epoch': 10.3}
{'loss': 1.4438, 'grad_norm': 0.23666571080684662, 'learning_rate': 7.296195194284367e-05, 'epoch': 10.3}
{'loss': 1.4433, 'grad_norm': 0.17915308475494385, 'learning_rate': 7.2945101607522e-05, 'epoch': 10.3}
{'loss': 1.4425, 'grad_norm': 0.29921457171440125, 'learning_rate': 7.292825127220032e-05, 'epoch': 10.31}
{'loss': 1.4415, 'grad_norm': 0.2769271433353424, 'learning_rate': 7.291140093687865e-05, 'epoch': 10.31}
{'loss': 1.4442, 'grad_norm': 0.3900599479675293, 'learning_rate': 7.289455060155698e-05, 'epoch': 10.32}
{'loss': 1.4435, 'grad_norm': 0.521870493888855, 'learning_rate': 7.28777002662353e-05, 'epoch': 10.32}
{'loss': 1.4419, 'grad_norm': 0.21000275015830994, 'learning_rate': 7.286084993091363e-05, 'epoch': 10.33}
{'loss': 1.4427, 'grad_norm': 0.5572044849395752, 'learning_rate': 7.284399959559196e-05, 'epoch': 10.33}
{'loss': 1.4423, 'grad_norm': 0.15911456942558289, 'learning_rate': 7.282714926027028e-05, 'epoch': 10.34}
{'loss': 1.4429, 'grad_norm': 0.2860681116580963, 'learning_rate': 7.281029892494861e-05, 'epoch': 10.34}
{'loss': 1.4424, 'grad_norm': 0.19115525484085083, 'learning_rate': 7.279344858962693e-05, 'epoch': 10.35}
{'loss': 1.4431, 'grad_norm': 0.24920205771923065, 'learning_rate': 7.277659825430526e-05, 'epoch': 10.35}
{'loss': 1.4424, 'grad_norm': 0.16213877499103546, 'learning_rate': 7.27597479189836e-05, 'epoch': 10.35}
{'loss': 1.4412, 'grad_norm': 0.1678352653980255, 'learning_rate': 7.274289758366191e-05, 'epoch': 10.36}
{'loss': 1.4415, 'grad_norm': 0.14466123282909393, 'learning_rate': 7.272604724834024e-05, 'epoch': 10.36}
{'loss': 1.4433, 'grad_norm': 0.13697169721126556, 'learning_rate': 7.270919691301858e-05, 'epoch': 10.37}
{'loss': 1.4399, 'grad_norm': 0.46839797496795654, 'learning_rate': 7.26923465776969e-05, 'epoch': 10.37}
{'loss': 1.4438, 'grad_norm': 0.20936919748783112, 'learning_rate': 7.267549624237523e-05, 'epoch': 10.38}
{'loss': 1.4415, 'grad_norm': 0.21870611608028412, 'learning_rate': 7.265864590705356e-05, 'epoch': 10.38}
{'loss': 1.4412, 'grad_norm': 0.5230254530906677, 'learning_rate': 7.264179557173189e-05, 'epoch': 10.39}
{'loss': 1.4421, 'grad_norm': 0.15083572268486023, 'learning_rate': 7.262494523641021e-05, 'epoch': 10.39}
{'loss': 1.4428, 'grad_norm': 0.18929220736026764, 'learning_rate': 7.260809490108853e-05, 'epoch': 10.4}
{'loss': 1.4441, 'grad_norm': 0.19080793857574463, 'learning_rate': 7.259124456576686e-05, 'epoch': 10.4}
{'loss': 1.4418, 'grad_norm': 0.1394687294960022, 'learning_rate': 7.257439423044519e-05, 'epoch': 10.4}
{'loss': 1.4419, 'grad_norm': 0.24834418296813965, 'learning_rate': 7.255754389512351e-05, 'epoch': 10.41}
{'loss': 1.4433, 'grad_norm': 0.18120433390140533, 'learning_rate': 7.254069355980184e-05, 'epoch': 10.41}
{'loss': 1.4411, 'grad_norm': 0.1575048267841339, 'learning_rate': 7.252384322448017e-05, 'epoch': 10.42}
{'loss': 1.4426, 'grad_norm': 0.19419491291046143, 'learning_rate': 7.25069928891585e-05, 'epoch': 10.42}
{'loss': 1.4421, 'grad_norm': 0.24877020716667175, 'learning_rate': 7.249014255383682e-05, 'epoch': 10.43}
{'loss': 1.4422, 'grad_norm': 0.23355387151241302, 'learning_rate': 7.247329221851516e-05, 'epoch': 10.43}
{'loss': 1.4413, 'grad_norm': 0.20853115618228912, 'learning_rate': 7.245644188319349e-05, 'epoch': 10.44}
{'loss': 1.4415, 'grad_norm': 0.14261549711227417, 'learning_rate': 7.24395915478718e-05, 'epoch': 10.44}
{'loss': 1.4419, 'grad_norm': 0.2913534641265869, 'learning_rate': 7.242274121255014e-05, 'epoch': 10.45}
{'loss': 1.4406, 'grad_norm': 0.2228444665670395, 'learning_rate': 7.240589087722846e-05, 'epoch': 10.45}
{'loss': 1.4434, 'grad_norm': 0.2254239022731781, 'learning_rate': 7.238904054190679e-05, 'epoch': 10.45}
{'loss': 1.4415, 'grad_norm': 0.3555295169353485, 'learning_rate': 7.23721902065851e-05, 'epoch': 10.46}
{'loss': 1.4428, 'grad_norm': 0.18498936295509338, 'learning_rate': 7.235533987126344e-05, 'epoch': 10.46}
{'loss': 1.4423, 'grad_norm': 0.23850400745868683, 'learning_rate': 7.233848953594177e-05, 'epoch': 10.47}
{'loss': 1.4428, 'grad_norm': 0.24595753848552704, 'learning_rate': 7.23216392006201e-05, 'epoch': 10.47}
{'loss': 1.4423, 'grad_norm': 0.17322209477424622, 'learning_rate': 7.230478886529842e-05, 'epoch': 10.48}
{'loss': 1.4416, 'grad_norm': 0.13497015833854675, 'learning_rate': 7.228793852997675e-05, 'epoch': 10.48}
{'loss': 1.4423, 'grad_norm': 0.22870539128780365, 'learning_rate': 7.227108819465508e-05, 'epoch': 10.49}
{'loss': 1.4438, 'grad_norm': 0.23932504653930664, 'learning_rate': 7.22542378593334e-05, 'epoch': 10.49}
{'loss': 1.4426, 'grad_norm': 0.24277281761169434, 'learning_rate': 7.223738752401173e-05, 'epoch': 10.5}
{'loss': 1.4434, 'grad_norm': 0.21453262865543365, 'learning_rate': 7.222053718869007e-05, 'epoch': 10.5}
{'loss': 1.4431, 'grad_norm': 0.2620234191417694, 'learning_rate': 7.22036868533684e-05, 'epoch': 10.51}
{'loss': 1.4418, 'grad_norm': 0.17739684879779816, 'learning_rate': 7.21868365180467e-05, 'epoch': 10.51}
{'loss': 1.4442, 'grad_norm': 0.27965444326400757, 'learning_rate': 7.216998618272503e-05, 'epoch': 10.51}
{'loss': 1.4424, 'grad_norm': 0.6210486888885498, 'learning_rate': 7.215313584740337e-05, 'epoch': 10.52}
{'loss': 1.4417, 'grad_norm': 0.2153196930885315, 'learning_rate': 7.21362855120817e-05, 'epoch': 10.52}
{'loss': 1.4429, 'grad_norm': 0.7435975670814514, 'learning_rate': 7.211943517676002e-05, 'epoch': 10.53}
{'loss': 1.4424, 'grad_norm': 0.22303512692451477, 'learning_rate': 7.210258484143835e-05, 'epoch': 10.53}
{'loss': 1.4431, 'grad_norm': 0.22085516154766083, 'learning_rate': 7.208573450611668e-05, 'epoch': 10.54}
{'loss': 1.441, 'grad_norm': 0.26678845286369324, 'learning_rate': 7.2068884170795e-05, 'epoch': 10.54}
{'loss': 1.4424, 'grad_norm': 0.30312687158584595, 'learning_rate': 7.205203383547333e-05, 'epoch': 10.55}
{'loss': 1.4424, 'grad_norm': 0.18798817694187164, 'learning_rate': 7.203518350015166e-05, 'epoch': 10.55}
{'loss': 1.4405, 'grad_norm': 0.20433595776557922, 'learning_rate': 7.201833316483e-05, 'epoch': 10.56}
{'loss': 1.4405, 'grad_norm': 0.17241886258125305, 'learning_rate': 7.200148282950831e-05, 'epoch': 10.56}
{'loss': 1.4387, 'grad_norm': 0.18148663640022278, 'learning_rate': 7.198463249418663e-05, 'epoch': 10.56}
{'loss': 1.4407, 'grad_norm': 0.16055886447429657, 'learning_rate': 7.196778215886496e-05, 'epoch': 10.57}
{'loss': 1.4409, 'grad_norm': 0.25681072473526, 'learning_rate': 7.19509318235433e-05, 'epoch': 10.57}
{'loss': 1.4414, 'grad_norm': 0.16310958564281464, 'learning_rate': 7.193408148822161e-05, 'epoch': 10.58}
{'loss': 1.4427, 'grad_norm': 0.39194977283477783, 'learning_rate': 7.191723115289994e-05, 'epoch': 10.58}
{'loss': 1.4428, 'grad_norm': 0.6016828417778015, 'learning_rate': 7.190038081757828e-05, 'epoch': 10.59}
{'loss': 1.4435, 'grad_norm': 0.31440937519073486, 'learning_rate': 7.18835304822566e-05, 'epoch': 10.59}
{'loss': 1.4446, 'grad_norm': 0.29323717951774597, 'learning_rate': 7.186668014693493e-05, 'epoch': 10.6}
{'loss': 1.4433, 'grad_norm': 0.1840674728155136, 'learning_rate': 7.184982981161326e-05, 'epoch': 10.6}
{'loss': 1.4438, 'grad_norm': 0.2323961704969406, 'learning_rate': 7.183297947629159e-05, 'epoch': 10.61}
{'loss': 1.4456, 'grad_norm': 0.27576854825019836, 'learning_rate': 7.181612914096991e-05, 'epoch': 10.61}
{'loss': 1.4455, 'grad_norm': 0.5984939336776733, 'learning_rate': 7.179927880564824e-05, 'epoch': 10.61}
{'loss': 1.4451, 'grad_norm': 0.41247475147247314, 'learning_rate': 7.178242847032657e-05, 'epoch': 10.62}
{'loss': 1.444, 'grad_norm': 0.2697890102863312, 'learning_rate': 7.176557813500489e-05, 'epoch': 10.62}
{'loss': 1.444, 'grad_norm': 0.2457444816827774, 'learning_rate': 7.174872779968321e-05, 'epoch': 10.63}
{'loss': 1.4444, 'grad_norm': 0.2572372853755951, 'learning_rate': 7.173187746436154e-05, 'epoch': 10.63}
{'loss': 1.4439, 'grad_norm': 0.16943670809268951, 'learning_rate': 7.171502712903987e-05, 'epoch': 10.64}
{'loss': 1.4435, 'grad_norm': 0.30093514919281006, 'learning_rate': 7.169817679371819e-05, 'epoch': 10.64}
{'loss': 1.442, 'grad_norm': 0.2471555918455124, 'learning_rate': 7.168132645839652e-05, 'epoch': 10.65}
{'loss': 1.4427, 'grad_norm': 0.16668179631233215, 'learning_rate': 7.166447612307486e-05, 'epoch': 10.65}
{'loss': 1.4427, 'grad_norm': 0.5259910821914673, 'learning_rate': 7.164762578775319e-05, 'epoch': 10.66}
{'loss': 1.4421, 'grad_norm': 0.2121226042509079, 'learning_rate': 7.16307754524315e-05, 'epoch': 10.66}
{'loss': 1.4441, 'grad_norm': 0.18830445408821106, 'learning_rate': 7.161392511710984e-05, 'epoch': 10.66}
{'loss': 1.4435, 'grad_norm': 0.7097522616386414, 'learning_rate': 7.159707478178817e-05, 'epoch': 10.67}
{'loss': 1.4425, 'grad_norm': 0.32810500264167786, 'learning_rate': 7.158022444646649e-05, 'epoch': 10.67}
{'loss': 1.4419, 'grad_norm': 0.2590683698654175, 'learning_rate': 7.15633741111448e-05, 'epoch': 10.68}
{'loss': 1.443, 'grad_norm': 0.2590773105621338, 'learning_rate': 7.154652377582314e-05, 'epoch': 10.68}
{'loss': 1.4424, 'grad_norm': 0.17699198424816132, 'learning_rate': 7.152967344050147e-05, 'epoch': 10.69}
{'loss': 1.4412, 'grad_norm': 0.17134620249271393, 'learning_rate': 7.151282310517979e-05, 'epoch': 10.69}
{'loss': 1.4438, 'grad_norm': 0.17787063121795654, 'learning_rate': 7.149597276985812e-05, 'epoch': 10.7}
{'loss': 1.4429, 'grad_norm': 0.1545839011669159, 'learning_rate': 7.147912243453645e-05, 'epoch': 10.7}
{'loss': 1.444, 'grad_norm': 0.21475394070148468, 'learning_rate': 7.146227209921478e-05, 'epoch': 10.71}
{'loss': 1.4433, 'grad_norm': 0.23652450740337372, 'learning_rate': 7.14454217638931e-05, 'epoch': 10.71}
{'loss': 1.4425, 'grad_norm': 0.14772167801856995, 'learning_rate': 7.142857142857143e-05, 'epoch': 10.71}
{'loss': 1.4427, 'grad_norm': 0.1452377885580063, 'learning_rate': 7.141172109324977e-05, 'epoch': 10.72}
{'loss': 1.4423, 'grad_norm': 0.2747402489185333, 'learning_rate': 7.139487075792808e-05, 'epoch': 10.72}
{'loss': 1.4422, 'grad_norm': 0.16676491498947144, 'learning_rate': 7.137802042260642e-05, 'epoch': 10.73}
{'loss': 1.4416, 'grad_norm': 0.16410017013549805, 'learning_rate': 7.136117008728475e-05, 'epoch': 10.73}
{'loss': 1.442, 'grad_norm': 0.18634353578090668, 'learning_rate': 7.134431975196307e-05, 'epoch': 10.74}
{'loss': 1.4419, 'grad_norm': 0.15070822834968567, 'learning_rate': 7.132746941664138e-05, 'epoch': 10.74}
{'loss': 1.4469, 'grad_norm': 0.27022585272789, 'learning_rate': 7.131061908131972e-05, 'epoch': 10.75}
{'loss': 1.4519, 'grad_norm': 0.31859856843948364, 'learning_rate': 7.129376874599805e-05, 'epoch': 10.75}
{'loss': 1.4478, 'grad_norm': 0.29975852370262146, 'learning_rate': 7.127691841067638e-05, 'epoch': 10.76}
{'loss': 1.443, 'grad_norm': 0.3206612169742584, 'learning_rate': 7.12600680753547e-05, 'epoch': 10.76}
{'loss': 1.4419, 'grad_norm': 0.21271362900733948, 'learning_rate': 7.124321774003303e-05, 'epoch': 10.76}
{'loss': 1.4431, 'grad_norm': 0.2211274355649948, 'learning_rate': 7.122636740471136e-05, 'epoch': 10.77}
{'loss': 1.4446, 'grad_norm': 0.22080788016319275, 'learning_rate': 7.120951706938968e-05, 'epoch': 10.77}
{'loss': 1.4448, 'grad_norm': 1.542231559753418, 'learning_rate': 7.119266673406801e-05, 'epoch': 10.78}
{'loss': 1.4429, 'grad_norm': 0.23845669627189636, 'learning_rate': 7.117581639874634e-05, 'epoch': 10.78}
{'loss': 1.4431, 'grad_norm': 0.24732589721679688, 'learning_rate': 7.115896606342468e-05, 'epoch': 10.79}
{'loss': 1.4435, 'grad_norm': 0.3362617790699005, 'learning_rate': 7.1142115728103e-05, 'epoch': 10.79}
{'loss': 1.4418, 'grad_norm': 0.1837684065103531, 'learning_rate': 7.112526539278131e-05, 'epoch': 10.8}
{'loss': 1.4425, 'grad_norm': 0.2617814540863037, 'learning_rate': 7.110841505745964e-05, 'epoch': 10.8}
{'loss': 1.4414, 'grad_norm': 0.14146853983402252, 'learning_rate': 7.109156472213798e-05, 'epoch': 10.81}
{'loss': 1.4426, 'grad_norm': 0.2461831420660019, 'learning_rate': 7.10747143868163e-05, 'epoch': 10.81}
{'loss': 1.4416, 'grad_norm': 0.14391794800758362, 'learning_rate': 7.105786405149463e-05, 'epoch': 10.81}
{'loss': 1.4434, 'grad_norm': 0.23398633301258087, 'learning_rate': 7.104101371617296e-05, 'epoch': 10.82}
{'loss': 1.4405, 'grad_norm': 0.2904931306838989, 'learning_rate': 7.102416338085128e-05, 'epoch': 10.82}
{'loss': 1.4429, 'grad_norm': 0.16522009670734406, 'learning_rate': 7.100731304552961e-05, 'epoch': 10.83}
{'loss': 1.4416, 'grad_norm': 0.18956778943538666, 'learning_rate': 7.099046271020794e-05, 'epoch': 10.83}
{'loss': 1.4433, 'grad_norm': 0.3369484841823578, 'learning_rate': 7.097361237488627e-05, 'epoch': 10.84}
{'loss': 1.4443, 'grad_norm': 0.2609640955924988, 'learning_rate': 7.095676203956459e-05, 'epoch': 10.84}
{'loss': 1.4428, 'grad_norm': 0.1972956657409668, 'learning_rate': 7.093991170424292e-05, 'epoch': 10.85}
{'loss': 1.4419, 'grad_norm': 0.2326429784297943, 'learning_rate': 7.092306136892124e-05, 'epoch': 10.85}
{'loss': 1.442, 'grad_norm': 0.27190613746643066, 'learning_rate': 7.090621103359957e-05, 'epoch': 10.86}
{'loss': 1.4422, 'grad_norm': 0.2137448638677597, 'learning_rate': 7.088936069827789e-05, 'epoch': 10.86}
{'loss': 1.4421, 'grad_norm': 0.30042949318885803, 'learning_rate': 7.087251036295622e-05, 'epoch': 10.86}
{'loss': 1.4429, 'grad_norm': 0.6709699630737305, 'learning_rate': 7.085566002763456e-05, 'epoch': 10.87}
{'loss': 1.4421, 'grad_norm': 0.26083528995513916, 'learning_rate': 7.083880969231287e-05, 'epoch': 10.87}
{'loss': 1.4438, 'grad_norm': 0.1785193830728531, 'learning_rate': 7.08219593569912e-05, 'epoch': 10.88}
{'loss': 1.4435, 'grad_norm': 0.2031029313802719, 'learning_rate': 7.080510902166954e-05, 'epoch': 10.88}
{'loss': 1.4436, 'grad_norm': 0.19257625937461853, 'learning_rate': 7.078825868634787e-05, 'epoch': 10.89}
{'loss': 1.4413, 'grad_norm': 0.1972937285900116, 'learning_rate': 7.077140835102619e-05, 'epoch': 10.89}
{'loss': 1.4426, 'grad_norm': 0.13740597665309906, 'learning_rate': 7.075455801570452e-05, 'epoch': 10.9}
{'loss': 1.4421, 'grad_norm': 0.2024119794368744, 'learning_rate': 7.073770768038285e-05, 'epoch': 10.9}
{'loss': 1.443, 'grad_norm': 0.277281254529953, 'learning_rate': 7.072085734506117e-05, 'epoch': 10.91}
{'loss': 1.4482, 'grad_norm': 0.23876123130321503, 'learning_rate': 7.070400700973949e-05, 'epoch': 10.91}
{'loss': 1.4417, 'grad_norm': 0.2545223832130432, 'learning_rate': 7.068715667441782e-05, 'epoch': 10.91}
{'loss': 1.4437, 'grad_norm': 0.3142798840999603, 'learning_rate': 7.067030633909615e-05, 'epoch': 10.92}
pred : ardent in the prosecution of heresy cyril auspiciously opened his reign by oppressing the novations the most innocent and harmless of the sectaries
label: ardent in the prosecution of heresy cyril auspiciously opened his reign by oppressing the novatians the most innocent and harmless of the sectaries
pred : without any legal sentence without any royal mandate the patriarch at the dawn of day led a seditious multitude to the attack of the synagogues
label: without any legal sentence without any royal mandate the patriarch at the dawn of day led a seditious multitude to the attack of the synagogues
pred : such crimes would have deserved the animadversion of the magistrate but in this promiscuous outrage the innocent were confounded with the guilty and alexandria was impoverished by the loss of a wealthy and industrious colony
label: such crimes would have deserved the animadversion of the magistrate but in this promiscuous outrage the innocent were confounded with the guilty and alexandria was impoverished by the loss of a wealthy and industrious colony
pred : ardent in the prosecution of heresy cyril auspiciously opened his reign by oppressing the novations the most innocent and harmless of the sectaries
label: ardent in the prosecution of heresy cyril auspiciously opened his reign by oppressing the novatians the most innocent and harmless of the sectaries
pred : without any legal sentence without any royal mandate the patriarch at the dawn of day led a seditious multitude to the attack of the synagogues
label: without any legal sentence without any royal mandate the patriarch at the dawn of day led a seditious multitude to the attack of the synagogues
pred : such crimes would have deserved the animadversion of the magistrate but in this promiscuous outrage the innocent were confounded with the guilty and alexandria was impoverished by the loss of a wealthy and industrious colony
label: such crimes would have deserved the animadversion of the magistrate but in this promiscuous outrage the innocent were confounded with the guilty and alexandria was impoverished by the loss of a wealthy and industrious colony
pred : ardent in the prosecution of heresy cyril auspiciously opened his reign by oppressing the novations the most innocent and harmless of the sectaries
label: ardent in the prosecution of heresy cyril auspiciously opened his reign by oppressing the novatians the most innocent and harmless of the sectaries
pred : without any legal sentence without any royal mandate the patriarch at the dawn of day led a seditious multitude to the attack of the synagogues
label: without any legal sentence without any royal mandate the patriarch at the dawn of day led a seditious multitude to the attack of the synagogues
pred : such crimes would have deserved the animadversion of the magistrate but in this promiscuous outrage the innocent were confounded with the guilty and alexandria was impoverished by the loss of a wealthy and industrious colony
label: such crimes would have deserved the animadversion of the magistrate but in this promiscuous outrage the innocent were confounded with the guilty and alexandria was impoverished by the loss of a wealthy and industrious colony
pred : ardent in the prosecution of heresy cyril auspiciously opened his reign by oppressing the novations the most innocent and harmless of the sectaries
label: ardent in the prosecution of heresy cyril auspiciously opened his reign by oppressing the novatians the most innocent and harmless of the sectaries
pred : without any legal sentence without any royal mandate the patriarch at the dawn of day led a seditious multitude to the attack of the synagogues
label: without any legal sentence without any royal mandate the patriarch at the dawn of day led a seditious multitude to the attack of the synagogues
pred : such crimes would have deserved the animadversion of the magistrate but in this promiscuous outrage the innocent were confounded with the guilty and alexandria was impoverished by the loss of a wealthy and industrious colony
label: such crimes would have deserved the animadversion of the magistrate but in this promiscuous outrage the innocent were confounded with the guilty and alexandria was impoverished by the loss of a wealthy and industrious colony
{'eval_loss': 1.6149017810821533, 'eval_bleu': 96.19155217883808, 'eval_wer': 0.02356391105881013, 'eval_cer': 0.01596778672590947, 'eval_rouge1': 0.9841949825155256, 'eval_rouge2': 0.9724893928480263, 'eval_rougeL': 0.9841104004587738, 'eval_runtime': 90.2541, 'eval_samples_per_second': 61.681, 'eval_steps_per_second': 0.321, 'epoch': 10.92}
{'loss': 1.4412, 'grad_norm': 0.14751332998275757, 'learning_rate': 7.065345600377447e-05, 'epoch': 10.92}
{'loss': 1.4423, 'grad_norm': 0.20072275400161743, 'learning_rate': 7.06366056684528e-05, 'epoch': 10.93}
{'loss': 1.4412, 'grad_norm': 0.18593613803386688, 'learning_rate': 7.061975533313113e-05, 'epoch': 10.93}
{'loss': 1.4422, 'grad_norm': 0.23962479829788208, 'learning_rate': 7.060290499780947e-05, 'epoch': 10.94}
{'loss': 1.4426, 'grad_norm': 0.22025837004184723, 'learning_rate': 7.058605466248778e-05, 'epoch': 10.94}
{'loss': 1.4412, 'grad_norm': 0.2102782279253006, 'learning_rate': 7.056920432716612e-05, 'epoch': 10.95}
{'loss': 1.4434, 'grad_norm': 0.23210740089416504, 'learning_rate': 7.055235399184445e-05, 'epoch': 10.95}
{'loss': 1.4429, 'grad_norm': 0.22044578194618225, 'learning_rate': 7.053550365652277e-05, 'epoch': 10.96}
{'loss': 1.4437, 'grad_norm': 0.2271347939968109, 'learning_rate': 7.05186533212011e-05, 'epoch': 10.96}
{'loss': 1.4419, 'grad_norm': 0.1990385204553604, 'learning_rate': 7.050180298587942e-05, 'epoch': 10.96}
{'loss': 1.4431, 'grad_norm': 0.19973435997962952, 'learning_rate': 7.048495265055775e-05, 'epoch': 10.97}
{'loss': 1.4413, 'grad_norm': 0.23022933304309845, 'learning_rate': 7.046810231523607e-05, 'epoch': 10.97}
{'loss': 1.4423, 'grad_norm': 0.23585940897464752, 'learning_rate': 7.04512519799144e-05, 'epoch': 10.98}
{'loss': 1.4411, 'grad_norm': 0.21492433547973633, 'learning_rate': 7.043440164459273e-05, 'epoch': 10.98}
{'loss': 1.4419, 'grad_norm': 0.16455118358135223, 'learning_rate': 7.041755130927106e-05, 'epoch': 10.99}
{'loss': 1.4417, 'grad_norm': 0.20583796501159668, 'learning_rate': 7.040070097394938e-05, 'epoch': 10.99}
{'loss': 1.4409, 'grad_norm': 0.3736535906791687, 'learning_rate': 7.038385063862771e-05, 'epoch': 11.0}
{'loss': 1.4418, 'grad_norm': 0.1741674691438675, 'learning_rate': 7.036700030330604e-05, 'epoch': 11.0}
{'loss': 1.4381, 'grad_norm': 0.24011528491973877, 'learning_rate': 7.035014996798436e-05, 'epoch': 11.01}
{'loss': 1.4382, 'grad_norm': 0.18098832666873932, 'learning_rate': 7.03332996326627e-05, 'epoch': 11.01}
{'loss': 1.4369, 'grad_norm': 0.1342018097639084, 'learning_rate': 7.031644929734103e-05, 'epoch': 11.01}
{'loss': 1.4366, 'grad_norm': 0.12872567772865295, 'learning_rate': 7.029959896201936e-05, 'epoch': 11.02}
{'loss': 1.4377, 'grad_norm': 0.23370826244354248, 'learning_rate': 7.028274862669766e-05, 'epoch': 11.02}
{'loss': 1.4378, 'grad_norm': 0.23617544770240784, 'learning_rate': 7.0265898291376e-05, 'epoch': 11.03}
{'loss': 1.4386, 'grad_norm': 0.4340432286262512, 'learning_rate': 7.024904795605433e-05, 'epoch': 11.03}
{'loss': 1.4378, 'grad_norm': 0.1484081894159317, 'learning_rate': 7.023219762073266e-05, 'epoch': 11.04}
{'loss': 1.439, 'grad_norm': 0.1927892118692398, 'learning_rate': 7.021534728541098e-05, 'epoch': 11.04}
{'loss': 1.4395, 'grad_norm': 0.23286135494709015, 'learning_rate': 7.019849695008931e-05, 'epoch': 11.05}
{'loss': 1.4402, 'grad_norm': 0.3977922797203064, 'learning_rate': 7.018164661476764e-05, 'epoch': 11.05}
{'loss': 1.4385, 'grad_norm': 0.403970330953598, 'learning_rate': 7.016479627944596e-05, 'epoch': 11.06}
{'loss': 1.4381, 'grad_norm': 0.26794615387916565, 'learning_rate': 7.014794594412429e-05, 'epoch': 11.06}
{'loss': 1.4374, 'grad_norm': 0.17995667457580566, 'learning_rate': 7.013109560880262e-05, 'epoch': 11.06}
{'loss': 1.4382, 'grad_norm': 0.1173110231757164, 'learning_rate': 7.011424527348096e-05, 'epoch': 11.07}
{'loss': 1.44, 'grad_norm': 0.17425298690795898, 'learning_rate': 7.009739493815927e-05, 'epoch': 11.07}
{'loss': 1.4375, 'grad_norm': 0.18691740930080414, 'learning_rate': 7.008054460283759e-05, 'epoch': 11.08}
{'loss': 1.4401, 'grad_norm': 0.19821438193321228, 'learning_rate': 7.006369426751592e-05, 'epoch': 11.08}
{'loss': 1.4384, 'grad_norm': 0.18352247774600983, 'learning_rate': 7.004684393219426e-05, 'epoch': 11.09}
{'loss': 1.4375, 'grad_norm': 0.19891223311424255, 'learning_rate': 7.002999359687257e-05, 'epoch': 11.09}
{'loss': 1.4397, 'grad_norm': 0.33275243639945984, 'learning_rate': 7.00131432615509e-05, 'epoch': 11.1}
{'loss': 1.4369, 'grad_norm': 0.26703059673309326, 'learning_rate': 6.999629292622924e-05, 'epoch': 11.1}
{'loss': 1.4375, 'grad_norm': 0.16513805091381073, 'learning_rate': 6.997944259090756e-05, 'epoch': 11.11}
{'loss': 1.4379, 'grad_norm': 0.14984875917434692, 'learning_rate': 6.996259225558589e-05, 'epoch': 11.11}
{'loss': 1.4381, 'grad_norm': 0.11972396075725555, 'learning_rate': 6.994574192026422e-05, 'epoch': 11.11}
{'loss': 1.4398, 'grad_norm': 0.355828195810318, 'learning_rate': 6.992889158494255e-05, 'epoch': 11.12}
{'loss': 1.4364, 'grad_norm': 0.1602952629327774, 'learning_rate': 6.991204124962087e-05, 'epoch': 11.12}
{'loss': 1.4384, 'grad_norm': 0.16049866378307343, 'learning_rate': 6.98951909142992e-05, 'epoch': 11.13}
{'loss': 1.4384, 'grad_norm': 0.1417722851037979, 'learning_rate': 6.987834057897753e-05, 'epoch': 11.13}
{'loss': 1.4379, 'grad_norm': 0.16639257967472076, 'learning_rate': 6.986149024365585e-05, 'epoch': 11.14}
{'loss': 1.4378, 'grad_norm': 0.3431164622306824, 'learning_rate': 6.984463990833417e-05, 'epoch': 11.14}
{'loss': 1.4384, 'grad_norm': 0.1584274172782898, 'learning_rate': 6.98277895730125e-05, 'epoch': 11.15}
{'loss': 1.4378, 'grad_norm': 0.18646255135536194, 'learning_rate': 6.981093923769083e-05, 'epoch': 11.15}
{'loss': 1.4382, 'grad_norm': 0.2023545801639557, 'learning_rate': 6.979408890236915e-05, 'epoch': 11.16}
{'loss': 1.4373, 'grad_norm': 0.17188560962677002, 'learning_rate': 6.977723856704748e-05, 'epoch': 11.16}
{'loss': 1.436, 'grad_norm': 0.14275269210338593, 'learning_rate': 6.976038823172582e-05, 'epoch': 11.16}
{'loss': 1.4388, 'grad_norm': 0.34974297881126404, 'learning_rate': 6.974353789640415e-05, 'epoch': 11.17}
{'loss': 1.4371, 'grad_norm': 0.3461880385875702, 'learning_rate': 6.972668756108247e-05, 'epoch': 11.17}
{'loss': 1.4377, 'grad_norm': 0.48395609855651855, 'learning_rate': 6.97098372257608e-05, 'epoch': 11.18}
{'loss': 1.4389, 'grad_norm': 0.15783025324344635, 'learning_rate': 6.969298689043913e-05, 'epoch': 11.18}
{'loss': 1.438, 'grad_norm': 0.37369662523269653, 'learning_rate': 6.967613655511745e-05, 'epoch': 11.19}
{'loss': 1.438, 'grad_norm': 0.16634969413280487, 'learning_rate': 6.965928621979577e-05, 'epoch': 11.19}
{'loss': 1.4363, 'grad_norm': 0.13016808032989502, 'learning_rate': 6.96424358844741e-05, 'epoch': 11.2}
{'loss': 1.4367, 'grad_norm': 0.3504604697227478, 'learning_rate': 6.962558554915243e-05, 'epoch': 11.2}
{'loss': 1.4389, 'grad_norm': 0.18088790774345398, 'learning_rate': 6.960873521383075e-05, 'epoch': 11.21}
{'loss': 1.4378, 'grad_norm': 0.2530801296234131, 'learning_rate': 6.959188487850908e-05, 'epoch': 11.21}
{'loss': 1.4378, 'grad_norm': 0.18198390305042267, 'learning_rate': 6.957503454318741e-05, 'epoch': 11.21}
{'loss': 1.4373, 'grad_norm': 0.2963882386684418, 'learning_rate': 6.955818420786574e-05, 'epoch': 11.22}
{'loss': 1.4368, 'grad_norm': 0.49056440591812134, 'learning_rate': 6.954133387254406e-05, 'epoch': 11.22}
{'loss': 1.4363, 'grad_norm': 0.1634519249200821, 'learning_rate': 6.95244835372224e-05, 'epoch': 11.23}
{'loss': 1.4376, 'grad_norm': 0.28839775919914246, 'learning_rate': 6.950763320190073e-05, 'epoch': 11.23}
{'loss': 1.4395, 'grad_norm': 0.12600338459014893, 'learning_rate': 6.949078286657905e-05, 'epoch': 11.24}
{'loss': 1.4382, 'grad_norm': 0.2411619871854782, 'learning_rate': 6.947393253125738e-05, 'epoch': 11.24}
{'loss': 1.4412, 'grad_norm': 0.32909658551216125, 'learning_rate': 6.945708219593571e-05, 'epoch': 11.25}
{'loss': 1.4397, 'grad_norm': 0.390226811170578, 'learning_rate': 6.944023186061403e-05, 'epoch': 11.25}
{'loss': 1.4395, 'grad_norm': 0.20462574064731598, 'learning_rate': 6.942338152529236e-05, 'epoch': 11.26}
{'loss': 1.4386, 'grad_norm': 0.24149955809116364, 'learning_rate': 6.940653118997068e-05, 'epoch': 11.26}
{'loss': 1.4492, 'grad_norm': 0.17920437455177307, 'learning_rate': 6.938968085464901e-05, 'epoch': 11.26}
{'loss': 1.4396, 'grad_norm': 0.19329461455345154, 'learning_rate': 6.937283051932734e-05, 'epoch': 11.27}
{'loss': 1.4412, 'grad_norm': 0.30854955315589905, 'learning_rate': 6.935598018400566e-05, 'epoch': 11.27}
{'loss': 1.4414, 'grad_norm': 0.2276921272277832, 'learning_rate': 6.933912984868399e-05, 'epoch': 11.28}
{'loss': 1.4408, 'grad_norm': 0.16177764534950256, 'learning_rate': 6.932227951336232e-05, 'epoch': 11.28}
{'loss': 1.44, 'grad_norm': 0.2393137365579605, 'learning_rate': 6.930542917804064e-05, 'epoch': 11.29}
{'loss': 1.4404, 'grad_norm': 0.21203318238258362, 'learning_rate': 6.928857884271897e-05, 'epoch': 11.29}
{'loss': 1.4415, 'grad_norm': 0.17977246642112732, 'learning_rate': 6.92717285073973e-05, 'epoch': 11.3}
{'loss': 1.4407, 'grad_norm': 0.17488262057304382, 'learning_rate': 6.925487817207564e-05, 'epoch': 11.3}
{'loss': 1.4408, 'grad_norm': 0.1987893134355545, 'learning_rate': 6.923802783675396e-05, 'epoch': 11.31}
{'loss': 1.4393, 'grad_norm': 0.21058571338653564, 'learning_rate': 6.922117750143227e-05, 'epoch': 11.31}
{'loss': 1.4405, 'grad_norm': 0.17599815130233765, 'learning_rate': 6.92043271661106e-05, 'epoch': 11.31}
{'loss': 1.4394, 'grad_norm': 0.1696857362985611, 'learning_rate': 6.918747683078894e-05, 'epoch': 11.32}
{'loss': 1.4399, 'grad_norm': 0.18661092221736908, 'learning_rate': 6.917062649546726e-05, 'epoch': 11.32}
{'loss': 1.4395, 'grad_norm': 0.1984540820121765, 'learning_rate': 6.915377616014559e-05, 'epoch': 11.33}
{'loss': 1.4392, 'grad_norm': 0.44216078519821167, 'learning_rate': 6.913692582482392e-05, 'epoch': 11.33}
{'loss': 1.4392, 'grad_norm': 0.13964536786079407, 'learning_rate': 6.912007548950224e-05, 'epoch': 11.34}
{'loss': 1.4397, 'grad_norm': 0.1304742991924286, 'learning_rate': 6.910322515418057e-05, 'epoch': 11.34}
{'loss': 1.4392, 'grad_norm': 0.16915495693683624, 'learning_rate': 6.90863748188589e-05, 'epoch': 11.35}
{'loss': 1.4389, 'grad_norm': 0.23035947978496552, 'learning_rate': 6.906952448353723e-05, 'epoch': 11.35}
{'loss': 1.4406, 'grad_norm': 0.19870483875274658, 'learning_rate': 6.905267414821555e-05, 'epoch': 11.36}
{'loss': 1.44, 'grad_norm': 0.14590893685817719, 'learning_rate': 6.903582381289388e-05, 'epoch': 11.36}
{'loss': 1.4385, 'grad_norm': 0.19172726571559906, 'learning_rate': 6.90189734775722e-05, 'epoch': 11.36}
{'loss': 1.4392, 'grad_norm': 0.39609119296073914, 'learning_rate': 6.900212314225053e-05, 'epoch': 11.37}
{'loss': 1.4386, 'grad_norm': 0.1740034520626068, 'learning_rate': 6.898527280692885e-05, 'epoch': 11.37}
{'loss': 1.4394, 'grad_norm': 0.14538314938545227, 'learning_rate': 6.896842247160718e-05, 'epoch': 11.38}
{'loss': 1.4384, 'grad_norm': 0.16945107281208038, 'learning_rate': 6.895157213628552e-05, 'epoch': 11.38}
{'loss': 1.4396, 'grad_norm': 0.12676307559013367, 'learning_rate': 6.893472180096385e-05, 'epoch': 11.39}
{'loss': 1.4379, 'grad_norm': 0.18951663374900818, 'learning_rate': 6.891787146564217e-05, 'epoch': 11.39}
{'loss': 1.438, 'grad_norm': 0.11601284146308899, 'learning_rate': 6.89010211303205e-05, 'epoch': 11.4}
{'loss': 1.4389, 'grad_norm': 0.22783975303173065, 'learning_rate': 6.888417079499883e-05, 'epoch': 11.4}
{'loss': 1.4385, 'grad_norm': 0.17737114429473877, 'learning_rate': 6.886732045967715e-05, 'epoch': 11.41}
{'loss': 1.4406, 'grad_norm': 0.2371182143688202, 'learning_rate': 6.885047012435548e-05, 'epoch': 11.41}
{'loss': 1.4381, 'grad_norm': 0.2143309861421585, 'learning_rate': 6.883361978903381e-05, 'epoch': 11.41}
{'loss': 1.4387, 'grad_norm': 0.18160271644592285, 'learning_rate': 6.881676945371213e-05, 'epoch': 11.42}
{'loss': 1.4405, 'grad_norm': 0.14652369916439056, 'learning_rate': 6.879991911839045e-05, 'epoch': 11.42}
{'loss': 1.4401, 'grad_norm': 0.14597080647945404, 'learning_rate': 6.878306878306878e-05, 'epoch': 11.43}
{'loss': 1.4395, 'grad_norm': 0.28763124346733093, 'learning_rate': 6.876621844774711e-05, 'epoch': 11.43}
{'loss': 1.438, 'grad_norm': 0.16834428906440735, 'learning_rate': 6.874936811242544e-05, 'epoch': 11.44}
{'loss': 1.4387, 'grad_norm': 0.23754963278770447, 'learning_rate': 6.873251777710376e-05, 'epoch': 11.44}
{'loss': 1.4379, 'grad_norm': 0.4358559846878052, 'learning_rate': 6.87156674417821e-05, 'epoch': 11.45}
{'loss': 1.4395, 'grad_norm': 0.3382970690727234, 'learning_rate': 6.869881710646043e-05, 'epoch': 11.45}
{'loss': 1.4379, 'grad_norm': 0.2240910679101944, 'learning_rate': 6.868196677113875e-05, 'epoch': 11.46}
{'loss': 1.4387, 'grad_norm': 0.1789364218711853, 'learning_rate': 6.866511643581708e-05, 'epoch': 11.46}
{'loss': 1.4402, 'grad_norm': 0.20477093756198883, 'learning_rate': 6.864826610049541e-05, 'epoch': 11.46}
{'loss': 1.4399, 'grad_norm': 0.5618468523025513, 'learning_rate': 6.863141576517374e-05, 'epoch': 11.47}
{'loss': 1.4395, 'grad_norm': 0.18373467028141022, 'learning_rate': 6.861456542985206e-05, 'epoch': 11.47}
{'loss': 1.4396, 'grad_norm': 0.18858367204666138, 'learning_rate': 6.859771509453038e-05, 'epoch': 11.48}
{'loss': 1.4399, 'grad_norm': 0.2698497176170349, 'learning_rate': 6.858086475920871e-05, 'epoch': 11.48}
{'loss': 1.4409, 'grad_norm': 0.23765073716640472, 'learning_rate': 6.856401442388704e-05, 'epoch': 11.49}
{'loss': 1.4388, 'grad_norm': 0.12276976555585861, 'learning_rate': 6.854716408856536e-05, 'epoch': 11.49}
{'loss': 1.4406, 'grad_norm': 0.22139263153076172, 'learning_rate': 6.853031375324369e-05, 'epoch': 11.5}
{'loss': 1.439, 'grad_norm': 0.19915278255939484, 'learning_rate': 6.851346341792202e-05, 'epoch': 11.5}
{'loss': 1.4395, 'grad_norm': 0.2799736261367798, 'learning_rate': 6.849661308260034e-05, 'epoch': 11.51}
{'loss': 1.4402, 'grad_norm': 0.2265920788049698, 'learning_rate': 6.847976274727867e-05, 'epoch': 11.51}
{'loss': 1.4394, 'grad_norm': 0.1605847030878067, 'learning_rate': 6.8462912411957e-05, 'epoch': 11.52}
{'loss': 1.441, 'grad_norm': 0.1336641162633896, 'learning_rate': 6.844606207663534e-05, 'epoch': 11.52}
{'loss': 1.4396, 'grad_norm': 0.2091795951128006, 'learning_rate': 6.842921174131366e-05, 'epoch': 11.52}
{'loss': 1.4398, 'grad_norm': 0.2068772166967392, 'learning_rate': 6.841236140599199e-05, 'epoch': 11.53}
{'loss': 1.4415, 'grad_norm': 0.38815563917160034, 'learning_rate': 6.839551107067032e-05, 'epoch': 11.53}
{'loss': 1.4396, 'grad_norm': 0.19784405827522278, 'learning_rate': 6.837866073534864e-05, 'epoch': 11.54}
{'loss': 1.4378, 'grad_norm': 0.14445771276950836, 'learning_rate': 6.836181040002696e-05, 'epoch': 11.54}
{'loss': 1.4397, 'grad_norm': 0.31496042013168335, 'learning_rate': 6.834496006470529e-05, 'epoch': 11.55}
{'loss': 1.4407, 'grad_norm': 0.28108614683151245, 'learning_rate': 6.832810972938362e-05, 'epoch': 11.55}
{'loss': 1.4396, 'grad_norm': 0.1511307805776596, 'learning_rate': 6.831125939406194e-05, 'epoch': 11.56}
{'loss': 1.4406, 'grad_norm': 0.25757548213005066, 'learning_rate': 6.829440905874027e-05, 'epoch': 11.56}
{'loss': 1.4418, 'grad_norm': 0.17016641795635223, 'learning_rate': 6.82775587234186e-05, 'epoch': 11.57}
{'loss': 1.4405, 'grad_norm': 0.1787658929824829, 'learning_rate': 6.826070838809693e-05, 'epoch': 11.57}
{'loss': 1.4407, 'grad_norm': 0.40335047245025635, 'learning_rate': 6.824385805277525e-05, 'epoch': 11.57}
{'loss': 1.4398, 'grad_norm': 0.2119990587234497, 'learning_rate': 6.822700771745358e-05, 'epoch': 11.58}
{'loss': 1.4417, 'grad_norm': 0.18223248422145844, 'learning_rate': 6.821015738213192e-05, 'epoch': 11.58}
{'loss': 1.4421, 'grad_norm': 0.45564061403274536, 'learning_rate': 6.819330704681023e-05, 'epoch': 11.59}
{'loss': 1.4405, 'grad_norm': 0.2303742915391922, 'learning_rate': 6.817645671148855e-05, 'epoch': 11.59}
{'loss': 1.44, 'grad_norm': 0.4586573839187622, 'learning_rate': 6.815960637616688e-05, 'epoch': 11.6}
{'loss': 1.4406, 'grad_norm': 0.26188498735427856, 'learning_rate': 6.814275604084522e-05, 'epoch': 11.6}
{'loss': 1.4409, 'grad_norm': 0.1405893862247467, 'learning_rate': 6.812590570552354e-05, 'epoch': 11.61}
{'loss': 1.4408, 'grad_norm': 0.29235512018203735, 'learning_rate': 6.810905537020187e-05, 'epoch': 11.61}
{'loss': 1.4402, 'grad_norm': 0.26265957951545715, 'learning_rate': 6.80922050348802e-05, 'epoch': 11.62}
{'loss': 1.4393, 'grad_norm': 0.18167197704315186, 'learning_rate': 6.807535469955853e-05, 'epoch': 11.62}
{'loss': 1.4405, 'grad_norm': 0.26400312781333923, 'learning_rate': 6.805850436423685e-05, 'epoch': 11.62}
{'loss': 1.4388, 'grad_norm': 0.702949047088623, 'learning_rate': 6.804165402891518e-05, 'epoch': 11.63}
{'loss': 1.4406, 'grad_norm': 0.19011060893535614, 'learning_rate': 6.802480369359351e-05, 'epoch': 11.63}
{'loss': 1.4392, 'grad_norm': 0.2479003369808197, 'learning_rate': 6.800795335827183e-05, 'epoch': 11.64}
{'loss': 1.4398, 'grad_norm': 0.18114697933197021, 'learning_rate': 6.799110302295016e-05, 'epoch': 11.64}
{'loss': 1.4389, 'grad_norm': 0.5502132177352905, 'learning_rate': 6.79742526876285e-05, 'epoch': 11.65}
{'loss': 1.4407, 'grad_norm': 0.519862711429596, 'learning_rate': 6.795740235230681e-05, 'epoch': 11.65}
{'loss': 1.4405, 'grad_norm': 0.9603772163391113, 'learning_rate': 6.794055201698513e-05, 'epoch': 11.66}
{'loss': 1.4415, 'grad_norm': 0.18271343410015106, 'learning_rate': 6.792370168166346e-05, 'epoch': 11.66}
{'loss': 1.4393, 'grad_norm': 0.13461032509803772, 'learning_rate': 6.79068513463418e-05, 'epoch': 11.67}
{'loss': 1.4385, 'grad_norm': 0.18573841452598572, 'learning_rate': 6.789000101102013e-05, 'epoch': 11.67}
{'loss': 1.439, 'grad_norm': 0.22765924036502838, 'learning_rate': 6.787315067569845e-05, 'epoch': 11.67}
{'loss': 1.4389, 'grad_norm': 0.46935713291168213, 'learning_rate': 6.785630034037678e-05, 'epoch': 11.68}
{'loss': 1.4378, 'grad_norm': 0.3622790575027466, 'learning_rate': 6.783945000505511e-05, 'epoch': 11.68}
{'loss': 1.4383, 'grad_norm': 0.21551814675331116, 'learning_rate': 6.782259966973343e-05, 'epoch': 11.69}
{'loss': 1.4428, 'grad_norm': 0.18809838593006134, 'learning_rate': 6.780574933441176e-05, 'epoch': 11.69}
{'loss': 1.4382, 'grad_norm': 0.29867857694625854, 'learning_rate': 6.778889899909009e-05, 'epoch': 11.7}
{'loss': 1.4388, 'grad_norm': 0.20892584323883057, 'learning_rate': 6.777204866376842e-05, 'epoch': 11.7}
{'loss': 1.4394, 'grad_norm': 0.23645175993442535, 'learning_rate': 6.775519832844673e-05, 'epoch': 11.71}
{'loss': 1.437, 'grad_norm': 0.14044691622257233, 'learning_rate': 6.773834799312506e-05, 'epoch': 11.71}
{'loss': 1.4398, 'grad_norm': 0.2321251630783081, 'learning_rate': 6.772149765780339e-05, 'epoch': 11.72}
{'loss': 1.44, 'grad_norm': 0.1682286113500595, 'learning_rate': 6.770464732248172e-05, 'epoch': 11.72}
{'loss': 1.4397, 'grad_norm': 0.22895142436027527, 'learning_rate': 6.768779698716004e-05, 'epoch': 11.72}
{'loss': 1.4396, 'grad_norm': 0.17958155274391174, 'learning_rate': 6.767094665183837e-05, 'epoch': 11.73}
{'loss': 1.4393, 'grad_norm': 0.14998331665992737, 'learning_rate': 6.76540963165167e-05, 'epoch': 11.73}
{'loss': 1.4381, 'grad_norm': 0.2002914547920227, 'learning_rate': 6.763724598119502e-05, 'epoch': 11.74}
{'loss': 1.4382, 'grad_norm': 0.15859289467334747, 'learning_rate': 6.762039564587336e-05, 'epoch': 11.74}
{'loss': 1.4384, 'grad_norm': 0.2619406580924988, 'learning_rate': 6.760354531055169e-05, 'epoch': 11.75}
{'loss': 1.4391, 'grad_norm': 0.36143484711647034, 'learning_rate': 6.758669497523002e-05, 'epoch': 11.75}
{'loss': 1.4394, 'grad_norm': 0.2487674355506897, 'learning_rate': 6.756984463990834e-05, 'epoch': 11.76}
{'loss': 1.4391, 'grad_norm': 0.35292819142341614, 'learning_rate': 6.755299430458667e-05, 'epoch': 11.76}
{'loss': 1.4396, 'grad_norm': 0.19370539486408234, 'learning_rate': 6.753614396926499e-05, 'epoch': 11.77}
{'loss': 1.4396, 'grad_norm': 0.2370639443397522, 'learning_rate': 6.751929363394332e-05, 'epoch': 11.77}
{'loss': 1.4373, 'grad_norm': 0.31538525223731995, 'learning_rate': 6.750244329862164e-05, 'epoch': 11.77}
{'loss': 1.4379, 'grad_norm': 0.14380037784576416, 'learning_rate': 6.748559296329997e-05, 'epoch': 11.78}
{'loss': 1.4391, 'grad_norm': 0.24505288898944855, 'learning_rate': 6.74687426279783e-05, 'epoch': 11.78}
{'loss': 1.4404, 'grad_norm': 0.3198406994342804, 'learning_rate': 6.745189229265662e-05, 'epoch': 11.79}
{'loss': 1.4379, 'grad_norm': 0.1488705575466156, 'learning_rate': 6.743504195733495e-05, 'epoch': 11.79}
{'loss': 1.437, 'grad_norm': 0.26529738306999207, 'learning_rate': 6.741819162201328e-05, 'epoch': 11.8}
{'loss': 1.4384, 'grad_norm': 0.11690004914999008, 'learning_rate': 6.740134128669162e-05, 'epoch': 11.8}
{'loss': 1.4387, 'grad_norm': 0.1371263712644577, 'learning_rate': 6.738449095136993e-05, 'epoch': 11.81}
{'loss': 1.4393, 'grad_norm': 0.1898631751537323, 'learning_rate': 6.736764061604827e-05, 'epoch': 11.81}
{'loss': 1.44, 'grad_norm': 0.2658694386482239, 'learning_rate': 6.73507902807266e-05, 'epoch': 11.82}
{'loss': 1.4415, 'grad_norm': 0.461649626493454, 'learning_rate': 6.733393994540492e-05, 'epoch': 11.82}
{'loss': 1.439, 'grad_norm': 0.18892629444599152, 'learning_rate': 6.731708961008324e-05, 'epoch': 11.82}
{'loss': 1.4399, 'grad_norm': 0.16874368488788605, 'learning_rate': 6.730023927476157e-05, 'epoch': 11.83}
pred : ardent in the prosecution of heresy cyril auspiciously opened his reign by oppressing the novations the most innocent and harmless of the sectaries
label: ardent in the prosecution of heresy cyril auspiciously opened his reign by oppressing the novatians the most innocent and harmless of the sectaries
pred : without any legal sentence without any royal mandate the patriarch at the dawn of day led a seditious multitude to the attack of the synagogues
label: without any legal sentence without any royal mandate the patriarch at the dawn of day led a seditious multitude to the attack of the synagogues
pred : such crimes would have deserved the animadversion of the magistrate but in this promiscuous outrage the innocent were confounded with the guilty and alexandria was impoverished by the loss of a wealthy and industrious colony
label: such crimes would have deserved the animadversion of the magistrate but in this promiscuous outrage the innocent were confounded with the guilty and alexandria was impoverished by the loss of a wealthy and industrious colony
pred : ardent in the prosecution of heresy cyril auspiciously opened his reign by oppressing the novations the most innocent and harmless of the sectaries
label: ardent in the prosecution of heresy cyril auspiciously opened his reign by oppressing the novatians the most innocent and harmless of the sectaries
pred : without any legal sentence without any royal mandate the patriarch at the dawn of day led a seditious multitude to the attack of the synagogues
label: without any legal sentence without any royal mandate the patriarch at the dawn of day led a seditious multitude to the attack of the synagogues
pred : such crimes would have deserved the animadversion of the magistrate but in this promiscuous outrage the innocent were confounded with the guilty and alexandria was impoverished by the loss of a wealthy and industrious colony
label: such crimes would have deserved the animadversion of the magistrate but in this promiscuous outrage the innocent were confounded with the guilty and alexandria was impoverished by the loss of a wealthy and industrious colony
pred : ardent in the prosecution of heresy cyril auspiciously opened his reign by oppressing the novations the most innocent and harmless of the sectaries
label: ardent in the prosecution of heresy cyril auspiciously opened his reign by oppressing the novatians the most innocent and harmless of the sectaries
pred : without any legal sentence without any royal mandate the patriarch at the dawn of day led a seditious multitude to the attack of the synagogues
label: without any legal sentence without any royal mandate the patriarch at the dawn of day led a seditious multitude to the attack of the synagogues
pred : such crimes would have deserved the animadversion of the magistrate but in this promiscuous outrage the innocent were confounded with the guilty and alexandria was impoverished by the loss of a wealthy and industrious colony
label: such crimes would have deserved the animadversion of the magistrate but in this promiscuous outrage the innocent were confounded with the guilty and alexandria was impoverished by the loss of a wealthy and industrious colony
pred : ardent in the prosecution of heresy cyril auspiciously opened his reign by oppressing the novations the most innocent and harmless of the sectaries
label: ardent in the prosecution of heresy cyril auspiciously opened his reign by oppressing the novatians the most innocent and harmless of the sectaries
pred : without any legal sentence without any royal mandate the patriarch at the dawn of day led a seditious multitude to the attack of the synagogues
label: without any legal sentence without any royal mandate the patriarch at the dawn of day led a seditious multitude to the attack of the synagogues
pred : such crimes would have deserved the animadversion of the magistrate but in this promiscuous outrage the innocent were confounded with the guilty and alexandria was impoverished by the loss of a wealthy and industrious colony
label: such crimes would have deserved the animadversion of the magistrate but in this promiscuous outrage the innocent were confounded with the guilty and alexandria was impoverished by the loss of a wealthy and industrious colony
{'eval_loss': 1.6088659763336182, 'eval_bleu': 96.14703468720676, 'eval_wer': 0.0238865743596557, 'eval_cer': 0.016371714927671605, 'eval_rouge1': 0.9838355665514231, 'eval_rouge2': 0.9718735343103919, 'eval_rougeL': 0.9838298981671718, 'eval_runtime': 88.3534, 'eval_samples_per_second': 63.008, 'eval_steps_per_second': 0.328, 'epoch': 11.83}
{'loss': 1.4397, 'grad_norm': 0.17086851596832275, 'learning_rate': 6.72833889394399e-05, 'epoch': 11.83}
{'loss': 1.4403, 'grad_norm': 0.21370550990104675, 'learning_rate': 6.726653860411822e-05, 'epoch': 11.84}
{'loss': 1.4385, 'grad_norm': 0.15816977620124817, 'learning_rate': 6.724968826879655e-05, 'epoch': 11.84}
{'loss': 1.439, 'grad_norm': 0.1805686354637146, 'learning_rate': 6.723283793347488e-05, 'epoch': 11.85}
{'loss': 1.4404, 'grad_norm': 0.2870247960090637, 'learning_rate': 6.721598759815321e-05, 'epoch': 11.85}
{'loss': 1.4389, 'grad_norm': 0.2533515989780426, 'learning_rate': 6.719913726283153e-05, 'epoch': 11.86}
{'loss': 1.4391, 'grad_norm': 0.2950294017791748, 'learning_rate': 6.718228692750986e-05, 'epoch': 11.86}
{'loss': 1.439, 'grad_norm': 0.150875523686409, 'learning_rate': 6.71654365921882e-05, 'epoch': 11.87}
{'loss': 1.4374, 'grad_norm': 0.171405628323555, 'learning_rate': 6.714858625686651e-05, 'epoch': 11.87}
{'loss': 1.4401, 'grad_norm': 0.37498751282691956, 'learning_rate': 6.713173592154485e-05, 'epoch': 11.87}
{'loss': 1.4383, 'grad_norm': 0.220750093460083, 'learning_rate': 6.711488558622316e-05, 'epoch': 11.88}
{'loss': 1.443, 'grad_norm': 0.2172946184873581, 'learning_rate': 6.70980352509015e-05, 'epoch': 11.88}
{'loss': 1.4403, 'grad_norm': 0.23692162334918976, 'learning_rate': 6.708118491557981e-05, 'epoch': 11.89}
{'loss': 1.4382, 'grad_norm': 0.2126103788614273, 'learning_rate': 6.706433458025815e-05, 'epoch': 11.89}
{'loss': 1.4381, 'grad_norm': 0.16695690155029297, 'learning_rate': 6.704748424493648e-05, 'epoch': 11.9}
{'loss': 1.4396, 'grad_norm': 0.3483794331550598, 'learning_rate': 6.703063390961481e-05, 'epoch': 11.9}
{'loss': 1.4403, 'grad_norm': 0.27606359124183655, 'learning_rate': 6.701378357429313e-05, 'epoch': 11.91}
{'loss': 1.4372, 'grad_norm': 0.15506596863269806, 'learning_rate': 6.699693323897146e-05, 'epoch': 11.91}
{'loss': 1.4405, 'grad_norm': 0.2675325274467468, 'learning_rate': 6.698008290364979e-05, 'epoch': 11.92}
{'loss': 1.439, 'grad_norm': 0.14008764922618866, 'learning_rate': 6.696323256832811e-05, 'epoch': 11.92}
{'loss': 1.4402, 'grad_norm': 0.1917756199836731, 'learning_rate': 6.694638223300644e-05, 'epoch': 11.92}
{'loss': 1.4394, 'grad_norm': 1.5623723268508911, 'learning_rate': 6.692953189768477e-05, 'epoch': 11.93}
{'loss': 1.4404, 'grad_norm': 0.20518575608730316, 'learning_rate': 6.691268156236309e-05, 'epoch': 11.93}
{'loss': 1.4398, 'grad_norm': 0.34315112233161926, 'learning_rate': 6.689583122704141e-05, 'epoch': 11.94}
{'loss': 1.4417, 'grad_norm': 0.16940300166606903, 'learning_rate': 6.687898089171974e-05, 'epoch': 11.94}
{'loss': 1.4408, 'grad_norm': 0.21834295988082886, 'learning_rate': 6.686213055639807e-05, 'epoch': 11.95}
{'loss': 1.4409, 'grad_norm': 0.5196861028671265, 'learning_rate': 6.68452802210764e-05, 'epoch': 11.95}
{'loss': 1.4409, 'grad_norm': 0.2646470367908478, 'learning_rate': 6.682842988575472e-05, 'epoch': 11.96}
{'loss': 1.4404, 'grad_norm': 0.1349334567785263, 'learning_rate': 6.681157955043306e-05, 'epoch': 11.96}
{'loss': 1.44, 'grad_norm': 0.3149644434452057, 'learning_rate': 6.679472921511139e-05, 'epoch': 11.97}
{'loss': 1.4384, 'grad_norm': 0.15516935288906097, 'learning_rate': 6.67778788797897e-05, 'epoch': 11.97}
{'loss': 1.4397, 'grad_norm': 0.35065752267837524, 'learning_rate': 6.676102854446804e-05, 'epoch': 11.97}
{'loss': 1.4399, 'grad_norm': 0.27194783091545105, 'learning_rate': 6.674417820914637e-05, 'epoch': 11.98}
{'loss': 1.4387, 'grad_norm': 0.26525449752807617, 'learning_rate': 6.67273278738247e-05, 'epoch': 11.98}
{'loss': 1.4408, 'grad_norm': 0.15923619270324707, 'learning_rate': 6.671047753850302e-05, 'epoch': 11.99}
{'loss': 1.4404, 'grad_norm': 0.2041984349489212, 'learning_rate': 6.669362720318134e-05, 'epoch': 11.99}
{'loss': 1.4403, 'grad_norm': 0.1926315873861313, 'learning_rate': 6.667677686785967e-05, 'epoch': 12.0}
{'loss': 1.4376, 'grad_norm': 0.20358000695705414, 'learning_rate': 6.6659926532538e-05, 'epoch': 12.0}
{'loss': 1.435, 'grad_norm': 0.17572854459285736, 'learning_rate': 6.664307619721632e-05, 'epoch': 12.01}
{'loss': 1.4365, 'grad_norm': 0.13088253140449524, 'learning_rate': 6.662622586189465e-05, 'epoch': 12.01}
{'loss': 1.4364, 'grad_norm': 0.32044780254364014, 'learning_rate': 6.660937552657298e-05, 'epoch': 12.02}
{'loss': 1.4363, 'grad_norm': 0.22246721386909485, 'learning_rate': 6.65925251912513e-05, 'epoch': 12.02}
{'loss': 1.4369, 'grad_norm': 0.1509452611207962, 'learning_rate': 6.657567485592963e-05, 'epoch': 12.02}
{'loss': 1.4357, 'grad_norm': 0.1631828397512436, 'learning_rate': 6.655882452060797e-05, 'epoch': 12.03}
{'loss': 1.4346, 'grad_norm': 0.15697766840457916, 'learning_rate': 6.65419741852863e-05, 'epoch': 12.03}
{'loss': 1.4368, 'grad_norm': 0.42615583539009094, 'learning_rate': 6.652512384996462e-05, 'epoch': 12.04}
{'loss': 1.4361, 'grad_norm': 0.1869126558303833, 'learning_rate': 6.650827351464295e-05, 'epoch': 12.04}
{'loss': 1.4352, 'grad_norm': 0.1924976408481598, 'learning_rate': 6.649142317932128e-05, 'epoch': 12.05}
{'loss': 1.4357, 'grad_norm': 0.19229932129383087, 'learning_rate': 6.64745728439996e-05, 'epoch': 12.05}
{'loss': 1.4359, 'grad_norm': 0.32871222496032715, 'learning_rate': 6.645772250867792e-05, 'epoch': 12.06}
{'loss': 1.4362, 'grad_norm': 0.17323580384254456, 'learning_rate': 6.644087217335625e-05, 'epoch': 12.06}
{'loss': 1.4352, 'grad_norm': 0.27153077721595764, 'learning_rate': 6.642402183803458e-05, 'epoch': 12.07}
{'loss': 1.4353, 'grad_norm': 0.1715674102306366, 'learning_rate': 6.64071715027129e-05, 'epoch': 12.07}
{'loss': 1.4345, 'grad_norm': 0.3329012095928192, 'learning_rate': 6.639032116739123e-05, 'epoch': 12.07}
{'loss': 1.4365, 'grad_norm': 0.28939715027809143, 'learning_rate': 6.637347083206956e-05, 'epoch': 12.08}
{'loss': 1.4355, 'grad_norm': 0.16815738379955292, 'learning_rate': 6.63566204967479e-05, 'epoch': 12.08}
{'loss': 1.4359, 'grad_norm': 0.15644951164722443, 'learning_rate': 6.633977016142621e-05, 'epoch': 12.09}
{'loss': 1.4377, 'grad_norm': 0.5567921996116638, 'learning_rate': 6.632291982610455e-05, 'epoch': 12.09}
{'loss': 1.4371, 'grad_norm': 0.1372842639684677, 'learning_rate': 6.630606949078288e-05, 'epoch': 12.1}
{'loss': 1.4354, 'grad_norm': 0.13146013021469116, 'learning_rate': 6.62892191554612e-05, 'epoch': 12.1}
{'loss': 1.4367, 'grad_norm': 0.16580922901630402, 'learning_rate': 6.627236882013951e-05, 'epoch': 12.11}
{'loss': 1.4374, 'grad_norm': 0.12191082537174225, 'learning_rate': 6.625551848481785e-05, 'epoch': 12.11}
{'loss': 1.4377, 'grad_norm': 0.24421478807926178, 'learning_rate': 6.623866814949618e-05, 'epoch': 12.12}
{'loss': 1.4383, 'grad_norm': 0.1756419539451599, 'learning_rate': 6.62218178141745e-05, 'epoch': 12.12}
{'loss': 1.4374, 'grad_norm': 0.3187701404094696, 'learning_rate': 6.620496747885283e-05, 'epoch': 12.12}
{'loss': 1.4373, 'grad_norm': 0.301782488822937, 'learning_rate': 6.618811714353116e-05, 'epoch': 12.13}
{'loss': 1.4379, 'grad_norm': 0.17013974487781525, 'learning_rate': 6.617126680820949e-05, 'epoch': 12.13}
{'loss': 1.4388, 'grad_norm': 0.40617844462394714, 'learning_rate': 6.615441647288781e-05, 'epoch': 12.14}
{'loss': 1.4377, 'grad_norm': 0.6008558869361877, 'learning_rate': 6.613756613756614e-05, 'epoch': 12.14}
{'loss': 1.4381, 'grad_norm': 0.3015035390853882, 'learning_rate': 6.612071580224447e-05, 'epoch': 12.15}
{'loss': 1.4364, 'grad_norm': 0.24927270412445068, 'learning_rate': 6.610386546692279e-05, 'epoch': 12.15}
{'loss': 1.4363, 'grad_norm': 0.18131770193576813, 'learning_rate': 6.608701513160112e-05, 'epoch': 12.16}
{'loss': 1.4378, 'grad_norm': 0.23974567651748657, 'learning_rate': 6.607016479627946e-05, 'epoch': 12.16}
{'loss': 1.4365, 'grad_norm': 0.14718811213970184, 'learning_rate': 6.605331446095777e-05, 'epoch': 12.17}
{'loss': 1.4359, 'grad_norm': 0.3401768207550049, 'learning_rate': 6.603646412563609e-05, 'epoch': 12.17}
{'loss': 1.4366, 'grad_norm': 0.2520446479320526, 'learning_rate': 6.601961379031442e-05, 'epoch': 12.17}
{'loss': 1.4367, 'grad_norm': 0.3446134030818939, 'learning_rate': 6.600276345499276e-05, 'epoch': 12.18}
{'loss': 1.4371, 'grad_norm': 0.35504478216171265, 'learning_rate': 6.598591311967109e-05, 'epoch': 12.18}
{'loss': 1.4374, 'grad_norm': 0.4167132079601288, 'learning_rate': 6.59690627843494e-05, 'epoch': 12.19}
{'loss': 1.4374, 'grad_norm': 0.159087672829628, 'learning_rate': 6.595221244902774e-05, 'epoch': 12.19}
{'loss': 1.4366, 'grad_norm': 0.27124205231666565, 'learning_rate': 6.593536211370607e-05, 'epoch': 12.2}
{'loss': 1.4364, 'grad_norm': 0.1468241661787033, 'learning_rate': 6.591851177838439e-05, 'epoch': 12.2}
{'loss': 1.4367, 'grad_norm': 0.1799510270357132, 'learning_rate': 6.590166144306272e-05, 'epoch': 12.21}
{'loss': 1.4365, 'grad_norm': 0.1470184028148651, 'learning_rate': 6.588481110774105e-05, 'epoch': 12.21}
{'loss': 1.4368, 'grad_norm': 0.31576016545295715, 'learning_rate': 6.586796077241938e-05, 'epoch': 12.22}
{'loss': 1.4359, 'grad_norm': 0.14648547768592834, 'learning_rate': 6.58511104370977e-05, 'epoch': 12.22}
{'loss': 1.4378, 'grad_norm': 0.1737525463104248, 'learning_rate': 6.583426010177602e-05, 'epoch': 12.22}
{'loss': 1.4361, 'grad_norm': 0.1290375292301178, 'learning_rate': 6.581740976645435e-05, 'epoch': 12.23}
{'loss': 1.4351, 'grad_norm': 0.3378928005695343, 'learning_rate': 6.580055943113268e-05, 'epoch': 12.23}
{'loss': 1.4364, 'grad_norm': 0.13130736351013184, 'learning_rate': 6.5783709095811e-05, 'epoch': 12.24}
{'loss': 1.4368, 'grad_norm': 0.251960813999176, 'learning_rate': 6.576685876048934e-05, 'epoch': 12.24}
{'loss': 1.4366, 'grad_norm': 0.22505494952201843, 'learning_rate': 6.575000842516767e-05, 'epoch': 12.25}
{'loss': 1.436, 'grad_norm': 0.22198933362960815, 'learning_rate': 6.573315808984599e-05, 'epoch': 12.25}
{'loss': 1.4362, 'grad_norm': 0.13927070796489716, 'learning_rate': 6.571630775452432e-05, 'epoch': 12.26}
{'loss': 1.4364, 'grad_norm': 0.1527414619922638, 'learning_rate': 6.569945741920265e-05, 'epoch': 12.26}
{'loss': 1.4356, 'grad_norm': 0.23658496141433716, 'learning_rate': 6.568260708388098e-05, 'epoch': 12.27}
{'loss': 1.4359, 'grad_norm': 0.20816591382026672, 'learning_rate': 6.56657567485593e-05, 'epoch': 12.27}
{'loss': 1.435, 'grad_norm': 0.19719469547271729, 'learning_rate': 6.564890641323763e-05, 'epoch': 12.27}
{'loss': 1.4352, 'grad_norm': 0.19501110911369324, 'learning_rate': 6.563205607791595e-05, 'epoch': 12.28}
{'loss': 1.4354, 'grad_norm': 0.13616107404232025, 'learning_rate': 6.561520574259428e-05, 'epoch': 12.28}
{'loss': 1.4368, 'grad_norm': 0.16454622149467468, 'learning_rate': 6.55983554072726e-05, 'epoch': 12.29}
{'loss': 1.4366, 'grad_norm': 0.22577932476997375, 'learning_rate': 6.558150507195093e-05, 'epoch': 12.29}
{'loss': 1.4351, 'grad_norm': 0.15139326453208923, 'learning_rate': 6.556465473662926e-05, 'epoch': 12.3}
{'loss': 1.4361, 'grad_norm': 0.2179066389799118, 'learning_rate': 6.55478044013076e-05, 'epoch': 12.3}
{'loss': 1.4372, 'grad_norm': 0.4144788980484009, 'learning_rate': 6.553095406598591e-05, 'epoch': 12.31}
{'loss': 1.436, 'grad_norm': 0.3365066945552826, 'learning_rate': 6.551410373066425e-05, 'epoch': 12.31}
{'loss': 1.4357, 'grad_norm': 0.1666782945394516, 'learning_rate': 6.549725339534258e-05, 'epoch': 12.32}
{'loss': 1.4355, 'grad_norm': 0.172228142619133, 'learning_rate': 6.54804030600209e-05, 'epoch': 12.32}
{'loss': 1.4365, 'grad_norm': 0.14467361569404602, 'learning_rate': 6.546355272469923e-05, 'epoch': 12.32}
{'loss': 1.4379, 'grad_norm': 0.14937882125377655, 'learning_rate': 6.544670238937756e-05, 'epoch': 12.33}
{'loss': 1.4366, 'grad_norm': 0.21226948499679565, 'learning_rate': 6.542985205405588e-05, 'epoch': 12.33}
{'loss': 1.4356, 'grad_norm': 0.13717488944530487, 'learning_rate': 6.54130017187342e-05, 'epoch': 12.34}
{'loss': 1.436, 'grad_norm': 0.3299560546875, 'learning_rate': 6.539615138341253e-05, 'epoch': 12.34}
{'loss': 1.4366, 'grad_norm': 0.1180456131696701, 'learning_rate': 6.537930104809086e-05, 'epoch': 12.35}
{'loss': 1.4359, 'grad_norm': 0.13863465189933777, 'learning_rate': 6.536245071276919e-05, 'epoch': 12.35}
{'loss': 1.4356, 'grad_norm': 0.2441888153553009, 'learning_rate': 6.534560037744751e-05, 'epoch': 12.36}
{'loss': 1.4366, 'grad_norm': 0.20891202986240387, 'learning_rate': 6.532875004212584e-05, 'epoch': 12.36}
{'loss': 1.4376, 'grad_norm': 0.19924543797969818, 'learning_rate': 6.531189970680417e-05, 'epoch': 12.37}
{'loss': 1.4365, 'grad_norm': 0.18086490035057068, 'learning_rate': 6.529504937148249e-05, 'epoch': 12.37}
{'loss': 1.4358, 'grad_norm': 0.4414834678173065, 'learning_rate': 6.527819903616082e-05, 'epoch': 12.37}
{'loss': 1.4362, 'grad_norm': 0.25772160291671753, 'learning_rate': 6.526134870083916e-05, 'epoch': 12.38}
{'loss': 1.4365, 'grad_norm': 0.4063771963119507, 'learning_rate': 6.524449836551747e-05, 'epoch': 12.38}
{'loss': 1.4359, 'grad_norm': 0.16894209384918213, 'learning_rate': 6.52276480301958e-05, 'epoch': 12.39}
{'loss': 1.4368, 'grad_norm': 0.17349739372730255, 'learning_rate': 6.521079769487412e-05, 'epoch': 12.39}
{'loss': 1.4363, 'grad_norm': 0.1910647302865982, 'learning_rate': 6.519394735955246e-05, 'epoch': 12.4}
{'loss': 1.4363, 'grad_norm': 0.20081157982349396, 'learning_rate': 6.517709702423079e-05, 'epoch': 12.4}
{'loss': 1.4348, 'grad_norm': 0.16136620938777924, 'learning_rate': 6.516024668890911e-05, 'epoch': 12.41}
{'loss': 1.4357, 'grad_norm': 0.15265227854251862, 'learning_rate': 6.514339635358744e-05, 'epoch': 12.41}
{'loss': 1.436, 'grad_norm': 0.1307123750448227, 'learning_rate': 6.512654601826577e-05, 'epoch': 12.42}
{'loss': 1.4362, 'grad_norm': 0.22525009512901306, 'learning_rate': 6.510969568294409e-05, 'epoch': 12.42}
{'loss': 1.4355, 'grad_norm': 0.17442281544208527, 'learning_rate': 6.509284534762242e-05, 'epoch': 12.42}
{'loss': 1.4365, 'grad_norm': 0.14237365126609802, 'learning_rate': 6.507599501230075e-05, 'epoch': 12.43}
{'loss': 1.4356, 'grad_norm': 0.14901623129844666, 'learning_rate': 6.505914467697908e-05, 'epoch': 12.43}
{'loss': 1.4361, 'grad_norm': 0.1510448008775711, 'learning_rate': 6.50422943416574e-05, 'epoch': 12.44}
{'loss': 1.4359, 'grad_norm': 0.1497507095336914, 'learning_rate': 6.502544400633573e-05, 'epoch': 12.44}
{'loss': 1.436, 'grad_norm': 0.12439881265163422, 'learning_rate': 6.500859367101405e-05, 'epoch': 12.45}
{'loss': 1.4356, 'grad_norm': 0.3239780366420746, 'learning_rate': 6.499174333569239e-05, 'epoch': 12.45}
{'loss': 1.4359, 'grad_norm': 0.16596601903438568, 'learning_rate': 6.49748930003707e-05, 'epoch': 12.46}
{'loss': 1.4356, 'grad_norm': 0.1909468173980713, 'learning_rate': 6.495804266504904e-05, 'epoch': 12.46}
{'loss': 1.4358, 'grad_norm': 0.1476871222257614, 'learning_rate': 6.494119232972737e-05, 'epoch': 12.47}
{'loss': 1.4367, 'grad_norm': 0.12498804181814194, 'learning_rate': 6.492434199440569e-05, 'epoch': 12.47}
{'loss': 1.4354, 'grad_norm': 0.18122701346874237, 'learning_rate': 6.490749165908402e-05, 'epoch': 12.47}
{'loss': 1.4359, 'grad_norm': 0.15888677537441254, 'learning_rate': 6.489064132376235e-05, 'epoch': 12.48}
{'loss': 1.4356, 'grad_norm': 0.13504716753959656, 'learning_rate': 6.487379098844068e-05, 'epoch': 12.48}
{'loss': 1.4354, 'grad_norm': 0.5789424777030945, 'learning_rate': 6.4856940653119e-05, 'epoch': 12.49}
{'loss': 1.4361, 'grad_norm': 0.1410636305809021, 'learning_rate': 6.484009031779733e-05, 'epoch': 12.49}
{'loss': 1.4364, 'grad_norm': 0.17929911613464355, 'learning_rate': 6.482323998247566e-05, 'epoch': 12.5}
{'loss': 1.4352, 'grad_norm': 0.1429624855518341, 'learning_rate': 6.480638964715398e-05, 'epoch': 12.5}
{'loss': 1.437, 'grad_norm': 0.3016085922718048, 'learning_rate': 6.47895393118323e-05, 'epoch': 12.51}
{'loss': 1.4365, 'grad_norm': 0.14993606507778168, 'learning_rate': 6.477268897651063e-05, 'epoch': 12.51}
{'loss': 1.4358, 'grad_norm': 0.19924449920654297, 'learning_rate': 6.475583864118896e-05, 'epoch': 12.52}
{'loss': 1.4361, 'grad_norm': 0.24165897071361542, 'learning_rate': 6.473898830586728e-05, 'epoch': 12.52}
{'loss': 1.4355, 'grad_norm': 0.40562403202056885, 'learning_rate': 6.472213797054561e-05, 'epoch': 12.53}
{'loss': 1.4356, 'grad_norm': 0.17285415530204773, 'learning_rate': 6.470528763522395e-05, 'epoch': 12.53}
{'loss': 1.4356, 'grad_norm': 0.21397945284843445, 'learning_rate': 6.468843729990228e-05, 'epoch': 12.53}
{'loss': 1.4376, 'grad_norm': 0.31045785546302795, 'learning_rate': 6.46715869645806e-05, 'epoch': 12.54}
{'loss': 1.4357, 'grad_norm': 0.2626049220561981, 'learning_rate': 6.465473662925893e-05, 'epoch': 12.54}
{'loss': 1.4358, 'grad_norm': 0.14674291014671326, 'learning_rate': 6.463788629393726e-05, 'epoch': 12.55}
{'loss': 1.4357, 'grad_norm': 0.11735781282186508, 'learning_rate': 6.462103595861558e-05, 'epoch': 12.55}
{'loss': 1.4368, 'grad_norm': 0.20323121547698975, 'learning_rate': 6.460418562329391e-05, 'epoch': 12.56}
{'loss': 1.4365, 'grad_norm': 0.2314746081829071, 'learning_rate': 6.458733528797223e-05, 'epoch': 12.56}
{'loss': 1.4366, 'grad_norm': 0.936201810836792, 'learning_rate': 6.457048495265056e-05, 'epoch': 12.57}
{'loss': 1.4376, 'grad_norm': 0.1690208911895752, 'learning_rate': 6.455363461732888e-05, 'epoch': 12.57}
{'loss': 1.4365, 'grad_norm': 0.17316266894340515, 'learning_rate': 6.453678428200721e-05, 'epoch': 12.58}
{'loss': 1.4376, 'grad_norm': 0.16875775158405304, 'learning_rate': 6.451993394668554e-05, 'epoch': 12.58}
{'loss': 1.4359, 'grad_norm': 0.18322405219078064, 'learning_rate': 6.450308361136387e-05, 'epoch': 12.58}
{'loss': 1.4363, 'grad_norm': 0.292653352022171, 'learning_rate': 6.448623327604219e-05, 'epoch': 12.59}
{'loss': 1.4353, 'grad_norm': 0.17619968950748444, 'learning_rate': 6.446938294072052e-05, 'epoch': 12.59}
{'loss': 1.4365, 'grad_norm': 0.15101291239261627, 'learning_rate': 6.445253260539886e-05, 'epoch': 12.6}
{'loss': 1.4363, 'grad_norm': 0.19017165899276733, 'learning_rate': 6.443568227007717e-05, 'epoch': 12.6}
{'loss': 1.4348, 'grad_norm': 0.17790763080120087, 'learning_rate': 6.44188319347555e-05, 'epoch': 12.61}
{'loss': 1.436, 'grad_norm': 0.11304999142885208, 'learning_rate': 6.440198159943384e-05, 'epoch': 12.61}
{'loss': 1.4354, 'grad_norm': 0.2133667767047882, 'learning_rate': 6.438513126411217e-05, 'epoch': 12.62}
{'loss': 1.4375, 'grad_norm': 0.4879980683326721, 'learning_rate': 6.436828092879048e-05, 'epoch': 12.62}
{'loss': 1.4364, 'grad_norm': 0.20971561968326569, 'learning_rate': 6.435143059346881e-05, 'epoch': 12.63}
{'loss': 1.4359, 'grad_norm': 0.22344189882278442, 'learning_rate': 6.433458025814714e-05, 'epoch': 12.63}
{'loss': 1.4357, 'grad_norm': 0.14314384758472443, 'learning_rate': 6.431772992282547e-05, 'epoch': 12.63}
{'loss': 1.4368, 'grad_norm': 0.15594947338104248, 'learning_rate': 6.430087958750379e-05, 'epoch': 12.64}
{'loss': 1.4363, 'grad_norm': 0.15688394010066986, 'learning_rate': 6.428402925218212e-05, 'epoch': 12.64}
{'loss': 1.4346, 'grad_norm': 0.1893610656261444, 'learning_rate': 6.426717891686045e-05, 'epoch': 12.65}
{'loss': 1.4367, 'grad_norm': 0.1914624124765396, 'learning_rate': 6.425032858153877e-05, 'epoch': 12.65}
{'loss': 1.4376, 'grad_norm': 0.14467616379261017, 'learning_rate': 6.42334782462171e-05, 'epoch': 12.66}
{'loss': 1.4365, 'grad_norm': 0.1976483017206192, 'learning_rate': 6.421662791089544e-05, 'epoch': 12.66}
{'loss': 1.4378, 'grad_norm': 0.2190854400396347, 'learning_rate': 6.419977757557377e-05, 'epoch': 12.67}
{'loss': 1.4391, 'grad_norm': 0.18081222474575043, 'learning_rate': 6.418292724025209e-05, 'epoch': 12.67}
{'loss': 1.4375, 'grad_norm': 0.4075576066970825, 'learning_rate': 6.416607690493042e-05, 'epoch': 12.68}
{'loss': 1.4354, 'grad_norm': 0.24046266078948975, 'learning_rate': 6.414922656960874e-05, 'epoch': 12.68}
{'loss': 1.436, 'grad_norm': 0.2084452360868454, 'learning_rate': 6.413237623428707e-05, 'epoch': 12.68}
{'loss': 1.4375, 'grad_norm': 0.19421018660068512, 'learning_rate': 6.411552589896539e-05, 'epoch': 12.69}
{'loss': 1.4358, 'grad_norm': 0.28824079036712646, 'learning_rate': 6.409867556364372e-05, 'epoch': 12.69}
{'loss': 1.4366, 'grad_norm': 0.14295653998851776, 'learning_rate': 6.408182522832205e-05, 'epoch': 12.7}
{'loss': 1.4368, 'grad_norm': 0.21472273766994476, 'learning_rate': 6.406497489300037e-05, 'epoch': 12.7}
{'loss': 1.436, 'grad_norm': 0.12092507630586624, 'learning_rate': 6.40481245576787e-05, 'epoch': 12.71}
{'loss': 1.4352, 'grad_norm': 0.14220693707466125, 'learning_rate': 6.403127422235703e-05, 'epoch': 12.71}
{'loss': 1.4368, 'grad_norm': 0.13428601622581482, 'learning_rate': 6.401442388703536e-05, 'epoch': 12.72}
{'loss': 1.4361, 'grad_norm': 0.2477828562259674, 'learning_rate': 6.399757355171368e-05, 'epoch': 12.72}
{'loss': 1.4359, 'grad_norm': 0.3068554103374481, 'learning_rate': 6.398072321639201e-05, 'epoch': 12.73}
{'loss': 1.4359, 'grad_norm': 0.13647767901420593, 'learning_rate': 6.396387288107035e-05, 'epoch': 12.73}
{'loss': 1.4356, 'grad_norm': 0.13578276336193085, 'learning_rate': 6.394702254574866e-05, 'epoch': 12.73}
{'loss': 1.4369, 'grad_norm': 0.1325184553861618, 'learning_rate': 6.393017221042698e-05, 'epoch': 12.74}
pred : ardent in the prosecution of heresy cyril auspiciously opened his reign by oppressing the novations the most innocent and harmless of the sectaries
label: ardent in the prosecution of heresy cyril auspiciously opened his reign by oppressing the novatians the most innocent and harmless of the sectaries
pred : without any legal sentence without any royal mandate the patriarch at the dawn of day led a seditious multitude to the attack of the synagogues
label: without any legal sentence without any royal mandate the patriarch at the dawn of day led a seditious multitude to the attack of the synagogues
pred : such crimes would have deserved the animadversion of the magistrate but in this promiscuous outrage the innocent were confounded with the guilty and alexandria was impoverished by the loss of a wealthy and industrious colony
label: such crimes would have deserved the animadversion of the magistrate but in this promiscuous outrage the innocent were confounded with the guilty and alexandria was impoverished by the loss of a wealthy and industrious colony
pred : ardent in the prosecution of heresy cyril auspiciously opened his reign by oppressing the novations the most innocent and harmless of the sectaries
label: ardent in the prosecution of heresy cyril auspiciously opened his reign by oppressing the novatians the most innocent and harmless of the sectaries
pred : without any legal sentence without any royal mandate the patriarch at the dawn of day led a seditious multitude to the attack of the synagogues
label: without any legal sentence without any royal mandate the patriarch at the dawn of day led a seditious multitude to the attack of the synagogues
pred : such crimes would have deserved the animadversion of the magistrate but in this promiscuous outrage the innocent were confounded with the guilty and alexandria was impoverished by the loss of a wealthy and industrious colony
label: such crimes would have deserved the animadversion of the magistrate but in this promiscuous outrage the innocent were confounded with the guilty and alexandria was impoverished by the loss of a wealthy and industrious colony
pred : ardent in the prosecution of heresy cyril auspiciously opened his reign by oppressing the novations the most innocent and harmless of the sectaries
label: ardent in the prosecution of heresy cyril auspiciously opened his reign by oppressing the novatians the most innocent and harmless of the sectaries
pred : without any legal sentence without any royal mandate the patriarch at the dawn of day led a seditious multitude to the attack of the synagogues
label: without any legal sentence without any royal mandate the patriarch at the dawn of day led a seditious multitude to the attack of the synagogues
pred : such crimes would have deserved the animadversion of the magistrate but in this promiscuous outrage the innocent were confounded with the guilty and alexandria was impoverished by the loss of a wealthy and industrious colony
label: such crimes would have deserved the animadversion of the magistrate but in this promiscuous outrage the innocent were confounded with the guilty and alexandria was impoverished by the loss of a wealthy and industrious colony
pred : ardent in the prosecution of heresy cyril auspiciously opened his reign by oppressing the novations the most innocent and harmless of the sectaries
label: ardent in the prosecution of heresy cyril auspiciously opened his reign by oppressing the novatians the most innocent and harmless of the sectaries
pred : without any legal sentence without any royal mandate the patriarch at the dawn of day led a seditious multitude to the attack of the synagogues
label: without any legal sentence without any royal mandate the patriarch at the dawn of day led a seditious multitude to the attack of the synagogues
pred : such crimes would have deserved the animadversion of the magistrate but in this promiscuous outrage the innocent were confounded with the guilty and alexandria was impoverished by the loss of a wealthy and industrious colony
label: such crimes would have deserved the animadversion of the magistrate but in this promiscuous outrage the innocent were confounded with the guilty and alexandria was impoverished by the loss of a wealthy and industrious colony
{'eval_loss': 1.6158384084701538, 'eval_bleu': 96.17289878501343, 'eval_wer': 0.024332608922589278, 'eval_cer': 0.017269733876232072, 'eval_rouge1': 0.9814760844050968, 'eval_rouge2': 0.9681980705665627, 'eval_rougeL': 0.981435790097565, 'eval_runtime': 88.6928, 'eval_samples_per_second': 62.767, 'eval_steps_per_second': 0.327, 'epoch': 12.74}
{'loss': 1.4365, 'grad_norm': 0.14143051207065582, 'learning_rate': 6.391332187510531e-05, 'epoch': 12.74}
{'loss': 1.4379, 'grad_norm': 0.19067351520061493, 'learning_rate': 6.389647153978365e-05, 'epoch': 12.75}
{'loss': 1.4409, 'grad_norm': 0.32492199540138245, 'learning_rate': 6.387962120446196e-05, 'epoch': 12.75}
{'loss': 1.4405, 'grad_norm': 0.3448142409324646, 'learning_rate': 6.38627708691403e-05, 'epoch': 12.76}
{'loss': 1.4406, 'grad_norm': 0.18558301031589508, 'learning_rate': 6.384592053381863e-05, 'epoch': 12.76}
{'loss': 1.4396, 'grad_norm': 0.2486673891544342, 'learning_rate': 6.382907019849696e-05, 'epoch': 12.77}
{'loss': 1.4396, 'grad_norm': 0.15297578275203705, 'learning_rate': 6.381221986317528e-05, 'epoch': 12.77}
{'loss': 1.4449, 'grad_norm': 0.21498502790927887, 'learning_rate': 6.379536952785361e-05, 'epoch': 12.78}
{'loss': 1.4393, 'grad_norm': 0.13936400413513184, 'learning_rate': 6.377851919253194e-05, 'epoch': 12.78}
{'loss': 1.4433, 'grad_norm': 0.23524853587150574, 'learning_rate': 6.376166885721026e-05, 'epoch': 12.78}
{'loss': 1.4374, 'grad_norm': 0.16798880696296692, 'learning_rate': 6.374481852188859e-05, 'epoch': 12.79}
{'loss': 1.4376, 'grad_norm': 0.3625025153160095, 'learning_rate': 6.372796818656691e-05, 'epoch': 12.79}
{'loss': 1.4382, 'grad_norm': 0.2186829000711441, 'learning_rate': 6.371111785124524e-05, 'epoch': 12.8}
{'loss': 1.4364, 'grad_norm': 0.26734086871147156, 'learning_rate': 6.369426751592356e-05, 'epoch': 12.8}
{'loss': 1.4364, 'grad_norm': 0.165753573179245, 'learning_rate': 6.367741718060189e-05, 'epoch': 12.81}
{'loss': 1.4367, 'grad_norm': 0.2782163918018341, 'learning_rate': 6.366056684528022e-05, 'epoch': 12.81}
{'loss': 1.4361, 'grad_norm': 0.1773608922958374, 'learning_rate': 6.364371650995856e-05, 'epoch': 12.82}
{'loss': 1.4358, 'grad_norm': 0.13651685416698456, 'learning_rate': 6.362686617463687e-05, 'epoch': 12.82}
{'loss': 1.4366, 'grad_norm': 0.1655232012271881, 'learning_rate': 6.36100158393152e-05, 'epoch': 12.83}
{'loss': 1.4368, 'grad_norm': 0.25331470370292664, 'learning_rate': 6.359316550399354e-05, 'epoch': 12.83}
{'loss': 1.4365, 'grad_norm': 0.17175187170505524, 'learning_rate': 6.357631516867186e-05, 'epoch': 12.83}
{'loss': 1.4366, 'grad_norm': 0.11690060049295425, 'learning_rate': 6.355946483335019e-05, 'epoch': 12.84}
{'loss': 1.4359, 'grad_norm': 0.4843316972255707, 'learning_rate': 6.354261449802852e-05, 'epoch': 12.84}
{'loss': 1.4369, 'grad_norm': 0.23199336230754852, 'learning_rate': 6.352576416270684e-05, 'epoch': 12.85}
{'loss': 1.4362, 'grad_norm': 0.13491742312908173, 'learning_rate': 6.350891382738516e-05, 'epoch': 12.85}
{'loss': 1.4355, 'grad_norm': 0.49434760212898254, 'learning_rate': 6.349206349206349e-05, 'epoch': 12.86}
{'loss': 1.4356, 'grad_norm': 0.16049140691757202, 'learning_rate': 6.347521315674182e-05, 'epoch': 12.86}
{'loss': 1.4368, 'grad_norm': 0.16580401360988617, 'learning_rate': 6.345836282142015e-05, 'epoch': 12.87}
{'loss': 1.4353, 'grad_norm': 0.14552439749240875, 'learning_rate': 6.344151248609847e-05, 'epoch': 12.87}
{'loss': 1.4371, 'grad_norm': 0.433609277009964, 'learning_rate': 6.34246621507768e-05, 'epoch': 12.88}
{'loss': 1.4354, 'grad_norm': 0.12285890430212021, 'learning_rate': 6.340781181545514e-05, 'epoch': 12.88}
{'loss': 1.4358, 'grad_norm': 0.147145077586174, 'learning_rate': 6.339096148013345e-05, 'epoch': 12.88}
{'loss': 1.4355, 'grad_norm': 0.3705960512161255, 'learning_rate': 6.337411114481179e-05, 'epoch': 12.89}
{'loss': 1.4354, 'grad_norm': 0.12513358891010284, 'learning_rate': 6.335726080949012e-05, 'epoch': 12.89}
{'loss': 1.4352, 'grad_norm': 0.23841452598571777, 'learning_rate': 6.334041047416845e-05, 'epoch': 12.9}
{'loss': 1.4363, 'grad_norm': 0.14402969181537628, 'learning_rate': 6.332356013884677e-05, 'epoch': 12.9}
{'loss': 1.4375, 'grad_norm': 0.29487165808677673, 'learning_rate': 6.330670980352509e-05, 'epoch': 12.91}
{'loss': 1.4352, 'grad_norm': 0.1557103544473648, 'learning_rate': 6.328985946820342e-05, 'epoch': 12.91}
{'loss': 1.4367, 'grad_norm': 0.241183340549469, 'learning_rate': 6.327300913288175e-05, 'epoch': 12.92}
{'loss': 1.4363, 'grad_norm': 0.612932026386261, 'learning_rate': 6.325615879756007e-05, 'epoch': 12.92}
{'loss': 1.4376, 'grad_norm': 0.18301914632320404, 'learning_rate': 6.32393084622384e-05, 'epoch': 12.93}
{'loss': 1.4358, 'grad_norm': 0.17741608619689941, 'learning_rate': 6.322245812691673e-05, 'epoch': 12.93}
{'loss': 1.4363, 'grad_norm': 0.15464892983436584, 'learning_rate': 6.320560779159505e-05, 'epoch': 12.93}
{'loss': 1.4376, 'grad_norm': 0.2292727530002594, 'learning_rate': 6.318875745627338e-05, 'epoch': 12.94}
{'loss': 1.4357, 'grad_norm': 0.323606938123703, 'learning_rate': 6.317190712095171e-05, 'epoch': 12.94}
{'loss': 1.4368, 'grad_norm': 0.1571219116449356, 'learning_rate': 6.315505678563005e-05, 'epoch': 12.95}
{'loss': 1.436, 'grad_norm': 0.2255294919013977, 'learning_rate': 6.313820645030836e-05, 'epoch': 12.95}
{'loss': 1.4369, 'grad_norm': 0.19004136323928833, 'learning_rate': 6.31213561149867e-05, 'epoch': 12.96}
{'loss': 1.4367, 'grad_norm': 0.10897725075483322, 'learning_rate': 6.310450577966501e-05, 'epoch': 12.96}
{'loss': 1.4358, 'grad_norm': 0.4650898277759552, 'learning_rate': 6.308765544434335e-05, 'epoch': 12.97}
{'loss': 1.4369, 'grad_norm': 0.2323925644159317, 'learning_rate': 6.307080510902166e-05, 'epoch': 12.97}
{'loss': 1.4371, 'grad_norm': 0.2231157124042511, 'learning_rate': 6.30539547737e-05, 'epoch': 12.98}
{'loss': 1.4367, 'grad_norm': 0.17715612053871155, 'learning_rate': 6.303710443837833e-05, 'epoch': 12.98}
{'loss': 1.436, 'grad_norm': 0.2236640900373459, 'learning_rate': 6.302025410305665e-05, 'epoch': 12.98}
{'loss': 1.4367, 'grad_norm': 0.1740589588880539, 'learning_rate': 6.300340376773498e-05, 'epoch': 12.99}
{'loss': 1.437, 'grad_norm': 0.1624530404806137, 'learning_rate': 6.298655343241331e-05, 'epoch': 12.99}
{'loss': 1.4368, 'grad_norm': 0.4042832553386688, 'learning_rate': 6.296970309709164e-05, 'epoch': 13.0}
{'loss': 1.4368, 'grad_norm': 0.2570008635520935, 'learning_rate': 6.295285276176996e-05, 'epoch': 13.0}
{'loss': 1.434, 'grad_norm': 0.24579697847366333, 'learning_rate': 6.293600242644829e-05, 'epoch': 13.01}
{'loss': 1.4343, 'grad_norm': 0.1551772654056549, 'learning_rate': 6.291915209112662e-05, 'epoch': 13.01}
{'loss': 1.4342, 'grad_norm': 0.13492518663406372, 'learning_rate': 6.290230175580494e-05, 'epoch': 13.02}
{'loss': 1.4352, 'grad_norm': 0.15340621769428253, 'learning_rate': 6.288545142048326e-05, 'epoch': 13.02}
{'loss': 1.4339, 'grad_norm': 0.1538701057434082, 'learning_rate': 6.286860108516159e-05, 'epoch': 13.03}
{'loss': 1.4349, 'grad_norm': 0.2462599277496338, 'learning_rate': 6.285175074983992e-05, 'epoch': 13.03}
{'loss': 1.4342, 'grad_norm': 0.21642446517944336, 'learning_rate': 6.283490041451824e-05, 'epoch': 13.03}
{'loss': 1.4335, 'grad_norm': 0.47715628147125244, 'learning_rate': 6.281805007919658e-05, 'epoch': 13.04}
{'loss': 1.434, 'grad_norm': 0.13936422765254974, 'learning_rate': 6.280119974387491e-05, 'epoch': 13.04}
{'loss': 1.4353, 'grad_norm': 0.2218051552772522, 'learning_rate': 6.278434940855324e-05, 'epoch': 13.05}
{'loss': 1.4342, 'grad_norm': 0.34110113978385925, 'learning_rate': 6.276749907323156e-05, 'epoch': 13.05}
{'loss': 1.4357, 'grad_norm': 0.20066815614700317, 'learning_rate': 6.275064873790989e-05, 'epoch': 13.06}
{'loss': 1.4344, 'grad_norm': 0.22991019487380981, 'learning_rate': 6.273379840258822e-05, 'epoch': 13.06}
{'loss': 1.4356, 'grad_norm': 0.27468088269233704, 'learning_rate': 6.271694806726654e-05, 'epoch': 13.07}
{'loss': 1.4337, 'grad_norm': 0.12424302101135254, 'learning_rate': 6.270009773194487e-05, 'epoch': 13.07}
{'loss': 1.4336, 'grad_norm': 0.3629556894302368, 'learning_rate': 6.268324739662319e-05, 'epoch': 13.08}
{'loss': 1.4331, 'grad_norm': 0.159325510263443, 'learning_rate': 6.266639706130152e-05, 'epoch': 13.08}
{'loss': 1.4343, 'grad_norm': 0.13958077132701874, 'learning_rate': 6.264954672597984e-05, 'epoch': 13.08}
{'loss': 1.4339, 'grad_norm': 0.11969905346632004, 'learning_rate': 6.263269639065817e-05, 'epoch': 13.09}
{'loss': 1.4336, 'grad_norm': 0.4491383135318756, 'learning_rate': 6.26158460553365e-05, 'epoch': 13.09}
{'loss': 1.4323, 'grad_norm': 0.14498522877693176, 'learning_rate': 6.259899572001484e-05, 'epoch': 13.1}
{'loss': 1.4324, 'grad_norm': 0.12929001450538635, 'learning_rate': 6.258214538469315e-05, 'epoch': 13.1}
{'loss': 1.4328, 'grad_norm': 0.21854270994663239, 'learning_rate': 6.256529504937149e-05, 'epoch': 13.11}
{'loss': 1.4327, 'grad_norm': 0.136451855301857, 'learning_rate': 6.254844471404982e-05, 'epoch': 13.11}
{'loss': 1.4329, 'grad_norm': 0.18282032012939453, 'learning_rate': 6.253159437872814e-05, 'epoch': 13.12}
{'loss': 1.4337, 'grad_norm': 0.10776924341917038, 'learning_rate': 6.251474404340647e-05, 'epoch': 13.12}
{'loss': 1.4321, 'grad_norm': 0.5653082728385925, 'learning_rate': 6.24978937080848e-05, 'epoch': 13.13}
{'loss': 1.4343, 'grad_norm': 0.2073131948709488, 'learning_rate': 6.248104337276313e-05, 'epoch': 13.13}
{'loss': 1.4333, 'grad_norm': 0.13892225921154022, 'learning_rate': 6.246419303744145e-05, 'epoch': 13.13}
{'loss': 1.4337, 'grad_norm': 0.15685828030109406, 'learning_rate': 6.244734270211977e-05, 'epoch': 13.14}
{'loss': 1.4339, 'grad_norm': 0.12409259378910065, 'learning_rate': 6.24304923667981e-05, 'epoch': 13.14}
{'loss': 1.4342, 'grad_norm': 0.14542531967163086, 'learning_rate': 6.241364203147643e-05, 'epoch': 13.15}
{'loss': 1.4344, 'grad_norm': 0.20072060823440552, 'learning_rate': 6.239679169615475e-05, 'epoch': 13.15}
{'loss': 1.4333, 'grad_norm': 0.18733429908752441, 'learning_rate': 6.237994136083308e-05, 'epoch': 13.16}
{'loss': 1.434, 'grad_norm': 0.1270006150007248, 'learning_rate': 6.236309102551141e-05, 'epoch': 13.16}
{'loss': 1.4336, 'grad_norm': 1.1019141674041748, 'learning_rate': 6.234624069018973e-05, 'epoch': 13.17}
{'loss': 1.4349, 'grad_norm': 0.20158401131629944, 'learning_rate': 6.232939035486806e-05, 'epoch': 13.17}
{'loss': 1.434, 'grad_norm': 0.139690563082695, 'learning_rate': 6.23125400195464e-05, 'epoch': 13.18}
{'loss': 1.4344, 'grad_norm': 0.2556896507740021, 'learning_rate': 6.229568968422473e-05, 'epoch': 13.18}
{'loss': 1.4347, 'grad_norm': 0.20588144659996033, 'learning_rate': 6.227883934890305e-05, 'epoch': 13.18}
{'loss': 1.4346, 'grad_norm': 0.14157672226428986, 'learning_rate': 6.226198901358136e-05, 'epoch': 13.19}
{'loss': 1.4346, 'grad_norm': 0.22142775356769562, 'learning_rate': 6.22451386782597e-05, 'epoch': 13.19}
{'loss': 1.4344, 'grad_norm': 0.1599782258272171, 'learning_rate': 6.222828834293803e-05, 'epoch': 13.2}
{'loss': 1.4334, 'grad_norm': 0.09923243522644043, 'learning_rate': 6.221143800761635e-05, 'epoch': 13.2}
{'loss': 1.4328, 'grad_norm': 0.10600696504116058, 'learning_rate': 6.219458767229468e-05, 'epoch': 13.21}
{'loss': 1.4332, 'grad_norm': 0.1944718360900879, 'learning_rate': 6.217773733697301e-05, 'epoch': 13.21}
{'loss': 1.4325, 'grad_norm': 0.18134048581123352, 'learning_rate': 6.216088700165133e-05, 'epoch': 13.22}
{'loss': 1.433, 'grad_norm': 0.17596553266048431, 'learning_rate': 6.214403666632966e-05, 'epoch': 13.22}
{'loss': 1.4335, 'grad_norm': 0.13241149485111237, 'learning_rate': 6.212718633100799e-05, 'epoch': 13.23}
{'loss': 1.4327, 'grad_norm': 0.20872287452220917, 'learning_rate': 6.211033599568632e-05, 'epoch': 13.23}
{'loss': 1.4334, 'grad_norm': 0.15187060832977295, 'learning_rate': 6.209348566036464e-05, 'epoch': 13.23}
{'loss': 1.4323, 'grad_norm': 0.4153609573841095, 'learning_rate': 6.207663532504297e-05, 'epoch': 13.24}
{'loss': 1.4334, 'grad_norm': 0.10626249015331268, 'learning_rate': 6.20597849897213e-05, 'epoch': 13.24}
{'loss': 1.4333, 'grad_norm': 0.22962309420108795, 'learning_rate': 6.204293465439962e-05, 'epoch': 13.25}
{'loss': 1.4344, 'grad_norm': 0.3015201687812805, 'learning_rate': 6.202608431907794e-05, 'epoch': 13.25}
{'loss': 1.432, 'grad_norm': 0.4336332380771637, 'learning_rate': 6.200923398375628e-05, 'epoch': 13.26}
{'loss': 1.4323, 'grad_norm': 0.15914620459079742, 'learning_rate': 6.199238364843461e-05, 'epoch': 13.26}
{'loss': 1.4331, 'grad_norm': 0.14354944229125977, 'learning_rate': 6.197553331311294e-05, 'epoch': 13.27}
{'loss': 1.4344, 'grad_norm': 0.17733626067638397, 'learning_rate': 6.195868297779126e-05, 'epoch': 13.27}
{'loss': 1.4346, 'grad_norm': 0.15668512880802155, 'learning_rate': 6.194183264246959e-05, 'epoch': 13.28}
{'loss': 1.4353, 'grad_norm': 0.25268372893333435, 'learning_rate': 6.192498230714792e-05, 'epoch': 13.28}
{'loss': 1.4335, 'grad_norm': 0.12322511523962021, 'learning_rate': 6.190813197182624e-05, 'epoch': 13.28}
{'loss': 1.4342, 'grad_norm': 0.18218404054641724, 'learning_rate': 6.189128163650457e-05, 'epoch': 13.29}
{'loss': 1.4338, 'grad_norm': 0.233268141746521, 'learning_rate': 6.18744313011829e-05, 'epoch': 13.29}
{'loss': 1.4341, 'grad_norm': 0.16010430455207825, 'learning_rate': 6.185758096586122e-05, 'epoch': 13.3}
{'loss': 1.434, 'grad_norm': 0.15015052258968353, 'learning_rate': 6.184073063053955e-05, 'epoch': 13.3}
{'loss': 1.4334, 'grad_norm': 0.1218932494521141, 'learning_rate': 6.182388029521787e-05, 'epoch': 13.31}
{'loss': 1.4342, 'grad_norm': 0.14998310804367065, 'learning_rate': 6.18070299598962e-05, 'epoch': 13.31}
{'loss': 1.4342, 'grad_norm': 0.15684664249420166, 'learning_rate': 6.179017962457454e-05, 'epoch': 13.32}
{'loss': 1.4335, 'grad_norm': 0.5029071569442749, 'learning_rate': 6.177332928925285e-05, 'epoch': 13.32}
{'loss': 1.4335, 'grad_norm': 0.19644521176815033, 'learning_rate': 6.175647895393119e-05, 'epoch': 13.33}
{'loss': 1.4331, 'grad_norm': 0.11888814717531204, 'learning_rate': 6.173962861860952e-05, 'epoch': 13.33}
{'loss': 1.4334, 'grad_norm': 0.46632620692253113, 'learning_rate': 6.172277828328784e-05, 'epoch': 13.33}
{'loss': 1.4334, 'grad_norm': 0.19686007499694824, 'learning_rate': 6.170592794796617e-05, 'epoch': 13.34}
{'loss': 1.4337, 'grad_norm': 0.2464197427034378, 'learning_rate': 6.16890776126445e-05, 'epoch': 13.34}
{'loss': 1.4342, 'grad_norm': 0.3764917552471161, 'learning_rate': 6.167222727732283e-05, 'epoch': 13.35}
{'loss': 1.4341, 'grad_norm': 0.21822522580623627, 'learning_rate': 6.165537694200115e-05, 'epoch': 13.35}
{'loss': 1.4328, 'grad_norm': 0.1764504313468933, 'learning_rate': 6.163852660667948e-05, 'epoch': 13.36}
{'loss': 1.4337, 'grad_norm': 0.6268437504768372, 'learning_rate': 6.16216762713578e-05, 'epoch': 13.36}
{'loss': 1.4344, 'grad_norm': 0.2456255555152893, 'learning_rate': 6.160482593603613e-05, 'epoch': 13.37}
{'loss': 1.4333, 'grad_norm': 0.33824387192726135, 'learning_rate': 6.158797560071445e-05, 'epoch': 13.37}
{'loss': 1.4342, 'grad_norm': 0.14148195087909698, 'learning_rate': 6.157112526539278e-05, 'epoch': 13.38}
{'loss': 1.434, 'grad_norm': 0.13338227570056915, 'learning_rate': 6.155427493007111e-05, 'epoch': 13.38}
{'loss': 1.4348, 'grad_norm': 0.1705089658498764, 'learning_rate': 6.153742459474943e-05, 'epoch': 13.38}
{'loss': 1.4348, 'grad_norm': 0.11807435750961304, 'learning_rate': 6.152057425942776e-05, 'epoch': 13.39}
{'loss': 1.4341, 'grad_norm': 0.1178281381726265, 'learning_rate': 6.15037239241061e-05, 'epoch': 13.39}
{'loss': 1.434, 'grad_norm': 0.22781497240066528, 'learning_rate': 6.148687358878443e-05, 'epoch': 13.4}
{'loss': 1.4339, 'grad_norm': 0.21531520783901215, 'learning_rate': 6.147002325346275e-05, 'epoch': 13.4}
{'loss': 1.4336, 'grad_norm': 0.17851535975933075, 'learning_rate': 6.145317291814108e-05, 'epoch': 13.41}
{'loss': 1.4336, 'grad_norm': 0.28109437227249146, 'learning_rate': 6.143632258281941e-05, 'epoch': 13.41}
{'loss': 1.4341, 'grad_norm': 0.16647912561893463, 'learning_rate': 6.141947224749773e-05, 'epoch': 13.42}
{'loss': 1.434, 'grad_norm': 0.13978639245033264, 'learning_rate': 6.140262191217605e-05, 'epoch': 13.42}
{'loss': 1.4322, 'grad_norm': 0.2943892478942871, 'learning_rate': 6.138577157685438e-05, 'epoch': 13.43}
{'loss': 1.4342, 'grad_norm': 0.18017111718654633, 'learning_rate': 6.136892124153271e-05, 'epoch': 13.43}
{'loss': 1.4355, 'grad_norm': 0.11334195733070374, 'learning_rate': 6.135207090621103e-05, 'epoch': 13.43}
{'loss': 1.4348, 'grad_norm': 0.2479780912399292, 'learning_rate': 6.133522057088936e-05, 'epoch': 13.44}
{'loss': 1.4358, 'grad_norm': 0.6321828365325928, 'learning_rate': 6.131837023556769e-05, 'epoch': 13.44}
{'loss': 1.4357, 'grad_norm': 0.14831987023353577, 'learning_rate': 6.130151990024602e-05, 'epoch': 13.45}
{'loss': 1.4343, 'grad_norm': 0.2269059419631958, 'learning_rate': 6.128466956492434e-05, 'epoch': 13.45}
{'loss': 1.435, 'grad_norm': 0.230234757065773, 'learning_rate': 6.126781922960267e-05, 'epoch': 13.46}
{'loss': 1.434, 'grad_norm': 0.19842059910297394, 'learning_rate': 6.125096889428101e-05, 'epoch': 13.46}
{'loss': 1.4348, 'grad_norm': 0.14460276067256927, 'learning_rate': 6.123411855895933e-05, 'epoch': 13.47}
{'loss': 1.4349, 'grad_norm': 0.4142221510410309, 'learning_rate': 6.121726822363766e-05, 'epoch': 13.47}
{'loss': 1.4347, 'grad_norm': 0.2278479039669037, 'learning_rate': 6.120041788831598e-05, 'epoch': 13.48}
{'loss': 1.4343, 'grad_norm': 0.22161336243152618, 'learning_rate': 6.118356755299431e-05, 'epoch': 13.48}
{'loss': 1.4335, 'grad_norm': 0.15561583638191223, 'learning_rate': 6.116671721767263e-05, 'epoch': 13.48}
{'loss': 1.433, 'grad_norm': 0.12458712607622147, 'learning_rate': 6.114986688235096e-05, 'epoch': 13.49}
{'loss': 1.4348, 'grad_norm': 0.43915724754333496, 'learning_rate': 6.113301654702929e-05, 'epoch': 13.49}
{'loss': 1.4349, 'grad_norm': 0.2551480233669281, 'learning_rate': 6.111616621170762e-05, 'epoch': 13.5}
{'loss': 1.434, 'grad_norm': 0.16648265719413757, 'learning_rate': 6.109931587638594e-05, 'epoch': 13.5}
{'loss': 1.4331, 'grad_norm': 0.29132989048957825, 'learning_rate': 6.108246554106427e-05, 'epoch': 13.51}
{'loss': 1.4346, 'grad_norm': 0.20607347786426544, 'learning_rate': 6.10656152057426e-05, 'epoch': 13.51}
{'loss': 1.4348, 'grad_norm': 0.18033483624458313, 'learning_rate': 6.104876487042092e-05, 'epoch': 13.52}
{'loss': 1.4337, 'grad_norm': 0.1405261605978012, 'learning_rate': 6.1031914535099254e-05, 'epoch': 13.52}
{'loss': 1.4329, 'grad_norm': 0.14686281979084015, 'learning_rate': 6.1015064199777585e-05, 'epoch': 13.53}
{'loss': 1.4344, 'grad_norm': 0.49725985527038574, 'learning_rate': 6.099821386445591e-05, 'epoch': 13.53}
{'loss': 1.4346, 'grad_norm': 0.15364782512187958, 'learning_rate': 6.098136352913423e-05, 'epoch': 13.54}
{'loss': 1.4338, 'grad_norm': 0.26210811734199524, 'learning_rate': 6.0964513193812554e-05, 'epoch': 13.54}
{'loss': 1.4328, 'grad_norm': 0.11476951837539673, 'learning_rate': 6.0947662858490886e-05, 'epoch': 13.54}
{'loss': 1.433, 'grad_norm': 0.1262577474117279, 'learning_rate': 6.093081252316921e-05, 'epoch': 13.55}
{'loss': 1.4324, 'grad_norm': 0.2157694399356842, 'learning_rate': 6.091396218784754e-05, 'epoch': 13.55}
{'loss': 1.4342, 'grad_norm': 0.1510949432849884, 'learning_rate': 6.089711185252587e-05, 'epoch': 13.56}
{'loss': 1.4359, 'grad_norm': 0.22385044395923615, 'learning_rate': 6.088026151720419e-05, 'epoch': 13.56}
{'loss': 1.434, 'grad_norm': 0.15259189903736115, 'learning_rate': 6.0863411181882525e-05, 'epoch': 13.57}
{'loss': 1.4324, 'grad_norm': 0.12858076393604279, 'learning_rate': 6.084656084656085e-05, 'epoch': 13.57}
{'loss': 1.4332, 'grad_norm': 0.3122277855873108, 'learning_rate': 6.082971051123918e-05, 'epoch': 13.58}
{'loss': 1.4347, 'grad_norm': 0.32172316312789917, 'learning_rate': 6.081286017591751e-05, 'epoch': 13.58}
{'loss': 1.4336, 'grad_norm': 0.1224869042634964, 'learning_rate': 6.079600984059583e-05, 'epoch': 13.59}
{'loss': 1.4329, 'grad_norm': 0.21853186190128326, 'learning_rate': 6.077915950527415e-05, 'epoch': 13.59}
{'loss': 1.4344, 'grad_norm': 0.15137037634849548, 'learning_rate': 6.076230916995248e-05, 'epoch': 13.59}
{'loss': 1.4324, 'grad_norm': 0.1927517056465149, 'learning_rate': 6.074545883463081e-05, 'epoch': 13.6}
{'loss': 1.4337, 'grad_norm': 0.12541432678699493, 'learning_rate': 6.072860849930914e-05, 'epoch': 13.6}
{'loss': 1.4333, 'grad_norm': 0.49119052290916443, 'learning_rate': 6.0711758163987465e-05, 'epoch': 13.61}
{'loss': 1.4339, 'grad_norm': 0.19374139606952667, 'learning_rate': 6.069490782866579e-05, 'epoch': 13.61}
{'loss': 1.4335, 'grad_norm': 0.18446914851665497, 'learning_rate': 6.067805749334412e-05, 'epoch': 13.62}
{'loss': 1.4336, 'grad_norm': 0.24010802805423737, 'learning_rate': 6.066120715802245e-05, 'epoch': 13.62}
{'loss': 1.435, 'grad_norm': 0.12311628460884094, 'learning_rate': 6.064435682270078e-05, 'epoch': 13.63}
{'loss': 1.4331, 'grad_norm': 0.2777078449726105, 'learning_rate': 6.0627506487379104e-05, 'epoch': 13.63}
{'loss': 1.4338, 'grad_norm': 0.337542325258255, 'learning_rate': 6.0610656152057436e-05, 'epoch': 13.64}
{'loss': 1.4338, 'grad_norm': 0.36733123660087585, 'learning_rate': 6.059380581673576e-05, 'epoch': 13.64}
{'loss': 1.4332, 'grad_norm': 0.1559828221797943, 'learning_rate': 6.0576955481414086e-05, 'epoch': 13.64}
{'loss': 1.4343, 'grad_norm': 0.25248968601226807, 'learning_rate': 6.0560105146092404e-05, 'epoch': 13.65}
pred : ardent in the prosecution of heresy cyril auspiciously opened his reign by oppressing the novations the most innocent and harmless of the sectaries
label: ardent in the prosecution of heresy cyril auspiciously opened his reign by oppressing the novatians the most innocent and harmless of the sectaries
pred : without any legal sentence without any royal mandate the patriarch at the dawn of day led a seditious multitude to the attack of the synagogues
label: without any legal sentence without any royal mandate the patriarch at the dawn of day led a seditious multitude to the attack of the synagogues
pred : such crimes would have deserved the animadversion of the magistrate but in this promiscuous outrage the innocent were confounded with the guilty and alexandria was impoverished by the loss of a wealthy and industrious colony
label: such crimes would have deserved the animadversion of the magistrate but in this promiscuous outrage the innocent were confounded with the guilty and alexandria was impoverished by the loss of a wealthy and industrious colony
pred : ardent in the prosecution of heresy cyril auspiciously opened his reign by oppressing the novations the most innocent and harmless of the sectaries
label: ardent in the prosecution of heresy cyril auspiciously opened his reign by oppressing the novatians the most innocent and harmless of the sectaries
pred : without any legal sentence without any royal mandate the patriarch at the dawn of day led a seditious multitude to the attack of the synagogues
label: without any legal sentence without any royal mandate the patriarch at the dawn of day led a seditious multitude to the attack of the synagogues
pred : such crimes would have deserved the animadversion of the magistrate but in this promiscuous outrage the innocent were confounded with the guilty and alexandria was impoverished by the loss of a wealthy and industrious colony
label: such crimes would have deserved the animadversion of the magistrate but in this promiscuous outrage the innocent were confounded with the guilty and alexandria was impoverished by the loss of a wealthy and industrious colony
pred : ardent in the prosecution of heresy cyril auspiciously opened his reign by oppressing the novations the most innocent and harmless of the sectaries
label: ardent in the prosecution of heresy cyril auspiciously opened his reign by oppressing the novatians the most innocent and harmless of the sectaries
pred : without any legal sentence without any royal mandate the patriarch at the dawn of day led a seditious multitude to the attack of the synagogues
label: without any legal sentence without any royal mandate the patriarch at the dawn of day led a seditious multitude to the attack of the synagogues
pred : such crimes would have deserved the animadversion of the magistrate but in this promiscuous outrage the innocent were confounded with the guilty and alexandria was impoverished by the loss of a wealthy and industrious colony
label: such crimes would have deserved the animadversion of the magistrate but in this promiscuous outrage the innocent were confounded with the guilty and alexandria was impoverished by the loss of a wealthy and industrious colony
pred : ardent in the prosecution of heresy cyril auspiciously opened his reign by oppressing the novations the most innocent and harmless of the sectaries
label: ardent in the prosecution of heresy cyril auspiciously opened his reign by oppressing the novatians the most innocent and harmless of the sectaries
pred : without any legal sentence without any royal mandate the patriarch at the dawn of day led a seditious multitude to the attack of the synagogues
label: without any legal sentence without any royal mandate the patriarch at the dawn of day led a seditious multitude to the attack of the synagogues
pred : such crimes would have deserved the animadversion of the magistrate but in this promiscuous outrage the innocent were confounded with the guilty and alexandria was impoverished by the loss of a wealthy and industrious colony
label: such crimes would have deserved the animadversion of the magistrate but in this promiscuous outrage the innocent were confounded with the guilty and alexandria was impoverished by the loss of a wealthy and industrious colony
{'eval_loss': 1.6240434646606445, 'eval_bleu': 96.16531927899948, 'eval_wer': 0.023924534747990472, 'eval_cer': 0.01636450192406871, 'eval_rouge1': 0.983329019580211, 'eval_rouge2': 0.9706878048913057, 'eval_rougeL': 0.9832994605742073, 'eval_runtime': 88.4194, 'eval_samples_per_second': 62.961, 'eval_steps_per_second': 0.328, 'epoch': 13.65}
{'loss': 1.4334, 'grad_norm': 0.1780567318201065, 'learning_rate': 6.0543254810770736e-05, 'epoch': 13.65}
{'loss': 1.4338, 'grad_norm': 0.188376322388649, 'learning_rate': 6.052640447544906e-05, 'epoch': 13.66}
{'loss': 1.4334, 'grad_norm': 0.25047388672828674, 'learning_rate': 6.0509554140127386e-05, 'epoch': 13.66}
{'loss': 1.4339, 'grad_norm': 0.16416360437870026, 'learning_rate': 6.049270380480572e-05, 'epoch': 13.67}
{'loss': 1.435, 'grad_norm': 0.2082570344209671, 'learning_rate': 6.047585346948404e-05, 'epoch': 13.67}
{'loss': 1.4335, 'grad_norm': 0.29579958319664, 'learning_rate': 6.0459003134162375e-05, 'epoch': 13.68}
{'loss': 1.4342, 'grad_norm': 0.23050041496753693, 'learning_rate': 6.04421527988407e-05, 'epoch': 13.68}
{'loss': 1.434, 'grad_norm': 0.20049723982810974, 'learning_rate': 6.042530246351903e-05, 'epoch': 13.69}
{'loss': 1.4334, 'grad_norm': 0.36535733938217163, 'learning_rate': 6.040845212819736e-05, 'epoch': 13.69}
{'loss': 1.4344, 'grad_norm': 0.12954291701316833, 'learning_rate': 6.039160179287568e-05, 'epoch': 13.69}
{'loss': 1.4334, 'grad_norm': 0.14457571506500244, 'learning_rate': 6.0374751457554014e-05, 'epoch': 13.7}
{'loss': 1.4338, 'grad_norm': 0.22425001859664917, 'learning_rate': 6.035790112223233e-05, 'epoch': 13.7}
{'loss': 1.4333, 'grad_norm': 0.149879589676857, 'learning_rate': 6.034105078691066e-05, 'epoch': 13.71}
{'loss': 1.434, 'grad_norm': 0.24979396164417267, 'learning_rate': 6.032420045158898e-05, 'epoch': 13.71}
{'loss': 1.4342, 'grad_norm': 0.2102079689502716, 'learning_rate': 6.0307350116267315e-05, 'epoch': 13.72}
{'loss': 1.4344, 'grad_norm': 0.16205507516860962, 'learning_rate': 6.029049978094564e-05, 'epoch': 13.72}
{'loss': 1.4336, 'grad_norm': 0.44270220398902893, 'learning_rate': 6.027364944562397e-05, 'epoch': 13.73}
{'loss': 1.4337, 'grad_norm': 0.1311485767364502, 'learning_rate': 6.02567991103023e-05, 'epoch': 13.73}
{'loss': 1.4335, 'grad_norm': 0.13696584105491638, 'learning_rate': 6.023994877498063e-05, 'epoch': 13.74}
{'loss': 1.4334, 'grad_norm': 0.17936280369758606, 'learning_rate': 6.0223098439658954e-05, 'epoch': 13.74}
{'loss': 1.4339, 'grad_norm': 0.15684227645397186, 'learning_rate': 6.020624810433728e-05, 'epoch': 13.74}
{'loss': 1.4337, 'grad_norm': 0.15807856619358063, 'learning_rate': 6.018939776901561e-05, 'epoch': 13.75}
{'loss': 1.4334, 'grad_norm': 0.20214129984378815, 'learning_rate': 6.0172547433693936e-05, 'epoch': 13.75}
{'loss': 1.4332, 'grad_norm': 0.11187079548835754, 'learning_rate': 6.015569709837227e-05, 'epoch': 13.76}
{'loss': 1.4347, 'grad_norm': 0.15972168743610382, 'learning_rate': 6.013884676305058e-05, 'epoch': 13.76}
{'loss': 1.4351, 'grad_norm': 0.20950566232204437, 'learning_rate': 6.012199642772891e-05, 'epoch': 13.77}
{'loss': 1.4338, 'grad_norm': 0.14707067608833313, 'learning_rate': 6.0105146092407236e-05, 'epoch': 13.77}
{'loss': 1.4336, 'grad_norm': 0.19341562688350677, 'learning_rate': 6.008829575708557e-05, 'epoch': 13.78}
{'loss': 1.4334, 'grad_norm': 0.32215604186058044, 'learning_rate': 6.007144542176389e-05, 'epoch': 13.78}
{'loss': 1.4343, 'grad_norm': 0.16691167652606964, 'learning_rate': 6.0054595086442225e-05, 'epoch': 13.79}
{'loss': 1.4343, 'grad_norm': 0.14248552918434143, 'learning_rate': 6.003774475112055e-05, 'epoch': 13.79}
{'loss': 1.4339, 'grad_norm': 0.21046368777751923, 'learning_rate': 6.0020894415798875e-05, 'epoch': 13.79}
{'loss': 1.432, 'grad_norm': 0.21519021689891815, 'learning_rate': 6.000404408047721e-05, 'epoch': 13.8}
{'loss': 1.4321, 'grad_norm': 0.16061832010746002, 'learning_rate': 5.998719374515553e-05, 'epoch': 13.8}
{'loss': 1.433, 'grad_norm': 0.18293045461177826, 'learning_rate': 5.9970343409833864e-05, 'epoch': 13.81}
{'loss': 1.4335, 'grad_norm': 0.22868464887142181, 'learning_rate': 5.995349307451219e-05, 'epoch': 13.81}
{'loss': 1.4332, 'grad_norm': 0.22225940227508545, 'learning_rate': 5.993664273919052e-05, 'epoch': 13.82}
{'loss': 1.4359, 'grad_norm': 0.1406080275774002, 'learning_rate': 5.991979240386883e-05, 'epoch': 13.82}
{'loss': 1.434, 'grad_norm': 0.20584344863891602, 'learning_rate': 5.9902942068547165e-05, 'epoch': 13.83}
{'loss': 1.4345, 'grad_norm': 0.22324706614017487, 'learning_rate': 5.988609173322549e-05, 'epoch': 13.83}
{'loss': 1.4333, 'grad_norm': 0.19599883258342743, 'learning_rate': 5.986924139790382e-05, 'epoch': 13.84}
{'loss': 1.4341, 'grad_norm': 0.35170528292655945, 'learning_rate': 5.985239106258215e-05, 'epoch': 13.84}
{'loss': 1.4341, 'grad_norm': 0.16602830588817596, 'learning_rate': 5.983554072726047e-05, 'epoch': 13.84}
{'loss': 1.4329, 'grad_norm': 0.18907372653484344, 'learning_rate': 5.9818690391938804e-05, 'epoch': 13.85}
{'loss': 1.4338, 'grad_norm': 0.11581601947546005, 'learning_rate': 5.980184005661713e-05, 'epoch': 13.85}
{'loss': 1.4352, 'grad_norm': 0.31205666065216064, 'learning_rate': 5.978498972129546e-05, 'epoch': 13.86}
{'loss': 1.434, 'grad_norm': 0.1473047435283661, 'learning_rate': 5.9768139385973786e-05, 'epoch': 13.86}
{'loss': 1.4342, 'grad_norm': 0.22213226556777954, 'learning_rate': 5.975128905065212e-05, 'epoch': 13.87}
{'loss': 1.435, 'grad_norm': 0.20633246004581451, 'learning_rate': 5.973443871533044e-05, 'epoch': 13.87}
{'loss': 1.4337, 'grad_norm': 0.17633408308029175, 'learning_rate': 5.971758838000876e-05, 'epoch': 13.88}
{'loss': 1.4334, 'grad_norm': 0.21995416283607483, 'learning_rate': 5.9700738044687086e-05, 'epoch': 13.88}
{'loss': 1.4338, 'grad_norm': 0.17801214754581451, 'learning_rate': 5.968388770936542e-05, 'epoch': 13.89}
{'loss': 1.4346, 'grad_norm': 0.16345703601837158, 'learning_rate': 5.966703737404374e-05, 'epoch': 13.89}
{'loss': 1.4326, 'grad_norm': 0.15044474601745605, 'learning_rate': 5.965018703872207e-05, 'epoch': 13.89}
{'loss': 1.434, 'grad_norm': 0.3584553599357605, 'learning_rate': 5.96333367034004e-05, 'epoch': 13.9}
{'loss': 1.4331, 'grad_norm': 0.33083149790763855, 'learning_rate': 5.9616486368078725e-05, 'epoch': 13.9}
{'loss': 1.4343, 'grad_norm': 0.4391208589076996, 'learning_rate': 5.959963603275706e-05, 'epoch': 13.91}
{'loss': 1.4344, 'grad_norm': 0.15023495256900787, 'learning_rate': 5.958278569743538e-05, 'epoch': 13.91}
{'loss': 1.4341, 'grad_norm': 0.17029951512813568, 'learning_rate': 5.9565935362113714e-05, 'epoch': 13.92}
{'loss': 1.4346, 'grad_norm': 0.12938474118709564, 'learning_rate': 5.954908502679204e-05, 'epoch': 13.92}
{'loss': 1.4351, 'grad_norm': 0.16839046776294708, 'learning_rate': 5.9532234691470365e-05, 'epoch': 13.93}
{'loss': 1.4344, 'grad_norm': 0.3779889941215515, 'learning_rate': 5.9515384356148696e-05, 'epoch': 13.93}
{'loss': 1.4336, 'grad_norm': 0.15763317048549652, 'learning_rate': 5.9498534020827015e-05, 'epoch': 13.94}
{'loss': 1.4351, 'grad_norm': 0.177396759390831, 'learning_rate': 5.948168368550534e-05, 'epoch': 13.94}
{'loss': 1.4342, 'grad_norm': 0.17337225377559662, 'learning_rate': 5.946483335018367e-05, 'epoch': 13.94}
{'loss': 1.4332, 'grad_norm': 0.13212047517299652, 'learning_rate': 5.9447983014862e-05, 'epoch': 13.95}
{'loss': 1.4342, 'grad_norm': 0.16490554809570312, 'learning_rate': 5.943113267954032e-05, 'epoch': 13.95}
{'loss': 1.4342, 'grad_norm': 0.6020220518112183, 'learning_rate': 5.9414282344218654e-05, 'epoch': 13.96}
{'loss': 1.4324, 'grad_norm': 0.22826318442821503, 'learning_rate': 5.939743200889698e-05, 'epoch': 13.96}
{'loss': 1.4336, 'grad_norm': 0.17764835059642792, 'learning_rate': 5.938058167357531e-05, 'epoch': 13.97}
{'loss': 1.4337, 'grad_norm': 0.5824912786483765, 'learning_rate': 5.9363731338253636e-05, 'epoch': 13.97}
{'loss': 1.4331, 'grad_norm': 0.3405616283416748, 'learning_rate': 5.934688100293196e-05, 'epoch': 13.98}
{'loss': 1.4332, 'grad_norm': 0.15048429369926453, 'learning_rate': 5.933003066761029e-05, 'epoch': 13.98}
{'loss': 1.4343, 'grad_norm': 0.15024319291114807, 'learning_rate': 5.931318033228862e-05, 'epoch': 13.99}
{'loss': 1.4342, 'grad_norm': 0.18462246656417847, 'learning_rate': 5.9296329996966936e-05, 'epoch': 13.99}
{'loss': 1.434, 'grad_norm': 0.16092362999916077, 'learning_rate': 5.927947966164527e-05, 'epoch': 13.99}
{'loss': 1.4344, 'grad_norm': 0.18238383531570435, 'learning_rate': 5.9262629326323593e-05, 'epoch': 14.0}
{'loss': 1.4312, 'grad_norm': 0.13450887799263, 'learning_rate': 5.924577899100192e-05, 'epoch': 14.0}
{'loss': 1.4325, 'grad_norm': 0.21107035875320435, 'learning_rate': 5.922892865568025e-05, 'epoch': 14.01}
{'loss': 1.4316, 'grad_norm': 0.10620082914829254, 'learning_rate': 5.9212078320358576e-05, 'epoch': 14.01}
{'loss': 1.4319, 'grad_norm': 0.19195875525474548, 'learning_rate': 5.919522798503691e-05, 'epoch': 14.02}
{'loss': 1.4307, 'grad_norm': 0.1036946028470993, 'learning_rate': 5.917837764971523e-05, 'epoch': 14.02}
{'loss': 1.4316, 'grad_norm': 0.2026740461587906, 'learning_rate': 5.9161527314393564e-05, 'epoch': 14.03}
{'loss': 1.4311, 'grad_norm': 0.16633960604667664, 'learning_rate': 5.914467697907189e-05, 'epoch': 14.03}
{'loss': 1.4316, 'grad_norm': 0.1932847648859024, 'learning_rate': 5.9127826643750215e-05, 'epoch': 14.04}
{'loss': 1.4315, 'grad_norm': 0.22717398405075073, 'learning_rate': 5.9110976308428547e-05, 'epoch': 14.04}
{'loss': 1.4321, 'grad_norm': 0.1451159119606018, 'learning_rate': 5.909412597310687e-05, 'epoch': 14.04}
{'loss': 1.4327, 'grad_norm': 0.20260390639305115, 'learning_rate': 5.907727563778519e-05, 'epoch': 14.05}
{'loss': 1.4328, 'grad_norm': 0.26925817131996155, 'learning_rate': 5.9060425302463515e-05, 'epoch': 14.05}
{'loss': 1.4318, 'grad_norm': 0.23815593123435974, 'learning_rate': 5.904357496714185e-05, 'epoch': 14.06}
{'loss': 1.4332, 'grad_norm': 0.1884879767894745, 'learning_rate': 5.902672463182017e-05, 'epoch': 14.06}
{'loss': 1.4325, 'grad_norm': 0.1968536227941513, 'learning_rate': 5.9009874296498504e-05, 'epoch': 14.07}
{'loss': 1.4323, 'grad_norm': 0.17023280262947083, 'learning_rate': 5.899302396117683e-05, 'epoch': 14.07}
{'loss': 1.4329, 'grad_norm': 0.12708193063735962, 'learning_rate': 5.897617362585516e-05, 'epoch': 14.08}
{'loss': 1.4325, 'grad_norm': 0.10924605280160904, 'learning_rate': 5.8959323290533486e-05, 'epoch': 14.08}
{'loss': 1.4314, 'grad_norm': 0.3425162434577942, 'learning_rate': 5.894247295521181e-05, 'epoch': 14.09}
{'loss': 1.4314, 'grad_norm': 0.13672028481960297, 'learning_rate': 5.892562261989014e-05, 'epoch': 14.09}
{'loss': 1.4311, 'grad_norm': 0.12163350731134415, 'learning_rate': 5.890877228456847e-05, 'epoch': 14.09}
{'loss': 1.4313, 'grad_norm': 0.18309159576892853, 'learning_rate': 5.88919219492468e-05, 'epoch': 14.1}
{'loss': 1.431, 'grad_norm': 0.20107312500476837, 'learning_rate': 5.887507161392511e-05, 'epoch': 14.1}
{'loss': 1.4321, 'grad_norm': 0.24606198072433472, 'learning_rate': 5.8858221278603444e-05, 'epoch': 14.11}
{'loss': 1.4316, 'grad_norm': 0.3027799427509308, 'learning_rate': 5.884137094328177e-05, 'epoch': 14.11}
{'loss': 1.4318, 'grad_norm': 0.25639814138412476, 'learning_rate': 5.88245206079601e-05, 'epoch': 14.12}
{'loss': 1.4324, 'grad_norm': 0.23348234593868256, 'learning_rate': 5.8807670272638426e-05, 'epoch': 14.12}
{'loss': 1.4332, 'grad_norm': 0.24387598037719727, 'learning_rate': 5.879081993731676e-05, 'epoch': 14.13}
{'loss': 1.4329, 'grad_norm': 0.21178099513053894, 'learning_rate': 5.877396960199508e-05, 'epoch': 14.13}
{'loss': 1.432, 'grad_norm': 0.17455294728279114, 'learning_rate': 5.875711926667341e-05, 'epoch': 14.14}
{'loss': 1.4323, 'grad_norm': 0.11777494847774506, 'learning_rate': 5.874026893135174e-05, 'epoch': 14.14}
{'loss': 1.4328, 'grad_norm': 0.20535627007484436, 'learning_rate': 5.8723418596030065e-05, 'epoch': 14.14}
{'loss': 1.4327, 'grad_norm': 0.20434072613716125, 'learning_rate': 5.87065682607084e-05, 'epoch': 14.15}
{'loss': 1.4319, 'grad_norm': 0.15069454908370972, 'learning_rate': 5.868971792538672e-05, 'epoch': 14.15}
{'loss': 1.4323, 'grad_norm': 0.13919296860694885, 'learning_rate': 5.8672867590065054e-05, 'epoch': 14.16}
{'loss': 1.4317, 'grad_norm': 0.2326185703277588, 'learning_rate': 5.8656017254743365e-05, 'epoch': 14.16}
{'loss': 1.4323, 'grad_norm': 0.20283275842666626, 'learning_rate': 5.86391669194217e-05, 'epoch': 14.17}
{'loss': 1.4321, 'grad_norm': 0.1767381727695465, 'learning_rate': 5.862231658410002e-05, 'epoch': 14.17}
{'loss': 1.4328, 'grad_norm': 0.12602508068084717, 'learning_rate': 5.8605466248778354e-05, 'epoch': 14.18}
{'loss': 1.4316, 'grad_norm': 0.09836886823177338, 'learning_rate': 5.858861591345668e-05, 'epoch': 14.18}
{'loss': 1.4313, 'grad_norm': 0.15387681126594543, 'learning_rate': 5.8571765578135004e-05, 'epoch': 14.19}
{'loss': 1.4322, 'grad_norm': 0.12302657961845398, 'learning_rate': 5.8554915242813336e-05, 'epoch': 14.19}
{'loss': 1.4323, 'grad_norm': 0.3373848497867584, 'learning_rate': 5.853806490749166e-05, 'epoch': 14.19}
{'loss': 1.4314, 'grad_norm': 0.39392852783203125, 'learning_rate': 5.852121457216999e-05, 'epoch': 14.2}
{'loss': 1.4323, 'grad_norm': 0.34433814883232117, 'learning_rate': 5.850436423684832e-05, 'epoch': 14.2}
{'loss': 1.4319, 'grad_norm': 0.1958344578742981, 'learning_rate': 5.848751390152665e-05, 'epoch': 14.21}
{'loss': 1.4311, 'grad_norm': 0.12521673738956451, 'learning_rate': 5.8470663566204975e-05, 'epoch': 14.21}
{'loss': 1.4319, 'grad_norm': 0.18036238849163055, 'learning_rate': 5.8453813230883294e-05, 'epoch': 14.22}
{'loss': 1.4307, 'grad_norm': 0.14300386607646942, 'learning_rate': 5.843696289556162e-05, 'epoch': 14.22}
{'loss': 1.4314, 'grad_norm': 0.1628209501504898, 'learning_rate': 5.842011256023995e-05, 'epoch': 14.23}
{'loss': 1.4319, 'grad_norm': 0.13693033158779144, 'learning_rate': 5.8403262224918276e-05, 'epoch': 14.23}
{'loss': 1.433, 'grad_norm': 0.23630833625793457, 'learning_rate': 5.83864118895966e-05, 'epoch': 14.24}
{'loss': 1.4323, 'grad_norm': 0.12634703516960144, 'learning_rate': 5.836956155427493e-05, 'epoch': 14.24}
{'loss': 1.4324, 'grad_norm': 0.16619588434696198, 'learning_rate': 5.835271121895326e-05, 'epoch': 14.24}
{'loss': 1.4322, 'grad_norm': 0.10573527216911316, 'learning_rate': 5.833586088363159e-05, 'epoch': 14.25}
{'loss': 1.4312, 'grad_norm': 0.2960546910762787, 'learning_rate': 5.8319010548309915e-05, 'epoch': 14.25}
{'loss': 1.4327, 'grad_norm': 0.21055056154727936, 'learning_rate': 5.830216021298825e-05, 'epoch': 14.26}
{'loss': 1.4315, 'grad_norm': 0.1384144127368927, 'learning_rate': 5.828530987766657e-05, 'epoch': 14.26}
{'loss': 1.4317, 'grad_norm': 0.13124068081378937, 'learning_rate': 5.82684595423449e-05, 'epoch': 14.27}
{'loss': 1.4321, 'grad_norm': 0.10726675391197205, 'learning_rate': 5.825160920702323e-05, 'epoch': 14.27}
{'loss': 1.4324, 'grad_norm': 0.217706099152565, 'learning_rate': 5.823475887170155e-05, 'epoch': 14.28}
{'loss': 1.4315, 'grad_norm': 0.21328192949295044, 'learning_rate': 5.821790853637987e-05, 'epoch': 14.28}
{'loss': 1.4312, 'grad_norm': 0.11708816885948181, 'learning_rate': 5.82010582010582e-05, 'epoch': 14.29}
{'loss': 1.4323, 'grad_norm': 0.202276811003685, 'learning_rate': 5.818420786573653e-05, 'epoch': 14.29}
{'loss': 1.432, 'grad_norm': 0.11042485386133194, 'learning_rate': 5.8167357530414854e-05, 'epoch': 14.29}
{'loss': 1.4331, 'grad_norm': 0.11417621374130249, 'learning_rate': 5.8150507195093186e-05, 'epoch': 14.3}
{'loss': 1.4321, 'grad_norm': 0.11199313402175903, 'learning_rate': 5.813365685977151e-05, 'epoch': 14.3}
{'loss': 1.4333, 'grad_norm': 0.14893019199371338, 'learning_rate': 5.811680652444984e-05, 'epoch': 14.31}
{'loss': 1.4318, 'grad_norm': 0.12116635590791702, 'learning_rate': 5.809995618912817e-05, 'epoch': 14.31}
{'loss': 1.4324, 'grad_norm': 0.17818143963813782, 'learning_rate': 5.8083105853806493e-05, 'epoch': 14.32}
{'loss': 1.4328, 'grad_norm': 0.21217241883277893, 'learning_rate': 5.8066255518484825e-05, 'epoch': 14.32}
{'loss': 1.433, 'grad_norm': 0.15359163284301758, 'learning_rate': 5.804940518316315e-05, 'epoch': 14.33}
{'loss': 1.4331, 'grad_norm': 0.20737026631832123, 'learning_rate': 5.803255484784147e-05, 'epoch': 14.33}
{'loss': 1.4329, 'grad_norm': 0.15733329951763153, 'learning_rate': 5.8015704512519794e-05, 'epoch': 14.34}
{'loss': 1.4344, 'grad_norm': 0.14494431018829346, 'learning_rate': 5.7998854177198126e-05, 'epoch': 14.34}
{'loss': 1.4325, 'grad_norm': 0.13251809775829315, 'learning_rate': 5.798200384187645e-05, 'epoch': 14.34}
{'loss': 1.4323, 'grad_norm': 0.12908180058002472, 'learning_rate': 5.796515350655478e-05, 'epoch': 14.35}
{'loss': 1.4326, 'grad_norm': 0.13178065419197083, 'learning_rate': 5.794830317123311e-05, 'epoch': 14.35}
{'loss': 1.432, 'grad_norm': 0.1684914380311966, 'learning_rate': 5.793145283591144e-05, 'epoch': 14.36}
{'loss': 1.4318, 'grad_norm': 0.15368478000164032, 'learning_rate': 5.7914602500589765e-05, 'epoch': 14.36}
{'loss': 1.4326, 'grad_norm': 0.131911963224411, 'learning_rate': 5.789775216526809e-05, 'epoch': 14.37}
{'loss': 1.4323, 'grad_norm': 0.1533821076154709, 'learning_rate': 5.788090182994642e-05, 'epoch': 14.37}
{'loss': 1.4321, 'grad_norm': 0.1174936518073082, 'learning_rate': 5.786405149462475e-05, 'epoch': 14.38}
{'loss': 1.4313, 'grad_norm': 0.14851634204387665, 'learning_rate': 5.784720115930308e-05, 'epoch': 14.38}
{'loss': 1.4324, 'grad_norm': 0.12890031933784485, 'learning_rate': 5.7830350823981404e-05, 'epoch': 14.39}
{'loss': 1.4326, 'grad_norm': 0.12522925436496735, 'learning_rate': 5.781350048865972e-05, 'epoch': 14.39}
{'loss': 1.432, 'grad_norm': 0.11967112869024277, 'learning_rate': 5.779665015333805e-05, 'epoch': 14.39}
{'loss': 1.4316, 'grad_norm': 0.14523911476135254, 'learning_rate': 5.777979981801638e-05, 'epoch': 14.4}
{'loss': 1.4314, 'grad_norm': 0.08675529062747955, 'learning_rate': 5.7762949482694704e-05, 'epoch': 14.4}
{'loss': 1.4318, 'grad_norm': 0.12523673474788666, 'learning_rate': 5.7746099147373036e-05, 'epoch': 14.41}
{'loss': 1.4325, 'grad_norm': 0.18341834843158722, 'learning_rate': 5.772924881205136e-05, 'epoch': 14.41}
{'loss': 1.4324, 'grad_norm': 0.13812710344791412, 'learning_rate': 5.7712398476729687e-05, 'epoch': 14.42}
{'loss': 1.4313, 'grad_norm': 0.10393186658620834, 'learning_rate': 5.769554814140802e-05, 'epoch': 14.42}
{'loss': 1.4316, 'grad_norm': 0.11968939751386642, 'learning_rate': 5.7678697806086344e-05, 'epoch': 14.43}
{'loss': 1.4328, 'grad_norm': 0.21650035679340363, 'learning_rate': 5.7661847470764675e-05, 'epoch': 14.43}
{'loss': 1.4322, 'grad_norm': 0.3892742395401001, 'learning_rate': 5.7644997135443e-05, 'epoch': 14.44}
{'loss': 1.4311, 'grad_norm': 0.13298781216144562, 'learning_rate': 5.762814680012133e-05, 'epoch': 14.44}
{'loss': 1.4311, 'grad_norm': 0.7264070510864258, 'learning_rate': 5.761129646479966e-05, 'epoch': 14.44}
{'loss': 1.4324, 'grad_norm': 0.1725485622882843, 'learning_rate': 5.7594446129477976e-05, 'epoch': 14.45}
{'loss': 1.4333, 'grad_norm': 0.17978473007678986, 'learning_rate': 5.75775957941563e-05, 'epoch': 14.45}
{'loss': 1.4343, 'grad_norm': 0.1757495105266571, 'learning_rate': 5.756074545883463e-05, 'epoch': 14.46}
{'loss': 1.4323, 'grad_norm': 0.2052481472492218, 'learning_rate': 5.754389512351296e-05, 'epoch': 14.46}
{'loss': 1.4334, 'grad_norm': 0.1878000944852829, 'learning_rate': 5.752704478819129e-05, 'epoch': 14.47}
{'loss': 1.4344, 'grad_norm': 0.1576884239912033, 'learning_rate': 5.7510194452869615e-05, 'epoch': 14.47}
{'loss': 1.4328, 'grad_norm': 0.16859078407287598, 'learning_rate': 5.749334411754794e-05, 'epoch': 14.48}
{'loss': 1.4352, 'grad_norm': 0.21146374940872192, 'learning_rate': 5.747649378222627e-05, 'epoch': 14.48}
{'loss': 1.4345, 'grad_norm': 0.29738157987594604, 'learning_rate': 5.74596434469046e-05, 'epoch': 14.49}
{'loss': 1.4339, 'grad_norm': 0.2333701103925705, 'learning_rate': 5.744279311158293e-05, 'epoch': 14.49}
{'loss': 1.4341, 'grad_norm': 0.3406069278717041, 'learning_rate': 5.7425942776261254e-05, 'epoch': 14.49}
{'loss': 1.4334, 'grad_norm': 0.15841534733772278, 'learning_rate': 5.740909244093958e-05, 'epoch': 14.5}
{'loss': 1.4331, 'grad_norm': 0.23286820948123932, 'learning_rate': 5.73922421056179e-05, 'epoch': 14.5}
{'loss': 1.4324, 'grad_norm': 0.17332592606544495, 'learning_rate': 5.737539177029623e-05, 'epoch': 14.51}
{'loss': 1.4326, 'grad_norm': 0.23548123240470886, 'learning_rate': 5.7358541434974555e-05, 'epoch': 14.51}
{'loss': 1.432, 'grad_norm': 0.2857804000377655, 'learning_rate': 5.7341691099652886e-05, 'epoch': 14.52}
{'loss': 1.4333, 'grad_norm': 0.24514532089233398, 'learning_rate': 5.732484076433121e-05, 'epoch': 14.52}
{'loss': 1.4317, 'grad_norm': 0.14159230887889862, 'learning_rate': 5.730799042900954e-05, 'epoch': 14.53}
{'loss': 1.4325, 'grad_norm': 0.23088568449020386, 'learning_rate': 5.729114009368787e-05, 'epoch': 14.53}
{'loss': 1.4313, 'grad_norm': 0.15068523585796356, 'learning_rate': 5.7274289758366194e-05, 'epoch': 14.54}
{'loss': 1.4326, 'grad_norm': 0.1462136059999466, 'learning_rate': 5.7257439423044526e-05, 'epoch': 14.54}
{'loss': 1.4325, 'grad_norm': 0.10230298340320587, 'learning_rate': 5.724058908772285e-05, 'epoch': 14.55}
{'loss': 1.4331, 'grad_norm': 0.11790082603693008, 'learning_rate': 5.722373875240118e-05, 'epoch': 14.55}
{'loss': 1.4325, 'grad_norm': 0.4621882438659668, 'learning_rate': 5.720688841707951e-05, 'epoch': 14.55}
{'loss': 1.4324, 'grad_norm': 0.32846739888191223, 'learning_rate': 5.719003808175783e-05, 'epoch': 14.56}
pred : ardent in the prosecution of heresy cyril auspiciously opened his reign by oppressing the novations the most innocent and harmless of the sectaries
label: ardent in the prosecution of heresy cyril auspiciously opened his reign by oppressing the novatians the most innocent and harmless of the sectaries
pred : without any legal sentence without any royal mandate the patriarch at the dawn of day led a seditious multitude to the attack of the synagogues
label: without any legal sentence without any royal mandate the patriarch at the dawn of day led a seditious multitude to the attack of the synagogues
pred : such crimes would have deserved the animadversion of the magistrate but in this promiscuous outrage the innocent were confounded with the guilty and alexandria was impoverished by the loss of a wealthy and industrious colony
label: such crimes would have deserved the animadversion of the magistrate but in this promiscuous outrage the innocent were confounded with the guilty and alexandria was impoverished by the loss of a wealthy and industrious colony
pred : ardent in the prosecution of heresy cyril auspiciously opened his reign by oppressing the novations the most innocent and harmless of the sectaries
label: ardent in the prosecution of heresy cyril auspiciously opened his reign by oppressing the novatians the most innocent and harmless of the sectaries
pred : without any legal sentence without any royal mandate the patriarch at the dawn of day led a seditious multitude to the attack of the synagogues
label: without any legal sentence without any royal mandate the patriarch at the dawn of day led a seditious multitude to the attack of the synagogues
pred : such crimes would have deserved the animadversion of the magistrate but in this promiscuous outrage the innocent were confounded with the guilty and alexandria was impoverished by the loss of a wealthy and industrious colony
label: such crimes would have deserved the animadversion of the magistrate but in this promiscuous outrage the innocent were confounded with the guilty and alexandria was impoverished by the loss of a wealthy and industrious colony
pred : ardent in the prosecution of heresy cyril auspiciously opened his reign by oppressing the novations the most innocent and harmless of the sectaries
label: ardent in the prosecution of heresy cyril auspiciously opened his reign by oppressing the novatians the most innocent and harmless of the sectaries
pred : without any legal sentence without any royal mandate the patriarch at the dawn of day led a seditious multitude to the attack of the synagogues
label: without any legal sentence without any royal mandate the patriarch at the dawn of day led a seditious multitude to the attack of the synagogues
pred : such crimes would have deserved the animadversion of the magistrate but in this promiscuous outrage the innocent were confounded with the guilty and alexandria was impoverished by the loss of a wealthy and industrious colony
label: such crimes would have deserved the animadversion of the magistrate but in this promiscuous outrage the innocent were confounded with the guilty and alexandria was impoverished by the loss of a wealthy and industrious colony
pred : ardent in the prosecution of heresy cyril auspiciously opened his reign by oppressing the novations the most innocent and harmless of the sectaries
label: ardent in the prosecution of heresy cyril auspiciously opened his reign by oppressing the novatians the most innocent and harmless of the sectaries
pred : without any legal sentence without any royal mandate the patriarch at the dawn of day led a seditious multitude to the attack of the synagogues
label: without any legal sentence without any royal mandate the patriarch at the dawn of day led a seditious multitude to the attack of the synagogues
pred : such crimes would have deserved the animadversion of the magistrate but in this promiscuous outrage the innocent were confounded with the guilty and alexandria was impoverished by the loss of a wealthy and industrious colony
label: such crimes would have deserved the animadversion of the magistrate but in this promiscuous outrage the innocent were confounded with the guilty and alexandria was impoverished by the loss of a wealthy and industrious colony
{'eval_loss': 1.658969521522522, 'eval_bleu': 96.18945140627586, 'eval_wer': 0.023782183291735075, 'eval_cer': 0.016609744046567152, 'eval_rouge1': 0.9828535065417066, 'eval_rouge2': 0.9707473860377271, 'eval_rougeL': 0.9828182270825759, 'eval_runtime': 88.4586, 'eval_samples_per_second': 62.933, 'eval_steps_per_second': 0.328, 'epoch': 14.56}
{'loss': 1.4329, 'grad_norm': 0.25239425897598267, 'learning_rate': 5.717318774643615e-05, 'epoch': 14.56}
{'loss': 1.433, 'grad_norm': 0.1505955308675766, 'learning_rate': 5.715633741111448e-05, 'epoch': 14.57}
{'loss': 1.4331, 'grad_norm': 0.1779213696718216, 'learning_rate': 5.713948707579281e-05, 'epoch': 14.57}
{'loss': 1.4316, 'grad_norm': 0.1686660796403885, 'learning_rate': 5.712263674047113e-05, 'epoch': 14.58}
{'loss': 1.4329, 'grad_norm': 0.33429569005966187, 'learning_rate': 5.7105786405149465e-05, 'epoch': 14.58}
{'loss': 1.4327, 'grad_norm': 0.1507764756679535, 'learning_rate': 5.708893606982779e-05, 'epoch': 14.59}
{'loss': 1.432, 'grad_norm': 0.20562556385993958, 'learning_rate': 5.707208573450612e-05, 'epoch': 14.59}
{'loss': 1.4318, 'grad_norm': 0.30605074763298035, 'learning_rate': 5.705523539918445e-05, 'epoch': 14.6}
{'loss': 1.4317, 'grad_norm': 0.13292784988880157, 'learning_rate': 5.703838506386278e-05, 'epoch': 14.6}
{'loss': 1.4317, 'grad_norm': 0.12128803879022598, 'learning_rate': 5.7021534728541104e-05, 'epoch': 14.6}
{'loss': 1.4321, 'grad_norm': 0.09368159621953964, 'learning_rate': 5.700468439321943e-05, 'epoch': 14.61}
{'loss': 1.4314, 'grad_norm': 0.17256209254264832, 'learning_rate': 5.698783405789776e-05, 'epoch': 14.61}
{'loss': 1.4329, 'grad_norm': 0.16921618580818176, 'learning_rate': 5.697098372257608e-05, 'epoch': 14.62}
{'loss': 1.4322, 'grad_norm': 0.32175594568252563, 'learning_rate': 5.6954133387254405e-05, 'epoch': 14.62}
{'loss': 1.431, 'grad_norm': 0.15629838407039642, 'learning_rate': 5.693728305193273e-05, 'epoch': 14.63}
{'loss': 1.4322, 'grad_norm': 0.3592125177383423, 'learning_rate': 5.692043271661106e-05, 'epoch': 14.63}
{'loss': 1.4318, 'grad_norm': 0.25732484459877014, 'learning_rate': 5.690358238128939e-05, 'epoch': 14.64}
{'loss': 1.4323, 'grad_norm': 0.15264087915420532, 'learning_rate': 5.688673204596772e-05, 'epoch': 14.64}
{'loss': 1.4338, 'grad_norm': 0.13580143451690674, 'learning_rate': 5.6869881710646044e-05, 'epoch': 14.65}
{'loss': 1.4343, 'grad_norm': 0.22554773092269897, 'learning_rate': 5.6853031375324376e-05, 'epoch': 14.65}
{'loss': 1.4332, 'grad_norm': 0.13597258925437927, 'learning_rate': 5.68361810400027e-05, 'epoch': 14.65}
{'loss': 1.4336, 'grad_norm': 0.13265199959278107, 'learning_rate': 5.6819330704681026e-05, 'epoch': 14.66}
{'loss': 1.4325, 'grad_norm': 0.2869822382926941, 'learning_rate': 5.680248036935936e-05, 'epoch': 14.66}
{'loss': 1.4331, 'grad_norm': 0.15802940726280212, 'learning_rate': 5.678563003403768e-05, 'epoch': 14.67}
{'loss': 1.4342, 'grad_norm': 0.12436115741729736, 'learning_rate': 5.6768779698716015e-05, 'epoch': 14.67}
{'loss': 1.4324, 'grad_norm': 0.1771382987499237, 'learning_rate': 5.6751929363394326e-05, 'epoch': 14.68}
{'loss': 1.4343, 'grad_norm': 0.49430719017982483, 'learning_rate': 5.673507902807266e-05, 'epoch': 14.68}
{'loss': 1.4335, 'grad_norm': 0.13998264074325562, 'learning_rate': 5.671822869275098e-05, 'epoch': 14.69}
{'loss': 1.4341, 'grad_norm': 0.16385313868522644, 'learning_rate': 5.6701378357429315e-05, 'epoch': 14.69}
{'loss': 1.434, 'grad_norm': 0.465349018573761, 'learning_rate': 5.668452802210764e-05, 'epoch': 14.7}
{'loss': 1.4346, 'grad_norm': 0.45394372940063477, 'learning_rate': 5.666767768678597e-05, 'epoch': 14.7}
{'loss': 1.4336, 'grad_norm': 0.1475525051355362, 'learning_rate': 5.66508273514643e-05, 'epoch': 14.7}
{'loss': 1.433, 'grad_norm': 0.11462181061506271, 'learning_rate': 5.663397701614262e-05, 'epoch': 14.71}
{'loss': 1.4338, 'grad_norm': 0.1834598183631897, 'learning_rate': 5.6617126680820954e-05, 'epoch': 14.71}
{'loss': 1.4316, 'grad_norm': 0.1806880086660385, 'learning_rate': 5.660027634549928e-05, 'epoch': 14.72}
{'loss': 1.4311, 'grad_norm': 0.7387474179267883, 'learning_rate': 5.658342601017761e-05, 'epoch': 14.72}
{'loss': 1.4318, 'grad_norm': 0.12202990055084229, 'learning_rate': 5.6566575674855936e-05, 'epoch': 14.73}
{'loss': 1.4337, 'grad_norm': 0.1636088788509369, 'learning_rate': 5.6549725339534255e-05, 'epoch': 14.73}
{'loss': 1.433, 'grad_norm': 0.2500552237033844, 'learning_rate': 5.653287500421258e-05, 'epoch': 14.74}
{'loss': 1.4335, 'grad_norm': 0.30130019783973694, 'learning_rate': 5.651602466889091e-05, 'epoch': 14.74}
{'loss': 1.4342, 'grad_norm': 0.11992131173610687, 'learning_rate': 5.649917433356924e-05, 'epoch': 14.75}
{'loss': 1.4322, 'grad_norm': 0.1618298888206482, 'learning_rate': 5.648232399824757e-05, 'epoch': 14.75}
{'loss': 1.4323, 'grad_norm': 0.4140808880329132, 'learning_rate': 5.6465473662925894e-05, 'epoch': 14.75}
{'loss': 1.4324, 'grad_norm': 0.14671875536441803, 'learning_rate': 5.644862332760422e-05, 'epoch': 14.76}
{'loss': 1.4324, 'grad_norm': 0.39809978008270264, 'learning_rate': 5.643177299228255e-05, 'epoch': 14.76}
{'loss': 1.4327, 'grad_norm': 0.125131756067276, 'learning_rate': 5.6414922656960876e-05, 'epoch': 14.77}
{'loss': 1.4325, 'grad_norm': 0.17919844388961792, 'learning_rate': 5.639807232163921e-05, 'epoch': 14.77}
{'loss': 1.4326, 'grad_norm': 0.2746923863887787, 'learning_rate': 5.638122198631753e-05, 'epoch': 14.78}
{'loss': 1.4328, 'grad_norm': 0.21596655249595642, 'learning_rate': 5.6364371650995865e-05, 'epoch': 14.78}
{'loss': 1.4328, 'grad_norm': 0.20622755587100983, 'learning_rate': 5.634752131567419e-05, 'epoch': 14.79}
{'loss': 1.4326, 'grad_norm': 0.23063109815120697, 'learning_rate': 5.633067098035251e-05, 'epoch': 14.79}
{'loss': 1.4316, 'grad_norm': 0.2697208523750305, 'learning_rate': 5.631382064503083e-05, 'epoch': 14.8}
{'loss': 1.4315, 'grad_norm': 0.18149825930595398, 'learning_rate': 5.6296970309709165e-05, 'epoch': 14.8}
{'loss': 1.4382, 'grad_norm': 0.24901756644248962, 'learning_rate': 5.628011997438749e-05, 'epoch': 14.8}
{'loss': 1.432, 'grad_norm': 0.24362808465957642, 'learning_rate': 5.6263269639065815e-05, 'epoch': 14.81}
{'loss': 1.4319, 'grad_norm': 0.1440875381231308, 'learning_rate': 5.624641930374415e-05, 'epoch': 14.81}
{'loss': 1.4311, 'grad_norm': 0.10714992135763168, 'learning_rate': 5.622956896842247e-05, 'epoch': 14.82}
{'loss': 1.4334, 'grad_norm': 0.20908111333847046, 'learning_rate': 5.6212718633100804e-05, 'epoch': 14.82}
{'loss': 1.4313, 'grad_norm': 0.16405729949474335, 'learning_rate': 5.619586829777913e-05, 'epoch': 14.83}
{'loss': 1.4323, 'grad_norm': 0.17963872849941254, 'learning_rate': 5.617901796245746e-05, 'epoch': 14.83}
{'loss': 1.4316, 'grad_norm': 0.20456476509571075, 'learning_rate': 5.6162167627135786e-05, 'epoch': 14.84}
{'loss': 1.4332, 'grad_norm': 0.15049779415130615, 'learning_rate': 5.614531729181411e-05, 'epoch': 14.84}
{'loss': 1.4316, 'grad_norm': 0.11929774284362793, 'learning_rate': 5.612846695649243e-05, 'epoch': 14.85}
{'loss': 1.4323, 'grad_norm': 0.1959463357925415, 'learning_rate': 5.611161662117076e-05, 'epoch': 14.85}
{'loss': 1.4328, 'grad_norm': 0.31839123368263245, 'learning_rate': 5.609476628584909e-05, 'epoch': 14.85}
{'loss': 1.4326, 'grad_norm': 0.14703470468521118, 'learning_rate': 5.607791595052742e-05, 'epoch': 14.86}
{'loss': 1.4319, 'grad_norm': 0.18787387013435364, 'learning_rate': 5.6061065615205744e-05, 'epoch': 14.86}
{'loss': 1.4334, 'grad_norm': 0.18558262288570404, 'learning_rate': 5.604421527988407e-05, 'epoch': 14.87}
{'loss': 1.4324, 'grad_norm': 0.19452694058418274, 'learning_rate': 5.60273649445624e-05, 'epoch': 14.87}
{'loss': 1.4313, 'grad_norm': 0.14361873269081116, 'learning_rate': 5.6010514609240726e-05, 'epoch': 14.88}
{'loss': 1.4322, 'grad_norm': 0.10005520284175873, 'learning_rate': 5.599366427391906e-05, 'epoch': 14.88}
{'loss': 1.4322, 'grad_norm': 0.23618818819522858, 'learning_rate': 5.597681393859738e-05, 'epoch': 14.89}
{'loss': 1.4309, 'grad_norm': 0.25280365347862244, 'learning_rate': 5.595996360327571e-05, 'epoch': 14.89}
{'loss': 1.4321, 'grad_norm': 0.22202107310295105, 'learning_rate': 5.594311326795404e-05, 'epoch': 14.9}
{'loss': 1.4322, 'grad_norm': 0.173120379447937, 'learning_rate': 5.5926262932632365e-05, 'epoch': 14.9}
{'loss': 1.4314, 'grad_norm': 0.1393284946680069, 'learning_rate': 5.5909412597310683e-05, 'epoch': 14.9}
{'loss': 1.4327, 'grad_norm': 0.15469953417778015, 'learning_rate': 5.5892562261989015e-05, 'epoch': 14.91}
{'loss': 1.4323, 'grad_norm': 0.13791745901107788, 'learning_rate': 5.587571192666734e-05, 'epoch': 14.91}
{'loss': 1.4326, 'grad_norm': 0.22506889700889587, 'learning_rate': 5.5858861591345666e-05, 'epoch': 14.92}
{'loss': 1.4321, 'grad_norm': 0.1939689964056015, 'learning_rate': 5.5842011256024e-05, 'epoch': 14.92}
{'loss': 1.4322, 'grad_norm': 0.20995083451271057, 'learning_rate': 5.582516092070232e-05, 'epoch': 14.93}
{'loss': 1.4339, 'grad_norm': 0.13591952621936798, 'learning_rate': 5.5808310585380654e-05, 'epoch': 14.93}
{'loss': 1.4318, 'grad_norm': 0.23497526347637177, 'learning_rate': 5.579146025005898e-05, 'epoch': 14.94}
{'loss': 1.4336, 'grad_norm': 0.32108303904533386, 'learning_rate': 5.5774609914737305e-05, 'epoch': 14.94}
{'loss': 1.4322, 'grad_norm': 0.1843467652797699, 'learning_rate': 5.5757759579415637e-05, 'epoch': 14.95}
{'loss': 1.4322, 'grad_norm': 0.31361058354377747, 'learning_rate': 5.574090924409396e-05, 'epoch': 14.95}
{'loss': 1.4317, 'grad_norm': 0.1361405998468399, 'learning_rate': 5.5724058908772294e-05, 'epoch': 14.95}
{'loss': 1.4316, 'grad_norm': 0.1711990386247635, 'learning_rate': 5.570720857345061e-05, 'epoch': 14.96}
{'loss': 1.4319, 'grad_norm': 0.19954310357570648, 'learning_rate': 5.569035823812894e-05, 'epoch': 14.96}
{'loss': 1.4325, 'grad_norm': 0.14819873869419098, 'learning_rate': 5.567350790280726e-05, 'epoch': 14.97}
{'loss': 1.4333, 'grad_norm': 0.16989640891551971, 'learning_rate': 5.5656657567485594e-05, 'epoch': 14.97}
{'loss': 1.4331, 'grad_norm': 0.17428846657276154, 'learning_rate': 5.563980723216392e-05, 'epoch': 14.98}
{'loss': 1.4317, 'grad_norm': 0.13346387445926666, 'learning_rate': 5.562295689684225e-05, 'epoch': 14.98}
{'loss': 1.4322, 'grad_norm': 0.15214093029499054, 'learning_rate': 5.5606106561520576e-05, 'epoch': 14.99}
{'loss': 1.4323, 'grad_norm': 0.1904335469007492, 'learning_rate': 5.558925622619891e-05, 'epoch': 14.99}
{'loss': 1.4321, 'grad_norm': 0.2010553777217865, 'learning_rate': 5.557240589087723e-05, 'epoch': 15.0}
{'loss': 1.4324, 'grad_norm': 0.12723255157470703, 'learning_rate': 5.555555555555556e-05, 'epoch': 15.0}
{'loss': 1.4294, 'grad_norm': 0.16514095664024353, 'learning_rate': 5.553870522023389e-05, 'epoch': 15.0}
{'loss': 1.43, 'grad_norm': 0.12356260418891907, 'learning_rate': 5.5521854884912215e-05, 'epoch': 15.01}
{'loss': 1.4301, 'grad_norm': 0.12668609619140625, 'learning_rate': 5.550500454959055e-05, 'epoch': 15.01}
{'loss': 1.4304, 'grad_norm': 0.12919385731220245, 'learning_rate': 5.548815421426886e-05, 'epoch': 15.02}
{'loss': 1.4305, 'grad_norm': 0.1551138460636139, 'learning_rate': 5.547130387894719e-05, 'epoch': 15.02}
{'loss': 1.43, 'grad_norm': 0.22670845687389374, 'learning_rate': 5.5454453543625516e-05, 'epoch': 15.03}
{'loss': 1.4306, 'grad_norm': 0.34585997462272644, 'learning_rate': 5.543760320830385e-05, 'epoch': 15.03}
{'loss': 1.4302, 'grad_norm': 0.2838481664657593, 'learning_rate': 5.542075287298217e-05, 'epoch': 15.04}
{'loss': 1.4307, 'grad_norm': 0.11530742794275284, 'learning_rate': 5.5403902537660505e-05, 'epoch': 15.04}
{'loss': 1.4289, 'grad_norm': 0.450971394777298, 'learning_rate': 5.538705220233883e-05, 'epoch': 15.05}
{'loss': 1.4299, 'grad_norm': 0.24504992365837097, 'learning_rate': 5.5370201867017155e-05, 'epoch': 15.05}
{'loss': 1.4309, 'grad_norm': 0.23046576976776123, 'learning_rate': 5.535335153169549e-05, 'epoch': 15.05}
{'loss': 1.4297, 'grad_norm': 0.11401539295911789, 'learning_rate': 5.533650119637381e-05, 'epoch': 15.06}
{'loss': 1.4296, 'grad_norm': 0.2149747908115387, 'learning_rate': 5.5319650861052144e-05, 'epoch': 15.06}
{'loss': 1.4304, 'grad_norm': 0.10289695858955383, 'learning_rate': 5.530280052573047e-05, 'epoch': 15.07}
{'loss': 1.4312, 'grad_norm': 0.32497939467430115, 'learning_rate': 5.52859501904088e-05, 'epoch': 15.07}
{'loss': 1.4301, 'grad_norm': 0.17336471378803253, 'learning_rate': 5.526909985508711e-05, 'epoch': 15.08}
{'loss': 1.4306, 'grad_norm': 0.5238379836082458, 'learning_rate': 5.5252249519765444e-05, 'epoch': 15.08}
{'loss': 1.4302, 'grad_norm': 0.12970036268234253, 'learning_rate': 5.523539918444377e-05, 'epoch': 15.09}
{'loss': 1.4312, 'grad_norm': 0.15748044848442078, 'learning_rate': 5.52185488491221e-05, 'epoch': 15.09}
{'loss': 1.431, 'grad_norm': 0.5203407406806946, 'learning_rate': 5.5201698513800426e-05, 'epoch': 15.1}
{'loss': 1.4305, 'grad_norm': 0.26014241576194763, 'learning_rate': 5.518484817847875e-05, 'epoch': 15.1}
{'loss': 1.4312, 'grad_norm': 0.13527002930641174, 'learning_rate': 5.516799784315708e-05, 'epoch': 15.1}
{'loss': 1.4316, 'grad_norm': 0.11879324913024902, 'learning_rate': 5.515114750783541e-05, 'epoch': 15.11}
{'loss': 1.4306, 'grad_norm': 0.1553015410900116, 'learning_rate': 5.513429717251374e-05, 'epoch': 15.11}
{'loss': 1.4301, 'grad_norm': 0.11719158291816711, 'learning_rate': 5.5117446837192065e-05, 'epoch': 15.12}
{'loss': 1.429, 'grad_norm': 0.14819566905498505, 'learning_rate': 5.51005965018704e-05, 'epoch': 15.12}
{'loss': 1.4302, 'grad_norm': 0.22798505425453186, 'learning_rate': 5.508374616654872e-05, 'epoch': 15.13}
{'loss': 1.4301, 'grad_norm': 0.13589705526828766, 'learning_rate': 5.506689583122704e-05, 'epoch': 15.13}
{'loss': 1.4302, 'grad_norm': 0.17517025768756866, 'learning_rate': 5.5050045495905366e-05, 'epoch': 15.14}
{'loss': 1.4296, 'grad_norm': 0.3306766152381897, 'learning_rate': 5.50331951605837e-05, 'epoch': 15.14}
{'loss': 1.4307, 'grad_norm': 0.12253615260124207, 'learning_rate': 5.501634482526202e-05, 'epoch': 15.15}
{'loss': 1.4301, 'grad_norm': 0.10517476499080658, 'learning_rate': 5.499949448994035e-05, 'epoch': 15.15}
{'loss': 1.4294, 'grad_norm': 0.1172609031200409, 'learning_rate': 5.498264415461868e-05, 'epoch': 15.15}
{'loss': 1.4303, 'grad_norm': 0.14062093198299408, 'learning_rate': 5.4965793819297005e-05, 'epoch': 15.16}
{'loss': 1.4307, 'grad_norm': 1.01161527633667, 'learning_rate': 5.494894348397534e-05, 'epoch': 15.16}
{'loss': 1.4302, 'grad_norm': 0.22123239934444427, 'learning_rate': 5.493209314865366e-05, 'epoch': 15.17}
{'loss': 1.4308, 'grad_norm': 0.14132964611053467, 'learning_rate': 5.4915242813331994e-05, 'epoch': 15.17}
{'loss': 1.4309, 'grad_norm': 0.16670182347297668, 'learning_rate': 5.489839247801032e-05, 'epoch': 15.18}
{'loss': 1.4309, 'grad_norm': 0.28791695833206177, 'learning_rate': 5.4881542142688644e-05, 'epoch': 15.18}
{'loss': 1.4301, 'grad_norm': 0.2750949561595917, 'learning_rate': 5.4864691807366976e-05, 'epoch': 15.19}
{'loss': 1.4313, 'grad_norm': 0.21556471288204193, 'learning_rate': 5.4847841472045294e-05, 'epoch': 15.19}
{'loss': 1.4304, 'grad_norm': 0.11627396941184998, 'learning_rate': 5.483099113672362e-05, 'epoch': 15.2}
{'loss': 1.4295, 'grad_norm': 0.1701996624469757, 'learning_rate': 5.4814140801401944e-05, 'epoch': 15.2}
{'loss': 1.4304, 'grad_norm': 0.1431368738412857, 'learning_rate': 5.4797290466080276e-05, 'epoch': 15.2}
{'loss': 1.43, 'grad_norm': 0.408050537109375, 'learning_rate': 5.47804401307586e-05, 'epoch': 15.21}
{'loss': 1.4296, 'grad_norm': 0.13268791139125824, 'learning_rate': 5.476358979543693e-05, 'epoch': 15.21}
{'loss': 1.4301, 'grad_norm': 0.10287937521934509, 'learning_rate': 5.474673946011526e-05, 'epoch': 15.22}
{'loss': 1.4304, 'grad_norm': 0.5467893481254578, 'learning_rate': 5.472988912479359e-05, 'epoch': 15.22}
{'loss': 1.4317, 'grad_norm': 0.11045295745134354, 'learning_rate': 5.4713038789471915e-05, 'epoch': 15.23}
{'loss': 1.4305, 'grad_norm': 0.09913758188486099, 'learning_rate': 5.469618845415024e-05, 'epoch': 15.23}
{'loss': 1.4295, 'grad_norm': 0.09659884124994278, 'learning_rate': 5.467933811882857e-05, 'epoch': 15.24}
{'loss': 1.4311, 'grad_norm': 0.3181678354740143, 'learning_rate': 5.46624877835069e-05, 'epoch': 15.24}
{'loss': 1.4295, 'grad_norm': 0.1305471807718277, 'learning_rate': 5.4645637448185216e-05, 'epoch': 15.25}
{'loss': 1.4302, 'grad_norm': 0.14167438447475433, 'learning_rate': 5.462878711286354e-05, 'epoch': 15.25}
{'loss': 1.431, 'grad_norm': 0.11138798296451569, 'learning_rate': 5.461193677754187e-05, 'epoch': 15.25}
{'loss': 1.4306, 'grad_norm': 0.10841622948646545, 'learning_rate': 5.45950864422202e-05, 'epoch': 15.26}
{'loss': 1.4309, 'grad_norm': 0.3656575083732605, 'learning_rate': 5.457823610689853e-05, 'epoch': 15.26}
{'loss': 1.4309, 'grad_norm': 0.1725623607635498, 'learning_rate': 5.4561385771576855e-05, 'epoch': 15.27}
{'loss': 1.4304, 'grad_norm': 0.12883971631526947, 'learning_rate': 5.454453543625519e-05, 'epoch': 15.27}
{'loss': 1.4297, 'grad_norm': 0.24593055248260498, 'learning_rate': 5.452768510093351e-05, 'epoch': 15.28}
{'loss': 1.4306, 'grad_norm': 0.20008355379104614, 'learning_rate': 5.451083476561184e-05, 'epoch': 15.28}
{'loss': 1.4303, 'grad_norm': 0.12068202346563339, 'learning_rate': 5.449398443029017e-05, 'epoch': 15.29}
{'loss': 1.4305, 'grad_norm': 0.12711375951766968, 'learning_rate': 5.4477134094968494e-05, 'epoch': 15.29}
{'loss': 1.4297, 'grad_norm': 0.13495559990406036, 'learning_rate': 5.4460283759646826e-05, 'epoch': 15.3}
{'loss': 1.4312, 'grad_norm': 0.1391913890838623, 'learning_rate': 5.444343342432515e-05, 'epoch': 15.3}
{'loss': 1.4298, 'grad_norm': 0.136992409825325, 'learning_rate': 5.442658308900347e-05, 'epoch': 15.3}
{'loss': 1.4312, 'grad_norm': 0.17124709486961365, 'learning_rate': 5.4409732753681794e-05, 'epoch': 15.31}
{'loss': 1.431, 'grad_norm': 0.26117414236068726, 'learning_rate': 5.4392882418360126e-05, 'epoch': 15.31}
{'loss': 1.4306, 'grad_norm': 0.2594064474105835, 'learning_rate': 5.437603208303845e-05, 'epoch': 15.32}
{'loss': 1.4314, 'grad_norm': 0.12353866547346115, 'learning_rate': 5.435918174771678e-05, 'epoch': 15.32}
{'loss': 1.4301, 'grad_norm': 0.13572311401367188, 'learning_rate': 5.434233141239511e-05, 'epoch': 15.33}
{'loss': 1.4302, 'grad_norm': 0.13296502828598022, 'learning_rate': 5.4325481077073434e-05, 'epoch': 15.33}
{'loss': 1.431, 'grad_norm': 0.26962190866470337, 'learning_rate': 5.4308630741751765e-05, 'epoch': 15.34}
{'loss': 1.4309, 'grad_norm': 0.22368673980236053, 'learning_rate': 5.429178040643009e-05, 'epoch': 15.34}
{'loss': 1.4306, 'grad_norm': 0.21471020579338074, 'learning_rate': 5.427493007110842e-05, 'epoch': 15.35}
{'loss': 1.4298, 'grad_norm': 0.2656782865524292, 'learning_rate': 5.425807973578675e-05, 'epoch': 15.35}
{'loss': 1.4309, 'grad_norm': 0.14048856496810913, 'learning_rate': 5.424122940046508e-05, 'epoch': 15.35}
{'loss': 1.4302, 'grad_norm': 0.12782526016235352, 'learning_rate': 5.422437906514339e-05, 'epoch': 15.36}
{'loss': 1.4304, 'grad_norm': 0.1909433752298355, 'learning_rate': 5.420752872982172e-05, 'epoch': 15.36}
{'loss': 1.4301, 'grad_norm': 0.1664791703224182, 'learning_rate': 5.419067839450005e-05, 'epoch': 15.37}
{'loss': 1.4301, 'grad_norm': 0.11382348090410233, 'learning_rate': 5.417382805917838e-05, 'epoch': 15.37}
{'loss': 1.4296, 'grad_norm': 0.13140709698200226, 'learning_rate': 5.4156977723856705e-05, 'epoch': 15.38}
{'loss': 1.4304, 'grad_norm': 0.4664471745491028, 'learning_rate': 5.414012738853504e-05, 'epoch': 15.38}
{'loss': 1.4303, 'grad_norm': 0.12848205864429474, 'learning_rate': 5.412327705321336e-05, 'epoch': 15.39}
{'loss': 1.4303, 'grad_norm': 0.1752890944480896, 'learning_rate': 5.410642671789169e-05, 'epoch': 15.39}
{'loss': 1.4317, 'grad_norm': 0.11438275128602982, 'learning_rate': 5.408957638257002e-05, 'epoch': 15.4}
{'loss': 1.4301, 'grad_norm': 0.12441294640302658, 'learning_rate': 5.4072726047248344e-05, 'epoch': 15.4}
{'loss': 1.4306, 'grad_norm': 0.32420745491981506, 'learning_rate': 5.4055875711926676e-05, 'epoch': 15.4}
{'loss': 1.4303, 'grad_norm': 0.10570569336414337, 'learning_rate': 5.4039025376605e-05, 'epoch': 15.41}
{'loss': 1.4296, 'grad_norm': 0.1349448263645172, 'learning_rate': 5.4022175041283326e-05, 'epoch': 15.41}
{'loss': 1.4301, 'grad_norm': 0.10934010148048401, 'learning_rate': 5.4005324705961645e-05, 'epoch': 15.42}
{'loss': 1.4304, 'grad_norm': 0.12080592662096024, 'learning_rate': 5.3988474370639976e-05, 'epoch': 15.42}
{'loss': 1.4288, 'grad_norm': 0.14332903921604156, 'learning_rate': 5.39716240353183e-05, 'epoch': 15.43}
{'loss': 1.4303, 'grad_norm': 0.7131028175354004, 'learning_rate': 5.3954773699996633e-05, 'epoch': 15.43}
{'loss': 1.4308, 'grad_norm': 0.6448094844818115, 'learning_rate': 5.393792336467496e-05, 'epoch': 15.44}
{'loss': 1.4296, 'grad_norm': 0.11974537372589111, 'learning_rate': 5.3921073029353284e-05, 'epoch': 15.44}
{'loss': 1.4308, 'grad_norm': 0.4594532251358032, 'learning_rate': 5.3904222694031616e-05, 'epoch': 15.45}
{'loss': 1.4303, 'grad_norm': 0.23616386950016022, 'learning_rate': 5.388737235870994e-05, 'epoch': 15.45}
{'loss': 1.43, 'grad_norm': 0.3706474304199219, 'learning_rate': 5.387052202338827e-05, 'epoch': 15.45}
{'loss': 1.4306, 'grad_norm': 0.12828782200813293, 'learning_rate': 5.38536716880666e-05, 'epoch': 15.46}
{'loss': 1.4304, 'grad_norm': 0.2326112985610962, 'learning_rate': 5.383682135274492e-05, 'epoch': 15.46}
{'loss': 1.4302, 'grad_norm': 0.2438744604587555, 'learning_rate': 5.3819971017423255e-05, 'epoch': 15.47}
pred : ardent in the prosecution of heresy cyril auspiciously opened his reign by oppressing the novations the most innocent and harmless of the sectaries
label: ardent in the prosecution of heresy cyril auspiciously opened his reign by oppressing the novatians the most innocent and harmless of the sectaries
pred : without any legal sentence without any royal mandate the patriarch at the dawn of day led a seditious multitude to the attack of the synagogues
label: without any legal sentence without any royal mandate the patriarch at the dawn of day led a seditious multitude to the attack of the synagogues
pred : such crimes would have deserved the animadversion of the magistrate but in this promiscuous outrage the innocent were confounded with the guilty and alexandria was impoverished by the loss of a wealthy and industrious colony
label: such crimes would have deserved the animadversion of the magistrate but in this promiscuous outrage the innocent were confounded with the guilty and alexandria was impoverished by the loss of a wealthy and industrious colony
pred : ardent in the prosecution of heresy cyril auspiciously opened his reign by oppressing the novations the most innocent and harmless of the sectaries
label: ardent in the prosecution of heresy cyril auspiciously opened his reign by oppressing the novatians the most innocent and harmless of the sectaries
pred : without any legal sentence without any royal mandate the patriarch at the dawn of day led a seditious multitude to the attack of the synagogues
label: without any legal sentence without any royal mandate the patriarch at the dawn of day led a seditious multitude to the attack of the synagogues
pred : such crimes would have deserved the animadversion of the magistrate but in this promiscuous outrage the innocent were confounded with the guilty and alexandria was impoverished by the loss of a wealthy and industrious colony
label: such crimes would have deserved the animadversion of the magistrate but in this promiscuous outrage the innocent were confounded with the guilty and alexandria was impoverished by the loss of a wealthy and industrious colony
pred : ardent in the prosecution of heresy cyril auspiciously opened his reign by oppressing the novations the most innocent and harmless of the sectaries
label: ardent in the prosecution of heresy cyril auspiciously opened his reign by oppressing the novatians the most innocent and harmless of the sectaries
pred : without any legal sentence without any royal mandate the patriarch at the dawn of day led a seditious multitude to the attack of the synagogues
label: without any legal sentence without any royal mandate the patriarch at the dawn of day led a seditious multitude to the attack of the synagogues
pred : such crimes would have deserved the animadversion of the magistrate but in this promiscuous outrage the innocent were confounded with the guilty and alexandria was impoverished by the loss of a wealthy and industrious colony
label: such crimes would have deserved the animadversion of the magistrate but in this promiscuous outrage the innocent were confounded with the guilty and alexandria was impoverished by the loss of a wealthy and industrious colony
pred : ardent in the prosecution of heresy cyril auspiciously opened his reign by oppressing the novations the most innocent and harmless of the sectaries
label: ardent in the prosecution of heresy cyril auspiciously opened his reign by oppressing the novatians the most innocent and harmless of the sectaries
pred : without any legal sentence without any royal mandate the patriarch at the dawn of day led a seditious multitude to the attack of the synagogues
label: without any legal sentence without any royal mandate the patriarch at the dawn of day led a seditious multitude to the attack of the synagogues
pred : such crimes would have deserved the animadversion of the magistrate but in this promiscuous outrage the innocent were confounded with the guilty and alexandria was impoverished by the loss of a wealthy and industrious colony
label: such crimes would have deserved the animadversion of the magistrate but in this promiscuous outrage the innocent were confounded with the guilty and alexandria was impoverished by the loss of a wealthy and industrious colony
{'eval_loss': 1.6058553457260132, 'eval_bleu': 96.11668959156589, 'eval_wer': 0.024655272223434846, 'eval_cer': 0.017139899811379956, 'eval_rouge1': 0.9820710965504662, 'eval_rouge2': 0.969426641149095, 'eval_rougeL': 0.9820767848896128, 'eval_runtime': 89.9463, 'eval_samples_per_second': 61.892, 'eval_steps_per_second': 0.322, 'epoch': 15.47}
{'loss': 1.4308, 'grad_norm': 0.256869912147522, 'learning_rate': 5.380312068210157e-05, 'epoch': 15.47}
{'loss': 1.4306, 'grad_norm': 0.14576108753681183, 'learning_rate': 5.37862703467799e-05, 'epoch': 15.48}
{'loss': 1.4315, 'grad_norm': 0.16652801632881165, 'learning_rate': 5.376942001145823e-05, 'epoch': 15.48}
{'loss': 1.4314, 'grad_norm': 0.1070762351155281, 'learning_rate': 5.3752569676136555e-05, 'epoch': 15.49}
{'loss': 1.4315, 'grad_norm': 0.1895352303981781, 'learning_rate': 5.373571934081488e-05, 'epoch': 15.49}
{'loss': 1.431, 'grad_norm': 0.3784719407558441, 'learning_rate': 5.371886900549321e-05, 'epoch': 15.5}
{'loss': 1.4302, 'grad_norm': 0.4846177101135254, 'learning_rate': 5.370201867017154e-05, 'epoch': 15.5}
{'loss': 1.43, 'grad_norm': 0.11661868542432785, 'learning_rate': 5.368516833484987e-05, 'epoch': 15.51}
{'loss': 1.4304, 'grad_norm': 0.12180831283330917, 'learning_rate': 5.3668317999528194e-05, 'epoch': 15.51}
{'loss': 1.4307, 'grad_norm': 0.13574782013893127, 'learning_rate': 5.3651467664206526e-05, 'epoch': 15.51}
{'loss': 1.4304, 'grad_norm': 0.13735473155975342, 'learning_rate': 5.363461732888485e-05, 'epoch': 15.52}
{'loss': 1.4294, 'grad_norm': 0.09803599119186401, 'learning_rate': 5.3617766993563176e-05, 'epoch': 15.52}
{'loss': 1.4301, 'grad_norm': 0.2667974531650543, 'learning_rate': 5.360091665824151e-05, 'epoch': 15.53}
{'loss': 1.4298, 'grad_norm': 0.12786896526813507, 'learning_rate': 5.3584066322919827e-05, 'epoch': 15.53}
{'loss': 1.431, 'grad_norm': 0.41990402340888977, 'learning_rate': 5.356721598759815e-05, 'epoch': 15.54}
{'loss': 1.4299, 'grad_norm': 0.19377395510673523, 'learning_rate': 5.355036565227648e-05, 'epoch': 15.54}
{'loss': 1.4313, 'grad_norm': 0.20882488787174225, 'learning_rate': 5.353351531695481e-05, 'epoch': 15.55}
{'loss': 1.4293, 'grad_norm': 0.20611438155174255, 'learning_rate': 5.3516664981633134e-05, 'epoch': 15.55}
{'loss': 1.4303, 'grad_norm': 0.11927652359008789, 'learning_rate': 5.3499814646311466e-05, 'epoch': 15.56}
{'loss': 1.4308, 'grad_norm': 0.16195368766784668, 'learning_rate': 5.348296431098979e-05, 'epoch': 15.56}
{'loss': 1.4313, 'grad_norm': 0.19919048249721527, 'learning_rate': 5.346611397566812e-05, 'epoch': 15.56}
{'loss': 1.4306, 'grad_norm': 0.12769216299057007, 'learning_rate': 5.344926364034645e-05, 'epoch': 15.57}
{'loss': 1.4302, 'grad_norm': 0.1475045084953308, 'learning_rate': 5.343241330502477e-05, 'epoch': 15.57}
{'loss': 1.43, 'grad_norm': 0.13703587651252747, 'learning_rate': 5.3415562969703105e-05, 'epoch': 15.58}
{'loss': 1.4307, 'grad_norm': 0.1355549693107605, 'learning_rate': 5.339871263438143e-05, 'epoch': 15.58}
{'loss': 1.4308, 'grad_norm': 0.13888154923915863, 'learning_rate': 5.338186229905975e-05, 'epoch': 15.59}
{'loss': 1.4302, 'grad_norm': 0.2654285132884979, 'learning_rate': 5.336501196373807e-05, 'epoch': 15.59}
{'loss': 1.43, 'grad_norm': 0.16775870323181152, 'learning_rate': 5.3348161628416405e-05, 'epoch': 15.6}
{'loss': 1.4305, 'grad_norm': 0.11161281168460846, 'learning_rate': 5.333131129309473e-05, 'epoch': 15.6}
{'loss': 1.431, 'grad_norm': 0.22851431369781494, 'learning_rate': 5.331446095777306e-05, 'epoch': 15.61}
{'loss': 1.4307, 'grad_norm': 0.13255108892917633, 'learning_rate': 5.329761062245139e-05, 'epoch': 15.61}
{'loss': 1.4311, 'grad_norm': 0.15714800357818604, 'learning_rate': 5.328076028712972e-05, 'epoch': 15.61}
{'loss': 1.4308, 'grad_norm': 0.4184360206127167, 'learning_rate': 5.3263909951808044e-05, 'epoch': 15.62}
{'loss': 1.4305, 'grad_norm': 0.17306973040103912, 'learning_rate': 5.324705961648637e-05, 'epoch': 15.62}
{'loss': 1.4297, 'grad_norm': 0.11003053933382034, 'learning_rate': 5.32302092811647e-05, 'epoch': 15.63}
{'loss': 1.4302, 'grad_norm': 0.5221744775772095, 'learning_rate': 5.3213358945843026e-05, 'epoch': 15.63}
{'loss': 1.4299, 'grad_norm': 0.27372702956199646, 'learning_rate': 5.319650861052136e-05, 'epoch': 15.64}
{'loss': 1.43, 'grad_norm': 0.21475598216056824, 'learning_rate': 5.3179658275199683e-05, 'epoch': 15.64}
{'loss': 1.4317, 'grad_norm': 0.4155513644218445, 'learning_rate': 5.3162807939878e-05, 'epoch': 15.65}
{'loss': 1.4311, 'grad_norm': 0.12921570241451263, 'learning_rate': 5.314595760455633e-05, 'epoch': 15.65}
{'loss': 1.4295, 'grad_norm': 0.12596245110034943, 'learning_rate': 5.312910726923466e-05, 'epoch': 15.66}
{'loss': 1.4305, 'grad_norm': 0.15105117857456207, 'learning_rate': 5.3112256933912984e-05, 'epoch': 15.66}
{'loss': 1.4296, 'grad_norm': 0.12118162214756012, 'learning_rate': 5.3095406598591316e-05, 'epoch': 15.66}
{'loss': 1.4294, 'grad_norm': 0.12732349336147308, 'learning_rate': 5.307855626326964e-05, 'epoch': 15.67}
{'loss': 1.4298, 'grad_norm': 0.142222061753273, 'learning_rate': 5.3061705927947966e-05, 'epoch': 15.67}
{'loss': 1.4311, 'grad_norm': 0.1388501077890396, 'learning_rate': 5.30448555926263e-05, 'epoch': 15.68}
{'loss': 1.4302, 'grad_norm': 0.11944559216499329, 'learning_rate': 5.302800525730462e-05, 'epoch': 15.68}
{'loss': 1.4304, 'grad_norm': 0.4755575656890869, 'learning_rate': 5.3011154921982955e-05, 'epoch': 15.69}
{'loss': 1.4299, 'grad_norm': 0.11322830617427826, 'learning_rate': 5.299430458666128e-05, 'epoch': 15.69}
{'loss': 1.4304, 'grad_norm': 0.09199083596467972, 'learning_rate': 5.297745425133961e-05, 'epoch': 15.7}
{'loss': 1.43, 'grad_norm': 0.13924328982830048, 'learning_rate': 5.296060391601794e-05, 'epoch': 15.7}
{'loss': 1.4297, 'grad_norm': 0.14818042516708374, 'learning_rate': 5.2943753580696255e-05, 'epoch': 15.71}
{'loss': 1.4293, 'grad_norm': 0.10320419818162918, 'learning_rate': 5.292690324537458e-05, 'epoch': 15.71}
{'loss': 1.4298, 'grad_norm': 0.13490915298461914, 'learning_rate': 5.291005291005291e-05, 'epoch': 15.71}
{'loss': 1.4308, 'grad_norm': 0.1826615184545517, 'learning_rate': 5.289320257473124e-05, 'epoch': 15.72}
{'loss': 1.4304, 'grad_norm': 0.12333645671606064, 'learning_rate': 5.287635223940956e-05, 'epoch': 15.72}
{'loss': 1.43, 'grad_norm': 0.426777184009552, 'learning_rate': 5.2859501904087894e-05, 'epoch': 15.73}
{'loss': 1.4303, 'grad_norm': 0.11855771392583847, 'learning_rate': 5.284265156876622e-05, 'epoch': 15.73}
{'loss': 1.4296, 'grad_norm': 0.10327760130167007, 'learning_rate': 5.282580123344455e-05, 'epoch': 15.74}
{'loss': 1.4297, 'grad_norm': 0.17251165211200714, 'learning_rate': 5.2808950898122876e-05, 'epoch': 15.74}
{'loss': 1.4296, 'grad_norm': 0.22010309994220734, 'learning_rate': 5.279210056280121e-05, 'epoch': 15.75}
{'loss': 1.4302, 'grad_norm': 0.13337396085262299, 'learning_rate': 5.2775250227479533e-05, 'epoch': 15.75}
{'loss': 1.4299, 'grad_norm': 0.13617809116840363, 'learning_rate': 5.275839989215786e-05, 'epoch': 15.76}
{'loss': 1.4283, 'grad_norm': 0.25790515542030334, 'learning_rate': 5.274154955683618e-05, 'epoch': 15.76}
{'loss': 1.4304, 'grad_norm': 0.1364949494600296, 'learning_rate': 5.272469922151451e-05, 'epoch': 15.76}
{'loss': 1.4296, 'grad_norm': 0.10941949486732483, 'learning_rate': 5.2707848886192834e-05, 'epoch': 15.77}
{'loss': 1.4297, 'grad_norm': 0.1711852103471756, 'learning_rate': 5.269099855087116e-05, 'epoch': 15.77}
{'loss': 1.4304, 'grad_norm': 0.17180831730365753, 'learning_rate': 5.267414821554949e-05, 'epoch': 15.78}
{'loss': 1.4296, 'grad_norm': 0.08995094150304794, 'learning_rate': 5.2657297880227816e-05, 'epoch': 15.78}
{'loss': 1.4295, 'grad_norm': 0.1460135132074356, 'learning_rate': 5.264044754490615e-05, 'epoch': 15.79}
{'loss': 1.4296, 'grad_norm': 0.10520650446414948, 'learning_rate': 5.262359720958447e-05, 'epoch': 15.79}
{'loss': 1.43, 'grad_norm': 0.14043256640434265, 'learning_rate': 5.2606746874262805e-05, 'epoch': 15.8}
{'loss': 1.4298, 'grad_norm': 0.2602430284023285, 'learning_rate': 5.258989653894113e-05, 'epoch': 15.8}
{'loss': 1.4298, 'grad_norm': 0.1626378446817398, 'learning_rate': 5.2573046203619455e-05, 'epoch': 15.81}
{'loss': 1.4306, 'grad_norm': 0.10803649574518204, 'learning_rate': 5.255619586829779e-05, 'epoch': 15.81}
{'loss': 1.4298, 'grad_norm': 0.1557569056749344, 'learning_rate': 5.253934553297611e-05, 'epoch': 15.81}
{'loss': 1.4295, 'grad_norm': 0.12329842150211334, 'learning_rate': 5.252249519765443e-05, 'epoch': 15.82}
{'loss': 1.4295, 'grad_norm': 0.1616888791322708, 'learning_rate': 5.250564486233276e-05, 'epoch': 15.82}
{'loss': 1.4306, 'grad_norm': 0.155740886926651, 'learning_rate': 5.248879452701109e-05, 'epoch': 15.83}
{'loss': 1.4299, 'grad_norm': 0.2301987111568451, 'learning_rate': 5.247194419168941e-05, 'epoch': 15.83}
{'loss': 1.4301, 'grad_norm': 0.24161092936992645, 'learning_rate': 5.2455093856367744e-05, 'epoch': 15.84}
{'loss': 1.4305, 'grad_norm': 0.12261069566011429, 'learning_rate': 5.243824352104607e-05, 'epoch': 15.84}
{'loss': 1.4301, 'grad_norm': 0.15382321178913116, 'learning_rate': 5.24213931857244e-05, 'epoch': 15.85}
{'loss': 1.4291, 'grad_norm': 0.1004805639386177, 'learning_rate': 5.2404542850402727e-05, 'epoch': 15.85}
{'loss': 1.4308, 'grad_norm': 0.3765919506549835, 'learning_rate': 5.238769251508105e-05, 'epoch': 15.86}
{'loss': 1.4292, 'grad_norm': 0.09871868789196014, 'learning_rate': 5.2370842179759384e-05, 'epoch': 15.86}
{'loss': 1.4295, 'grad_norm': 0.3417234420776367, 'learning_rate': 5.235399184443771e-05, 'epoch': 15.86}
{'loss': 1.43, 'grad_norm': 0.12865668535232544, 'learning_rate': 5.233714150911604e-05, 'epoch': 15.87}
{'loss': 1.431, 'grad_norm': 0.4654901921749115, 'learning_rate': 5.232029117379436e-05, 'epoch': 15.87}
{'loss': 1.4298, 'grad_norm': 0.2020861804485321, 'learning_rate': 5.2303440838472684e-05, 'epoch': 15.88}
{'loss': 1.4299, 'grad_norm': 0.17615634202957153, 'learning_rate': 5.228659050315101e-05, 'epoch': 15.88}
{'loss': 1.4307, 'grad_norm': 0.2873842716217041, 'learning_rate': 5.226974016782934e-05, 'epoch': 15.89}
{'loss': 1.4298, 'grad_norm': 0.12433057278394699, 'learning_rate': 5.2252889832507666e-05, 'epoch': 15.89}
{'loss': 1.4316, 'grad_norm': 0.23704935610294342, 'learning_rate': 5.2236039497186e-05, 'epoch': 15.9}
{'loss': 1.4319, 'grad_norm': 0.16303810477256775, 'learning_rate': 5.221918916186432e-05, 'epoch': 15.9}
{'loss': 1.4311, 'grad_norm': 0.11311910301446915, 'learning_rate': 5.2202338826542655e-05, 'epoch': 15.91}
{'loss': 1.4308, 'grad_norm': 0.17297688126564026, 'learning_rate': 5.218548849122098e-05, 'epoch': 15.91}
{'loss': 1.4303, 'grad_norm': 0.16698819398880005, 'learning_rate': 5.2168638155899305e-05, 'epoch': 15.91}
{'loss': 1.4289, 'grad_norm': 0.11085223406553268, 'learning_rate': 5.215178782057764e-05, 'epoch': 15.92}
{'loss': 1.4307, 'grad_norm': 0.1211438700556755, 'learning_rate': 5.213493748525596e-05, 'epoch': 15.92}
{'loss': 1.4301, 'grad_norm': 0.14748026430606842, 'learning_rate': 5.2118087149934294e-05, 'epoch': 15.93}
{'loss': 1.4297, 'grad_norm': 0.12804672122001648, 'learning_rate': 5.2101236814612606e-05, 'epoch': 15.93}
{'loss': 1.43, 'grad_norm': 0.1112799346446991, 'learning_rate': 5.208438647929094e-05, 'epoch': 15.94}
{'loss': 1.43, 'grad_norm': 0.21081267297267914, 'learning_rate': 5.206753614396926e-05, 'epoch': 15.94}
{'loss': 1.4303, 'grad_norm': 0.1347619891166687, 'learning_rate': 5.2050685808647595e-05, 'epoch': 15.95}
{'loss': 1.4306, 'grad_norm': 0.2448357492685318, 'learning_rate': 5.203383547332592e-05, 'epoch': 15.95}
{'loss': 1.4315, 'grad_norm': 0.10624388605356216, 'learning_rate': 5.201698513800425e-05, 'epoch': 15.96}
{'loss': 1.431, 'grad_norm': 0.11537256091833115, 'learning_rate': 5.200013480268258e-05, 'epoch': 15.96}
{'loss': 1.4303, 'grad_norm': 0.10275790840387344, 'learning_rate': 5.19832844673609e-05, 'epoch': 15.96}
{'loss': 1.4295, 'grad_norm': 0.13693998754024506, 'learning_rate': 5.1966434132039234e-05, 'epoch': 15.97}
{'loss': 1.4298, 'grad_norm': 0.09982530772686005, 'learning_rate': 5.194958379671756e-05, 'epoch': 15.97}
{'loss': 1.4307, 'grad_norm': 0.16806060075759888, 'learning_rate': 5.193273346139589e-05, 'epoch': 15.98}
{'loss': 1.4289, 'grad_norm': 0.1148800179362297, 'learning_rate': 5.1915883126074216e-05, 'epoch': 15.98}
{'loss': 1.4294, 'grad_norm': 0.09594479203224182, 'learning_rate': 5.1899032790752534e-05, 'epoch': 15.99}
{'loss': 1.4308, 'grad_norm': 0.16190333664417267, 'learning_rate': 5.188218245543086e-05, 'epoch': 15.99}
{'loss': 1.4301, 'grad_norm': 0.15709125995635986, 'learning_rate': 5.186533212010919e-05, 'epoch': 16.0}
{'loss': 1.4295, 'grad_norm': 0.3285811245441437, 'learning_rate': 5.1848481784787516e-05, 'epoch': 16.0}
{'loss': 1.4287, 'grad_norm': 0.20042116940021515, 'learning_rate': 5.183163144946585e-05, 'epoch': 16.01}
{'loss': 1.4284, 'grad_norm': 0.1171177327632904, 'learning_rate': 5.181478111414417e-05, 'epoch': 16.01}
{'loss': 1.4281, 'grad_norm': 0.22278860211372375, 'learning_rate': 5.17979307788225e-05, 'epoch': 16.01}
{'loss': 1.429, 'grad_norm': 0.14365625381469727, 'learning_rate': 5.178108044350083e-05, 'epoch': 16.02}
{'loss': 1.4282, 'grad_norm': 0.11331181228160858, 'learning_rate': 5.1764230108179155e-05, 'epoch': 16.02}
{'loss': 1.4286, 'grad_norm': 0.18041609227657318, 'learning_rate': 5.174737977285749e-05, 'epoch': 16.03}
{'loss': 1.429, 'grad_norm': 0.1458873152732849, 'learning_rate': 5.173052943753581e-05, 'epoch': 16.03}
{'loss': 1.4282, 'grad_norm': 0.09555232524871826, 'learning_rate': 5.1713679102214144e-05, 'epoch': 16.04}
{'loss': 1.4279, 'grad_norm': 0.1365424394607544, 'learning_rate': 5.169682876689247e-05, 'epoch': 16.04}
{'loss': 1.4286, 'grad_norm': 0.1711316704750061, 'learning_rate': 5.167997843157079e-05, 'epoch': 16.05}
{'loss': 1.4282, 'grad_norm': 0.23125046491622925, 'learning_rate': 5.166312809624911e-05, 'epoch': 16.05}
{'loss': 1.4289, 'grad_norm': 0.12640480697155, 'learning_rate': 5.1646277760927445e-05, 'epoch': 16.06}
{'loss': 1.4285, 'grad_norm': 0.19162386655807495, 'learning_rate': 5.162942742560577e-05, 'epoch': 16.06}
{'loss': 1.4283, 'grad_norm': 0.21534328162670135, 'learning_rate': 5.1612577090284095e-05, 'epoch': 16.06}
{'loss': 1.429, 'grad_norm': 0.24010425806045532, 'learning_rate': 5.159572675496243e-05, 'epoch': 16.07}
{'loss': 1.4287, 'grad_norm': 0.12421330064535141, 'learning_rate': 5.157887641964075e-05, 'epoch': 16.07}
{'loss': 1.4289, 'grad_norm': 0.281947523355484, 'learning_rate': 5.1562026084319084e-05, 'epoch': 16.08}
{'loss': 1.4289, 'grad_norm': 0.11779432743787766, 'learning_rate': 5.154517574899741e-05, 'epoch': 16.08}
{'loss': 1.4299, 'grad_norm': 0.1407310515642166, 'learning_rate': 5.152832541367574e-05, 'epoch': 16.09}
{'loss': 1.4278, 'grad_norm': 0.10412132740020752, 'learning_rate': 5.1511475078354066e-05, 'epoch': 16.09}
{'loss': 1.428, 'grad_norm': 0.10219307243824005, 'learning_rate': 5.149462474303239e-05, 'epoch': 16.1}
{'loss': 1.4283, 'grad_norm': 0.2689427435398102, 'learning_rate': 5.147777440771071e-05, 'epoch': 16.1}
{'loss': 1.4284, 'grad_norm': 0.14414286613464355, 'learning_rate': 5.146092407238904e-05, 'epoch': 16.11}
{'loss': 1.429, 'grad_norm': 0.13500308990478516, 'learning_rate': 5.1444073737067366e-05, 'epoch': 16.11}
{'loss': 1.4287, 'grad_norm': 0.25626540184020996, 'learning_rate': 5.142722340174569e-05, 'epoch': 16.11}
{'loss': 1.4284, 'grad_norm': 0.11339467018842697, 'learning_rate': 5.141037306642402e-05, 'epoch': 16.12}
{'loss': 1.4283, 'grad_norm': 0.12015306204557419, 'learning_rate': 5.139352273110235e-05, 'epoch': 16.12}
{'loss': 1.4286, 'grad_norm': 0.2634837329387665, 'learning_rate': 5.137667239578068e-05, 'epoch': 16.13}
{'loss': 1.428, 'grad_norm': 0.2581619620323181, 'learning_rate': 5.1359822060459005e-05, 'epoch': 16.13}
{'loss': 1.4287, 'grad_norm': 0.24555379152297974, 'learning_rate': 5.134297172513734e-05, 'epoch': 16.14}
{'loss': 1.4285, 'grad_norm': 0.13934068381786346, 'learning_rate': 5.132612138981566e-05, 'epoch': 16.14}
{'loss': 1.4289, 'grad_norm': 0.13687321543693542, 'learning_rate': 5.130927105449399e-05, 'epoch': 16.15}
{'loss': 1.4283, 'grad_norm': 0.10618707537651062, 'learning_rate': 5.129242071917232e-05, 'epoch': 16.15}
{'loss': 1.4296, 'grad_norm': 0.213328555226326, 'learning_rate': 5.1275570383850644e-05, 'epoch': 16.16}
{'loss': 1.4281, 'grad_norm': 0.19712159037590027, 'learning_rate': 5.125872004852896e-05, 'epoch': 16.16}
{'loss': 1.4291, 'grad_norm': 0.2718961536884308, 'learning_rate': 5.124186971320729e-05, 'epoch': 16.16}
{'loss': 1.4292, 'grad_norm': 0.19938521087169647, 'learning_rate': 5.122501937788562e-05, 'epoch': 16.17}
{'loss': 1.428, 'grad_norm': 0.08408032357692719, 'learning_rate': 5.1208169042563945e-05, 'epoch': 16.17}
{'loss': 1.429, 'grad_norm': 0.13004735112190247, 'learning_rate': 5.119131870724228e-05, 'epoch': 16.18}
{'loss': 1.4287, 'grad_norm': 0.11815940588712692, 'learning_rate': 5.11744683719206e-05, 'epoch': 16.18}
{'loss': 1.4291, 'grad_norm': 0.1783801019191742, 'learning_rate': 5.1157618036598934e-05, 'epoch': 16.19}
{'loss': 1.4283, 'grad_norm': 0.12433762103319168, 'learning_rate': 5.114076770127726e-05, 'epoch': 16.19}
{'loss': 1.4292, 'grad_norm': 0.1224503368139267, 'learning_rate': 5.1123917365955584e-05, 'epoch': 16.2}
{'loss': 1.4293, 'grad_norm': 0.5515470504760742, 'learning_rate': 5.1107067030633916e-05, 'epoch': 16.2}
{'loss': 1.4286, 'grad_norm': 0.09784061461687088, 'learning_rate': 5.109021669531224e-05, 'epoch': 16.21}
{'loss': 1.4296, 'grad_norm': 0.1320958137512207, 'learning_rate': 5.107336635999057e-05, 'epoch': 16.21}
{'loss': 1.4292, 'grad_norm': 0.15012869238853455, 'learning_rate': 5.1056516024668884e-05, 'epoch': 16.21}
{'loss': 1.4294, 'grad_norm': 0.16563846170902252, 'learning_rate': 5.1039665689347216e-05, 'epoch': 16.22}
{'loss': 1.4285, 'grad_norm': 0.09387386590242386, 'learning_rate': 5.102281535402554e-05, 'epoch': 16.22}
{'loss': 1.429, 'grad_norm': 0.12817053496837616, 'learning_rate': 5.100596501870387e-05, 'epoch': 16.23}
{'loss': 1.4297, 'grad_norm': 0.16355735063552856, 'learning_rate': 5.09891146833822e-05, 'epoch': 16.23}
{'loss': 1.4287, 'grad_norm': 0.1235327199101448, 'learning_rate': 5.097226434806053e-05, 'epoch': 16.24}
{'loss': 1.4285, 'grad_norm': 0.21453635394573212, 'learning_rate': 5.0955414012738855e-05, 'epoch': 16.24}
{'loss': 1.4293, 'grad_norm': 0.10732242465019226, 'learning_rate': 5.093856367741718e-05, 'epoch': 16.25}
{'loss': 1.4296, 'grad_norm': 0.1422022581100464, 'learning_rate': 5.092171334209551e-05, 'epoch': 16.25}
{'loss': 1.4282, 'grad_norm': 0.12547430396080017, 'learning_rate': 5.090486300677384e-05, 'epoch': 16.26}
{'loss': 1.4277, 'grad_norm': 0.5020610094070435, 'learning_rate': 5.088801267145217e-05, 'epoch': 16.26}
{'loss': 1.4293, 'grad_norm': 0.29223084449768066, 'learning_rate': 5.0871162336130495e-05, 'epoch': 16.26}
{'loss': 1.429, 'grad_norm': 0.35837268829345703, 'learning_rate': 5.0854312000808826e-05, 'epoch': 16.27}
{'loss': 1.4286, 'grad_norm': 0.23961664736270905, 'learning_rate': 5.083746166548714e-05, 'epoch': 16.27}
{'loss': 1.4283, 'grad_norm': 0.17994986474514008, 'learning_rate': 5.082061133016547e-05, 'epoch': 16.28}
{'loss': 1.4299, 'grad_norm': 0.09163537621498108, 'learning_rate': 5.0803760994843795e-05, 'epoch': 16.28}
{'loss': 1.4289, 'grad_norm': 0.13837312161922455, 'learning_rate': 5.078691065952213e-05, 'epoch': 16.29}
{'loss': 1.4283, 'grad_norm': 0.14296311140060425, 'learning_rate': 5.077006032420045e-05, 'epoch': 16.29}
{'loss': 1.4296, 'grad_norm': 0.13358666002750397, 'learning_rate': 5.075320998887878e-05, 'epoch': 16.3}
{'loss': 1.4299, 'grad_norm': 0.11821447312831879, 'learning_rate': 5.073635965355711e-05, 'epoch': 16.3}
{'loss': 1.4296, 'grad_norm': 0.25188148021698, 'learning_rate': 5.0719509318235434e-05, 'epoch': 16.31}
{'loss': 1.4301, 'grad_norm': 0.16967535018920898, 'learning_rate': 5.0702658982913766e-05, 'epoch': 16.31}
{'loss': 1.43, 'grad_norm': 0.36487752199172974, 'learning_rate': 5.068580864759209e-05, 'epoch': 16.31}
{'loss': 1.4299, 'grad_norm': 0.13452883064746857, 'learning_rate': 5.066895831227042e-05, 'epoch': 16.32}
{'loss': 1.4288, 'grad_norm': 0.14581386744976044, 'learning_rate': 5.065210797694875e-05, 'epoch': 16.32}
{'loss': 1.43, 'grad_norm': 0.1659848988056183, 'learning_rate': 5.063525764162707e-05, 'epoch': 16.33}
{'loss': 1.4286, 'grad_norm': 0.11058803647756577, 'learning_rate': 5.061840730630539e-05, 'epoch': 16.33}
{'loss': 1.4281, 'grad_norm': 0.25467896461486816, 'learning_rate': 5.0601556970983723e-05, 'epoch': 16.34}
{'loss': 1.4305, 'grad_norm': 0.22533921897411346, 'learning_rate': 5.058470663566205e-05, 'epoch': 16.34}
{'loss': 1.429, 'grad_norm': 0.15354393422603607, 'learning_rate': 5.056785630034038e-05, 'epoch': 16.35}
{'loss': 1.4291, 'grad_norm': 0.15315668284893036, 'learning_rate': 5.0551005965018706e-05, 'epoch': 16.35}
{'loss': 1.4283, 'grad_norm': 0.1169164627790451, 'learning_rate': 5.053415562969703e-05, 'epoch': 16.36}
{'loss': 1.4285, 'grad_norm': 0.15007811784744263, 'learning_rate': 5.051730529437536e-05, 'epoch': 16.36}
{'loss': 1.4289, 'grad_norm': 0.1389244943857193, 'learning_rate': 5.050045495905369e-05, 'epoch': 16.36}
{'loss': 1.4285, 'grad_norm': 0.7613011598587036, 'learning_rate': 5.048360462373202e-05, 'epoch': 16.37}
{'loss': 1.4284, 'grad_norm': 0.1311308741569519, 'learning_rate': 5.0466754288410345e-05, 'epoch': 16.37}
{'loss': 1.448, 'grad_norm': 0.19170674681663513, 'learning_rate': 5.044990395308867e-05, 'epoch': 16.38}
pred : ardent in the prosecution of heresy cyril auspiciously opened his reign by oppressing the novations the most innocent and harmless of the sectaries
label: ardent in the prosecution of heresy cyril auspiciously opened his reign by oppressing the novatians the most innocent and harmless of the sectaries
pred : without any legal sentence without any royal mandate the patriarch at the dawn of day led a seditious multitude to the attack of the synagogues
label: without any legal sentence without any royal mandate the patriarch at the dawn of day led a seditious multitude to the attack of the synagogues
pred : such crimes would have deserved the animadversion of the magistrate but in this promiscuous outrage the innocent were confounded with the guilty and alexandria was impoverished by the loss of a wealthy and industrious colony
label: such crimes would have deserved the animadversion of the magistrate but in this promiscuous outrage the innocent were confounded with the guilty and alexandria was impoverished by the loss of a wealthy and industrious colony
pred : ardent in the prosecution of heresy cyril auspiciously opened his reign by oppressing the novations the most innocent and harmless of the sectaries
label: ardent in the prosecution of heresy cyril auspiciously opened his reign by oppressing the novatians the most innocent and harmless of the sectaries
pred : without any legal sentence without any royal mandate the patriarch at the dawn of day led a seditious multitude to the attack of the synagogues
label: without any legal sentence without any royal mandate the patriarch at the dawn of day led a seditious multitude to the attack of the synagogues
pred : such crimes would have deserved the animadversion of the magistrate but in this promiscuous outrage the innocent were confounded with the guilty and alexandria was impoverished by the loss of a wealthy and industrious colony
label: such crimes would have deserved the animadversion of the magistrate but in this promiscuous outrage the innocent were confounded with the guilty and alexandria was impoverished by the loss of a wealthy and industrious colony
pred : ardent in the prosecution of heresy cyril auspiciously opened his reign by oppressing the novations the most innocent and harmless of the sectaries
label: ardent in the prosecution of heresy cyril auspiciously opened his reign by oppressing the novatians the most innocent and harmless of the sectaries
pred : without any legal sentence without any royal mandate the patriarch at the dawn of day led a seditious multitude to the attack of the synagogues
label: without any legal sentence without any royal mandate the patriarch at the dawn of day led a seditious multitude to the attack of the synagogues
pred : such crimes would have deserved the animadversion of the magistrate but in this promiscuous outrage the innocent were confounded with the guilty and alexandria was impoverished by the loss of a wealthy and industrious colony
label: such crimes would have deserved the animadversion of the magistrate but in this promiscuous outrage the innocent were confounded with the guilty and alexandria was impoverished by the loss of a wealthy and industrious colony
pred : ardent in the prosecution of heresy cyril auspiciously opened his reign by oppressing the novations the most innocent and harmless of the sectaries
label: ardent in the prosecution of heresy cyril auspiciously opened his reign by oppressing the novatians the most innocent and harmless of the sectaries
pred : without any legal sentence without any royal mandate the patriarch at the dawn of day led a seditious multitude to the attack of the synagogues
label: without any legal sentence without any royal mandate the patriarch at the dawn of day led a seditious multitude to the attack of the synagogues
pred : such crimes would have deserved the animadversion of the magistrate but in this promiscuous outrage the innocent were confounded with the guilty and alexandria was impoverished by the loss of a wealthy and industrious colony
label: such crimes would have deserved the animadversion of the magistrate but in this promiscuous outrage the innocent were confounded with the guilty and alexandria was impoverished by the loss of a wealthy and industrious colony
{'eval_loss': 1.6661478281021118, 'eval_bleu': 96.23304007896782, 'eval_wer': 0.02364932193256337, 'eval_cer': 0.01603450700923625, 'eval_rouge1': 0.9845767125781058, 'eval_rouge2': 0.9727408974210405, 'eval_rougeL': 0.9845407452267916, 'eval_runtime': 90.0428, 'eval_samples_per_second': 61.826, 'eval_steps_per_second': 0.322, 'epoch': 16.38}
{'loss': 1.4295, 'grad_norm': 0.14389240741729736, 'learning_rate': 5.0433053617767e-05, 'epoch': 16.38}
{'loss': 1.43, 'grad_norm': 0.3086012005805969, 'learning_rate': 5.041620328244532e-05, 'epoch': 16.39}
{'loss': 1.4295, 'grad_norm': 0.1462552547454834, 'learning_rate': 5.0399352947123645e-05, 'epoch': 16.39}
{'loss': 1.4281, 'grad_norm': 0.14612042903900146, 'learning_rate': 5.038250261180198e-05, 'epoch': 16.4}
{'loss': 1.4301, 'grad_norm': 0.25956717133522034, 'learning_rate': 5.03656522764803e-05, 'epoch': 16.4}
{'loss': 1.4294, 'grad_norm': 0.15109340846538544, 'learning_rate': 5.034880194115863e-05, 'epoch': 16.41}
{'loss': 1.4294, 'grad_norm': 0.17192694544792175, 'learning_rate': 5.033195160583696e-05, 'epoch': 16.41}
{'loss': 1.4292, 'grad_norm': 0.4836333096027374, 'learning_rate': 5.0315101270515284e-05, 'epoch': 16.41}
{'loss': 1.4287, 'grad_norm': 0.1993192583322525, 'learning_rate': 5.0298250935193616e-05, 'epoch': 16.42}
{'loss': 1.4282, 'grad_norm': 0.09612340480089188, 'learning_rate': 5.028140059987194e-05, 'epoch': 16.42}
{'loss': 1.4286, 'grad_norm': 0.11248891800642014, 'learning_rate': 5.026455026455027e-05, 'epoch': 16.43}
{'loss': 1.4285, 'grad_norm': 0.14918188750743866, 'learning_rate': 5.02476999292286e-05, 'epoch': 16.43}
{'loss': 1.4289, 'grad_norm': 0.16370239853858948, 'learning_rate': 5.023084959390692e-05, 'epoch': 16.44}
{'loss': 1.4287, 'grad_norm': 0.09769480675458908, 'learning_rate': 5.0213999258585255e-05, 'epoch': 16.44}
{'loss': 1.4286, 'grad_norm': 0.15331237018108368, 'learning_rate': 5.0197148923263574e-05, 'epoch': 16.45}
{'loss': 1.4293, 'grad_norm': 0.18191398680210114, 'learning_rate': 5.01802985879419e-05, 'epoch': 16.45}
{'loss': 1.4286, 'grad_norm': 0.16856549680233002, 'learning_rate': 5.0163448252620224e-05, 'epoch': 16.46}
{'loss': 1.4288, 'grad_norm': 0.23772047460079193, 'learning_rate': 5.0146597917298556e-05, 'epoch': 16.46}
{'loss': 1.4298, 'grad_norm': 0.16314949095249176, 'learning_rate': 5.012974758197688e-05, 'epoch': 16.46}
{'loss': 1.4287, 'grad_norm': 0.16307978332042694, 'learning_rate': 5.011289724665521e-05, 'epoch': 16.47}
{'loss': 1.4289, 'grad_norm': 0.18672020733356476, 'learning_rate': 5.009604691133354e-05, 'epoch': 16.47}
{'loss': 1.4292, 'grad_norm': 0.11697828024625778, 'learning_rate': 5.007919657601187e-05, 'epoch': 16.48}
{'loss': 1.4294, 'grad_norm': 0.15579718351364136, 'learning_rate': 5.0062346240690195e-05, 'epoch': 16.48}
{'loss': 1.4286, 'grad_norm': 0.12686839699745178, 'learning_rate': 5.004549590536852e-05, 'epoch': 16.49}
{'loss': 1.4292, 'grad_norm': 0.145753875374794, 'learning_rate': 5.002864557004685e-05, 'epoch': 16.49}
{'loss': 1.429, 'grad_norm': 0.1930963695049286, 'learning_rate': 5.001179523472518e-05, 'epoch': 16.5}
{'loss': 1.4293, 'grad_norm': 0.13535386323928833, 'learning_rate': 4.99949448994035e-05, 'epoch': 16.5}
{'loss': 1.4288, 'grad_norm': 0.1293068379163742, 'learning_rate': 4.997809456408183e-05, 'epoch': 16.51}
{'loss': 1.4293, 'grad_norm': 0.17299751937389374, 'learning_rate': 4.996124422876016e-05, 'epoch': 16.51}
{'loss': 1.428, 'grad_norm': 0.13643479347229004, 'learning_rate': 4.994439389343848e-05, 'epoch': 16.52}
{'loss': 1.4278, 'grad_norm': 0.278072714805603, 'learning_rate': 4.992754355811681e-05, 'epoch': 16.52}
{'loss': 1.4277, 'grad_norm': 0.14217014610767365, 'learning_rate': 4.9910693222795134e-05, 'epoch': 16.52}
{'loss': 1.4289, 'grad_norm': 0.13240769505500793, 'learning_rate': 4.9893842887473466e-05, 'epoch': 16.53}
{'loss': 1.4287, 'grad_norm': 0.1355263590812683, 'learning_rate': 4.987699255215179e-05, 'epoch': 16.53}
{'loss': 1.4291, 'grad_norm': 0.3312353491783142, 'learning_rate': 4.9860142216830116e-05, 'epoch': 16.54}
{'loss': 1.4283, 'grad_norm': 0.09452786296606064, 'learning_rate': 4.984329188150845e-05, 'epoch': 16.54}
{'loss': 1.4284, 'grad_norm': 0.10468610376119614, 'learning_rate': 4.982644154618677e-05, 'epoch': 16.55}
{'loss': 1.4283, 'grad_norm': 0.11394656449556351, 'learning_rate': 4.98095912108651e-05, 'epoch': 16.55}
{'loss': 1.428, 'grad_norm': 0.15463565289974213, 'learning_rate': 4.9792740875543424e-05, 'epoch': 16.56}
{'loss': 1.4283, 'grad_norm': 0.18290060758590698, 'learning_rate': 4.9775890540221756e-05, 'epoch': 16.56}
{'loss': 1.429, 'grad_norm': 0.16538655757904053, 'learning_rate': 4.975904020490008e-05, 'epoch': 16.57}
{'loss': 1.4284, 'grad_norm': 0.20663343369960785, 'learning_rate': 4.974218986957841e-05, 'epoch': 16.57}
{'loss': 1.4283, 'grad_norm': 0.12948369979858398, 'learning_rate': 4.972533953425673e-05, 'epoch': 16.57}
{'loss': 1.4271, 'grad_norm': 0.1161523088812828, 'learning_rate': 4.970848919893506e-05, 'epoch': 16.58}
{'loss': 1.4291, 'grad_norm': 0.0910501480102539, 'learning_rate': 4.969163886361339e-05, 'epoch': 16.58}
{'loss': 1.4282, 'grad_norm': 0.18765324354171753, 'learning_rate': 4.967478852829171e-05, 'epoch': 16.59}
{'loss': 1.4288, 'grad_norm': 0.11738374829292297, 'learning_rate': 4.9657938192970045e-05, 'epoch': 16.59}
{'loss': 1.4286, 'grad_norm': 0.10392987728118896, 'learning_rate': 4.964108785764837e-05, 'epoch': 16.6}
{'loss': 1.4292, 'grad_norm': 0.16184337437152863, 'learning_rate': 4.9624237522326695e-05, 'epoch': 16.6}
{'loss': 1.4296, 'grad_norm': 0.1975019872188568, 'learning_rate': 4.960738718700502e-05, 'epoch': 16.61}
{'loss': 1.4289, 'grad_norm': 0.12051059305667877, 'learning_rate': 4.959053685168335e-05, 'epoch': 16.61}
{'loss': 1.4291, 'grad_norm': 0.14273901283740997, 'learning_rate': 4.957368651636168e-05, 'epoch': 16.62}
{'loss': 1.429, 'grad_norm': 0.3459762632846832, 'learning_rate': 4.955683618104001e-05, 'epoch': 16.62}
{'loss': 1.4283, 'grad_norm': 0.26346415281295776, 'learning_rate': 4.9539985845718334e-05, 'epoch': 16.62}
{'loss': 1.4308, 'grad_norm': 0.18111228942871094, 'learning_rate': 4.952313551039666e-05, 'epoch': 16.63}
{'loss': 1.4369, 'grad_norm': 1.6330406665802002, 'learning_rate': 4.9506285175074984e-05, 'epoch': 16.63}
{'loss': 1.4315, 'grad_norm': 0.1470274180173874, 'learning_rate': 4.948943483975331e-05, 'epoch': 16.64}
{'loss': 1.43, 'grad_norm': 0.20215043425559998, 'learning_rate': 4.947258450443164e-05, 'epoch': 16.64}
{'loss': 1.4304, 'grad_norm': 0.1353163868188858, 'learning_rate': 4.9455734169109966e-05, 'epoch': 16.65}
{'loss': 1.4289, 'grad_norm': 0.09009474515914917, 'learning_rate': 4.94388838337883e-05, 'epoch': 16.65}
{'loss': 1.4285, 'grad_norm': 0.27958518266677856, 'learning_rate': 4.9422033498466623e-05, 'epoch': 16.66}
{'loss': 1.4292, 'grad_norm': 0.2652961015701294, 'learning_rate': 4.940518316314495e-05, 'epoch': 16.66}
{'loss': 1.429, 'grad_norm': 0.14964015781879425, 'learning_rate': 4.9388332827823274e-05, 'epoch': 16.67}
{'loss': 1.4285, 'grad_norm': 0.12148582935333252, 'learning_rate': 4.9371482492501606e-05, 'epoch': 16.67}
{'loss': 1.4294, 'grad_norm': 0.18538419902324677, 'learning_rate': 4.935463215717993e-05, 'epoch': 16.67}
{'loss': 1.4284, 'grad_norm': 0.13836875557899475, 'learning_rate': 4.9337781821858256e-05, 'epoch': 16.68}
{'loss': 1.4279, 'grad_norm': 0.12522925436496735, 'learning_rate': 4.932093148653659e-05, 'epoch': 16.68}
{'loss': 1.4282, 'grad_norm': 0.10182742029428482, 'learning_rate': 4.9304081151214906e-05, 'epoch': 16.69}
{'loss': 1.4286, 'grad_norm': 0.13743004202842712, 'learning_rate': 4.928723081589324e-05, 'epoch': 16.69}
{'loss': 1.4286, 'grad_norm': 0.17083218693733215, 'learning_rate': 4.927038048057156e-05, 'epoch': 16.7}
{'loss': 1.4284, 'grad_norm': 0.348234623670578, 'learning_rate': 4.9253530145249895e-05, 'epoch': 16.7}
{'loss': 1.4282, 'grad_norm': 0.13809995353221893, 'learning_rate': 4.923667980992822e-05, 'epoch': 16.71}
{'loss': 1.4285, 'grad_norm': 0.15393047034740448, 'learning_rate': 4.921982947460655e-05, 'epoch': 16.71}
{'loss': 1.4285, 'grad_norm': 0.13841350376605988, 'learning_rate': 4.920297913928487e-05, 'epoch': 16.72}
{'loss': 1.429, 'grad_norm': 0.08462464064359665, 'learning_rate': 4.91861288039632e-05, 'epoch': 16.72}
{'loss': 1.4285, 'grad_norm': 0.15331579744815826, 'learning_rate': 4.916927846864153e-05, 'epoch': 16.72}
{'loss': 1.4292, 'grad_norm': 0.1180754229426384, 'learning_rate': 4.915242813331985e-05, 'epoch': 16.73}
{'loss': 1.4278, 'grad_norm': 0.159767284989357, 'learning_rate': 4.9135577797998184e-05, 'epoch': 16.73}
{'loss': 1.4294, 'grad_norm': 0.14354392886161804, 'learning_rate': 4.911872746267651e-05, 'epoch': 16.74}
{'loss': 1.4271, 'grad_norm': 0.11333964020013809, 'learning_rate': 4.910187712735484e-05, 'epoch': 16.74}
{'loss': 1.4284, 'grad_norm': 0.1605338454246521, 'learning_rate': 4.908502679203316e-05, 'epoch': 16.75}
{'loss': 1.429, 'grad_norm': 0.21250787377357483, 'learning_rate': 4.906817645671149e-05, 'epoch': 16.75}
{'loss': 1.4281, 'grad_norm': 0.3464779853820801, 'learning_rate': 4.9051326121389817e-05, 'epoch': 16.76}
{'loss': 1.4296, 'grad_norm': 0.12036463618278503, 'learning_rate': 4.903447578606815e-05, 'epoch': 16.76}
{'loss': 1.4286, 'grad_norm': 0.1605118066072464, 'learning_rate': 4.9017625450746474e-05, 'epoch': 16.77}
{'loss': 1.4283, 'grad_norm': 0.15524908900260925, 'learning_rate': 4.90007751154248e-05, 'epoch': 16.77}
{'loss': 1.4284, 'grad_norm': 0.1424390822649002, 'learning_rate': 4.8983924780103124e-05, 'epoch': 16.77}
{'loss': 1.4288, 'grad_norm': 0.12218395620584488, 'learning_rate': 4.896707444478145e-05, 'epoch': 16.78}
{'loss': 1.4304, 'grad_norm': 0.16053341329097748, 'learning_rate': 4.895022410945978e-05, 'epoch': 16.78}
{'loss': 1.4308, 'grad_norm': 0.1283138394355774, 'learning_rate': 4.8933373774138106e-05, 'epoch': 16.79}
{'loss': 1.4297, 'grad_norm': 0.09071335941553116, 'learning_rate': 4.891652343881644e-05, 'epoch': 16.79}
{'loss': 1.4298, 'grad_norm': 0.1215800940990448, 'learning_rate': 4.889967310349476e-05, 'epoch': 16.8}
{'loss': 1.4299, 'grad_norm': 0.3980555236339569, 'learning_rate': 4.888282276817309e-05, 'epoch': 16.8}
{'loss': 1.4295, 'grad_norm': 0.1482437252998352, 'learning_rate': 4.886597243285141e-05, 'epoch': 16.81}
{'loss': 1.4301, 'grad_norm': 0.17993681132793427, 'learning_rate': 4.8849122097529745e-05, 'epoch': 16.81}
{'loss': 1.4298, 'grad_norm': 0.16524364054203033, 'learning_rate': 4.883227176220807e-05, 'epoch': 16.82}
{'loss': 1.4285, 'grad_norm': 0.1851891279220581, 'learning_rate': 4.8815421426886395e-05, 'epoch': 16.82}
{'loss': 1.428, 'grad_norm': 0.1470504105091095, 'learning_rate': 4.879857109156473e-05, 'epoch': 16.82}
{'loss': 1.4285, 'grad_norm': 0.13333559036254883, 'learning_rate': 4.878172075624305e-05, 'epoch': 16.83}
{'loss': 1.4292, 'grad_norm': 0.18685920536518097, 'learning_rate': 4.876487042092138e-05, 'epoch': 16.83}
{'loss': 1.4295, 'grad_norm': 0.3168450593948364, 'learning_rate': 4.87480200855997e-05, 'epoch': 16.84}
{'loss': 1.4296, 'grad_norm': 0.25526562333106995, 'learning_rate': 4.8731169750278034e-05, 'epoch': 16.84}
{'loss': 1.4294, 'grad_norm': 0.1629258692264557, 'learning_rate': 4.871431941495636e-05, 'epoch': 16.85}
{'loss': 1.4291, 'grad_norm': 0.20406296849250793, 'learning_rate': 4.869746907963469e-05, 'epoch': 16.85}
{'loss': 1.4291, 'grad_norm': 0.15340857207775116, 'learning_rate': 4.8680618744313016e-05, 'epoch': 16.86}
{'loss': 1.4287, 'grad_norm': 0.17774486541748047, 'learning_rate': 4.866376840899134e-05, 'epoch': 16.86}
{'loss': 1.4288, 'grad_norm': 0.1224181205034256, 'learning_rate': 4.864691807366967e-05, 'epoch': 16.87}
{'loss': 1.4292, 'grad_norm': 0.20551572740077972, 'learning_rate': 4.8630067738348e-05, 'epoch': 16.87}
{'loss': 1.4286, 'grad_norm': 0.1621055155992508, 'learning_rate': 4.8613217403026324e-05, 'epoch': 16.87}
{'loss': 1.4284, 'grad_norm': 0.1225900799036026, 'learning_rate': 4.859636706770465e-05, 'epoch': 16.88}
{'loss': 1.4293, 'grad_norm': 0.11539380997419357, 'learning_rate': 4.857951673238298e-05, 'epoch': 16.88}
{'loss': 1.4301, 'grad_norm': 0.16480004787445068, 'learning_rate': 4.85626663970613e-05, 'epoch': 16.89}
{'loss': 1.4279, 'grad_norm': 0.27938827872276306, 'learning_rate': 4.854581606173963e-05, 'epoch': 16.89}
{'loss': 1.4286, 'grad_norm': 0.1376003623008728, 'learning_rate': 4.8528965726417956e-05, 'epoch': 16.9}
{'loss': 1.4277, 'grad_norm': 0.15277940034866333, 'learning_rate': 4.851211539109629e-05, 'epoch': 16.9}
{'loss': 1.4283, 'grad_norm': 0.11066967993974686, 'learning_rate': 4.849526505577461e-05, 'epoch': 16.91}
{'loss': 1.429, 'grad_norm': 0.12362878024578094, 'learning_rate': 4.8478414720452945e-05, 'epoch': 16.91}
{'loss': 1.4285, 'grad_norm': 0.2531397044658661, 'learning_rate': 4.846156438513126e-05, 'epoch': 16.92}
{'loss': 1.4285, 'grad_norm': 0.15316464006900787, 'learning_rate': 4.8444714049809595e-05, 'epoch': 16.92}
{'loss': 1.4295, 'grad_norm': 0.11578365415334702, 'learning_rate': 4.842786371448792e-05, 'epoch': 16.92}
{'loss': 1.4287, 'grad_norm': 0.13314488530158997, 'learning_rate': 4.8411013379166245e-05, 'epoch': 16.93}
{'loss': 1.4284, 'grad_norm': 0.1608978807926178, 'learning_rate': 4.839416304384458e-05, 'epoch': 16.93}
{'loss': 1.4289, 'grad_norm': 0.1967131793498993, 'learning_rate': 4.83773127085229e-05, 'epoch': 16.94}
{'loss': 1.4291, 'grad_norm': 0.22693777084350586, 'learning_rate': 4.836046237320123e-05, 'epoch': 16.94}
{'loss': 1.4291, 'grad_norm': 0.14652688801288605, 'learning_rate': 4.834361203787955e-05, 'epoch': 16.95}
{'loss': 1.4285, 'grad_norm': 0.10366636514663696, 'learning_rate': 4.8326761702557884e-05, 'epoch': 16.95}
{'loss': 1.4287, 'grad_norm': 0.10954581201076508, 'learning_rate': 4.830991136723621e-05, 'epoch': 16.96}
{'loss': 1.4285, 'grad_norm': 0.13997653126716614, 'learning_rate': 4.829306103191454e-05, 'epoch': 16.96}
{'loss': 1.4294, 'grad_norm': 0.12892217934131622, 'learning_rate': 4.8276210696592867e-05, 'epoch': 16.97}
{'loss': 1.4294, 'grad_norm': 0.12983912229537964, 'learning_rate': 4.825936036127119e-05, 'epoch': 16.97}
{'loss': 1.43, 'grad_norm': 0.15916992723941803, 'learning_rate': 4.824251002594952e-05, 'epoch': 16.97}
{'loss': 1.4299, 'grad_norm': 0.09769557416439056, 'learning_rate': 4.822565969062784e-05, 'epoch': 16.98}
{'loss': 1.4291, 'grad_norm': 0.10601309686899185, 'learning_rate': 4.8208809355306174e-05, 'epoch': 16.98}
{'loss': 1.4288, 'grad_norm': 0.13514767587184906, 'learning_rate': 4.81919590199845e-05, 'epoch': 16.99}
{'loss': 1.4294, 'grad_norm': 0.364927738904953, 'learning_rate': 4.817510868466283e-05, 'epoch': 16.99}
{'loss': 1.4293, 'grad_norm': 0.2547670602798462, 'learning_rate': 4.8158258349341156e-05, 'epoch': 17.0}
{'loss': 1.4299, 'grad_norm': 0.14566397666931152, 'learning_rate': 4.814140801401948e-05, 'epoch': 17.0}
{'loss': 1.4274, 'grad_norm': 0.13022981584072113, 'learning_rate': 4.8124557678697806e-05, 'epoch': 17.01}
{'loss': 1.4274, 'grad_norm': 0.1471157819032669, 'learning_rate': 4.810770734337614e-05, 'epoch': 17.01}
{'loss': 1.4275, 'grad_norm': 0.1682794988155365, 'learning_rate': 4.809085700805446e-05, 'epoch': 17.02}
{'loss': 1.4275, 'grad_norm': 0.10140150040388107, 'learning_rate': 4.807400667273279e-05, 'epoch': 17.02}
{'loss': 1.4277, 'grad_norm': 0.19046951830387115, 'learning_rate': 4.805715633741112e-05, 'epoch': 17.02}
{'loss': 1.4281, 'grad_norm': 0.2942647933959961, 'learning_rate': 4.804030600208944e-05, 'epoch': 17.03}
{'loss': 1.4284, 'grad_norm': 0.22140447795391083, 'learning_rate': 4.802345566676777e-05, 'epoch': 17.03}
{'loss': 1.4281, 'grad_norm': 0.10452982783317566, 'learning_rate': 4.8006605331446095e-05, 'epoch': 17.04}
{'loss': 1.428, 'grad_norm': 0.10263469070196152, 'learning_rate': 4.798975499612443e-05, 'epoch': 17.04}
{'loss': 1.4288, 'grad_norm': 0.10689274966716766, 'learning_rate': 4.797290466080275e-05, 'epoch': 17.05}
{'loss': 1.4279, 'grad_norm': 0.16039656102657318, 'learning_rate': 4.7956054325481084e-05, 'epoch': 17.05}
{'loss': 1.4279, 'grad_norm': 0.1500558704137802, 'learning_rate': 4.793920399015941e-05, 'epoch': 17.06}
{'loss': 1.4277, 'grad_norm': 0.1337329000234604, 'learning_rate': 4.7922353654837734e-05, 'epoch': 17.06}
{'loss': 1.4283, 'grad_norm': 0.10604429990053177, 'learning_rate': 4.790550331951606e-05, 'epoch': 17.07}
{'loss': 1.4281, 'grad_norm': 0.1850442737340927, 'learning_rate': 4.7888652984194385e-05, 'epoch': 17.07}
{'loss': 1.4278, 'grad_norm': 0.2239072471857071, 'learning_rate': 4.7871802648872717e-05, 'epoch': 17.07}
{'loss': 1.4274, 'grad_norm': 0.14464691281318665, 'learning_rate': 4.785495231355104e-05, 'epoch': 17.08}
{'loss': 1.4272, 'grad_norm': 0.09897483140230179, 'learning_rate': 4.7838101978229374e-05, 'epoch': 17.08}
{'loss': 1.4282, 'grad_norm': 0.5189738273620605, 'learning_rate': 4.782125164290769e-05, 'epoch': 17.09}
{'loss': 1.4274, 'grad_norm': 0.17810600996017456, 'learning_rate': 4.7804401307586024e-05, 'epoch': 17.09}
{'loss': 1.4274, 'grad_norm': 0.15046162903308868, 'learning_rate': 4.778755097226435e-05, 'epoch': 17.1}
{'loss': 1.4277, 'grad_norm': 0.18770168721675873, 'learning_rate': 4.777070063694268e-05, 'epoch': 17.1}
{'loss': 1.4279, 'grad_norm': 0.2589830458164215, 'learning_rate': 4.7753850301621006e-05, 'epoch': 17.11}
{'loss': 1.4271, 'grad_norm': 0.12148286402225494, 'learning_rate': 4.773699996629933e-05, 'epoch': 17.11}
{'loss': 1.4271, 'grad_norm': 0.17593687772750854, 'learning_rate': 4.7720149630977656e-05, 'epoch': 17.12}
{'loss': 1.4273, 'grad_norm': 0.18423235416412354, 'learning_rate': 4.770329929565598e-05, 'epoch': 17.12}
{'loss': 1.4275, 'grad_norm': 0.10045996308326721, 'learning_rate': 4.768644896033431e-05, 'epoch': 17.12}
{'loss': 1.4275, 'grad_norm': 0.08492973446846008, 'learning_rate': 4.766959862501264e-05, 'epoch': 17.13}
{'loss': 1.4271, 'grad_norm': 0.11523810774087906, 'learning_rate': 4.765274828969097e-05, 'epoch': 17.13}
{'loss': 1.4274, 'grad_norm': 0.18263393640518188, 'learning_rate': 4.7635897954369295e-05, 'epoch': 17.14}
{'loss': 1.4267, 'grad_norm': 0.11909100413322449, 'learning_rate': 4.761904761904762e-05, 'epoch': 17.14}
{'loss': 1.4266, 'grad_norm': 0.09986115247011185, 'learning_rate': 4.7602197283725945e-05, 'epoch': 17.15}
{'loss': 1.4268, 'grad_norm': 0.1699761301279068, 'learning_rate': 4.758534694840428e-05, 'epoch': 17.15}
{'loss': 1.4276, 'grad_norm': 0.12560495734214783, 'learning_rate': 4.75684966130826e-05, 'epoch': 17.16}
{'loss': 1.4277, 'grad_norm': 0.16247157752513885, 'learning_rate': 4.755164627776093e-05, 'epoch': 17.16}
{'loss': 1.4286, 'grad_norm': 0.10430406033992767, 'learning_rate': 4.753479594243926e-05, 'epoch': 17.17}
{'loss': 1.4266, 'grad_norm': 0.18405669927597046, 'learning_rate': 4.7517945607117585e-05, 'epoch': 17.17}
{'loss': 1.4268, 'grad_norm': 0.161713644862175, 'learning_rate': 4.750109527179591e-05, 'epoch': 17.17}
{'loss': 1.4267, 'grad_norm': 0.4792640805244446, 'learning_rate': 4.7484244936474235e-05, 'epoch': 17.18}
{'loss': 1.4275, 'grad_norm': 0.09629295766353607, 'learning_rate': 4.746739460115257e-05, 'epoch': 17.18}
{'loss': 1.4269, 'grad_norm': 0.1075562834739685, 'learning_rate': 4.745054426583089e-05, 'epoch': 17.19}
{'loss': 1.4277, 'grad_norm': 0.11822408437728882, 'learning_rate': 4.7433693930509224e-05, 'epoch': 17.19}
{'loss': 1.4274, 'grad_norm': 0.14254185557365417, 'learning_rate': 4.741684359518755e-05, 'epoch': 17.2}
{'loss': 1.4268, 'grad_norm': 0.10882960259914398, 'learning_rate': 4.7399993259865874e-05, 'epoch': 17.2}
{'loss': 1.428, 'grad_norm': 0.16942833364009857, 'learning_rate': 4.73831429245442e-05, 'epoch': 17.21}
{'loss': 1.4272, 'grad_norm': 0.18210147321224213, 'learning_rate': 4.7366292589222524e-05, 'epoch': 17.21}
{'loss': 1.4266, 'grad_norm': 0.1488184928894043, 'learning_rate': 4.7349442253900856e-05, 'epoch': 17.22}
{'loss': 1.4275, 'grad_norm': 0.12346018850803375, 'learning_rate': 4.733259191857918e-05, 'epoch': 17.22}
{'loss': 1.4267, 'grad_norm': 0.12281214445829391, 'learning_rate': 4.731574158325751e-05, 'epoch': 17.22}
{'loss': 1.4265, 'grad_norm': 0.09079497307538986, 'learning_rate': 4.729889124793583e-05, 'epoch': 17.23}
{'loss': 1.4277, 'grad_norm': 0.1417512446641922, 'learning_rate': 4.728204091261416e-05, 'epoch': 17.23}
{'loss': 1.4275, 'grad_norm': 0.12099727988243103, 'learning_rate': 4.726519057729249e-05, 'epoch': 17.24}
{'loss': 1.4266, 'grad_norm': 0.17790204286575317, 'learning_rate': 4.724834024197082e-05, 'epoch': 17.24}
{'loss': 1.4276, 'grad_norm': 0.11267079412937164, 'learning_rate': 4.7231489906649145e-05, 'epoch': 17.25}
{'loss': 1.427, 'grad_norm': 0.1291910707950592, 'learning_rate': 4.721463957132747e-05, 'epoch': 17.25}
{'loss': 1.4276, 'grad_norm': 0.09885406494140625, 'learning_rate': 4.7197789236005796e-05, 'epoch': 17.26}
{'loss': 1.4272, 'grad_norm': 0.1405828446149826, 'learning_rate': 4.718093890068412e-05, 'epoch': 17.26}
{'loss': 1.4271, 'grad_norm': 0.11524905264377594, 'learning_rate': 4.716408856536245e-05, 'epoch': 17.27}
{'loss': 1.4274, 'grad_norm': 0.17602258920669556, 'learning_rate': 4.714723823004078e-05, 'epoch': 17.27}
{'loss': 1.4274, 'grad_norm': 0.09048467129468918, 'learning_rate': 4.713038789471911e-05, 'epoch': 17.27}
{'loss': 1.427, 'grad_norm': 0.11466188728809357, 'learning_rate': 4.7113537559397435e-05, 'epoch': 17.28}
{'loss': 1.4274, 'grad_norm': 0.16540583968162537, 'learning_rate': 4.7096687224075767e-05, 'epoch': 17.28}
{'loss': 1.4271, 'grad_norm': 0.10022779554128647, 'learning_rate': 4.7079836888754085e-05, 'epoch': 17.29}
pred : ardent in the prosecution of heresy cyril auspiciously opened his reign by oppressing the novations the most innocent and harmless of the sectaries
label: ardent in the prosecution of heresy cyril auspiciously opened his reign by oppressing the novatians the most innocent and harmless of the sectaries
pred : without any legal sentence without any royal mandate the patriarch at the dawn of day led a seditious multitude to the attack of the synagogues
label: without any legal sentence without any royal mandate the patriarch at the dawn of day led a seditious multitude to the attack of the synagogues
pred : such crimes would have deserved the animadversion of the magistrate but in this promiscuous outrage the innocent were confounded with the guilty and alexandria was impoverished by the loss of a wealthy and industrious colony
label: such crimes would have deserved the animadversion of the magistrate but in this promiscuous outrage the innocent were confounded with the guilty and alexandria was impoverished by the loss of a wealthy and industrious colony
pred : ardent in the prosecution of heresy cyril auspiciously opened his reign by oppressing the novations the most innocent and harmless of the sectaries
pred :label:  ardent in the prosecution of heresy cyril auspiciously opened his reign by oppressing the novations the most innocent and harmless of the sectariesardent in the prosecution of heresy cyril auspiciously opened his reign by oppressing the novatians the most innocent and harmless of the sectaries

label:pred :  ardent in the prosecution of heresy cyril auspiciously opened his reign by oppressing the novatians the most innocent and harmless of the sectarieswithout any legal sentence without any royal mandate the patriarch at the dawn of day led a seditious multitude to the attack of the synagogues

pred :label:  without any legal sentence without any royal mandate the patriarch at the dawn of day led a seditious multitude to the attack of the synagogueswithout any legal sentence without any royal mandate the patriarch at the dawn of day led a seditious multitude to the attack of the synagogues

label:pred :  without any legal sentence without any royal mandate the patriarch at the dawn of day led a seditious multitude to the attack of the synagoguessuch crimes would have deserved the animadversion of the magistrate but in this promiscuous outrage the innocent were confounded with the guilty and alexandria was impoverished by the loss of a wealthy and industrious colony

pred :label:  such crimes would have deserved the animadversion of the magistrate but in this promiscuous outrage the innocent were confounded with the guilty and alexandria was impoverished by the loss of a wealthy and industrious colonysuch crimes would have deserved the animadversion of the magistrate but in this promiscuous outrage the innocent were confounded with the guilty and alexandria was impoverished by the loss of a wealthy and industrious colony

label: such crimes would have deserved the animadversion of the magistrate but in this promiscuous outrage the innocent were confounded with the guilty and alexandria was impoverished by the loss of a wealthy and industrious colony
pred : ardent in the prosecution of heresy cyril auspiciously opened his reign by oppressing the novations the most innocent and harmless of the sectaries
label: ardent in the prosecution of heresy cyril auspiciously opened his reign by oppressing the novatians the most innocent and harmless of the sectaries
pred : without any legal sentence without any royal mandate the patriarch at the dawn of day led a seditious multitude to the attack of the synagogues
label: without any legal sentence without any royal mandate the patriarch at the dawn of day led a seditious multitude to the attack of the synagogues
pred : such crimes would have deserved the animadversion of the magistrate but in this promiscuous outrage the innocent were confounded with the guilty and alexandria was impoverished by the loss of a wealthy and industrious colony
label: such crimes would have deserved the animadversion of the magistrate but in this promiscuous outrage the innocent were confounded with the guilty and alexandria was impoverished by the loss of a wealthy and industrious colony
{'eval_loss': 1.6157240867614746, 'eval_bleu': 96.3449226169835, 'eval_wer': 0.022785723097947293, 'eval_cer': 0.015462876473706798, 'eval_rouge1': 0.9858053817164745, 'eval_rouge2': 0.9744767524472069, 'eval_rougeL': 0.9857624147186617, 'eval_runtime': 88.5321, 'eval_samples_per_second': 62.881, 'eval_steps_per_second': 0.328, 'epoch': 17.29}
{'loss': 1.4274, 'grad_norm': 0.10835497826337814, 'learning_rate': 4.706298655343242e-05, 'epoch': 17.29}
{'loss': 1.4288, 'grad_norm': 0.25444263219833374, 'learning_rate': 4.704613621811074e-05, 'epoch': 17.3}
{'loss': 1.4285, 'grad_norm': 0.15835317969322205, 'learning_rate': 4.702928588278907e-05, 'epoch': 17.3}
{'loss': 1.4284, 'grad_norm': 0.21814900636672974, 'learning_rate': 4.70124355474674e-05, 'epoch': 17.31}
{'loss': 1.4277, 'grad_norm': 0.15783311426639557, 'learning_rate': 4.6995585212145724e-05, 'epoch': 17.31}
{'loss': 1.4278, 'grad_norm': 0.12401511520147324, 'learning_rate': 4.697873487682405e-05, 'epoch': 17.32}
{'loss': 1.4272, 'grad_norm': 0.1207759827375412, 'learning_rate': 4.6961884541502374e-05, 'epoch': 17.32}
{'loss': 1.4279, 'grad_norm': 0.10565026104450226, 'learning_rate': 4.6945034206180706e-05, 'epoch': 17.32}
{'loss': 1.4289, 'grad_norm': 0.21394342184066772, 'learning_rate': 4.692818387085903e-05, 'epoch': 17.33}
{'loss': 1.4278, 'grad_norm': 0.15111516416072845, 'learning_rate': 4.691133353553736e-05, 'epoch': 17.33}
{'loss': 1.4273, 'grad_norm': 0.07018879801034927, 'learning_rate': 4.689448320021569e-05, 'epoch': 17.34}
{'loss': 1.4277, 'grad_norm': 0.13111519813537598, 'learning_rate': 4.687763286489401e-05, 'epoch': 17.34}
{'loss': 1.4283, 'grad_norm': 0.11760164797306061, 'learning_rate': 4.686078252957234e-05, 'epoch': 17.35}
{'loss': 1.4273, 'grad_norm': 0.12298775464296341, 'learning_rate': 4.684393219425067e-05, 'epoch': 17.35}
{'loss': 1.4282, 'grad_norm': 0.16225184500217438, 'learning_rate': 4.6827081858928995e-05, 'epoch': 17.36}
{'loss': 1.4273, 'grad_norm': 0.1365886628627777, 'learning_rate': 4.681023152360732e-05, 'epoch': 17.36}
{'loss': 1.4275, 'grad_norm': 0.1266787201166153, 'learning_rate': 4.679338118828565e-05, 'epoch': 17.37}
{'loss': 1.4278, 'grad_norm': 0.24997185170650482, 'learning_rate': 4.677653085296398e-05, 'epoch': 17.37}
{'loss': 1.4281, 'grad_norm': 0.13566800951957703, 'learning_rate': 4.67596805176423e-05, 'epoch': 17.37}
{'loss': 1.4284, 'grad_norm': 0.16757287085056305, 'learning_rate': 4.674283018232063e-05, 'epoch': 17.38}
{'loss': 1.4272, 'grad_norm': 0.12841317057609558, 'learning_rate': 4.672597984699896e-05, 'epoch': 17.38}
{'loss': 1.4284, 'grad_norm': 0.10709184408187866, 'learning_rate': 4.6709129511677285e-05, 'epoch': 17.39}
{'loss': 1.427, 'grad_norm': 0.14808453619480133, 'learning_rate': 4.669227917635562e-05, 'epoch': 17.39}
{'loss': 1.4271, 'grad_norm': 0.08465400338172913, 'learning_rate': 4.667542884103394e-05, 'epoch': 17.4}
{'loss': 1.4274, 'grad_norm': 0.08436983823776245, 'learning_rate': 4.665857850571227e-05, 'epoch': 17.4}
{'loss': 1.427, 'grad_norm': 0.10131530463695526, 'learning_rate': 4.664172817039059e-05, 'epoch': 17.41}
{'loss': 1.4269, 'grad_norm': 0.1154516190290451, 'learning_rate': 4.662487783506892e-05, 'epoch': 17.41}
{'loss': 1.4273, 'grad_norm': 0.07702027261257172, 'learning_rate': 4.660802749974725e-05, 'epoch': 17.42}
{'loss': 1.4272, 'grad_norm': 0.28574424982070923, 'learning_rate': 4.6591177164425574e-05, 'epoch': 17.42}
{'loss': 1.4279, 'grad_norm': 0.23493145406246185, 'learning_rate': 4.6574326829103906e-05, 'epoch': 17.42}
{'loss': 1.4271, 'grad_norm': 0.09213365614414215, 'learning_rate': 4.6557476493782224e-05, 'epoch': 17.43}
{'loss': 1.4279, 'grad_norm': 0.15462075173854828, 'learning_rate': 4.6540626158460556e-05, 'epoch': 17.43}
{'loss': 1.4264, 'grad_norm': 0.15922164916992188, 'learning_rate': 4.652377582313888e-05, 'epoch': 17.44}
{'loss': 1.4268, 'grad_norm': 0.21248246729373932, 'learning_rate': 4.650692548781721e-05, 'epoch': 17.44}
{'loss': 1.4276, 'grad_norm': 0.1720641851425171, 'learning_rate': 4.649007515249554e-05, 'epoch': 17.45}
{'loss': 1.4277, 'grad_norm': 0.16749978065490723, 'learning_rate': 4.6473224817173863e-05, 'epoch': 17.45}
{'loss': 1.4275, 'grad_norm': 0.11497868597507477, 'learning_rate': 4.645637448185219e-05, 'epoch': 17.46}
{'loss': 1.4277, 'grad_norm': 0.1673496961593628, 'learning_rate': 4.6439524146530514e-05, 'epoch': 17.46}
{'loss': 1.4275, 'grad_norm': 0.19121012091636658, 'learning_rate': 4.6422673811208846e-05, 'epoch': 17.47}
{'loss': 1.4272, 'grad_norm': 0.16772250831127167, 'learning_rate': 4.640582347588717e-05, 'epoch': 17.47}
{'loss': 1.4273, 'grad_norm': 0.1797255575656891, 'learning_rate': 4.63889731405655e-05, 'epoch': 17.47}
{'loss': 1.4265, 'grad_norm': 0.16853471100330353, 'learning_rate': 4.637212280524383e-05, 'epoch': 17.48}
{'loss': 1.4273, 'grad_norm': 0.1521439403295517, 'learning_rate': 4.635527246992216e-05, 'epoch': 17.48}
{'loss': 1.4269, 'grad_norm': 0.23561035096645355, 'learning_rate': 4.633842213460048e-05, 'epoch': 17.49}
{'loss': 1.4267, 'grad_norm': 0.12299462407827377, 'learning_rate': 4.632157179927881e-05, 'epoch': 17.49}
{'loss': 1.4282, 'grad_norm': 0.09814734756946564, 'learning_rate': 4.6304721463957135e-05, 'epoch': 17.5}
{'loss': 1.427, 'grad_norm': 0.34868162870407104, 'learning_rate': 4.628787112863546e-05, 'epoch': 17.5}
{'loss': 1.4272, 'grad_norm': 0.16082356870174408, 'learning_rate': 4.627102079331379e-05, 'epoch': 17.51}
{'loss': 1.4288, 'grad_norm': 0.16383719444274902, 'learning_rate': 4.625417045799212e-05, 'epoch': 17.51}
{'loss': 1.4274, 'grad_norm': 0.0892275720834732, 'learning_rate': 4.623732012267044e-05, 'epoch': 17.52}
{'loss': 1.427, 'grad_norm': 0.17784161865711212, 'learning_rate': 4.622046978734877e-05, 'epoch': 17.52}
{'loss': 1.427, 'grad_norm': 0.5082893967628479, 'learning_rate': 4.62036194520271e-05, 'epoch': 17.53}
{'loss': 1.4276, 'grad_norm': 0.11737421900033951, 'learning_rate': 4.6186769116705424e-05, 'epoch': 17.53}
{'loss': 1.4283, 'grad_norm': 0.27101564407348633, 'learning_rate': 4.6169918781383756e-05, 'epoch': 17.53}
{'loss': 1.4276, 'grad_norm': 0.17547956109046936, 'learning_rate': 4.615306844606208e-05, 'epoch': 17.54}
{'loss': 1.4287, 'grad_norm': 0.12068121135234833, 'learning_rate': 4.6136218110740406e-05, 'epoch': 17.54}
{'loss': 1.4277, 'grad_norm': 0.13505250215530396, 'learning_rate': 4.611936777541873e-05, 'epoch': 17.55}
{'loss': 1.4276, 'grad_norm': 0.13305120170116425, 'learning_rate': 4.6102517440097056e-05, 'epoch': 17.55}
{'loss': 1.4275, 'grad_norm': 0.12103275954723358, 'learning_rate': 4.608566710477539e-05, 'epoch': 17.56}
{'loss': 1.4273, 'grad_norm': 0.17856457829475403, 'learning_rate': 4.6068816769453713e-05, 'epoch': 17.56}
{'loss': 1.427, 'grad_norm': 0.2598200738430023, 'learning_rate': 4.6051966434132045e-05, 'epoch': 17.57}
{'loss': 1.4278, 'grad_norm': 0.12782083451747894, 'learning_rate': 4.6035116098810364e-05, 'epoch': 17.57}
{'loss': 1.4269, 'grad_norm': 0.1943376064300537, 'learning_rate': 4.6018265763488696e-05, 'epoch': 17.58}
{'loss': 1.4275, 'grad_norm': 0.09956997632980347, 'learning_rate': 4.600141542816702e-05, 'epoch': 17.58}
{'loss': 1.4268, 'grad_norm': 0.24413393437862396, 'learning_rate': 4.598456509284535e-05, 'epoch': 17.58}
{'loss': 1.4297, 'grad_norm': 0.12136223167181015, 'learning_rate': 4.596771475752368e-05, 'epoch': 17.59}
{'loss': 1.4319, 'grad_norm': 0.18240651488304138, 'learning_rate': 4.5950864422202e-05, 'epoch': 17.59}
{'loss': 1.4285, 'grad_norm': 0.1466761976480484, 'learning_rate': 4.5934014086880335e-05, 'epoch': 17.6}
{'loss': 1.4295, 'grad_norm': 0.25164952874183655, 'learning_rate': 4.591716375155865e-05, 'epoch': 17.6}
{'loss': 1.4286, 'grad_norm': 0.14799761772155762, 'learning_rate': 4.5900313416236985e-05, 'epoch': 17.61}
{'loss': 1.4283, 'grad_norm': 0.15533988177776337, 'learning_rate': 4.588346308091531e-05, 'epoch': 17.61}
{'loss': 1.4282, 'grad_norm': 0.10238977521657944, 'learning_rate': 4.586661274559364e-05, 'epoch': 17.62}
{'loss': 1.4287, 'grad_norm': 0.12808384001255035, 'learning_rate': 4.584976241027197e-05, 'epoch': 17.62}
{'loss': 1.4276, 'grad_norm': 0.09257163852453232, 'learning_rate': 4.58329120749503e-05, 'epoch': 17.63}
{'loss': 1.4277, 'grad_norm': 0.15839022397994995, 'learning_rate': 4.581606173962862e-05, 'epoch': 17.63}
{'loss': 1.4297, 'grad_norm': 0.14318661391735077, 'learning_rate': 4.579921140430695e-05, 'epoch': 17.63}
{'loss': 1.4282, 'grad_norm': 0.14780554175376892, 'learning_rate': 4.5782361068985274e-05, 'epoch': 17.64}
{'loss': 1.4281, 'grad_norm': 0.15443190932273865, 'learning_rate': 4.57655107336636e-05, 'epoch': 17.64}
{'loss': 1.4303, 'grad_norm': 0.12906169891357422, 'learning_rate': 4.574866039834193e-05, 'epoch': 17.65}
{'loss': 1.4268, 'grad_norm': 0.28079450130462646, 'learning_rate': 4.5731810063020256e-05, 'epoch': 17.65}
{'loss': 1.4277, 'grad_norm': 0.11628977209329605, 'learning_rate': 4.571495972769858e-05, 'epoch': 17.66}
{'loss': 1.4283, 'grad_norm': 0.15255048871040344, 'learning_rate': 4.5698109392376907e-05, 'epoch': 17.66}
{'loss': 1.4279, 'grad_norm': 0.4826049208641052, 'learning_rate': 4.568125905705524e-05, 'epoch': 17.67}
{'loss': 1.427, 'grad_norm': 0.11819657683372498, 'learning_rate': 4.5664408721733564e-05, 'epoch': 17.67}
{'loss': 1.4274, 'grad_norm': 0.1145082414150238, 'learning_rate': 4.5647558386411895e-05, 'epoch': 17.68}
{'loss': 1.4276, 'grad_norm': 0.11061761528253555, 'learning_rate': 4.563070805109022e-05, 'epoch': 17.68}
{'loss': 1.4282, 'grad_norm': 0.14648495614528656, 'learning_rate': 4.5613857715768546e-05, 'epoch': 17.68}
{'loss': 1.4275, 'grad_norm': 0.10490472614765167, 'learning_rate': 4.559700738044687e-05, 'epoch': 17.69}
{'loss': 1.4286, 'grad_norm': 0.1049683466553688, 'learning_rate': 4.5580157045125196e-05, 'epoch': 17.69}
{'loss': 1.4271, 'grad_norm': 0.36696580052375793, 'learning_rate': 4.556330670980353e-05, 'epoch': 17.7}
{'loss': 1.4284, 'grad_norm': 0.14748233556747437, 'learning_rate': 4.554645637448185e-05, 'epoch': 17.7}
{'loss': 1.4272, 'grad_norm': 0.13204869627952576, 'learning_rate': 4.5529606039160185e-05, 'epoch': 17.71}
{'loss': 1.4272, 'grad_norm': 0.16424977779388428, 'learning_rate': 4.551275570383851e-05, 'epoch': 17.71}
{'loss': 1.4274, 'grad_norm': 0.12165229022502899, 'learning_rate': 4.5495905368516835e-05, 'epoch': 17.72}
{'loss': 1.4281, 'grad_norm': 0.10097385197877884, 'learning_rate': 4.547905503319516e-05, 'epoch': 17.72}
{'loss': 1.4266, 'grad_norm': 0.38478395342826843, 'learning_rate': 4.546220469787349e-05, 'epoch': 17.73}
{'loss': 1.4286, 'grad_norm': 0.09371346980333328, 'learning_rate': 4.544535436255182e-05, 'epoch': 17.73}
{'loss': 1.4273, 'grad_norm': 0.23967501521110535, 'learning_rate': 4.542850402723014e-05, 'epoch': 17.73}
{'loss': 1.4271, 'grad_norm': 0.35821089148521423, 'learning_rate': 4.5411653691908474e-05, 'epoch': 17.74}
{'loss': 1.428, 'grad_norm': 0.28569716215133667, 'learning_rate': 4.53948033565868e-05, 'epoch': 17.74}
{'loss': 1.428, 'grad_norm': 0.15205924212932587, 'learning_rate': 4.5377953021265124e-05, 'epoch': 17.75}
{'loss': 1.4277, 'grad_norm': 0.13202299177646637, 'learning_rate': 4.536110268594345e-05, 'epoch': 17.75}
{'loss': 1.4285, 'grad_norm': 0.4640738070011139, 'learning_rate': 4.534425235062178e-05, 'epoch': 17.76}
{'loss': 1.4275, 'grad_norm': 0.13211096823215485, 'learning_rate': 4.5327402015300106e-05, 'epoch': 17.76}
{'loss': 1.4275, 'grad_norm': 0.11456046998500824, 'learning_rate': 4.531055167997844e-05, 'epoch': 17.77}
{'loss': 1.427, 'grad_norm': 0.08356917649507523, 'learning_rate': 4.529370134465676e-05, 'epoch': 17.77}
{'loss': 1.4275, 'grad_norm': 0.11370640993118286, 'learning_rate': 4.527685100933509e-05, 'epoch': 17.78}
{'loss': 1.4265, 'grad_norm': 0.19116799533367157, 'learning_rate': 4.5260000674013414e-05, 'epoch': 17.78}
{'loss': 1.4278, 'grad_norm': 0.14969970285892487, 'learning_rate': 4.524315033869174e-05, 'epoch': 17.78}
{'loss': 1.4266, 'grad_norm': 0.14773212373256683, 'learning_rate': 4.522630000337007e-05, 'epoch': 17.79}
{'loss': 1.4266, 'grad_norm': 0.21292278170585632, 'learning_rate': 4.5209449668048396e-05, 'epoch': 17.79}
{'loss': 1.4277, 'grad_norm': 0.16295211017131805, 'learning_rate': 4.519259933272673e-05, 'epoch': 17.8}
{'loss': 1.4279, 'grad_norm': 0.08517757803201675, 'learning_rate': 4.5175748997405046e-05, 'epoch': 17.8}
{'loss': 1.4281, 'grad_norm': 0.1173928752541542, 'learning_rate': 4.515889866208338e-05, 'epoch': 17.81}
{'loss': 1.4275, 'grad_norm': 0.195428267121315, 'learning_rate': 4.51420483267617e-05, 'epoch': 17.81}
{'loss': 1.4274, 'grad_norm': 0.08394097536802292, 'learning_rate': 4.5125197991440035e-05, 'epoch': 17.82}
{'loss': 1.4268, 'grad_norm': 0.481515496969223, 'learning_rate': 4.510834765611836e-05, 'epoch': 17.82}
{'loss': 1.4275, 'grad_norm': 0.1116996631026268, 'learning_rate': 4.5091497320796685e-05, 'epoch': 17.83}
{'loss': 1.4274, 'grad_norm': 0.11449693143367767, 'learning_rate': 4.507464698547501e-05, 'epoch': 17.83}
{'loss': 1.4269, 'grad_norm': 0.10798017680644989, 'learning_rate': 4.505779665015334e-05, 'epoch': 17.83}
{'loss': 1.4276, 'grad_norm': 0.2344447821378708, 'learning_rate': 4.504094631483167e-05, 'epoch': 17.84}
{'loss': 1.4272, 'grad_norm': 0.1694611757993698, 'learning_rate': 4.502409597950999e-05, 'epoch': 17.84}
{'loss': 1.4272, 'grad_norm': 0.14619579911231995, 'learning_rate': 4.5007245644188324e-05, 'epoch': 17.85}
{'loss': 1.427, 'grad_norm': 0.08602885901927948, 'learning_rate': 4.499039530886665e-05, 'epoch': 17.85}
{'loss': 1.4275, 'grad_norm': 0.3600288927555084, 'learning_rate': 4.4973544973544974e-05, 'epoch': 17.86}
{'loss': 1.4274, 'grad_norm': 0.17139053344726562, 'learning_rate': 4.49566946382233e-05, 'epoch': 17.86}
{'loss': 1.428, 'grad_norm': 0.1127501130104065, 'learning_rate': 4.493984430290163e-05, 'epoch': 17.87}
{'loss': 1.4268, 'grad_norm': 0.2952173948287964, 'learning_rate': 4.4922993967579957e-05, 'epoch': 17.87}
{'loss': 1.4277, 'grad_norm': 0.11203379184007645, 'learning_rate': 4.490614363225829e-05, 'epoch': 17.88}
{'loss': 1.4282, 'grad_norm': 0.27233147621154785, 'learning_rate': 4.4889293296936614e-05, 'epoch': 17.88}
{'loss': 1.4272, 'grad_norm': 0.1292412281036377, 'learning_rate': 4.487244296161494e-05, 'epoch': 17.88}
{'loss': 1.4273, 'grad_norm': 0.27686741948127747, 'learning_rate': 4.4855592626293264e-05, 'epoch': 17.89}
{'loss': 1.4265, 'grad_norm': 0.12405774742364883, 'learning_rate': 4.483874229097159e-05, 'epoch': 17.89}
{'loss': 1.4283, 'grad_norm': 0.21673592925071716, 'learning_rate': 4.482189195564992e-05, 'epoch': 17.9}
{'loss': 1.4277, 'grad_norm': 0.19035418331623077, 'learning_rate': 4.4805041620328246e-05, 'epoch': 17.9}
{'loss': 1.4279, 'grad_norm': 0.13589400053024292, 'learning_rate': 4.478819128500658e-05, 'epoch': 17.91}
{'loss': 1.4274, 'grad_norm': 0.12485908716917038, 'learning_rate': 4.47713409496849e-05, 'epoch': 17.91}
{'loss': 1.4271, 'grad_norm': 0.14086107909679413, 'learning_rate': 4.475449061436323e-05, 'epoch': 17.92}
{'loss': 1.4275, 'grad_norm': 0.5049049258232117, 'learning_rate': 4.473764027904155e-05, 'epoch': 17.92}
{'loss': 1.4281, 'grad_norm': 0.10575380176305771, 'learning_rate': 4.4720789943719885e-05, 'epoch': 17.93}
{'loss': 1.4277, 'grad_norm': 0.11431702226400375, 'learning_rate': 4.470393960839821e-05, 'epoch': 17.93}
{'loss': 1.4275, 'grad_norm': 0.11552775651216507, 'learning_rate': 4.4687089273076535e-05, 'epoch': 17.93}
{'loss': 1.4278, 'grad_norm': 0.28794780373573303, 'learning_rate': 4.467023893775487e-05, 'epoch': 17.94}
{'loss': 1.4273, 'grad_norm': 0.172809898853302, 'learning_rate': 4.4653388602433185e-05, 'epoch': 17.94}
{'loss': 1.4275, 'grad_norm': 0.7112752795219421, 'learning_rate': 4.463653826711152e-05, 'epoch': 17.95}
{'loss': 1.4271, 'grad_norm': 0.24281737208366394, 'learning_rate': 4.461968793178984e-05, 'epoch': 17.95}
{'loss': 1.4277, 'grad_norm': 0.13844849169254303, 'learning_rate': 4.4602837596468174e-05, 'epoch': 17.96}
{'loss': 1.4268, 'grad_norm': 0.15961019694805145, 'learning_rate': 4.45859872611465e-05, 'epoch': 17.96}
{'loss': 1.4269, 'grad_norm': 0.10000594705343246, 'learning_rate': 4.456913692582483e-05, 'epoch': 17.97}
{'loss': 1.4272, 'grad_norm': 0.2835526466369629, 'learning_rate': 4.455228659050315e-05, 'epoch': 17.97}
{'loss': 1.4269, 'grad_norm': 0.14881160855293274, 'learning_rate': 4.453543625518148e-05, 'epoch': 17.98}
{'loss': 1.4276, 'grad_norm': 0.1501789093017578, 'learning_rate': 4.4518585919859807e-05, 'epoch': 17.98}
{'loss': 1.427, 'grad_norm': 0.14575377106666565, 'learning_rate': 4.450173558453813e-05, 'epoch': 17.98}
{'loss': 1.4283, 'grad_norm': 0.26181095838546753, 'learning_rate': 4.4484885249216464e-05, 'epoch': 17.99}
{'loss': 1.4277, 'grad_norm': 0.14829614758491516, 'learning_rate': 4.446803491389479e-05, 'epoch': 17.99}
{'loss': 1.4283, 'grad_norm': 0.13307297229766846, 'learning_rate': 4.445118457857312e-05, 'epoch': 18.0}
{'loss': 1.4266, 'grad_norm': 0.3607427477836609, 'learning_rate': 4.443433424325144e-05, 'epoch': 18.0}
{'loss': 1.426, 'grad_norm': 0.20556844770908356, 'learning_rate': 4.441748390792977e-05, 'epoch': 18.01}
{'loss': 1.4261, 'grad_norm': 0.09537775814533234, 'learning_rate': 4.4400633572608096e-05, 'epoch': 18.01}
{'loss': 1.4275, 'grad_norm': 0.18369513750076294, 'learning_rate': 4.438378323728643e-05, 'epoch': 18.02}
{'loss': 1.4263, 'grad_norm': 0.3092902600765228, 'learning_rate': 4.436693290196475e-05, 'epoch': 18.02}
{'loss': 1.4268, 'grad_norm': 0.11713644862174988, 'learning_rate': 4.435008256664308e-05, 'epoch': 18.03}
{'loss': 1.427, 'grad_norm': 0.11228767037391663, 'learning_rate': 4.43332322313214e-05, 'epoch': 18.03}
{'loss': 1.4264, 'grad_norm': 0.41631513833999634, 'learning_rate': 4.431638189599973e-05, 'epoch': 18.03}
{'loss': 1.4275, 'grad_norm': 0.12883689999580383, 'learning_rate': 4.429953156067806e-05, 'epoch': 18.04}
{'loss': 1.4265, 'grad_norm': 0.13915443420410156, 'learning_rate': 4.4282681225356385e-05, 'epoch': 18.04}
{'loss': 1.4261, 'grad_norm': 0.08862879872322083, 'learning_rate': 4.426583089003472e-05, 'epoch': 18.05}
{'loss': 1.426, 'grad_norm': 0.17056481540203094, 'learning_rate': 4.424898055471304e-05, 'epoch': 18.05}
{'loss': 1.4261, 'grad_norm': 0.12944401800632477, 'learning_rate': 4.423213021939137e-05, 'epoch': 18.06}
{'loss': 1.4253, 'grad_norm': 0.3576193153858185, 'learning_rate': 4.421527988406969e-05, 'epoch': 18.06}
{'loss': 1.4265, 'grad_norm': 0.1834179311990738, 'learning_rate': 4.4198429548748024e-05, 'epoch': 18.07}
{'loss': 1.4266, 'grad_norm': 0.11016544699668884, 'learning_rate': 4.418157921342635e-05, 'epoch': 18.07}
{'loss': 1.4268, 'grad_norm': 0.09876060485839844, 'learning_rate': 4.4164728878104675e-05, 'epoch': 18.08}
{'loss': 1.4265, 'grad_norm': 0.17972461879253387, 'learning_rate': 4.4147878542783006e-05, 'epoch': 18.08}
{'loss': 1.4271, 'grad_norm': 0.08124953508377075, 'learning_rate': 4.4131028207461325e-05, 'epoch': 18.08}
{'loss': 1.4265, 'grad_norm': 0.27117347717285156, 'learning_rate': 4.411417787213966e-05, 'epoch': 18.09}
{'loss': 1.4262, 'grad_norm': 0.09561087191104889, 'learning_rate': 4.409732753681798e-05, 'epoch': 18.09}
{'loss': 1.427, 'grad_norm': 0.1764039695262909, 'learning_rate': 4.4080477201496314e-05, 'epoch': 18.1}
{'loss': 1.4262, 'grad_norm': 0.13924196362495422, 'learning_rate': 4.406362686617464e-05, 'epoch': 18.1}
{'loss': 1.4257, 'grad_norm': 0.4679526686668396, 'learning_rate': 4.404677653085297e-05, 'epoch': 18.11}
{'loss': 1.4263, 'grad_norm': 0.1230851486325264, 'learning_rate': 4.4029926195531296e-05, 'epoch': 18.11}
{'loss': 1.4273, 'grad_norm': 0.2499549239873886, 'learning_rate': 4.401307586020962e-05, 'epoch': 18.12}
{'loss': 1.4269, 'grad_norm': 0.14699456095695496, 'learning_rate': 4.3996225524887946e-05, 'epoch': 18.12}
{'loss': 1.4262, 'grad_norm': 0.18155665695667267, 'learning_rate': 4.397937518956627e-05, 'epoch': 18.13}
{'loss': 1.427, 'grad_norm': 0.3729354441165924, 'learning_rate': 4.39625248542446e-05, 'epoch': 18.13}
{'loss': 1.4265, 'grad_norm': 0.17034341394901276, 'learning_rate': 4.394567451892293e-05, 'epoch': 18.13}
{'loss': 1.4265, 'grad_norm': 0.14280915260314941, 'learning_rate': 4.392882418360126e-05, 'epoch': 18.14}
{'loss': 1.4263, 'grad_norm': 0.11680705100297928, 'learning_rate': 4.391197384827958e-05, 'epoch': 18.14}
{'loss': 1.4276, 'grad_norm': 0.12687180936336517, 'learning_rate': 4.389512351295791e-05, 'epoch': 18.15}
{'loss': 1.4266, 'grad_norm': 0.1309274435043335, 'learning_rate': 4.3878273177636235e-05, 'epoch': 18.15}
{'loss': 1.4254, 'grad_norm': 0.1405547708272934, 'learning_rate': 4.386142284231457e-05, 'epoch': 18.16}
{'loss': 1.4259, 'grad_norm': 0.14571382105350494, 'learning_rate': 4.384457250699289e-05, 'epoch': 18.16}
{'loss': 1.426, 'grad_norm': 0.14594495296478271, 'learning_rate': 4.382772217167122e-05, 'epoch': 18.17}
{'loss': 1.4261, 'grad_norm': 0.1381322741508484, 'learning_rate': 4.381087183634954e-05, 'epoch': 18.17}
{'loss': 1.4266, 'grad_norm': 0.1593698114156723, 'learning_rate': 4.379402150102787e-05, 'epoch': 18.18}
{'loss': 1.427, 'grad_norm': 0.12869569659233093, 'learning_rate': 4.37771711657062e-05, 'epoch': 18.18}
{'loss': 1.426, 'grad_norm': 0.2826208472251892, 'learning_rate': 4.3760320830384525e-05, 'epoch': 18.18}
{'loss': 1.4262, 'grad_norm': 0.2767464220523834, 'learning_rate': 4.3743470495062857e-05, 'epoch': 18.19}
{'loss': 1.4265, 'grad_norm': 0.10163769870996475, 'learning_rate': 4.372662015974118e-05, 'epoch': 18.19}
{'loss': 1.4265, 'grad_norm': 0.2532474100589752, 'learning_rate': 4.370976982441951e-05, 'epoch': 18.2}
pred : ardent in the prosecution of heresy cyril auspiciously opened his reign by oppressing the novations the most innocent and harmless of the sectaries
label: ardent in the prosecution of heresy cyril auspiciously opened his reign by oppressing the novatians the most innocent and harmless of the sectaries
pred : without any legal sentence without any royal mandate the patriarch at the dawn of day led a seditious multitude to the attack of the synagogues
label: without any legal sentence without any royal mandate the patriarch at the dawn of day led a seditious multitude to the attack of the synagogues
pred : such crimes would have deserved the animadversion of the magistrate but in this promiscuous outrage the innocent were confounded with the guilty and alexandria was impoverished by the loss of a wealthy and industrious colony
label: such crimes would have deserved the animadversion of the magistrate but in this promiscuous outrage the innocent were confounded with the guilty and alexandria was impoverished by the loss of a wealthy and industrious colony
pred : ardent in the prosecution of heresy cyril auspiciously opened his reign by oppressing the novations the most innocent and harmless of the sectariespred :
 label:ardent in the prosecution of heresy cyril auspiciously opened his reign by oppressing the novations the most innocent and harmless of the sectaries 
ardent in the prosecution of heresy cyril auspiciously opened his reign by oppressing the novatians the most innocent and harmless of the sectarieslabel:
 pred :ardent in the prosecution of heresy cyril auspiciously opened his reign by oppressing the novatians the most innocent and harmless of the sectaries 
without any legal sentence without any royal mandate the patriarch at the dawn of day led a seditious multitude to the attack of the synagoguespred :
 label:without any legal sentence without any royal mandate the patriarch at the dawn of day led a seditious multitude to the attack of the synagogues 
without any legal sentence without any royal mandate the patriarch at the dawn of day led a seditious multitude to the attack of the synagogueslabel:
 pred :without any legal sentence without any royal mandate the patriarch at the dawn of day led a seditious multitude to the attack of the synagogues 
such crimes would have deserved the animadversion of the magistrate but in this promiscuous outrage the innocent were confounded with the guilty and alexandria was impoverished by the loss of a wealthy and industrious colonypred :
 label:such crimes would have deserved the animadversion of the magistrate but in this promiscuous outrage the innocent were confounded with the guilty and alexandria was impoverished by the loss of a wealthy and industrious colony 
such crimes would have deserved the animadversion of the magistrate but in this promiscuous outrage the innocent were confounded with the guilty and alexandria was impoverished by the loss of a wealthy and industrious colonylabel:
 such crimes would have deserved the animadversion of the magistrate but in this promiscuous outrage the innocent were confounded with the guilty and alexandria was impoverished by the loss of a wealthy and industrious colony
pred : ardent in the prosecution of heresy cyril auspiciously opened his reign by oppressing the novations the most innocent and harmless of the sectaries
label: ardent in the prosecution of heresy cyril auspiciously opened his reign by oppressing the novatians the most innocent and harmless of the sectaries
pred : without any legal sentence without any royal mandate the patriarch at the dawn of day led a seditious multitude to the attack of the synagogues
label: without any legal sentence without any royal mandate the patriarch at the dawn of day led a seditious multitude to the attack of the synagogues
pred : such crimes would have deserved the animadversion of the magistrate but in this promiscuous outrage the innocent were confounded with the guilty and alexandria was impoverished by the loss of a wealthy and industrious colony
label: such crimes would have deserved the animadversion of the magistrate but in this promiscuous outrage the innocent were confounded with the guilty and alexandria was impoverished by the loss of a wealthy and industrious colony
{'eval_loss': 1.6039435863494873, 'eval_bleu': 96.3474741985224, 'eval_wer': 0.022757252806696212, 'eval_cer': 0.015403369193982913, 'eval_rouge1': 0.9866132543726966, 'eval_rouge2': 0.9754254597194751, 'eval_rougeL': 0.986557191491743, 'eval_runtime': 88.2431, 'eval_samples_per_second': 63.087, 'eval_steps_per_second': 0.329, 'epoch': 18.2}
{'loss': 1.4261, 'grad_norm': 0.09661876410245895, 'learning_rate': 4.369291948909783e-05, 'epoch': 18.2}
{'loss': 1.4263, 'grad_norm': 0.08793564140796661, 'learning_rate': 4.3676069153776164e-05, 'epoch': 18.21}
{'loss': 1.4262, 'grad_norm': 0.09115269035100937, 'learning_rate': 4.365921881845449e-05, 'epoch': 18.21}
{'loss': 1.426, 'grad_norm': 0.10558320581912994, 'learning_rate': 4.3642368483132814e-05, 'epoch': 18.22}
{'loss': 1.4257, 'grad_norm': 0.11776334792375565, 'learning_rate': 4.3625518147811146e-05, 'epoch': 18.22}
{'loss': 1.4258, 'grad_norm': 0.17562003433704376, 'learning_rate': 4.360866781248947e-05, 'epoch': 18.23}
{'loss': 1.4261, 'grad_norm': 0.12015674263238907, 'learning_rate': 4.3591817477167796e-05, 'epoch': 18.23}
{'loss': 1.4257, 'grad_norm': 0.16419783234596252, 'learning_rate': 4.357496714184612e-05, 'epoch': 18.23}
{'loss': 1.4273, 'grad_norm': 0.1822708249092102, 'learning_rate': 4.355811680652445e-05, 'epoch': 18.24}
{'loss': 1.4266, 'grad_norm': 0.1041988879442215, 'learning_rate': 4.354126647120278e-05, 'epoch': 18.24}
{'loss': 1.4256, 'grad_norm': 0.08488461375236511, 'learning_rate': 4.352441613588111e-05, 'epoch': 18.25}
{'loss': 1.426, 'grad_norm': 0.1278560310602188, 'learning_rate': 4.3507565800559435e-05, 'epoch': 18.25}
{'loss': 1.4264, 'grad_norm': 0.14544714987277985, 'learning_rate': 4.349071546523776e-05, 'epoch': 18.26}
{'loss': 1.4251, 'grad_norm': 0.11456462740898132, 'learning_rate': 4.3473865129916085e-05, 'epoch': 18.26}
{'loss': 1.4263, 'grad_norm': 0.22559159994125366, 'learning_rate': 4.345701479459442e-05, 'epoch': 18.27}
{'loss': 1.4259, 'grad_norm': 0.16040556132793427, 'learning_rate': 4.344016445927274e-05, 'epoch': 18.27}
{'loss': 1.4267, 'grad_norm': 0.4119173288345337, 'learning_rate': 4.342331412395107e-05, 'epoch': 18.28}
{'loss': 1.4267, 'grad_norm': 0.10931853204965591, 'learning_rate': 4.34064637886294e-05, 'epoch': 18.28}
{'loss': 1.4263, 'grad_norm': 0.11701089888811111, 'learning_rate': 4.338961345330772e-05, 'epoch': 18.28}
{'loss': 1.4267, 'grad_norm': 0.1674000471830368, 'learning_rate': 4.337276311798605e-05, 'epoch': 18.29}
{'loss': 1.4258, 'grad_norm': 0.8332528471946716, 'learning_rate': 4.3355912782664375e-05, 'epoch': 18.29}
{'loss': 1.4262, 'grad_norm': 0.216119185090065, 'learning_rate': 4.333906244734271e-05, 'epoch': 18.3}
{'loss': 1.4262, 'grad_norm': 0.16390420496463776, 'learning_rate': 4.332221211202103e-05, 'epoch': 18.3}
{'loss': 1.4261, 'grad_norm': 0.1146092340350151, 'learning_rate': 4.330536177669936e-05, 'epoch': 18.31}
{'loss': 1.4252, 'grad_norm': 0.09105032682418823, 'learning_rate': 4.328851144137769e-05, 'epoch': 18.31}
{'loss': 1.4259, 'grad_norm': 0.11541321873664856, 'learning_rate': 4.3271661106056014e-05, 'epoch': 18.32}
{'loss': 1.4259, 'grad_norm': 0.09063906967639923, 'learning_rate': 4.325481077073434e-05, 'epoch': 18.32}
{'loss': 1.426, 'grad_norm': 0.3244541883468628, 'learning_rate': 4.3237960435412664e-05, 'epoch': 18.33}
{'loss': 1.4263, 'grad_norm': 0.09798773378133774, 'learning_rate': 4.3221110100090996e-05, 'epoch': 18.33}
{'loss': 1.426, 'grad_norm': 0.13346266746520996, 'learning_rate': 4.320425976476932e-05, 'epoch': 18.33}
{'loss': 1.426, 'grad_norm': 0.09889029711484909, 'learning_rate': 4.318740942944765e-05, 'epoch': 18.34}
{'loss': 1.4262, 'grad_norm': 0.2328193485736847, 'learning_rate': 4.317055909412597e-05, 'epoch': 18.34}
{'loss': 1.4264, 'grad_norm': 0.1281459480524063, 'learning_rate': 4.31537087588043e-05, 'epoch': 18.35}
{'loss': 1.4263, 'grad_norm': 0.09370063245296478, 'learning_rate': 4.313685842348263e-05, 'epoch': 18.35}
{'loss': 1.4264, 'grad_norm': 0.5730550289154053, 'learning_rate': 4.312000808816096e-05, 'epoch': 18.36}
{'loss': 1.4262, 'grad_norm': 0.42725104093551636, 'learning_rate': 4.3103157752839285e-05, 'epoch': 18.36}
{'loss': 1.4263, 'grad_norm': 0.12610693275928497, 'learning_rate': 4.308630741751761e-05, 'epoch': 18.37}
{'loss': 1.4255, 'grad_norm': 0.12831909954547882, 'learning_rate': 4.3069457082195936e-05, 'epoch': 18.37}
{'loss': 1.4257, 'grad_norm': 0.11306574940681458, 'learning_rate': 4.305260674687426e-05, 'epoch': 18.38}
{'loss': 1.426, 'grad_norm': 0.1071450337767601, 'learning_rate': 4.303575641155259e-05, 'epoch': 18.38}
{'loss': 1.4267, 'grad_norm': 0.16756108403205872, 'learning_rate': 4.301890607623092e-05, 'epoch': 18.38}
{'loss': 1.4264, 'grad_norm': 0.2204812914133072, 'learning_rate': 4.300205574090925e-05, 'epoch': 18.39}
{'loss': 1.4269, 'grad_norm': 0.1907258927822113, 'learning_rate': 4.2985205405587575e-05, 'epoch': 18.39}
{'loss': 1.4267, 'grad_norm': 0.11567751318216324, 'learning_rate': 4.29683550702659e-05, 'epoch': 18.4}
{'loss': 1.4269, 'grad_norm': 0.20960189402103424, 'learning_rate': 4.2951504734944225e-05, 'epoch': 18.4}
{'loss': 1.4264, 'grad_norm': 0.1045423373579979, 'learning_rate': 4.293465439962256e-05, 'epoch': 18.41}
{'loss': 1.4261, 'grad_norm': 0.1891784816980362, 'learning_rate': 4.291780406430088e-05, 'epoch': 18.41}
{'loss': 1.4259, 'grad_norm': 0.1296287626028061, 'learning_rate': 4.290095372897921e-05, 'epoch': 18.42}
{'loss': 1.4263, 'grad_norm': 0.1391463428735733, 'learning_rate': 4.288410339365754e-05, 'epoch': 18.42}
{'loss': 1.427, 'grad_norm': 0.3193337917327881, 'learning_rate': 4.2867253058335864e-05, 'epoch': 18.43}
{'loss': 1.4266, 'grad_norm': 0.13165874779224396, 'learning_rate': 4.285040272301419e-05, 'epoch': 18.43}
{'loss': 1.4258, 'grad_norm': 0.10351792722940445, 'learning_rate': 4.2833552387692514e-05, 'epoch': 18.43}
{'loss': 1.427, 'grad_norm': 0.12528502941131592, 'learning_rate': 4.2816702052370846e-05, 'epoch': 18.44}
{'loss': 1.426, 'grad_norm': 0.08639439940452576, 'learning_rate': 4.279985171704917e-05, 'epoch': 18.44}
{'loss': 1.4258, 'grad_norm': 0.2559748589992523, 'learning_rate': 4.27830013817275e-05, 'epoch': 18.45}
{'loss': 1.4266, 'grad_norm': 0.1303311139345169, 'learning_rate': 4.276615104640583e-05, 'epoch': 18.45}
{'loss': 1.4264, 'grad_norm': 0.14317910373210907, 'learning_rate': 4.274930071108415e-05, 'epoch': 18.46}
{'loss': 1.4259, 'grad_norm': 0.11254484951496124, 'learning_rate': 4.273245037576248e-05, 'epoch': 18.46}
{'loss': 1.4262, 'grad_norm': 0.08489279448986053, 'learning_rate': 4.2715600040440803e-05, 'epoch': 18.47}
{'loss': 1.426, 'grad_norm': 1.049135684967041, 'learning_rate': 4.2698749705119135e-05, 'epoch': 18.47}
{'loss': 1.426, 'grad_norm': 0.14550037682056427, 'learning_rate': 4.268189936979746e-05, 'epoch': 18.48}
{'loss': 1.4264, 'grad_norm': 0.18940748274326324, 'learning_rate': 4.266504903447579e-05, 'epoch': 18.48}
{'loss': 1.4265, 'grad_norm': 0.09606404602527618, 'learning_rate': 4.264819869915411e-05, 'epoch': 18.48}
{'loss': 1.4273, 'grad_norm': 0.12078332901000977, 'learning_rate': 4.263134836383244e-05, 'epoch': 18.49}
{'loss': 1.4264, 'grad_norm': 0.11815135926008224, 'learning_rate': 4.261449802851077e-05, 'epoch': 18.49}
{'loss': 1.4264, 'grad_norm': 0.21602581441402435, 'learning_rate': 4.25976476931891e-05, 'epoch': 18.5}
{'loss': 1.4263, 'grad_norm': 0.14007708430290222, 'learning_rate': 4.2580797357867425e-05, 'epoch': 18.5}
{'loss': 1.4261, 'grad_norm': 0.38147300481796265, 'learning_rate': 4.256394702254575e-05, 'epoch': 18.51}
{'loss': 1.427, 'grad_norm': 0.14542816579341888, 'learning_rate': 4.2547096687224075e-05, 'epoch': 18.51}
{'loss': 1.4265, 'grad_norm': 0.09630811214447021, 'learning_rate': 4.25302463519024e-05, 'epoch': 18.52}
{'loss': 1.4267, 'grad_norm': 0.15457826852798462, 'learning_rate': 4.251339601658073e-05, 'epoch': 18.52}
{'loss': 1.4259, 'grad_norm': 0.089462511241436, 'learning_rate': 4.249654568125906e-05, 'epoch': 18.53}
{'loss': 1.4254, 'grad_norm': 0.10603466629981995, 'learning_rate': 4.247969534593739e-05, 'epoch': 18.53}
{'loss': 1.4263, 'grad_norm': 0.1248958557844162, 'learning_rate': 4.2462845010615714e-05, 'epoch': 18.54}
{'loss': 1.4256, 'grad_norm': 0.08063808083534241, 'learning_rate': 4.2445994675294046e-05, 'epoch': 18.54}
{'loss': 1.4258, 'grad_norm': 0.08116034418344498, 'learning_rate': 4.2429144339972364e-05, 'epoch': 18.54}
{'loss': 1.4255, 'grad_norm': 0.0840100347995758, 'learning_rate': 4.2412294004650696e-05, 'epoch': 18.55}
{'loss': 1.4277, 'grad_norm': 0.16888949275016785, 'learning_rate': 4.239544366932902e-05, 'epoch': 18.55}
{'loss': 1.4262, 'grad_norm': 0.11637565493583679, 'learning_rate': 4.2378593334007346e-05, 'epoch': 18.56}
{'loss': 1.426, 'grad_norm': 0.10740011930465698, 'learning_rate': 4.236174299868568e-05, 'epoch': 18.56}
{'loss': 1.4271, 'grad_norm': 0.5593032240867615, 'learning_rate': 4.2344892663364e-05, 'epoch': 18.57}
{'loss': 1.4275, 'grad_norm': 0.15987294912338257, 'learning_rate': 4.232804232804233e-05, 'epoch': 18.57}
{'loss': 1.4265, 'grad_norm': 0.10749659687280655, 'learning_rate': 4.2311191992720654e-05, 'epoch': 18.58}
{'loss': 1.4263, 'grad_norm': 0.11672671139240265, 'learning_rate': 4.2294341657398985e-05, 'epoch': 18.58}
{'loss': 1.4263, 'grad_norm': 0.1254274696111679, 'learning_rate': 4.227749132207731e-05, 'epoch': 18.59}
{'loss': 1.4257, 'grad_norm': 0.10363256931304932, 'learning_rate': 4.226064098675564e-05, 'epoch': 18.59}
{'loss': 1.4261, 'grad_norm': 0.17505359649658203, 'learning_rate': 4.224379065143397e-05, 'epoch': 18.59}
{'loss': 1.4263, 'grad_norm': 0.09341193735599518, 'learning_rate': 4.222694031611229e-05, 'epoch': 18.6}
{'loss': 1.4263, 'grad_norm': 0.11152692139148712, 'learning_rate': 4.221008998079062e-05, 'epoch': 18.6}
{'loss': 1.4258, 'grad_norm': 0.10001929104328156, 'learning_rate': 4.219323964546894e-05, 'epoch': 18.61}
{'loss': 1.426, 'grad_norm': 0.10525545477867126, 'learning_rate': 4.2176389310147275e-05, 'epoch': 18.61}
{'loss': 1.4252, 'grad_norm': 0.18213039636611938, 'learning_rate': 4.21595389748256e-05, 'epoch': 18.62}
{'loss': 1.4261, 'grad_norm': 0.1251620054244995, 'learning_rate': 4.214268863950393e-05, 'epoch': 18.62}
{'loss': 1.4275, 'grad_norm': 0.14025238156318665, 'learning_rate': 4.212583830418226e-05, 'epoch': 18.63}
{'loss': 1.4257, 'grad_norm': 0.33132150769233704, 'learning_rate': 4.210898796886058e-05, 'epoch': 18.63}
{'loss': 1.4261, 'grad_norm': 0.366431325674057, 'learning_rate': 4.209213763353891e-05, 'epoch': 18.64}
{'loss': 1.4264, 'grad_norm': 0.15630505979061127, 'learning_rate': 4.207528729821724e-05, 'epoch': 18.64}
{'loss': 1.4262, 'grad_norm': 0.12314155697822571, 'learning_rate': 4.2058436962895564e-05, 'epoch': 18.64}
{'loss': 1.4293, 'grad_norm': 0.15489625930786133, 'learning_rate': 4.204158662757389e-05, 'epoch': 18.65}
{'loss': 1.4267, 'grad_norm': 0.13075292110443115, 'learning_rate': 4.202473629225222e-05, 'epoch': 18.65}
{'loss': 1.4255, 'grad_norm': 0.18265052139759064, 'learning_rate': 4.200788595693054e-05, 'epoch': 18.66}
{'loss': 1.4262, 'grad_norm': 0.13300374150276184, 'learning_rate': 4.199103562160887e-05, 'epoch': 18.66}
{'loss': 1.4274, 'grad_norm': 0.1019173115491867, 'learning_rate': 4.1974185286287196e-05, 'epoch': 18.67}
{'loss': 1.4265, 'grad_norm': 0.16510722041130066, 'learning_rate': 4.195733495096553e-05, 'epoch': 18.67}
{'loss': 1.4261, 'grad_norm': 0.09621477127075195, 'learning_rate': 4.1940484615643853e-05, 'epoch': 18.68}
{'loss': 1.4262, 'grad_norm': 0.13970696926116943, 'learning_rate': 4.1923634280322185e-05, 'epoch': 18.68}
{'loss': 1.4258, 'grad_norm': 0.07605191320180893, 'learning_rate': 4.1906783945000504e-05, 'epoch': 18.69}
{'loss': 1.4264, 'grad_norm': 0.11490148305892944, 'learning_rate': 4.1889933609678836e-05, 'epoch': 18.69}
{'loss': 1.4256, 'grad_norm': 0.1338658630847931, 'learning_rate': 4.187308327435716e-05, 'epoch': 18.69}
{'loss': 1.4276, 'grad_norm': 0.14910435676574707, 'learning_rate': 4.1856232939035486e-05, 'epoch': 18.7}
{'loss': 1.4262, 'grad_norm': 0.5636408925056458, 'learning_rate': 4.183938260371382e-05, 'epoch': 18.7}
{'loss': 1.426, 'grad_norm': 0.27677562832832336, 'learning_rate': 4.182253226839214e-05, 'epoch': 18.71}
{'loss': 1.4265, 'grad_norm': 0.09432990103960037, 'learning_rate': 4.180568193307047e-05, 'epoch': 18.71}
{'loss': 1.4264, 'grad_norm': 0.12121687829494476, 'learning_rate': 4.178883159774879e-05, 'epoch': 18.72}
{'loss': 1.4267, 'grad_norm': 0.08554314821958542, 'learning_rate': 4.1771981262427125e-05, 'epoch': 18.72}
{'loss': 1.4259, 'grad_norm': 0.10207250714302063, 'learning_rate': 4.175513092710545e-05, 'epoch': 18.73}
{'loss': 1.4266, 'grad_norm': 0.14240649342536926, 'learning_rate': 4.173828059178378e-05, 'epoch': 18.73}
{'loss': 1.4264, 'grad_norm': 0.14330941438674927, 'learning_rate': 4.172143025646211e-05, 'epoch': 18.74}
{'loss': 1.4264, 'grad_norm': 0.12887968122959137, 'learning_rate': 4.170457992114043e-05, 'epoch': 18.74}
{'loss': 1.4258, 'grad_norm': 0.07362279295921326, 'learning_rate': 4.168772958581876e-05, 'epoch': 18.74}
{'loss': 1.426, 'grad_norm': 0.07575172185897827, 'learning_rate': 4.167087925049709e-05, 'epoch': 18.75}
{'loss': 1.4257, 'grad_norm': 0.12860287725925446, 'learning_rate': 4.1654028915175414e-05, 'epoch': 18.75}
{'loss': 1.4267, 'grad_norm': 0.1391456127166748, 'learning_rate': 4.163717857985374e-05, 'epoch': 18.76}
{'loss': 1.4263, 'grad_norm': 0.11469659209251404, 'learning_rate': 4.162032824453207e-05, 'epoch': 18.76}
{'loss': 1.426, 'grad_norm': 0.1009548157453537, 'learning_rate': 4.1603477909210396e-05, 'epoch': 18.77}
{'loss': 1.4257, 'grad_norm': 0.14067578315734863, 'learning_rate': 4.158662757388872e-05, 'epoch': 18.77}
{'loss': 1.4262, 'grad_norm': 0.1544073224067688, 'learning_rate': 4.1569777238567047e-05, 'epoch': 18.78}
{'loss': 1.4255, 'grad_norm': 0.5099562406539917, 'learning_rate': 4.155292690324538e-05, 'epoch': 18.78}
{'loss': 1.4265, 'grad_norm': 0.09290692955255508, 'learning_rate': 4.1536076567923704e-05, 'epoch': 18.79}
{'loss': 1.4278, 'grad_norm': 0.20298653841018677, 'learning_rate': 4.1519226232602035e-05, 'epoch': 18.79}
{'loss': 1.4257, 'grad_norm': 0.20863017439842224, 'learning_rate': 4.150237589728036e-05, 'epoch': 18.79}
{'loss': 1.4253, 'grad_norm': 0.1291600614786148, 'learning_rate': 4.1485525561958686e-05, 'epoch': 18.8}
{'loss': 1.4258, 'grad_norm': 0.07478981465101242, 'learning_rate': 4.146867522663701e-05, 'epoch': 18.8}
{'loss': 1.4258, 'grad_norm': 0.0970941036939621, 'learning_rate': 4.1451824891315336e-05, 'epoch': 18.81}
{'loss': 1.4258, 'grad_norm': 0.11727876961231232, 'learning_rate': 4.143497455599367e-05, 'epoch': 18.81}
{'loss': 1.4265, 'grad_norm': 0.11610626429319382, 'learning_rate': 4.141812422067199e-05, 'epoch': 18.82}
{'loss': 1.4261, 'grad_norm': 0.44842463731765747, 'learning_rate': 4.1401273885350325e-05, 'epoch': 18.82}
{'loss': 1.426, 'grad_norm': 0.12522302567958832, 'learning_rate': 4.138442355002864e-05, 'epoch': 18.83}
{'loss': 1.4265, 'grad_norm': 0.14689016342163086, 'learning_rate': 4.1367573214706975e-05, 'epoch': 18.83}
{'loss': 1.4258, 'grad_norm': 0.19902531802654266, 'learning_rate': 4.13507228793853e-05, 'epoch': 18.84}
{'loss': 1.4262, 'grad_norm': 0.14809022843837738, 'learning_rate': 4.133387254406363e-05, 'epoch': 18.84}
{'loss': 1.4261, 'grad_norm': 0.096003957092762, 'learning_rate': 4.131702220874196e-05, 'epoch': 18.84}
{'loss': 1.4261, 'grad_norm': 0.12362933903932571, 'learning_rate': 4.130017187342028e-05, 'epoch': 18.85}
{'loss': 1.4258, 'grad_norm': 0.09975282847881317, 'learning_rate': 4.1283321538098614e-05, 'epoch': 18.85}
{'loss': 1.4265, 'grad_norm': 0.08720560371875763, 'learning_rate': 4.126647120277693e-05, 'epoch': 18.86}
{'loss': 1.426, 'grad_norm': 0.09975375980138779, 'learning_rate': 4.1249620867455264e-05, 'epoch': 18.86}
{'loss': 1.4263, 'grad_norm': 0.1399061679840088, 'learning_rate': 4.123277053213359e-05, 'epoch': 18.87}
{'loss': 1.4264, 'grad_norm': 0.1766287088394165, 'learning_rate': 4.121592019681192e-05, 'epoch': 18.87}
{'loss': 1.4268, 'grad_norm': 0.26709339022636414, 'learning_rate': 4.1199069861490246e-05, 'epoch': 18.88}
{'loss': 1.4263, 'grad_norm': 0.4182320535182953, 'learning_rate': 4.118221952616858e-05, 'epoch': 18.88}
{'loss': 1.4266, 'grad_norm': 0.0853823646903038, 'learning_rate': 4.1165369190846897e-05, 'epoch': 18.89}
{'loss': 1.4271, 'grad_norm': 0.2526278793811798, 'learning_rate': 4.114851885552523e-05, 'epoch': 18.89}
{'loss': 1.4264, 'grad_norm': 0.1396259069442749, 'learning_rate': 4.1131668520203554e-05, 'epoch': 18.89}
{'loss': 1.4277, 'grad_norm': 0.14942747354507446, 'learning_rate': 4.111481818488188e-05, 'epoch': 18.9}
{'loss': 1.4265, 'grad_norm': 0.1411251425743103, 'learning_rate': 4.109796784956021e-05, 'epoch': 18.9}
{'loss': 1.426, 'grad_norm': 0.1760021597146988, 'learning_rate': 4.1081117514238536e-05, 'epoch': 18.91}
{'loss': 1.4266, 'grad_norm': 0.16668938100337982, 'learning_rate': 4.106426717891686e-05, 'epoch': 18.91}
{'loss': 1.4256, 'grad_norm': 0.13259270787239075, 'learning_rate': 4.1047416843595186e-05, 'epoch': 18.92}
{'loss': 1.4262, 'grad_norm': 0.09880251437425613, 'learning_rate': 4.103056650827352e-05, 'epoch': 18.92}
{'loss': 1.4262, 'grad_norm': 0.15702177584171295, 'learning_rate': 4.101371617295184e-05, 'epoch': 18.93}
{'loss': 1.4264, 'grad_norm': 0.5857566595077515, 'learning_rate': 4.0996865837630175e-05, 'epoch': 18.93}
{'loss': 1.426, 'grad_norm': 0.2106468230485916, 'learning_rate': 4.09800155023085e-05, 'epoch': 18.94}
{'loss': 1.4261, 'grad_norm': 0.17632459104061127, 'learning_rate': 4.0963165166986825e-05, 'epoch': 18.94}
{'loss': 1.426, 'grad_norm': 0.1293013095855713, 'learning_rate': 4.094631483166515e-05, 'epoch': 18.94}
{'loss': 1.4262, 'grad_norm': 0.0848512351512909, 'learning_rate': 4.0929464496343475e-05, 'epoch': 18.95}
{'loss': 1.4271, 'grad_norm': 0.18554767966270447, 'learning_rate': 4.091261416102181e-05, 'epoch': 18.95}
{'loss': 1.4269, 'grad_norm': 0.1204560399055481, 'learning_rate': 4.089576382570013e-05, 'epoch': 18.96}
{'loss': 1.4266, 'grad_norm': 0.17068828642368317, 'learning_rate': 4.0878913490378464e-05, 'epoch': 18.96}
{'loss': 1.4265, 'grad_norm': 0.16529923677444458, 'learning_rate': 4.086206315505679e-05, 'epoch': 18.97}
{'loss': 1.4257, 'grad_norm': 0.09526161104440689, 'learning_rate': 4.0845212819735114e-05, 'epoch': 18.97}
{'loss': 1.4267, 'grad_norm': 0.41066452860832214, 'learning_rate': 4.082836248441344e-05, 'epoch': 18.98}
{'loss': 1.4258, 'grad_norm': 0.13619159162044525, 'learning_rate': 4.081151214909177e-05, 'epoch': 18.98}
{'loss': 1.4264, 'grad_norm': 0.1504339873790741, 'learning_rate': 4.0794661813770096e-05, 'epoch': 18.99}
{'loss': 1.4262, 'grad_norm': 0.14830146729946136, 'learning_rate': 4.077781147844842e-05, 'epoch': 18.99}
{'loss': 1.4258, 'grad_norm': 0.12150366604328156, 'learning_rate': 4.0760961143126753e-05, 'epoch': 18.99}
{'loss': 1.4258, 'grad_norm': 0.10009179264307022, 'learning_rate': 4.074411080780507e-05, 'epoch': 19.0}
{'loss': 1.4262, 'grad_norm': 0.12393179535865784, 'learning_rate': 4.0727260472483404e-05, 'epoch': 19.0}
{'loss': 1.4247, 'grad_norm': 0.14649371802806854, 'learning_rate': 4.071041013716173e-05, 'epoch': 19.01}
{'loss': 1.4249, 'grad_norm': 0.08759256452322006, 'learning_rate': 4.069355980184006e-05, 'epoch': 19.01}
{'loss': 1.4249, 'grad_norm': 0.10567111521959305, 'learning_rate': 4.0676709466518386e-05, 'epoch': 19.02}
{'loss': 1.4251, 'grad_norm': 0.16379491984844208, 'learning_rate': 4.065985913119672e-05, 'epoch': 19.02}
{'loss': 1.425, 'grad_norm': 0.11479706317186356, 'learning_rate': 4.0643008795875036e-05, 'epoch': 19.03}
{'loss': 1.4256, 'grad_norm': 0.1268520951271057, 'learning_rate': 4.062615846055337e-05, 'epoch': 19.03}
{'loss': 1.4251, 'grad_norm': 0.14780616760253906, 'learning_rate': 4.060930812523169e-05, 'epoch': 19.04}
{'loss': 1.4252, 'grad_norm': 0.09090069681406021, 'learning_rate': 4.059245778991002e-05, 'epoch': 19.04}
{'loss': 1.425, 'grad_norm': 0.13880203664302826, 'learning_rate': 4.057560745458835e-05, 'epoch': 19.04}
{'loss': 1.4253, 'grad_norm': 0.12467233091592789, 'learning_rate': 4.0558757119266675e-05, 'epoch': 19.05}
{'loss': 1.4251, 'grad_norm': 0.07684960961341858, 'learning_rate': 4.054190678394501e-05, 'epoch': 19.05}
{'loss': 1.425, 'grad_norm': 0.09599366784095764, 'learning_rate': 4.0525056448623325e-05, 'epoch': 19.06}
{'loss': 1.4251, 'grad_norm': 0.2369420975446701, 'learning_rate': 4.050820611330166e-05, 'epoch': 19.06}
{'loss': 1.4244, 'grad_norm': 0.19933855533599854, 'learning_rate': 4.049135577797998e-05, 'epoch': 19.07}
{'loss': 1.4239, 'grad_norm': 0.12566474080085754, 'learning_rate': 4.0474505442658314e-05, 'epoch': 19.07}
{'loss': 1.4246, 'grad_norm': 0.08934760838747025, 'learning_rate': 4.045765510733664e-05, 'epoch': 19.08}
{'loss': 1.4247, 'grad_norm': 0.228690043091774, 'learning_rate': 4.0440804772014964e-05, 'epoch': 19.08}
{'loss': 1.4256, 'grad_norm': 0.2608402967453003, 'learning_rate': 4.042395443669329e-05, 'epoch': 19.09}
{'loss': 1.4251, 'grad_norm': 0.10158555954694748, 'learning_rate': 4.0407104101371615e-05, 'epoch': 19.09}
{'loss': 1.4246, 'grad_norm': 0.2718067467212677, 'learning_rate': 4.0390253766049947e-05, 'epoch': 19.09}
{'loss': 1.4248, 'grad_norm': 0.18894313275814056, 'learning_rate': 4.037340343072827e-05, 'epoch': 19.1}
{'loss': 1.425, 'grad_norm': 0.10972774773836136, 'learning_rate': 4.0356553095406604e-05, 'epoch': 19.1}
{'loss': 1.4253, 'grad_norm': 0.23755024373531342, 'learning_rate': 4.033970276008493e-05, 'epoch': 19.11}
pred : ardent in the prosecution of heresy cyril auspiciously opened his reign by oppressing the novations the most innocent and harmless of the sectaries
label: ardent in the prosecution of heresy cyril auspiciously opened his reign by oppressing the novatians the most innocent and harmless of the sectaries
pred : without any legal sentence without any royal mandate the patriarch at the dawn of day led a seditious multitude to the attack of the synagogues
label: without any legal sentence without any royal mandate the patriarch at the dawn of day led a seditious multitude to the attack of the synagogues
pred : such crimes would have deserved the animadversion of the magistrate but in this promiscuous outrage the innocent were confounded with the guilty and alexandria was impoverished by the loss of a wealthy and industrious colony
label: such crimes would have deserved the animadversion of the magistrate but in this promiscuous outrage the innocent were confounded with the guilty and alexandria was impoverished by the loss of a wealthy and industrious colony
pred : ardent in the prosecution of heresy cyril auspiciously opened his reign by oppressing the novations the most innocent and harmless of the sectaries
label: ardent in the prosecution of heresy cyril auspiciously opened his reign by oppressing the novatians the most innocent and harmless of the sectaries
pred : without any legal sentence without any royal mandate the patriarch at the dawn of day led a seditious multitude to the attack of the synagogues
label: without any legal sentence without any royal mandate the patriarch at the dawn of day led a seditious multitude to the attack of the synagogues
pred : such crimes would have deserved the animadversion of the magistrate but in this promiscuous outrage the innocent were confounded with the guilty and alexandria was impoverished by the loss of a wealthy and industrious colony
label: such crimes would have deserved the animadversion of the magistrate but in this promiscuous outrage the innocent were confounded with the guilty and alexandria was impoverished by the loss of a wealthy and industrious colony
pred : ardent in the prosecution of heresy cyril auspiciously opened his reign by oppressing the novations the most innocent and harmless of the sectaries
label: ardent in the prosecution of heresy cyril auspiciously opened his reign by oppressing the novatians the most innocent and harmless of the sectaries
pred : without any legal sentence without any royal mandate the patriarch at the dawn of day led a seditious multitude to the attack of the synagogues
label: without any legal sentence without any royal mandate the patriarch at the dawn of day led a seditious multitude to the attack of the synagogues
pred : such crimes would have deserved the animadversion of the magistrate but in this promiscuous outrage the innocent were confounded with the guilty and alexandria was impoverished by the loss of a wealthy and industrious colony
label: such crimes would have deserved the animadversion of the magistrate but in this promiscuous outrage the innocent were confounded with the guilty and alexandria was impoverished by the loss of a wealthy and industrious colony
pred : ardent in the prosecution of heresy cyril auspiciously opened his reign by oppressing the novations the most innocent and harmless of the sectaries
label: ardent in the prosecution of heresy cyril auspiciously opened his reign by oppressing the novatians the most innocent and harmless of the sectaries
pred : without any legal sentence without any royal mandate the patriarch at the dawn of day led a seditious multitude to the attack of the synagogues
label: without any legal sentence without any royal mandate the patriarch at the dawn of day led a seditious multitude to the attack of the synagogues
pred : such crimes would have deserved the animadversion of the magistrate but in this promiscuous outrage the innocent were confounded with the guilty and alexandria was impoverished by the loss of a wealthy and industrious colony
label: such crimes would have deserved the animadversion of the magistrate but in this promiscuous outrage the innocent were confounded with the guilty and alexandria was impoverished by the loss of a wealthy and industrious colony
{'eval_loss': 1.6101431846618652, 'eval_bleu': 96.26211671200893, 'eval_wer': 0.023127366592960247, 'eval_cer': 0.015363697674166989, 'eval_rouge1': 0.9861989576156193, 'eval_rouge2': 0.9745791446779211, 'eval_rougeL': 0.9861413757939119, 'eval_runtime': 87.6442, 'eval_samples_per_second': 63.518, 'eval_steps_per_second': 0.331, 'epoch': 19.11}
{'loss': 1.4248, 'grad_norm': 0.07446394115686417, 'learning_rate': 4.0322852424763254e-05, 'epoch': 19.11}
{'loss': 1.4254, 'grad_norm': 0.21084755659103394, 'learning_rate': 4.030600208944158e-05, 'epoch': 19.12}
{'loss': 1.4249, 'grad_norm': 0.16119727492332458, 'learning_rate': 4.028915175411991e-05, 'epoch': 19.12}
{'loss': 1.4244, 'grad_norm': 0.0863928347826004, 'learning_rate': 4.0272301418798236e-05, 'epoch': 19.13}
{'loss': 1.4246, 'grad_norm': 0.44757533073425293, 'learning_rate': 4.025545108347656e-05, 'epoch': 19.13}
{'loss': 1.426, 'grad_norm': 0.5739530324935913, 'learning_rate': 4.023860074815489e-05, 'epoch': 19.14}
{'loss': 1.425, 'grad_norm': 0.10161993652582169, 'learning_rate': 4.022175041283321e-05, 'epoch': 19.14}
{'loss': 1.4261, 'grad_norm': 0.2765674591064453, 'learning_rate': 4.020490007751154e-05, 'epoch': 19.14}
{'loss': 1.425, 'grad_norm': 0.10850339382886887, 'learning_rate': 4.018804974218987e-05, 'epoch': 19.15}
{'loss': 1.4254, 'grad_norm': 0.09623870998620987, 'learning_rate': 4.01711994068682e-05, 'epoch': 19.15}
{'loss': 1.4253, 'grad_norm': 0.12278188765048981, 'learning_rate': 4.0154349071546525e-05, 'epoch': 19.16}
{'loss': 1.4249, 'grad_norm': 0.16669563949108124, 'learning_rate': 4.013749873622486e-05, 'epoch': 19.16}
{'loss': 1.4248, 'grad_norm': 0.0857735425233841, 'learning_rate': 4.012064840090318e-05, 'epoch': 19.17}
{'loss': 1.4251, 'grad_norm': 0.08361775428056717, 'learning_rate': 4.010379806558151e-05, 'epoch': 19.17}
{'loss': 1.4254, 'grad_norm': 0.08874844014644623, 'learning_rate': 4.008694773025983e-05, 'epoch': 19.18}
{'loss': 1.4257, 'grad_norm': 0.1293943077325821, 'learning_rate': 4.007009739493816e-05, 'epoch': 19.18}
{'loss': 1.4261, 'grad_norm': 0.1494494527578354, 'learning_rate': 4.005324705961649e-05, 'epoch': 19.19}
{'loss': 1.4258, 'grad_norm': 0.09179093688726425, 'learning_rate': 4.0036396724294815e-05, 'epoch': 19.19}
{'loss': 1.4253, 'grad_norm': 0.0993606448173523, 'learning_rate': 4.0019546388973146e-05, 'epoch': 19.19}
{'loss': 1.4253, 'grad_norm': 0.10207340121269226, 'learning_rate': 4.0002696053651465e-05, 'epoch': 19.2}
{'loss': 1.4253, 'grad_norm': 0.12683789432048798, 'learning_rate': 3.99858457183298e-05, 'epoch': 19.2}
{'loss': 1.4253, 'grad_norm': 0.07898207008838654, 'learning_rate': 3.996899538300812e-05, 'epoch': 19.21}
{'loss': 1.4256, 'grad_norm': 0.15053261816501617, 'learning_rate': 3.9952145047686454e-05, 'epoch': 19.21}
{'loss': 1.4247, 'grad_norm': 0.12358878552913666, 'learning_rate': 3.993529471236478e-05, 'epoch': 19.22}
{'loss': 1.4247, 'grad_norm': 0.10171499848365784, 'learning_rate': 3.9918444377043104e-05, 'epoch': 19.22}
{'loss': 1.4264, 'grad_norm': 0.10956614464521408, 'learning_rate': 3.990159404172143e-05, 'epoch': 19.23}
{'loss': 1.426, 'grad_norm': 0.0931921973824501, 'learning_rate': 3.988474370639976e-05, 'epoch': 19.23}
{'loss': 1.4325, 'grad_norm': 0.14950186014175415, 'learning_rate': 3.9867893371078086e-05, 'epoch': 19.24}
{'loss': 1.4298, 'grad_norm': 0.14227867126464844, 'learning_rate': 3.985104303575641e-05, 'epoch': 19.24}
{'loss': 1.4265, 'grad_norm': 0.09608249366283417, 'learning_rate': 3.983419270043474e-05, 'epoch': 19.24}
{'loss': 1.4263, 'grad_norm': 0.19848793745040894, 'learning_rate': 3.981734236511307e-05, 'epoch': 19.25}
{'loss': 1.4253, 'grad_norm': 0.09692183881998062, 'learning_rate': 3.98004920297914e-05, 'epoch': 19.25}
{'loss': 1.4246, 'grad_norm': 0.07572381943464279, 'learning_rate': 3.978364169446972e-05, 'epoch': 19.26}
{'loss': 1.4251, 'grad_norm': 0.17538782954216003, 'learning_rate': 3.976679135914805e-05, 'epoch': 19.26}
{'loss': 1.4254, 'grad_norm': 0.11715815961360931, 'learning_rate': 3.9749941023826375e-05, 'epoch': 19.27}
{'loss': 1.4257, 'grad_norm': 0.17949143052101135, 'learning_rate': 3.973309068850471e-05, 'epoch': 19.27}
{'loss': 1.4249, 'grad_norm': 0.1249755397439003, 'learning_rate': 3.971624035318303e-05, 'epoch': 19.28}
{'loss': 1.4255, 'grad_norm': 0.14758425951004028, 'learning_rate': 3.969939001786136e-05, 'epoch': 19.28}
{'loss': 1.4251, 'grad_norm': 0.22226788103580475, 'learning_rate': 3.968253968253968e-05, 'epoch': 19.29}
{'loss': 1.435, 'grad_norm': 0.1554461419582367, 'learning_rate': 3.966568934721801e-05, 'epoch': 19.29}
{'loss': 1.4254, 'grad_norm': 0.14356622099876404, 'learning_rate': 3.964883901189634e-05, 'epoch': 19.29}
{'loss': 1.4257, 'grad_norm': 0.27935850620269775, 'learning_rate': 3.9631988676574665e-05, 'epoch': 19.3}
{'loss': 1.4251, 'grad_norm': 0.10535211116075516, 'learning_rate': 3.9615138341252996e-05, 'epoch': 19.3}
{'loss': 1.4255, 'grad_norm': 0.17959769070148468, 'learning_rate': 3.959828800593132e-05, 'epoch': 19.31}
{'loss': 1.4249, 'grad_norm': 0.08562836050987244, 'learning_rate': 3.958143767060965e-05, 'epoch': 19.31}
{'loss': 1.4329, 'grad_norm': 0.11892563849687576, 'learning_rate': 3.956458733528797e-05, 'epoch': 19.32}
{'loss': 1.4254, 'grad_norm': 0.08997764438390732, 'learning_rate': 3.9547736999966304e-05, 'epoch': 19.32}
{'loss': 1.4255, 'grad_norm': 0.12982331216335297, 'learning_rate': 3.953088666464463e-05, 'epoch': 19.33}
{'loss': 1.4258, 'grad_norm': 0.13991519808769226, 'learning_rate': 3.9514036329322954e-05, 'epoch': 19.33}
{'loss': 1.4255, 'grad_norm': 0.10128826647996902, 'learning_rate': 3.9497185994001286e-05, 'epoch': 19.34}
{'loss': 1.4259, 'grad_norm': 0.10929559171199799, 'learning_rate': 3.9480335658679604e-05, 'epoch': 19.34}
{'loss': 1.4253, 'grad_norm': 0.18057973682880402, 'learning_rate': 3.9463485323357936e-05, 'epoch': 19.34}
{'loss': 1.4256, 'grad_norm': 0.2331954836845398, 'learning_rate': 3.944663498803626e-05, 'epoch': 19.35}
{'loss': 1.4251, 'grad_norm': 0.3407967984676361, 'learning_rate': 3.942978465271459e-05, 'epoch': 19.35}
{'loss': 1.4257, 'grad_norm': 0.08135353773832321, 'learning_rate': 3.941293431739292e-05, 'epoch': 19.36}
{'loss': 1.425, 'grad_norm': 0.1408257782459259, 'learning_rate': 3.939608398207125e-05, 'epoch': 19.36}
{'loss': 1.4246, 'grad_norm': 0.08677753061056137, 'learning_rate': 3.9379233646749575e-05, 'epoch': 19.37}
{'loss': 1.4249, 'grad_norm': 0.35271215438842773, 'learning_rate': 3.93623833114279e-05, 'epoch': 19.37}
{'loss': 1.4248, 'grad_norm': 0.1147918626666069, 'learning_rate': 3.9345532976106225e-05, 'epoch': 19.38}
{'loss': 1.4249, 'grad_norm': 0.1029646098613739, 'learning_rate': 3.932868264078455e-05, 'epoch': 19.38}
{'loss': 1.425, 'grad_norm': 0.13686995208263397, 'learning_rate': 3.931183230546288e-05, 'epoch': 19.39}
{'loss': 1.4253, 'grad_norm': 0.09348409622907639, 'learning_rate': 3.929498197014121e-05, 'epoch': 19.39}
{'loss': 1.4246, 'grad_norm': 0.10239644348621368, 'learning_rate': 3.927813163481954e-05, 'epoch': 19.39}
{'loss': 1.425, 'grad_norm': 0.09991138428449631, 'learning_rate': 3.926128129949786e-05, 'epoch': 19.4}
{'loss': 1.4258, 'grad_norm': 0.16686893999576569, 'learning_rate': 3.924443096417619e-05, 'epoch': 19.4}
{'loss': 1.4248, 'grad_norm': 0.1631804257631302, 'learning_rate': 3.9227580628854515e-05, 'epoch': 19.41}
{'loss': 1.4254, 'grad_norm': 0.20251986384391785, 'learning_rate': 3.9210730293532847e-05, 'epoch': 19.41}
{'loss': 1.425, 'grad_norm': 0.7718137502670288, 'learning_rate': 3.919387995821117e-05, 'epoch': 19.42}
{'loss': 1.4253, 'grad_norm': 0.6618098020553589, 'learning_rate': 3.91770296228895e-05, 'epoch': 19.42}
{'loss': 1.4255, 'grad_norm': 0.1063142716884613, 'learning_rate': 3.916017928756782e-05, 'epoch': 19.43}
{'loss': 1.4253, 'grad_norm': 0.10162276774644852, 'learning_rate': 3.914332895224615e-05, 'epoch': 19.43}
{'loss': 1.4254, 'grad_norm': 0.19773894548416138, 'learning_rate': 3.912647861692448e-05, 'epoch': 19.44}
{'loss': 1.4251, 'grad_norm': 0.12217321246862411, 'learning_rate': 3.9109628281602804e-05, 'epoch': 19.44}
{'loss': 1.4255, 'grad_norm': 0.08583735674619675, 'learning_rate': 3.9092777946281136e-05, 'epoch': 19.44}
{'loss': 1.4247, 'grad_norm': 0.23967190086841583, 'learning_rate': 3.907592761095946e-05, 'epoch': 19.45}
{'loss': 1.4253, 'grad_norm': 0.11688271164894104, 'learning_rate': 3.9059077275637786e-05, 'epoch': 19.45}
{'loss': 1.4255, 'grad_norm': 0.23887845873832703, 'learning_rate': 3.904222694031611e-05, 'epoch': 19.46}
{'loss': 1.4258, 'grad_norm': 0.12726625800132751, 'learning_rate': 3.902537660499444e-05, 'epoch': 19.46}
{'loss': 1.4256, 'grad_norm': 0.09353222697973251, 'learning_rate': 3.900852626967277e-05, 'epoch': 19.47}
{'loss': 1.426, 'grad_norm': 0.31086334586143494, 'learning_rate': 3.899167593435109e-05, 'epoch': 19.47}
{'loss': 1.4258, 'grad_norm': 0.15757279098033905, 'learning_rate': 3.8974825599029425e-05, 'epoch': 19.48}
{'loss': 1.4258, 'grad_norm': 0.1431579887866974, 'learning_rate': 3.895797526370775e-05, 'epoch': 19.48}
{'loss': 1.4251, 'grad_norm': 0.11560160666704178, 'learning_rate': 3.8941124928386075e-05, 'epoch': 19.49}
{'loss': 1.4254, 'grad_norm': 0.2330140322446823, 'learning_rate': 3.89242745930644e-05, 'epoch': 19.49}
{'loss': 1.4253, 'grad_norm': 0.1596975326538086, 'learning_rate': 3.890742425774273e-05, 'epoch': 19.49}
{'loss': 1.4259, 'grad_norm': 0.10879061371088028, 'learning_rate': 3.889057392242106e-05, 'epoch': 19.5}
{'loss': 1.425, 'grad_norm': 0.2437938004732132, 'learning_rate': 3.887372358709939e-05, 'epoch': 19.5}
{'loss': 1.4317, 'grad_norm': 0.20719878375530243, 'learning_rate': 3.8856873251777715e-05, 'epoch': 19.51}
{'loss': 1.4255, 'grad_norm': 0.15526314079761505, 'learning_rate': 3.884002291645604e-05, 'epoch': 19.51}
{'loss': 1.425, 'grad_norm': 0.082038015127182, 'learning_rate': 3.8823172581134365e-05, 'epoch': 19.52}
{'loss': 1.4252, 'grad_norm': 0.09251619130373001, 'learning_rate': 3.880632224581269e-05, 'epoch': 19.52}
{'loss': 1.427, 'grad_norm': 0.10515336692333221, 'learning_rate': 3.878947191049102e-05, 'epoch': 19.53}
{'loss': 1.4246, 'grad_norm': 0.08829782158136368, 'learning_rate': 3.877262157516935e-05, 'epoch': 19.53}
{'loss': 1.4249, 'grad_norm': 0.18911920487880707, 'learning_rate': 3.875577123984768e-05, 'epoch': 19.54}
{'loss': 1.4249, 'grad_norm': 0.09838265925645828, 'learning_rate': 3.8738920904526e-05, 'epoch': 19.54}
{'loss': 1.4254, 'grad_norm': 0.13522197306156158, 'learning_rate': 3.872207056920433e-05, 'epoch': 19.55}
{'loss': 1.4314, 'grad_norm': 0.10809220373630524, 'learning_rate': 3.8705220233882654e-05, 'epoch': 19.55}
{'loss': 1.4249, 'grad_norm': 0.11268876492977142, 'learning_rate': 3.8688369898560986e-05, 'epoch': 19.55}
{'loss': 1.4254, 'grad_norm': 0.09172604978084564, 'learning_rate': 3.867151956323931e-05, 'epoch': 19.56}
{'loss': 1.4257, 'grad_norm': 0.07457634806632996, 'learning_rate': 3.8654669227917636e-05, 'epoch': 19.56}
{'loss': 1.4253, 'grad_norm': 0.11716033518314362, 'learning_rate': 3.863781889259597e-05, 'epoch': 19.57}
{'loss': 1.4289, 'grad_norm': 0.2360783815383911, 'learning_rate': 3.8620968557274286e-05, 'epoch': 19.57}
{'loss': 1.4252, 'grad_norm': 0.09980608522891998, 'learning_rate': 3.860411822195262e-05, 'epoch': 19.58}
{'loss': 1.4254, 'grad_norm': 0.10116591304540634, 'learning_rate': 3.8587267886630943e-05, 'epoch': 19.58}
{'loss': 1.4252, 'grad_norm': 0.10344012081623077, 'learning_rate': 3.8570417551309275e-05, 'epoch': 19.59}
{'loss': 1.4299, 'grad_norm': 0.3263428211212158, 'learning_rate': 3.85535672159876e-05, 'epoch': 19.59}
{'loss': 1.425, 'grad_norm': 0.1540072113275528, 'learning_rate': 3.853671688066593e-05, 'epoch': 19.6}
{'loss': 1.4297, 'grad_norm': 0.16425137221813202, 'learning_rate': 3.851986654534425e-05, 'epoch': 19.6}
{'loss': 1.4255, 'grad_norm': 0.19596374034881592, 'learning_rate': 3.850301621002258e-05, 'epoch': 19.6}
{'loss': 1.426, 'grad_norm': 0.2732323110103607, 'learning_rate': 3.848616587470091e-05, 'epoch': 19.61}
{'loss': 1.4258, 'grad_norm': 0.6334666609764099, 'learning_rate': 3.846931553937923e-05, 'epoch': 19.61}
{'loss': 1.4286, 'grad_norm': 0.20207980275154114, 'learning_rate': 3.8452465204057565e-05, 'epoch': 19.62}
{'loss': 1.4252, 'grad_norm': 0.25725242495536804, 'learning_rate': 3.843561486873589e-05, 'epoch': 19.62}
{'loss': 1.427, 'grad_norm': 0.2683757245540619, 'learning_rate': 3.8418764533414215e-05, 'epoch': 19.63}
{'loss': 1.4254, 'grad_norm': 0.7375149130821228, 'learning_rate': 3.840191419809254e-05, 'epoch': 19.63}
{'loss': 1.4251, 'grad_norm': 0.13999275863170624, 'learning_rate': 3.838506386277087e-05, 'epoch': 19.64}
{'loss': 1.4254, 'grad_norm': 0.11045577377080917, 'learning_rate': 3.83682135274492e-05, 'epoch': 19.64}
{'loss': 1.4244, 'grad_norm': 0.14913150668144226, 'learning_rate': 3.835136319212753e-05, 'epoch': 19.65}
{'loss': 1.4251, 'grad_norm': 0.07706627249717712, 'learning_rate': 3.8334512856805854e-05, 'epoch': 19.65}
{'loss': 1.4255, 'grad_norm': 0.10235171020030975, 'learning_rate': 3.831766252148418e-05, 'epoch': 19.65}
{'loss': 1.4247, 'grad_norm': 0.1066320613026619, 'learning_rate': 3.8300812186162504e-05, 'epoch': 19.66}
{'loss': 1.4254, 'grad_norm': 0.09771830588579178, 'learning_rate': 3.828396185084083e-05, 'epoch': 19.66}
{'loss': 1.4259, 'grad_norm': 0.1482839435338974, 'learning_rate': 3.826711151551916e-05, 'epoch': 19.67}
{'loss': 1.4248, 'grad_norm': 0.16429975628852844, 'learning_rate': 3.8250261180197486e-05, 'epoch': 19.67}
{'loss': 1.4255, 'grad_norm': 0.17135855555534363, 'learning_rate': 3.823341084487582e-05, 'epoch': 19.68}
{'loss': 1.4254, 'grad_norm': 0.1778412163257599, 'learning_rate': 3.821656050955414e-05, 'epoch': 19.68}
{'loss': 1.4248, 'grad_norm': 0.2037488967180252, 'learning_rate': 3.819971017423247e-05, 'epoch': 19.69}
{'loss': 1.4264, 'grad_norm': 0.30348312854766846, 'learning_rate': 3.8182859838910794e-05, 'epoch': 19.69}
{'loss': 1.4252, 'grad_norm': 0.08206237107515335, 'learning_rate': 3.8166009503589125e-05, 'epoch': 19.7}
{'loss': 1.4246, 'grad_norm': 0.10240226238965988, 'learning_rate': 3.814915916826745e-05, 'epoch': 19.7}
{'loss': 1.4258, 'grad_norm': 0.36349818110466003, 'learning_rate': 3.8132308832945776e-05, 'epoch': 19.7}
{'loss': 1.4259, 'grad_norm': 0.2200649380683899, 'learning_rate': 3.811545849762411e-05, 'epoch': 19.71}
{'loss': 1.4256, 'grad_norm': 0.19273507595062256, 'learning_rate': 3.809860816230243e-05, 'epoch': 19.71}
{'loss': 1.4261, 'grad_norm': 0.0959281399846077, 'learning_rate': 3.808175782698076e-05, 'epoch': 19.72}
{'loss': 1.4244, 'grad_norm': 0.10655634105205536, 'learning_rate': 3.806490749165908e-05, 'epoch': 19.72}
{'loss': 1.4272, 'grad_norm': 0.08402926474809647, 'learning_rate': 3.8048057156337415e-05, 'epoch': 19.73}
{'loss': 1.4252, 'grad_norm': 0.13688428699970245, 'learning_rate': 3.803120682101574e-05, 'epoch': 19.73}
{'loss': 1.4255, 'grad_norm': 0.15082485973834991, 'learning_rate': 3.801435648569407e-05, 'epoch': 19.74}
{'loss': 1.4255, 'grad_norm': 0.15164418518543243, 'learning_rate': 3.799750615037239e-05, 'epoch': 19.74}
{'loss': 1.4255, 'grad_norm': 0.27263495326042175, 'learning_rate': 3.798065581505072e-05, 'epoch': 19.75}
{'loss': 1.4247, 'grad_norm': 0.09644695371389389, 'learning_rate': 3.796380547972905e-05, 'epoch': 19.75}
{'loss': 1.4253, 'grad_norm': 0.08150529116392136, 'learning_rate': 3.794695514440738e-05, 'epoch': 19.75}
{'loss': 1.4258, 'grad_norm': 0.12064915150403976, 'learning_rate': 3.7930104809085704e-05, 'epoch': 19.76}
{'loss': 1.4254, 'grad_norm': 0.08037738502025604, 'learning_rate': 3.791325447376403e-05, 'epoch': 19.76}
{'loss': 1.4274, 'grad_norm': 0.16107653081417084, 'learning_rate': 3.7896404138442354e-05, 'epoch': 19.77}
{'loss': 1.4273, 'grad_norm': 0.15049482882022858, 'learning_rate': 3.787955380312068e-05, 'epoch': 19.77}
{'loss': 1.4257, 'grad_norm': 0.28212299942970276, 'learning_rate': 3.786270346779901e-05, 'epoch': 19.78}
{'loss': 1.4255, 'grad_norm': 0.16529099643230438, 'learning_rate': 3.7845853132477336e-05, 'epoch': 19.78}
{'loss': 1.425, 'grad_norm': 0.23024000227451324, 'learning_rate': 3.782900279715567e-05, 'epoch': 19.79}
{'loss': 1.4243, 'grad_norm': 0.08625924587249756, 'learning_rate': 3.781215246183399e-05, 'epoch': 19.79}
{'loss': 1.4248, 'grad_norm': 0.1737530529499054, 'learning_rate': 3.7795302126512325e-05, 'epoch': 19.8}
{'loss': 1.425, 'grad_norm': 0.32560694217681885, 'learning_rate': 3.7778451791190644e-05, 'epoch': 19.8}
{'loss': 1.4252, 'grad_norm': 0.1426123082637787, 'learning_rate': 3.7761601455868975e-05, 'epoch': 19.8}
{'loss': 1.4273, 'grad_norm': 0.16909223794937134, 'learning_rate': 3.77447511205473e-05, 'epoch': 19.81}
{'loss': 1.4252, 'grad_norm': 0.1339016556739807, 'learning_rate': 3.7727900785225626e-05, 'epoch': 19.81}
{'loss': 1.4246, 'grad_norm': 0.15477536618709564, 'learning_rate': 3.771105044990396e-05, 'epoch': 19.82}
{'loss': 1.4252, 'grad_norm': 0.09022825956344604, 'learning_rate': 3.769420011458228e-05, 'epoch': 19.82}
{'loss': 1.4251, 'grad_norm': 0.08769997954368591, 'learning_rate': 3.767734977926061e-05, 'epoch': 19.83}
{'loss': 1.4253, 'grad_norm': 0.09864626079797745, 'learning_rate': 3.766049944393893e-05, 'epoch': 19.83}
{'loss': 1.4253, 'grad_norm': 0.1326221376657486, 'learning_rate': 3.7643649108617265e-05, 'epoch': 19.84}
{'loss': 1.4246, 'grad_norm': 0.2574899196624756, 'learning_rate': 3.762679877329559e-05, 'epoch': 19.84}
{'loss': 1.4255, 'grad_norm': 0.8439785838127136, 'learning_rate': 3.760994843797392e-05, 'epoch': 19.85}
{'loss': 1.4262, 'grad_norm': 0.24705275893211365, 'learning_rate': 3.759309810265225e-05, 'epoch': 19.85}
{'loss': 1.4251, 'grad_norm': 0.12003275007009506, 'learning_rate': 3.757624776733057e-05, 'epoch': 19.85}
{'loss': 1.426, 'grad_norm': 0.1591757833957672, 'learning_rate': 3.75593974320089e-05, 'epoch': 19.86}
{'loss': 1.4264, 'grad_norm': 0.07435337454080582, 'learning_rate': 3.754254709668722e-05, 'epoch': 19.86}
{'loss': 1.4252, 'grad_norm': 0.16351012885570526, 'learning_rate': 3.7525696761365554e-05, 'epoch': 19.87}
{'loss': 1.4401, 'grad_norm': 0.10440763086080551, 'learning_rate': 3.750884642604388e-05, 'epoch': 19.87}
{'loss': 1.4262, 'grad_norm': 0.41987207531929016, 'learning_rate': 3.749199609072221e-05, 'epoch': 19.88}
{'loss': 1.4262, 'grad_norm': 0.13981732726097107, 'learning_rate': 3.7475145755400536e-05, 'epoch': 19.88}
{'loss': 1.426, 'grad_norm': 0.15012940764427185, 'learning_rate': 3.745829542007886e-05, 'epoch': 19.89}
{'loss': 1.4264, 'grad_norm': 0.09633082896471024, 'learning_rate': 3.7441445084757186e-05, 'epoch': 19.89}
{'loss': 1.4251, 'grad_norm': 0.09267225116491318, 'learning_rate': 3.742459474943552e-05, 'epoch': 19.9}
{'loss': 1.4247, 'grad_norm': 0.09147468954324722, 'learning_rate': 3.7407744414113843e-05, 'epoch': 19.9}
{'loss': 1.425, 'grad_norm': 0.12002656608819962, 'learning_rate': 3.739089407879217e-05, 'epoch': 19.9}
{'loss': 1.4259, 'grad_norm': 0.09375803172588348, 'learning_rate': 3.73740437434705e-05, 'epoch': 19.91}
{'loss': 1.4254, 'grad_norm': 0.0921701192855835, 'learning_rate': 3.735719340814882e-05, 'epoch': 19.91}
{'loss': 1.4264, 'grad_norm': 0.11185304075479507, 'learning_rate': 3.734034307282715e-05, 'epoch': 19.92}
{'loss': 1.4253, 'grad_norm': 0.0904967188835144, 'learning_rate': 3.7323492737505476e-05, 'epoch': 19.92}
{'loss': 1.426, 'grad_norm': 0.16464218497276306, 'learning_rate': 3.730664240218381e-05, 'epoch': 19.93}
{'loss': 1.4245, 'grad_norm': 0.11173887550830841, 'learning_rate': 3.728979206686213e-05, 'epoch': 19.93}
{'loss': 1.4258, 'grad_norm': 0.17270706593990326, 'learning_rate': 3.7272941731540465e-05, 'epoch': 19.94}
{'loss': 1.4251, 'grad_norm': 0.1111028641462326, 'learning_rate': 3.725609139621878e-05, 'epoch': 19.94}
{'loss': 1.4249, 'grad_norm': 0.12009519338607788, 'learning_rate': 3.7239241060897115e-05, 'epoch': 19.95}
{'loss': 1.4253, 'grad_norm': 0.13579709827899933, 'learning_rate': 3.722239072557544e-05, 'epoch': 19.95}
{'loss': 1.4253, 'grad_norm': 0.09141111373901367, 'learning_rate': 3.7205540390253765e-05, 'epoch': 19.95}
{'loss': 1.4252, 'grad_norm': 0.1441069394350052, 'learning_rate': 3.71886900549321e-05, 'epoch': 19.96}
{'loss': 1.4253, 'grad_norm': 0.088605597615242, 'learning_rate': 3.717183971961042e-05, 'epoch': 19.96}
{'loss': 1.426, 'grad_norm': 0.11780291050672531, 'learning_rate': 3.715498938428875e-05, 'epoch': 19.97}
{'loss': 1.4282, 'grad_norm': 0.1736956536769867, 'learning_rate': 3.713813904896707e-05, 'epoch': 19.97}
{'loss': 1.4256, 'grad_norm': 0.09505107998847961, 'learning_rate': 3.7121288713645404e-05, 'epoch': 19.98}
{'loss': 1.4248, 'grad_norm': 0.08485977351665497, 'learning_rate': 3.710443837832373e-05, 'epoch': 19.98}
{'loss': 1.4258, 'grad_norm': 0.21130132675170898, 'learning_rate': 3.708758804300206e-05, 'epoch': 19.99}
{'loss': 1.4254, 'grad_norm': 0.1200171411037445, 'learning_rate': 3.7070737707680386e-05, 'epoch': 19.99}
{'loss': 1.4663, 'grad_norm': 0.2112223356962204, 'learning_rate': 3.705388737235871e-05, 'epoch': 20.0}
{'loss': 1.4288, 'grad_norm': 0.20884089171886444, 'learning_rate': 3.7037037037037037e-05, 'epoch': 20.0}
{'loss': 1.4269, 'grad_norm': 0.44561803340911865, 'learning_rate': 3.702018670171536e-05, 'epoch': 20.0}
{'loss': 1.4255, 'grad_norm': 0.10280788689851761, 'learning_rate': 3.7003336366393694e-05, 'epoch': 20.01}
{'loss': 1.4246, 'grad_norm': 0.21888113021850586, 'learning_rate': 3.698648603107202e-05, 'epoch': 20.01}
{'loss': 1.4266, 'grad_norm': 0.10586383938789368, 'learning_rate': 3.696963569575035e-05, 'epoch': 20.02}
pred : ardent in the prosecution of heresy cyril auspiciously opened his reign by oppressing the novations the most innocent and harmless of the sectaries
label: ardent in the prosecution of heresy cyril auspiciously opened his reign by oppressing the novatians the most innocent and harmless of the sectaries
pred : without any legal sentence without any royal mandate the patriarch at the dawn of day led a seditious multitude to the attack of the synagogues
label: without any legal sentence without any royal mandate the patriarch at the dawn of day led a seditious multitude to the attack of the synagogues
pred : such crimes would have deserved the animadversion of the magistrate but in this promiscuous outrage the innocent were confounded with the guilty and alexandria was impoverished by the loss of a wealthy and industrious colony
label: such crimes would have deserved the animadversion of the magistrate but in this promiscuous outrage the innocent were confounded with the guilty and alexandria was impoverished by the loss of a wealthy and industrious colony
pred : ardent in the prosecution of heresy cyril auspiciously opened his reign by oppressing the novations the most innocent and harmless of the sectaries
label: ardent in the prosecution of heresy cyril auspiciously opened his reign by oppressing the novatians the most innocent and harmless of the sectaries
pred : without any legal sentence without any royal mandate the patriarch at the dawn of day led a seditious multitude to the attack of the synagogues
label: without any legal sentence without any royal mandate the patriarch at the dawn of day led a seditious multitude to the attack of the synagogues
pred : such crimes would have deserved the animadversion of the magistrate but in this promiscuous outrage the innocent were confounded with the guilty and alexandria was impoverished by the loss of a wealthy and industrious colony
label: such crimes would have deserved the animadversion of the magistrate but in this promiscuous outrage the innocent were confounded with the guilty and alexandria was impoverished by the loss of a wealthy and industrious colony
pred : ardent in the prosecution of heresy cyril auspiciously opened his reign by oppressing the novations the most innocent and harmless of the sectaries
label: ardent in the prosecution of heresy cyril auspiciously opened his reign by oppressing the novatians the most innocent and harmless of the sectaries
pred : without any legal sentence without any royal mandate the patriarch at the dawn of day led a seditious multitude to the attack of the synagogues
label: without any legal sentence without any royal mandate the patriarch at the dawn of day led a seditious multitude to the attack of the synagogues
pred : such crimes would have deserved the animadversion of the magistrate but in this promiscuous outrage the innocent were confounded with the guilty and alexandria was impoverished by the loss of a wealthy and industrious colony
label: such crimes would have deserved the animadversion of the magistrate but in this promiscuous outrage the innocent were confounded with the guilty and alexandria was impoverished by the loss of a wealthy and industrious colony
pred : ardent in the prosecution of heresy cyril auspiciously opened his reign by oppressing the novations the most innocent and harmless of the sectaries
label: ardent in the prosecution of heresy cyril auspiciously opened his reign by oppressing the novatians the most innocent and harmless of the sectaries
pred : without any legal sentence without any royal mandate the patriarch at the dawn of day led a seditious multitude to the attack of the synagogues
label: without any legal sentence without any royal mandate the patriarch at the dawn of day led a seditious multitude to the attack of the synagogues
pred : such crimes would have deserved the animadversion of the magistrate but in this promiscuous outrage the innocent were confounded with the guilty and alexandria was impoverished by the loss of a wealthy and industrious colony
label: such crimes would have deserved the animadversion of the magistrate but in this promiscuous outrage the innocent were confounded with the guilty and alexandria was impoverished by the loss of a wealthy and industrious colony
{'eval_loss': 1.6083970069885254, 'eval_bleu': 96.3216581571852, 'eval_wer': 0.022662351835859282, 'eval_cer': 0.015242879863818492, 'eval_rouge1': 0.9862173325043634, 'eval_rouge2': 0.9742524954943237, 'eval_rougeL': 0.9861528024051571, 'eval_runtime': 88.0969, 'eval_samples_per_second': 63.192, 'eval_steps_per_second': 0.329, 'epoch': 20.02}
{'loss': 1.4254, 'grad_norm': 0.11936048418283463, 'learning_rate': 3.6952785360428676e-05, 'epoch': 20.02}
{'loss': 1.4258, 'grad_norm': 0.10041643679141998, 'learning_rate': 3.6935935025107e-05, 'epoch': 20.03}
{'loss': 1.4245, 'grad_norm': 0.0908813402056694, 'learning_rate': 3.6919084689785326e-05, 'epoch': 20.03}
{'loss': 1.4276, 'grad_norm': 0.18111148476600647, 'learning_rate': 3.690223435446366e-05, 'epoch': 20.04}
{'loss': 1.4244, 'grad_norm': 0.10484401136636734, 'learning_rate': 3.688538401914198e-05, 'epoch': 20.04}
{'loss': 1.4263, 'grad_norm': 0.11377028375864029, 'learning_rate': 3.686853368382031e-05, 'epoch': 20.05}
{'loss': 1.4248, 'grad_norm': 0.09011302143335342, 'learning_rate': 3.685168334849864e-05, 'epoch': 20.05}
{'loss': 1.4269, 'grad_norm': 0.358863890171051, 'learning_rate': 3.683483301317696e-05, 'epoch': 20.05}
{'loss': 1.4247, 'grad_norm': 0.08824212104082108, 'learning_rate': 3.681798267785529e-05, 'epoch': 20.06}
{'loss': 1.425, 'grad_norm': 0.10780796408653259, 'learning_rate': 3.6801132342533615e-05, 'epoch': 20.06}
{'loss': 1.425, 'grad_norm': 0.12523460388183594, 'learning_rate': 3.678428200721195e-05, 'epoch': 20.07}
{'loss': 1.4255, 'grad_norm': 0.1103454977273941, 'learning_rate': 3.676743167189027e-05, 'epoch': 20.07}
{'loss': 1.4248, 'grad_norm': 0.103579081594944, 'learning_rate': 3.6750581336568604e-05, 'epoch': 20.08}
{'loss': 1.4239, 'grad_norm': 0.08938074856996536, 'learning_rate': 3.673373100124693e-05, 'epoch': 20.08}
{'loss': 1.4244, 'grad_norm': 0.10493765026330948, 'learning_rate': 3.6716880665925254e-05, 'epoch': 20.09}
{'loss': 1.4284, 'grad_norm': 0.40723609924316406, 'learning_rate': 3.670003033060358e-05, 'epoch': 20.09}
{'loss': 1.4242, 'grad_norm': 0.0797959640622139, 'learning_rate': 3.6683179995281905e-05, 'epoch': 20.1}
{'loss': 1.425, 'grad_norm': 0.2638299763202667, 'learning_rate': 3.6666329659960236e-05, 'epoch': 20.1}
{'loss': 1.4234, 'grad_norm': 0.11897999793291092, 'learning_rate': 3.664947932463856e-05, 'epoch': 20.1}
{'loss': 1.4264, 'grad_norm': 0.1746818870306015, 'learning_rate': 3.6632628989316893e-05, 'epoch': 20.11}
{'loss': 1.4243, 'grad_norm': 0.11602708697319031, 'learning_rate': 3.661577865399521e-05, 'epoch': 20.11}
{'loss': 1.4246, 'grad_norm': 0.11737585067749023, 'learning_rate': 3.6598928318673544e-05, 'epoch': 20.12}
{'loss': 1.4256, 'grad_norm': 0.23090985417366028, 'learning_rate': 3.658207798335187e-05, 'epoch': 20.12}
{'loss': 1.4246, 'grad_norm': 0.10279712080955505, 'learning_rate': 3.65652276480302e-05, 'epoch': 20.13}
{'loss': 1.425, 'grad_norm': 0.1459568291902542, 'learning_rate': 3.6548377312708526e-05, 'epoch': 20.13}
{'loss': 1.4249, 'grad_norm': 0.10840186476707458, 'learning_rate': 3.653152697738685e-05, 'epoch': 20.14}
{'loss': 1.425, 'grad_norm': 0.30503177642822266, 'learning_rate': 3.6514676642065176e-05, 'epoch': 20.14}
{'loss': 1.4245, 'grad_norm': 0.12430308759212494, 'learning_rate': 3.64978263067435e-05, 'epoch': 20.15}
{'loss': 1.4249, 'grad_norm': 0.10158432275056839, 'learning_rate': 3.648097597142183e-05, 'epoch': 20.15}
{'loss': 1.4261, 'grad_norm': 0.22316016256809235, 'learning_rate': 3.646412563610016e-05, 'epoch': 20.15}
{'loss': 1.4262, 'grad_norm': 0.19535541534423828, 'learning_rate': 3.644727530077849e-05, 'epoch': 20.16}
{'loss': 1.426, 'grad_norm': 0.1553558111190796, 'learning_rate': 3.6430424965456815e-05, 'epoch': 20.16}
{'loss': 1.4257, 'grad_norm': 0.5275223255157471, 'learning_rate': 3.641357463013514e-05, 'epoch': 20.17}
{'loss': 1.4289, 'grad_norm': 0.07208414375782013, 'learning_rate': 3.6396724294813465e-05, 'epoch': 20.17}
{'loss': 1.425, 'grad_norm': 0.08840396255254745, 'learning_rate': 3.63798739594918e-05, 'epoch': 20.18}
{'loss': 1.4279, 'grad_norm': 0.14240986108779907, 'learning_rate': 3.636302362417012e-05, 'epoch': 20.18}
{'loss': 1.4244, 'grad_norm': 0.24985377490520477, 'learning_rate': 3.634617328884845e-05, 'epoch': 20.19}
{'loss': 1.4251, 'grad_norm': 0.12945297360420227, 'learning_rate': 3.632932295352678e-05, 'epoch': 20.19}
{'loss': 1.4251, 'grad_norm': 0.12137507647275925, 'learning_rate': 3.6312472618205104e-05, 'epoch': 20.2}
{'loss': 1.4256, 'grad_norm': 0.07435078173875809, 'learning_rate': 3.629562228288343e-05, 'epoch': 20.2}
{'loss': 1.4245, 'grad_norm': 0.10806789249181747, 'learning_rate': 3.6278771947561755e-05, 'epoch': 20.2}
{'loss': 1.4268, 'grad_norm': 0.5794404745101929, 'learning_rate': 3.6261921612240087e-05, 'epoch': 20.21}
{'loss': 1.4241, 'grad_norm': 0.09771961718797684, 'learning_rate': 3.624507127691841e-05, 'epoch': 20.21}
{'loss': 1.4242, 'grad_norm': 0.10447712242603302, 'learning_rate': 3.6228220941596743e-05, 'epoch': 20.22}
{'loss': 1.4242, 'grad_norm': 0.08853194117546082, 'learning_rate': 3.621137060627507e-05, 'epoch': 20.22}
{'loss': 1.4247, 'grad_norm': 0.09959123283624649, 'learning_rate': 3.6194520270953394e-05, 'epoch': 20.23}
{'loss': 1.4245, 'grad_norm': 0.10883841663599014, 'learning_rate': 3.617766993563172e-05, 'epoch': 20.23}
{'loss': 1.4245, 'grad_norm': 0.1263066530227661, 'learning_rate': 3.616081960031005e-05, 'epoch': 20.24}
{'loss': 1.4247, 'grad_norm': 0.11722777783870697, 'learning_rate': 3.6143969264988376e-05, 'epoch': 20.24}
{'loss': 1.4245, 'grad_norm': 0.07996267080307007, 'learning_rate': 3.61271189296667e-05, 'epoch': 20.25}
{'loss': 1.4246, 'grad_norm': 0.13717985153198242, 'learning_rate': 3.611026859434503e-05, 'epoch': 20.25}
{'loss': 1.4243, 'grad_norm': 0.17820800840854645, 'learning_rate': 3.609341825902335e-05, 'epoch': 20.25}
{'loss': 1.4252, 'grad_norm': 0.3152945339679718, 'learning_rate': 3.607656792370168e-05, 'epoch': 20.26}
{'loss': 1.4268, 'grad_norm': 0.4112144410610199, 'learning_rate': 3.605971758838001e-05, 'epoch': 20.26}
{'loss': 1.4257, 'grad_norm': 0.2729143500328064, 'learning_rate': 3.604286725305834e-05, 'epoch': 20.27}
{'loss': 1.4281, 'grad_norm': 0.09223403036594391, 'learning_rate': 3.6026016917736665e-05, 'epoch': 20.27}
{'loss': 1.4252, 'grad_norm': 0.10134650021791458, 'learning_rate': 3.6009166582415e-05, 'epoch': 20.28}
{'loss': 1.4252, 'grad_norm': 0.09959222376346588, 'learning_rate': 3.5992316247093315e-05, 'epoch': 20.28}
{'loss': 1.4261, 'grad_norm': 0.18306821584701538, 'learning_rate': 3.597546591177165e-05, 'epoch': 20.29}
{'loss': 1.4247, 'grad_norm': 0.10197009891271591, 'learning_rate': 3.595861557644997e-05, 'epoch': 20.29}
{'loss': 1.4246, 'grad_norm': 0.10709349066019058, 'learning_rate': 3.59417652411283e-05, 'epoch': 20.3}
{'loss': 1.4255, 'grad_norm': 0.10310667753219604, 'learning_rate': 3.592491490580663e-05, 'epoch': 20.3}
{'loss': 1.4248, 'grad_norm': 0.10039792209863663, 'learning_rate': 3.5908064570484954e-05, 'epoch': 20.3}
{'loss': 1.425, 'grad_norm': 0.16135567426681519, 'learning_rate': 3.5891214235163286e-05, 'epoch': 20.31}
{'loss': 1.4246, 'grad_norm': 0.14968715608119965, 'learning_rate': 3.5874363899841605e-05, 'epoch': 20.31}
{'loss': 1.4246, 'grad_norm': 0.1332395225763321, 'learning_rate': 3.5857513564519937e-05, 'epoch': 20.32}
{'loss': 1.4243, 'grad_norm': 0.17430730164051056, 'learning_rate': 3.584066322919826e-05, 'epoch': 20.32}
{'loss': 1.4255, 'grad_norm': 0.15878695249557495, 'learning_rate': 3.5823812893876594e-05, 'epoch': 20.33}
{'loss': 1.4239, 'grad_norm': 0.11071494966745377, 'learning_rate': 3.580696255855492e-05, 'epoch': 20.33}
{'loss': 1.4245, 'grad_norm': 0.0882783755660057, 'learning_rate': 3.5790112223233244e-05, 'epoch': 20.34}
{'loss': 1.4243, 'grad_norm': 0.07346025109291077, 'learning_rate': 3.577326188791157e-05, 'epoch': 20.34}
{'loss': 1.4241, 'grad_norm': 0.13336075842380524, 'learning_rate': 3.5756411552589894e-05, 'epoch': 20.35}
{'loss': 1.4243, 'grad_norm': 0.23691561818122864, 'learning_rate': 3.5739561217268226e-05, 'epoch': 20.35}
{'loss': 1.4241, 'grad_norm': 0.1222134530544281, 'learning_rate': 3.572271088194655e-05, 'epoch': 20.35}
{'loss': 1.4239, 'grad_norm': 0.06799732148647308, 'learning_rate': 3.570586054662488e-05, 'epoch': 20.36}
{'loss': 1.4242, 'grad_norm': 0.07825533300638199, 'learning_rate': 3.568901021130321e-05, 'epoch': 20.36}
{'loss': 1.4248, 'grad_norm': 0.15340352058410645, 'learning_rate': 3.567215987598153e-05, 'epoch': 20.37}
{'loss': 1.4244, 'grad_norm': 0.10301495343446732, 'learning_rate': 3.565530954065986e-05, 'epoch': 20.37}
{'loss': 1.4297, 'grad_norm': 0.07953411340713501, 'learning_rate': 3.563845920533819e-05, 'epoch': 20.38}
{'loss': 1.4259, 'grad_norm': 0.6169382333755493, 'learning_rate': 3.5621608870016515e-05, 'epoch': 20.38}
{'loss': 1.4247, 'grad_norm': 0.17968054115772247, 'learning_rate': 3.560475853469484e-05, 'epoch': 20.39}
{'loss': 1.4239, 'grad_norm': 0.10487668216228485, 'learning_rate': 3.558790819937317e-05, 'epoch': 20.39}
{'loss': 1.4258, 'grad_norm': 0.08086545765399933, 'learning_rate': 3.55710578640515e-05, 'epoch': 20.4}
{'loss': 1.4253, 'grad_norm': 0.16224800050258636, 'learning_rate': 3.555420752872982e-05, 'epoch': 20.4}
{'loss': 1.424, 'grad_norm': 0.37512412667274475, 'learning_rate': 3.553735719340815e-05, 'epoch': 20.4}
{'loss': 1.4253, 'grad_norm': 0.28770318627357483, 'learning_rate': 3.552050685808648e-05, 'epoch': 20.41}
{'loss': 1.4243, 'grad_norm': 0.11931826919317245, 'learning_rate': 3.5503656522764805e-05, 'epoch': 20.41}
{'loss': 1.4251, 'grad_norm': 0.12177257239818573, 'learning_rate': 3.5486806187443136e-05, 'epoch': 20.42}
{'loss': 1.4253, 'grad_norm': 0.11791924387216568, 'learning_rate': 3.546995585212146e-05, 'epoch': 20.42}
{'loss': 1.4249, 'grad_norm': 0.11706327646970749, 'learning_rate': 3.545310551679979e-05, 'epoch': 20.43}
{'loss': 1.4255, 'grad_norm': 0.23768377304077148, 'learning_rate': 3.543625518147811e-05, 'epoch': 20.43}
{'loss': 1.4268, 'grad_norm': 0.10793107748031616, 'learning_rate': 3.541940484615644e-05, 'epoch': 20.44}
{'loss': 1.4267, 'grad_norm': 0.12649744749069214, 'learning_rate': 3.540255451083477e-05, 'epoch': 20.44}
{'loss': 1.4254, 'grad_norm': 0.11510305851697922, 'learning_rate': 3.5385704175513094e-05, 'epoch': 20.45}
{'loss': 1.425, 'grad_norm': 0.1293148547410965, 'learning_rate': 3.5368853840191426e-05, 'epoch': 20.45}
{'loss': 1.4246, 'grad_norm': 0.10729684680700302, 'learning_rate': 3.5352003504869744e-05, 'epoch': 20.45}
{'loss': 1.4253, 'grad_norm': 0.15380284190177917, 'learning_rate': 3.5335153169548076e-05, 'epoch': 20.46}
{'loss': 1.4254, 'grad_norm': 0.16818898916244507, 'learning_rate': 3.53183028342264e-05, 'epoch': 20.46}
{'loss': 1.4252, 'grad_norm': 0.15329211950302124, 'learning_rate': 3.530145249890473e-05, 'epoch': 20.47}
{'loss': 1.4251, 'grad_norm': 0.24975349009037018, 'learning_rate': 3.528460216358306e-05, 'epoch': 20.47}
{'loss': 1.4244, 'grad_norm': 0.0900522768497467, 'learning_rate': 3.526775182826138e-05, 'epoch': 20.48}
{'loss': 1.4261, 'grad_norm': 0.1320851594209671, 'learning_rate': 3.525090149293971e-05, 'epoch': 20.48}
{'loss': 1.4246, 'grad_norm': 0.20377346873283386, 'learning_rate': 3.5234051157618033e-05, 'epoch': 20.49}
{'loss': 1.425, 'grad_norm': 0.13534854352474213, 'learning_rate': 3.5217200822296365e-05, 'epoch': 20.49}
{'loss': 1.4241, 'grad_norm': 0.12433156371116638, 'learning_rate': 3.520035048697469e-05, 'epoch': 20.5}
{'loss': 1.4243, 'grad_norm': 0.17007112503051758, 'learning_rate': 3.518350015165302e-05, 'epoch': 20.5}
{'loss': 1.4245, 'grad_norm': 0.10066422075033188, 'learning_rate': 3.516664981633135e-05, 'epoch': 20.51}
{'loss': 1.4243, 'grad_norm': 0.08836214989423752, 'learning_rate': 3.514979948100968e-05, 'epoch': 20.51}
{'loss': 1.4249, 'grad_norm': 0.08177889138460159, 'learning_rate': 3.5132949145688e-05, 'epoch': 20.51}
{'loss': 1.4248, 'grad_norm': 0.09015729278326035, 'learning_rate': 3.511609881036633e-05, 'epoch': 20.52}
{'loss': 1.4241, 'grad_norm': 0.08437096327543259, 'learning_rate': 3.5099248475044655e-05, 'epoch': 20.52}
{'loss': 1.424, 'grad_norm': 0.19042211771011353, 'learning_rate': 3.508239813972298e-05, 'epoch': 20.53}
{'loss': 1.4245, 'grad_norm': 0.1399686187505722, 'learning_rate': 3.506554780440131e-05, 'epoch': 20.53}
{'loss': 1.4243, 'grad_norm': 0.11770883202552795, 'learning_rate': 3.504869746907964e-05, 'epoch': 20.54}
{'loss': 1.4241, 'grad_norm': 0.09637792408466339, 'learning_rate': 3.503184713375796e-05, 'epoch': 20.54}
{'loss': 1.4246, 'grad_norm': 0.08531974256038666, 'learning_rate': 3.501499679843629e-05, 'epoch': 20.55}
{'loss': 1.4247, 'grad_norm': 0.12423605471849442, 'learning_rate': 3.499814646311462e-05, 'epoch': 20.55}
{'loss': 1.4252, 'grad_norm': 0.13721995055675507, 'learning_rate': 3.4981296127792944e-05, 'epoch': 20.56}
{'loss': 1.4241, 'grad_norm': 0.13866014778614044, 'learning_rate': 3.4964445792471276e-05, 'epoch': 20.56}
{'loss': 1.4238, 'grad_norm': 0.15461695194244385, 'learning_rate': 3.49475954571496e-05, 'epoch': 20.56}
{'loss': 1.4244, 'grad_norm': 0.17036594450473785, 'learning_rate': 3.4930745121827926e-05, 'epoch': 20.57}
{'loss': 1.4251, 'grad_norm': 0.2337908297777176, 'learning_rate': 3.491389478650625e-05, 'epoch': 20.57}
{'loss': 1.425, 'grad_norm': 0.10069392621517181, 'learning_rate': 3.4897044451184576e-05, 'epoch': 20.58}
{'loss': 1.4244, 'grad_norm': 0.16926202178001404, 'learning_rate': 3.488019411586291e-05, 'epoch': 20.58}
{'loss': 1.4241, 'grad_norm': 0.2890333831310272, 'learning_rate': 3.486334378054123e-05, 'epoch': 20.59}
{'loss': 1.425, 'grad_norm': 0.5288979411125183, 'learning_rate': 3.4846493445219565e-05, 'epoch': 20.59}
{'loss': 1.4287, 'grad_norm': 0.38000303506851196, 'learning_rate': 3.4829643109897884e-05, 'epoch': 20.6}
{'loss': 1.4252, 'grad_norm': 0.25966015458106995, 'learning_rate': 3.4812792774576215e-05, 'epoch': 20.6}
{'loss': 1.4249, 'grad_norm': 0.14853298664093018, 'learning_rate': 3.479594243925454e-05, 'epoch': 20.61}
{'loss': 1.4249, 'grad_norm': 0.15769043564796448, 'learning_rate': 3.477909210393287e-05, 'epoch': 20.61}
{'loss': 1.4245, 'grad_norm': 0.10395825654268265, 'learning_rate': 3.47622417686112e-05, 'epoch': 20.61}
{'loss': 1.4244, 'grad_norm': 0.28269433975219727, 'learning_rate': 3.474539143328952e-05, 'epoch': 20.62}
{'loss': 1.4248, 'grad_norm': 0.19501042366027832, 'learning_rate': 3.4728541097967855e-05, 'epoch': 20.62}
{'loss': 1.4245, 'grad_norm': 0.19647955894470215, 'learning_rate': 3.471169076264618e-05, 'epoch': 20.63}
{'loss': 1.4254, 'grad_norm': 0.12534557282924652, 'learning_rate': 3.4694840427324505e-05, 'epoch': 20.63}
{'loss': 1.4242, 'grad_norm': 0.17704246938228607, 'learning_rate': 3.467799009200283e-05, 'epoch': 20.64}
{'loss': 1.4245, 'grad_norm': 0.109249047935009, 'learning_rate': 3.466113975668116e-05, 'epoch': 20.64}
{'loss': 1.4245, 'grad_norm': 0.32146963477134705, 'learning_rate': 3.464428942135949e-05, 'epoch': 20.65}
{'loss': 1.4237, 'grad_norm': 0.10650771856307983, 'learning_rate': 3.462743908603782e-05, 'epoch': 20.65}
{'loss': 1.4249, 'grad_norm': 0.07938916981220245, 'learning_rate': 3.461058875071614e-05, 'epoch': 20.66}
{'loss': 1.4245, 'grad_norm': 0.0932641252875328, 'learning_rate': 3.459373841539447e-05, 'epoch': 20.66}
{'loss': 1.4255, 'grad_norm': 0.09172579646110535, 'learning_rate': 3.4576888080072794e-05, 'epoch': 20.66}
{'loss': 1.4247, 'grad_norm': 0.09496212005615234, 'learning_rate': 3.456003774475112e-05, 'epoch': 20.67}
{'loss': 1.4246, 'grad_norm': 0.1087893545627594, 'learning_rate': 3.454318740942945e-05, 'epoch': 20.67}
{'loss': 1.4246, 'grad_norm': 0.10140258073806763, 'learning_rate': 3.4526337074107776e-05, 'epoch': 20.68}
{'loss': 1.4249, 'grad_norm': 0.14139221608638763, 'learning_rate': 3.45094867387861e-05, 'epoch': 20.68}
{'loss': 1.4243, 'grad_norm': 0.12638844549655914, 'learning_rate': 3.4492636403464426e-05, 'epoch': 20.69}
{'loss': 1.4247, 'grad_norm': 0.14165900647640228, 'learning_rate': 3.447578606814276e-05, 'epoch': 20.69}
{'loss': 1.4238, 'grad_norm': 0.13361971080303192, 'learning_rate': 3.445893573282108e-05, 'epoch': 20.7}
{'loss': 1.4236, 'grad_norm': 0.18192552030086517, 'learning_rate': 3.4442085397499415e-05, 'epoch': 20.7}
{'loss': 1.4246, 'grad_norm': 0.19726409018039703, 'learning_rate': 3.442523506217774e-05, 'epoch': 20.71}
{'loss': 1.4243, 'grad_norm': 0.09124232083559036, 'learning_rate': 3.4408384726856065e-05, 'epoch': 20.71}
{'loss': 1.4245, 'grad_norm': 0.07589072734117508, 'learning_rate': 3.439153439153439e-05, 'epoch': 20.71}
{'loss': 1.4244, 'grad_norm': 0.15025296807289124, 'learning_rate': 3.437468405621272e-05, 'epoch': 20.72}
{'loss': 1.4248, 'grad_norm': 0.13542447984218597, 'learning_rate': 3.435783372089105e-05, 'epoch': 20.72}
{'loss': 1.4246, 'grad_norm': 0.1060037836432457, 'learning_rate': 3.434098338556937e-05, 'epoch': 20.73}
{'loss': 1.4251, 'grad_norm': 0.12294512242078781, 'learning_rate': 3.4324133050247705e-05, 'epoch': 20.73}
{'loss': 1.4244, 'grad_norm': 0.10043114423751831, 'learning_rate': 3.430728271492603e-05, 'epoch': 20.74}
{'loss': 1.4241, 'grad_norm': 0.09545514732599258, 'learning_rate': 3.4290432379604355e-05, 'epoch': 20.74}
{'loss': 1.4243, 'grad_norm': 0.2000611126422882, 'learning_rate': 3.427358204428268e-05, 'epoch': 20.75}
{'loss': 1.4235, 'grad_norm': 0.08911222219467163, 'learning_rate': 3.425673170896101e-05, 'epoch': 20.75}
{'loss': 1.4245, 'grad_norm': 0.15906181931495667, 'learning_rate': 3.423988137363934e-05, 'epoch': 20.76}
{'loss': 1.425, 'grad_norm': 0.2109263837337494, 'learning_rate': 3.422303103831767e-05, 'epoch': 20.76}
{'loss': 1.4241, 'grad_norm': 0.10354159772396088, 'learning_rate': 3.4206180702995994e-05, 'epoch': 20.76}
{'loss': 1.4242, 'grad_norm': 0.2712254226207733, 'learning_rate': 3.418933036767432e-05, 'epoch': 20.77}
{'loss': 1.4243, 'grad_norm': 0.0833926871418953, 'learning_rate': 3.4172480032352644e-05, 'epoch': 20.77}
{'loss': 1.4246, 'grad_norm': 0.10712194442749023, 'learning_rate': 3.415562969703097e-05, 'epoch': 20.78}
{'loss': 1.4251, 'grad_norm': 0.10341707617044449, 'learning_rate': 3.41387793617093e-05, 'epoch': 20.78}
{'loss': 1.4239, 'grad_norm': 0.14585241675376892, 'learning_rate': 3.4121929026387626e-05, 'epoch': 20.79}
{'loss': 1.4243, 'grad_norm': 0.11289633065462112, 'learning_rate': 3.410507869106596e-05, 'epoch': 20.79}
{'loss': 1.4238, 'grad_norm': 0.07743172347545624, 'learning_rate': 3.4088228355744276e-05, 'epoch': 20.8}
{'loss': 1.4244, 'grad_norm': 0.08707630634307861, 'learning_rate': 3.407137802042261e-05, 'epoch': 20.8}
{'loss': 1.424, 'grad_norm': 0.06814990937709808, 'learning_rate': 3.4054527685100933e-05, 'epoch': 20.81}
{'loss': 1.4242, 'grad_norm': 0.083871990442276, 'learning_rate': 3.4037677349779265e-05, 'epoch': 20.81}
{'loss': 1.4248, 'grad_norm': 0.2353895902633667, 'learning_rate': 3.402082701445759e-05, 'epoch': 20.81}
{'loss': 1.4238, 'grad_norm': 0.13530363142490387, 'learning_rate': 3.4003976679135916e-05, 'epoch': 20.82}
{'loss': 1.4238, 'grad_norm': 0.09153302758932114, 'learning_rate': 3.398712634381425e-05, 'epoch': 20.82}
{'loss': 1.4243, 'grad_norm': 0.07481709867715836, 'learning_rate': 3.3970276008492566e-05, 'epoch': 20.83}
{'loss': 1.4236, 'grad_norm': 0.10186117887496948, 'learning_rate': 3.39534256731709e-05, 'epoch': 20.83}
{'loss': 1.4243, 'grad_norm': 0.2664278745651245, 'learning_rate': 3.393657533784922e-05, 'epoch': 20.84}
{'loss': 1.4237, 'grad_norm': 0.08516500145196915, 'learning_rate': 3.3919725002527555e-05, 'epoch': 20.84}
{'loss': 1.4256, 'grad_norm': 0.09493526816368103, 'learning_rate': 3.390287466720588e-05, 'epoch': 20.85}
{'loss': 1.4241, 'grad_norm': 0.09145908802747726, 'learning_rate': 3.388602433188421e-05, 'epoch': 20.85}
{'loss': 1.425, 'grad_norm': 0.15253925323486328, 'learning_rate': 3.386917399656253e-05, 'epoch': 20.86}
{'loss': 1.4243, 'grad_norm': 0.195823073387146, 'learning_rate': 3.385232366124086e-05, 'epoch': 20.86}
{'loss': 1.4243, 'grad_norm': 0.14902833104133606, 'learning_rate': 3.383547332591919e-05, 'epoch': 20.86}
{'loss': 1.4233, 'grad_norm': 0.11290962249040604, 'learning_rate': 3.381862299059751e-05, 'epoch': 20.87}
{'loss': 1.4249, 'grad_norm': 0.14512300491333008, 'learning_rate': 3.3801772655275844e-05, 'epoch': 20.87}
{'loss': 1.4237, 'grad_norm': 0.08539683371782303, 'learning_rate': 3.378492231995417e-05, 'epoch': 20.88}
{'loss': 1.4249, 'grad_norm': 0.2884414494037628, 'learning_rate': 3.3768071984632494e-05, 'epoch': 20.88}
{'loss': 1.4247, 'grad_norm': 0.17092083394527435, 'learning_rate': 3.375122164931082e-05, 'epoch': 20.89}
{'loss': 1.4248, 'grad_norm': 0.07021553814411163, 'learning_rate': 3.373437131398915e-05, 'epoch': 20.89}
{'loss': 1.4238, 'grad_norm': 0.09666295349597931, 'learning_rate': 3.3717520978667476e-05, 'epoch': 20.9}
{'loss': 1.4237, 'grad_norm': 0.09007246792316437, 'learning_rate': 3.370067064334581e-05, 'epoch': 20.9}
{'loss': 1.4249, 'grad_norm': 0.15222468972206116, 'learning_rate': 3.368382030802413e-05, 'epoch': 20.91}
{'loss': 1.4237, 'grad_norm': 0.10334568470716476, 'learning_rate': 3.366696997270246e-05, 'epoch': 20.91}
{'loss': 1.4237, 'grad_norm': 0.12764005362987518, 'learning_rate': 3.3650119637380784e-05, 'epoch': 20.91}
{'loss': 1.4234, 'grad_norm': 0.5202007293701172, 'learning_rate': 3.363326930205911e-05, 'epoch': 20.92}
{'loss': 1.4238, 'grad_norm': 0.08134621381759644, 'learning_rate': 3.361641896673744e-05, 'epoch': 20.92}
{'loss': 1.4241, 'grad_norm': 0.20466500520706177, 'learning_rate': 3.3599568631415766e-05, 'epoch': 20.93}
pred : ardent in the prosecution of heresy cyril auspiciously opened his reign by oppressing the novations the most innocent and harmless of the sectaries
label: ardent in the prosecution of heresy cyril auspiciously opened his reign by oppressing the novatians the most innocent and harmless of the sectaries
pred : without any legal sentence without any royal mandate the patriarch at the dawn of day led a seditious multitude to the attack of the synagogues
label: without any legal sentence without any royal mandate the patriarch at the dawn of day led a seditious multitude to the attack of the synagogues
pred : such crimes would have deserved the animadversion of the magistrate but in this promiscuous outrage the innocent were confounded with the guilty and alexandria was impoverished by the loss of a wealthy and industrious colony
label: such crimes would have deserved the animadversion of the magistrate but in this promiscuous outrage the innocent were confounded with the guilty and alexandria was impoverished by the loss of a wealthy and industrious colony
pred : ardent in the prosecution of heresy cyril auspiciously opened his reign by oppressing the novations the most innocent and harmless of the sectaries
label: ardent in the prosecution of heresy cyril auspiciously opened his reign by oppressing the novatians the most innocent and harmless of the sectaries
pred : without any legal sentence without any royal mandate the patriarch at the dawn of day led a seditious multitude to the attack of the synagogues
label: without any legal sentence without any royal mandate the patriarch at the dawn of day led a seditious multitude to the attack of the synagogues
pred : such crimes would have deserved the animadversion of the magistrate but in this promiscuous outrage the innocent were confounded with the guilty and alexandria was impoverished by the loss of a wealthy and industrious colony
label: such crimes would have deserved the animadversion of the magistrate but in this promiscuous outrage the innocent were confounded with the guilty and alexandria was impoverished by the loss of a wealthy and industrious colony
pred : ardent in the prosecution of heresy cyril auspiciously opened his reign by oppressing the novations the most innocent and harmless of the sectaries
label: ardent in the prosecution of heresy cyril auspiciously opened his reign by oppressing the novatians the most innocent and harmless of the sectaries
pred : without any legal sentence without any royal mandate the patriarch at the dawn of day led a seditious multitude to the attack of the synagogues
label: without any legal sentence without any royal mandate the patriarch at the dawn of day led a seditious multitude to the attack of the synagogues
pred : such crimes would have deserved the animadversion of the magistrate but in this promiscuous outrage the innocent were confounded with the guilty and alexandria was impoverished by the loss of a wealthy and industrious colony
label: such crimes would have deserved the animadversion of the magistrate but in this promiscuous outrage the innocent were confounded with the guilty and alexandria was impoverished by the loss of a wealthy and industrious colony
pred : ardent in the prosecution of heresy cyril auspiciously opened his reign by oppressing the novations the most innocent and harmless of the sectaries
label: ardent in the prosecution of heresy cyril auspiciously opened his reign by oppressing the novatians the most innocent and harmless of the sectaries
pred : without any legal sentence without any royal mandate the patriarch at the dawn of day led a seditious multitude to the attack of the synagogues
label: without any legal sentence without any royal mandate the patriarch at the dawn of day led a seditious multitude to the attack of the synagogues
pred : such crimes would have deserved the animadversion of the magistrate but in this promiscuous outrage the innocent were confounded with the guilty and alexandria was impoverished by the loss of a wealthy and industrious colony
label: such crimes would have deserved the animadversion of the magistrate but in this promiscuous outrage the innocent were confounded with the guilty and alexandria was impoverished by the loss of a wealthy and industrious colony
{'eval_loss': 1.622165560722351, 'eval_bleu': 96.31582843185491, 'eval_wer': 0.02287113397170053, 'eval_cer': 0.015361894423266265, 'eval_rouge1': 0.9864694799906124, 'eval_rouge2': 0.975372250458072, 'eval_rougeL': 0.986400490416601, 'eval_runtime': 86.6056, 'eval_samples_per_second': 64.28, 'eval_steps_per_second': 0.335, 'epoch': 20.93}
{'loss': 1.4245, 'grad_norm': 0.11182675510644913, 'learning_rate': 3.35827182960941e-05, 'epoch': 20.93}
{'loss': 1.424, 'grad_norm': 0.09612197428941727, 'learning_rate': 3.356586796077242e-05, 'epoch': 20.94}
{'loss': 1.4244, 'grad_norm': 0.1274927705526352, 'learning_rate': 3.354901762545075e-05, 'epoch': 20.94}
{'loss': 1.4243, 'grad_norm': 0.4784954786300659, 'learning_rate': 3.353216729012907e-05, 'epoch': 20.95}
{'loss': 1.4244, 'grad_norm': 0.08597741276025772, 'learning_rate': 3.3515316954807405e-05, 'epoch': 20.95}
{'loss': 1.4241, 'grad_norm': 0.10222291201353073, 'learning_rate': 3.349846661948573e-05, 'epoch': 20.96}
{'loss': 1.4243, 'grad_norm': 0.08881912380456924, 'learning_rate': 3.3481616284164055e-05, 'epoch': 20.96}
{'loss': 1.4248, 'grad_norm': 0.1725199967622757, 'learning_rate': 3.346476594884239e-05, 'epoch': 20.96}
{'loss': 1.4261, 'grad_norm': 0.1804627776145935, 'learning_rate': 3.3447915613520705e-05, 'epoch': 20.97}
{'loss': 1.425, 'grad_norm': 0.2615095376968384, 'learning_rate': 3.343106527819904e-05, 'epoch': 20.97}
{'loss': 1.4233, 'grad_norm': 0.09659627079963684, 'learning_rate': 3.341421494287736e-05, 'epoch': 20.98}
{'loss': 1.4243, 'grad_norm': 0.20294813811779022, 'learning_rate': 3.3397364607555694e-05, 'epoch': 20.98}
{'loss': 1.4253, 'grad_norm': 0.12571747601032257, 'learning_rate': 3.338051427223402e-05, 'epoch': 20.99}
{'loss': 1.4241, 'grad_norm': 0.40228551626205444, 'learning_rate': 3.336366393691235e-05, 'epoch': 20.99}
{'loss': 1.4238, 'grad_norm': 0.0767444595694542, 'learning_rate': 3.334681360159067e-05, 'epoch': 21.0}
{'loss': 1.4232, 'grad_norm': 0.08114394545555115, 'learning_rate': 3.3329963266269e-05, 'epoch': 21.0}
{'loss': 1.4233, 'grad_norm': 0.09041505306959152, 'learning_rate': 3.3313112930947326e-05, 'epoch': 21.01}
{'loss': 1.4236, 'grad_norm': 0.0892331600189209, 'learning_rate': 3.329626259562565e-05, 'epoch': 21.01}
{'loss': 1.4229, 'grad_norm': 0.09712279587984085, 'learning_rate': 3.3279412260303983e-05, 'epoch': 21.01}
{'loss': 1.4227, 'grad_norm': 0.10603103786706924, 'learning_rate': 3.326256192498231e-05, 'epoch': 21.02}
{'loss': 1.4235, 'grad_norm': 0.24328501522541046, 'learning_rate': 3.324571158966064e-05, 'epoch': 21.02}
{'loss': 1.4232, 'grad_norm': 0.07585227489471436, 'learning_rate': 3.322886125433896e-05, 'epoch': 21.03}
{'loss': 1.4226, 'grad_norm': 0.27794647216796875, 'learning_rate': 3.321201091901729e-05, 'epoch': 21.03}
{'loss': 1.4232, 'grad_norm': 0.0724824070930481, 'learning_rate': 3.3195160583695616e-05, 'epoch': 21.04}
{'loss': 1.4226, 'grad_norm': 0.08788124471902847, 'learning_rate': 3.317831024837395e-05, 'epoch': 21.04}
{'loss': 1.423, 'grad_norm': 0.11811879277229309, 'learning_rate': 3.316145991305227e-05, 'epoch': 21.05}
{'loss': 1.4236, 'grad_norm': 0.08880037069320679, 'learning_rate': 3.31446095777306e-05, 'epoch': 21.05}
{'loss': 1.4231, 'grad_norm': 0.0767369493842125, 'learning_rate': 3.312775924240892e-05, 'epoch': 21.06}
{'loss': 1.4234, 'grad_norm': 0.1953645795583725, 'learning_rate': 3.311090890708725e-05, 'epoch': 21.06}
{'loss': 1.4234, 'grad_norm': 0.08385343849658966, 'learning_rate': 3.309405857176558e-05, 'epoch': 21.06}
{'loss': 1.424, 'grad_norm': 0.07276386022567749, 'learning_rate': 3.3077208236443905e-05, 'epoch': 21.07}
{'loss': 1.4231, 'grad_norm': 0.08524297177791595, 'learning_rate': 3.306035790112224e-05, 'epoch': 21.07}
{'loss': 1.4234, 'grad_norm': 0.09381363540887833, 'learning_rate': 3.304350756580056e-05, 'epoch': 21.08}
{'loss': 1.4235, 'grad_norm': 0.08716379106044769, 'learning_rate': 3.302665723047889e-05, 'epoch': 21.08}
{'loss': 1.4233, 'grad_norm': 0.11003918200731277, 'learning_rate': 3.300980689515721e-05, 'epoch': 21.09}
{'loss': 1.423, 'grad_norm': 0.11730046570301056, 'learning_rate': 3.2992956559835544e-05, 'epoch': 21.09}
{'loss': 1.4231, 'grad_norm': 0.08455123752355576, 'learning_rate': 3.297610622451387e-05, 'epoch': 21.1}
{'loss': 1.423, 'grad_norm': 0.07468236982822418, 'learning_rate': 3.2959255889192194e-05, 'epoch': 21.1}
{'loss': 1.4231, 'grad_norm': 0.08966895192861557, 'learning_rate': 3.2942405553870526e-05, 'epoch': 21.11}
{'loss': 1.4229, 'grad_norm': 0.25062432885169983, 'learning_rate': 3.292555521854885e-05, 'epoch': 21.11}
{'loss': 1.4238, 'grad_norm': 0.08950730413198471, 'learning_rate': 3.2908704883227177e-05, 'epoch': 21.11}
{'loss': 1.4227, 'grad_norm': 0.19358544051647186, 'learning_rate': 3.28918545479055e-05, 'epoch': 21.12}
{'loss': 1.4233, 'grad_norm': 0.09042681008577347, 'learning_rate': 3.2875004212583834e-05, 'epoch': 21.12}
{'loss': 1.4234, 'grad_norm': 0.20063917338848114, 'learning_rate': 3.285815387726216e-05, 'epoch': 21.13}
{'loss': 1.425, 'grad_norm': 0.14139403402805328, 'learning_rate': 3.284130354194049e-05, 'epoch': 21.13}
{'loss': 1.4229, 'grad_norm': 0.0868561640381813, 'learning_rate': 3.2824453206618816e-05, 'epoch': 21.14}
{'loss': 1.4248, 'grad_norm': 0.11010700464248657, 'learning_rate': 3.280760287129714e-05, 'epoch': 21.14}
{'loss': 1.4234, 'grad_norm': 0.07716750353574753, 'learning_rate': 3.2790752535975466e-05, 'epoch': 21.15}
{'loss': 1.4229, 'grad_norm': 0.25758621096611023, 'learning_rate': 3.27739022006538e-05, 'epoch': 21.15}
{'loss': 1.423, 'grad_norm': 0.08370666950941086, 'learning_rate': 3.275705186533212e-05, 'epoch': 21.16}
{'loss': 1.4237, 'grad_norm': 0.2760738134384155, 'learning_rate': 3.274020153001045e-05, 'epoch': 21.16}
{'loss': 1.4241, 'grad_norm': 0.08393236994743347, 'learning_rate': 3.272335119468878e-05, 'epoch': 21.16}
{'loss': 1.4231, 'grad_norm': 0.10307467728853226, 'learning_rate': 3.27065008593671e-05, 'epoch': 21.17}
{'loss': 1.423, 'grad_norm': 0.08391804248094559, 'learning_rate': 3.268965052404543e-05, 'epoch': 21.17}
{'loss': 1.4238, 'grad_norm': 0.12383068352937698, 'learning_rate': 3.2672800188723755e-05, 'epoch': 21.18}
{'loss': 1.4238, 'grad_norm': 0.07188934832811356, 'learning_rate': 3.265594985340209e-05, 'epoch': 21.18}
{'loss': 1.4234, 'grad_norm': 0.09752781689167023, 'learning_rate': 3.263909951808041e-05, 'epoch': 21.19}
{'loss': 1.4233, 'grad_norm': 0.09428030997514725, 'learning_rate': 3.262224918275874e-05, 'epoch': 21.19}
{'loss': 1.4232, 'grad_norm': 0.23124909400939941, 'learning_rate': 3.260539884743706e-05, 'epoch': 21.2}
{'loss': 1.4235, 'grad_norm': 0.14025408029556274, 'learning_rate': 3.2588548512115394e-05, 'epoch': 21.2}
{'loss': 1.423, 'grad_norm': 0.10031934827566147, 'learning_rate': 3.257169817679372e-05, 'epoch': 21.21}
{'loss': 1.4235, 'grad_norm': 0.07115353643894196, 'learning_rate': 3.2554847841472044e-05, 'epoch': 21.21}
{'loss': 1.4226, 'grad_norm': 0.12700332701206207, 'learning_rate': 3.2537997506150376e-05, 'epoch': 21.21}
{'loss': 1.4233, 'grad_norm': 0.11872036755084991, 'learning_rate': 3.25211471708287e-05, 'epoch': 21.22}
{'loss': 1.4231, 'grad_norm': 0.08916650712490082, 'learning_rate': 3.2504296835507027e-05, 'epoch': 21.22}
{'loss': 1.4234, 'grad_norm': 0.0760251134634018, 'learning_rate': 3.248744650018535e-05, 'epoch': 21.23}
{'loss': 1.4232, 'grad_norm': 0.0790330320596695, 'learning_rate': 3.2470596164863684e-05, 'epoch': 21.23}
{'loss': 1.4233, 'grad_norm': 0.18385834991931915, 'learning_rate': 3.245374582954201e-05, 'epoch': 21.24}
{'loss': 1.4232, 'grad_norm': 0.13124050199985504, 'learning_rate': 3.243689549422034e-05, 'epoch': 21.24}
{'loss': 1.4232, 'grad_norm': 0.08432430028915405, 'learning_rate': 3.2420045158898666e-05, 'epoch': 21.25}
{'loss': 1.4229, 'grad_norm': 0.09298203140497208, 'learning_rate': 3.240319482357699e-05, 'epoch': 21.25}
{'loss': 1.4235, 'grad_norm': 0.11353673785924911, 'learning_rate': 3.2386344488255316e-05, 'epoch': 21.26}
{'loss': 1.4228, 'grad_norm': 0.1198473647236824, 'learning_rate': 3.236949415293364e-05, 'epoch': 21.26}
{'loss': 1.4233, 'grad_norm': 0.10130111128091812, 'learning_rate': 3.235264381761197e-05, 'epoch': 21.26}
{'loss': 1.4232, 'grad_norm': 0.06660163402557373, 'learning_rate': 3.23357934822903e-05, 'epoch': 21.27}
{'loss': 1.423, 'grad_norm': 0.1172918826341629, 'learning_rate': 3.231894314696863e-05, 'epoch': 21.27}
{'loss': 1.4229, 'grad_norm': 0.08362242579460144, 'learning_rate': 3.2302092811646955e-05, 'epoch': 21.28}
{'loss': 1.4231, 'grad_norm': 0.16729286313056946, 'learning_rate': 3.228524247632528e-05, 'epoch': 21.28}
{'loss': 1.423, 'grad_norm': 0.10171177238225937, 'learning_rate': 3.2268392141003605e-05, 'epoch': 21.29}
{'loss': 1.4228, 'grad_norm': 0.12243049591779709, 'learning_rate': 3.225154180568194e-05, 'epoch': 21.29}
{'loss': 1.4234, 'grad_norm': 0.12580160796642303, 'learning_rate': 3.223469147036026e-05, 'epoch': 21.3}
{'loss': 1.4237, 'grad_norm': 0.09007129818201065, 'learning_rate': 3.221784113503859e-05, 'epoch': 21.3}
{'loss': 1.4227, 'grad_norm': 0.10132845491170883, 'learning_rate': 3.220099079971692e-05, 'epoch': 21.31}
{'loss': 1.4239, 'grad_norm': 0.3051531910896301, 'learning_rate': 3.218414046439524e-05, 'epoch': 21.31}
{'loss': 1.424, 'grad_norm': 0.10545942187309265, 'learning_rate': 3.216729012907357e-05, 'epoch': 21.31}
{'loss': 1.4236, 'grad_norm': 0.12142320722341537, 'learning_rate': 3.2150439793751895e-05, 'epoch': 21.32}
{'loss': 1.4239, 'grad_norm': 0.11633531004190445, 'learning_rate': 3.2133589458430226e-05, 'epoch': 21.32}
{'loss': 1.4232, 'grad_norm': 0.13005955517292023, 'learning_rate': 3.211673912310855e-05, 'epoch': 21.33}
{'loss': 1.4233, 'grad_norm': 0.17293685674667358, 'learning_rate': 3.2099888787786883e-05, 'epoch': 21.33}
{'loss': 1.4234, 'grad_norm': 0.057517170906066895, 'learning_rate': 3.208303845246521e-05, 'epoch': 21.34}
{'loss': 1.4227, 'grad_norm': 0.07819534093141556, 'learning_rate': 3.2066188117143534e-05, 'epoch': 21.34}
{'loss': 1.4231, 'grad_norm': 0.15901398658752441, 'learning_rate': 3.204933778182186e-05, 'epoch': 21.35}
{'loss': 1.423, 'grad_norm': 0.3002030551433563, 'learning_rate': 3.2032487446500184e-05, 'epoch': 21.35}
{'loss': 1.4231, 'grad_norm': 0.08742611110210419, 'learning_rate': 3.2015637111178516e-05, 'epoch': 21.36}
{'loss': 1.4242, 'grad_norm': 0.18784530460834503, 'learning_rate': 3.199878677585684e-05, 'epoch': 21.36}
{'loss': 1.4234, 'grad_norm': 0.0835634395480156, 'learning_rate': 3.198193644053517e-05, 'epoch': 21.36}
{'loss': 1.423, 'grad_norm': 0.10922308266162872, 'learning_rate': 3.196508610521349e-05, 'epoch': 21.37}
{'loss': 1.423, 'grad_norm': 0.11510965973138809, 'learning_rate': 3.194823576989182e-05, 'epoch': 21.37}
{'loss': 1.4238, 'grad_norm': 0.07440511137247086, 'learning_rate': 3.193138543457015e-05, 'epoch': 21.38}
{'loss': 1.423, 'grad_norm': 0.07915222644805908, 'learning_rate': 3.191453509924848e-05, 'epoch': 21.38}
{'loss': 1.4233, 'grad_norm': 0.09798378497362137, 'learning_rate': 3.1897684763926805e-05, 'epoch': 21.39}
{'loss': 1.4224, 'grad_norm': 0.13440364599227905, 'learning_rate': 3.188083442860513e-05, 'epoch': 21.39}
{'loss': 1.424, 'grad_norm': 0.08384130895137787, 'learning_rate': 3.1863984093283455e-05, 'epoch': 21.4}
{'loss': 1.4231, 'grad_norm': 0.5437930822372437, 'learning_rate': 3.184713375796178e-05, 'epoch': 21.4}
{'loss': 1.4233, 'grad_norm': 0.21194154024124146, 'learning_rate': 3.183028342264011e-05, 'epoch': 21.41}
{'loss': 1.4234, 'grad_norm': 0.07500243932008743, 'learning_rate': 3.181343308731844e-05, 'epoch': 21.41}
{'loss': 1.4232, 'grad_norm': 0.09794741123914719, 'learning_rate': 3.179658275199677e-05, 'epoch': 21.41}
{'loss': 1.4236, 'grad_norm': 0.13142763078212738, 'learning_rate': 3.1779732416675094e-05, 'epoch': 21.42}
{'loss': 1.4234, 'grad_norm': 0.11333619058132172, 'learning_rate': 3.176288208135342e-05, 'epoch': 21.42}
{'loss': 1.4238, 'grad_norm': 0.06181120127439499, 'learning_rate': 3.1746031746031745e-05, 'epoch': 21.43}
{'loss': 1.4233, 'grad_norm': 0.2038280963897705, 'learning_rate': 3.1729181410710077e-05, 'epoch': 21.43}
{'loss': 1.425, 'grad_norm': 0.1208454966545105, 'learning_rate': 3.17123310753884e-05, 'epoch': 21.44}
{'loss': 1.4234, 'grad_norm': 0.12340312451124191, 'learning_rate': 3.169548074006673e-05, 'epoch': 21.44}
{'loss': 1.4234, 'grad_norm': 0.10201476514339447, 'learning_rate': 3.167863040474506e-05, 'epoch': 21.45}
{'loss': 1.4235, 'grad_norm': 0.10704024881124496, 'learning_rate': 3.1661780069423384e-05, 'epoch': 21.45}
{'loss': 1.4231, 'grad_norm': 0.3871096074581146, 'learning_rate': 3.164492973410171e-05, 'epoch': 21.46}
{'loss': 1.423, 'grad_norm': 0.12845394015312195, 'learning_rate': 3.1628079398780034e-05, 'epoch': 21.46}
{'loss': 1.423, 'grad_norm': 0.12008150666952133, 'learning_rate': 3.1611229063458366e-05, 'epoch': 21.46}
{'loss': 1.423, 'grad_norm': 0.07156805694103241, 'learning_rate': 3.159437872813669e-05, 'epoch': 21.47}
{'loss': 1.4237, 'grad_norm': 0.07517188787460327, 'learning_rate': 3.157752839281502e-05, 'epoch': 21.47}
{'loss': 1.4231, 'grad_norm': 0.1413509100675583, 'learning_rate': 3.156067805749335e-05, 'epoch': 21.48}
{'loss': 1.423, 'grad_norm': 0.07371113449335098, 'learning_rate': 3.154382772217167e-05, 'epoch': 21.48}
{'loss': 1.4244, 'grad_norm': 0.10892203450202942, 'learning_rate': 3.152697738685e-05, 'epoch': 21.49}
{'loss': 1.4244, 'grad_norm': 0.5773141384124756, 'learning_rate': 3.151012705152832e-05, 'epoch': 21.49}
{'loss': 1.423, 'grad_norm': 0.32581019401550293, 'learning_rate': 3.1493276716206655e-05, 'epoch': 21.5}
{'loss': 1.4236, 'grad_norm': 0.07561906427145004, 'learning_rate': 3.147642638088498e-05, 'epoch': 21.5}
{'loss': 1.4232, 'grad_norm': 0.06887373328208923, 'learning_rate': 3.145957604556331e-05, 'epoch': 21.51}
{'loss': 1.4233, 'grad_norm': 0.13613705337047577, 'learning_rate': 3.144272571024163e-05, 'epoch': 21.51}
{'loss': 1.4232, 'grad_norm': 0.0622347816824913, 'learning_rate': 3.142587537491996e-05, 'epoch': 21.52}
{'loss': 1.4229, 'grad_norm': 0.10250778496265411, 'learning_rate': 3.140902503959829e-05, 'epoch': 21.52}
{'loss': 1.4227, 'grad_norm': 0.1403835117816925, 'learning_rate': 3.139217470427662e-05, 'epoch': 21.52}
{'loss': 1.423, 'grad_norm': 0.08177659660577774, 'learning_rate': 3.1375324368954945e-05, 'epoch': 21.53}
{'loss': 1.4234, 'grad_norm': 0.10823427885770798, 'learning_rate': 3.135847403363327e-05, 'epoch': 21.53}
{'loss': 1.4235, 'grad_norm': 0.1469864696264267, 'learning_rate': 3.1341623698311595e-05, 'epoch': 21.54}
{'loss': 1.4231, 'grad_norm': 0.49865585565567017, 'learning_rate': 3.132477336298992e-05, 'epoch': 21.54}
{'loss': 1.4227, 'grad_norm': 0.09126389026641846, 'learning_rate': 3.130792302766825e-05, 'epoch': 21.55}
{'loss': 1.4234, 'grad_norm': 0.14049580693244934, 'learning_rate': 3.129107269234658e-05, 'epoch': 21.55}
{'loss': 1.4242, 'grad_norm': 0.0934276208281517, 'learning_rate': 3.127422235702491e-05, 'epoch': 21.56}
{'loss': 1.4242, 'grad_norm': 0.06521767377853394, 'learning_rate': 3.1257372021703234e-05, 'epoch': 21.56}
{'loss': 1.4238, 'grad_norm': 0.11527310311794281, 'learning_rate': 3.1240521686381566e-05, 'epoch': 21.57}
{'loss': 1.4229, 'grad_norm': 0.11434837430715561, 'learning_rate': 3.1223671351059884e-05, 'epoch': 21.57}
{'loss': 1.4236, 'grad_norm': 0.0716954693198204, 'learning_rate': 3.1206821015738216e-05, 'epoch': 21.57}
{'loss': 1.4227, 'grad_norm': 0.18784207105636597, 'learning_rate': 3.118997068041654e-05, 'epoch': 21.58}
{'loss': 1.423, 'grad_norm': 0.2091595083475113, 'learning_rate': 3.1173120345094866e-05, 'epoch': 21.58}
{'loss': 1.4227, 'grad_norm': 0.07825632393360138, 'learning_rate': 3.11562700097732e-05, 'epoch': 21.59}
{'loss': 1.423, 'grad_norm': 0.06828334182500839, 'learning_rate': 3.113941967445152e-05, 'epoch': 21.59}
{'loss': 1.4232, 'grad_norm': 0.06627896428108215, 'learning_rate': 3.112256933912985e-05, 'epoch': 21.6}
{'loss': 1.423, 'grad_norm': 0.0704687237739563, 'learning_rate': 3.110571900380817e-05, 'epoch': 21.6}
{'loss': 1.4233, 'grad_norm': 0.12483112514019012, 'learning_rate': 3.1088868668486505e-05, 'epoch': 21.61}
{'loss': 1.423, 'grad_norm': 0.07883977890014648, 'learning_rate': 3.107201833316483e-05, 'epoch': 21.61}
{'loss': 1.4238, 'grad_norm': 0.14704066514968872, 'learning_rate': 3.105516799784316e-05, 'epoch': 21.62}
{'loss': 1.4233, 'grad_norm': 0.09782411903142929, 'learning_rate': 3.103831766252149e-05, 'epoch': 21.62}
{'loss': 1.4233, 'grad_norm': 0.19298288226127625, 'learning_rate': 3.102146732719981e-05, 'epoch': 21.62}
{'loss': 1.423, 'grad_norm': 0.07310608774423599, 'learning_rate': 3.100461699187814e-05, 'epoch': 21.63}
{'loss': 1.4235, 'grad_norm': 0.08188052475452423, 'learning_rate': 3.098776665655647e-05, 'epoch': 21.63}
{'loss': 1.424, 'grad_norm': 0.13915885984897614, 'learning_rate': 3.0970916321234795e-05, 'epoch': 21.64}
{'loss': 1.4227, 'grad_norm': 0.13370640575885773, 'learning_rate': 3.095406598591312e-05, 'epoch': 21.64}
{'loss': 1.4229, 'grad_norm': 0.1701878160238266, 'learning_rate': 3.093721565059145e-05, 'epoch': 21.65}
{'loss': 1.4237, 'grad_norm': 0.06588871777057648, 'learning_rate': 3.092036531526978e-05, 'epoch': 21.65}
{'loss': 1.4236, 'grad_norm': 0.08581754565238953, 'learning_rate': 3.09035149799481e-05, 'epoch': 21.66}
{'loss': 1.4231, 'grad_norm': 0.09027571231126785, 'learning_rate': 3.088666464462643e-05, 'epoch': 21.66}
{'loss': 1.4234, 'grad_norm': 0.07159043103456497, 'learning_rate': 3.086981430930476e-05, 'epoch': 21.67}
{'loss': 1.4232, 'grad_norm': 0.08655665814876556, 'learning_rate': 3.0852963973983084e-05, 'epoch': 21.67}
{'loss': 1.4234, 'grad_norm': 0.11042538285255432, 'learning_rate': 3.0836113638661416e-05, 'epoch': 21.67}
{'loss': 1.4241, 'grad_norm': 0.09999322891235352, 'learning_rate': 3.081926330333974e-05, 'epoch': 21.68}
{'loss': 1.4234, 'grad_norm': 0.14425909519195557, 'learning_rate': 3.0802412968018066e-05, 'epoch': 21.68}
{'loss': 1.4235, 'grad_norm': 0.09762900322675705, 'learning_rate': 3.078556263269639e-05, 'epoch': 21.69}
{'loss': 1.4234, 'grad_norm': 0.15842077136039734, 'learning_rate': 3.0768712297374716e-05, 'epoch': 21.69}
{'loss': 1.4236, 'grad_norm': 0.06649525463581085, 'learning_rate': 3.075186196205305e-05, 'epoch': 21.7}
{'loss': 1.4231, 'grad_norm': 0.14732205867767334, 'learning_rate': 3.073501162673137e-05, 'epoch': 21.7}
{'loss': 1.423, 'grad_norm': 0.06568682193756104, 'learning_rate': 3.0718161291409705e-05, 'epoch': 21.71}
{'loss': 1.4228, 'grad_norm': 0.09865736216306686, 'learning_rate': 3.0701310956088023e-05, 'epoch': 21.71}
{'loss': 1.4236, 'grad_norm': 0.09052807092666626, 'learning_rate': 3.0684460620766355e-05, 'epoch': 21.72}
{'loss': 1.4233, 'grad_norm': 0.07833006232976913, 'learning_rate': 3.066761028544468e-05, 'epoch': 21.72}
{'loss': 1.4235, 'grad_norm': 0.12168867141008377, 'learning_rate': 3.065075995012301e-05, 'epoch': 21.72}
{'loss': 1.4232, 'grad_norm': 0.11231928318738937, 'learning_rate': 3.063390961480134e-05, 'epoch': 21.73}
{'loss': 1.4245, 'grad_norm': 0.12578019499778748, 'learning_rate': 3.061705927947966e-05, 'epoch': 21.73}
{'loss': 1.4236, 'grad_norm': 0.13246187567710876, 'learning_rate': 3.060020894415799e-05, 'epoch': 21.74}
{'loss': 1.4229, 'grad_norm': 0.07277877628803253, 'learning_rate': 3.058335860883631e-05, 'epoch': 21.74}
{'loss': 1.4234, 'grad_norm': 0.07803412526845932, 'learning_rate': 3.0566508273514645e-05, 'epoch': 21.75}
{'loss': 1.4235, 'grad_norm': 0.10594388097524643, 'learning_rate': 3.054965793819297e-05, 'epoch': 21.75}
{'loss': 1.4242, 'grad_norm': 0.06937768310308456, 'learning_rate': 3.05328076028713e-05, 'epoch': 21.76}
{'loss': 1.4234, 'grad_norm': 0.3616175055503845, 'learning_rate': 3.0515957267549627e-05, 'epoch': 21.76}
{'loss': 1.4232, 'grad_norm': 0.1532726138830185, 'learning_rate': 3.0499106932227955e-05, 'epoch': 21.77}
{'loss': 1.4234, 'grad_norm': 0.08442671597003937, 'learning_rate': 3.0482256596906277e-05, 'epoch': 21.77}
{'loss': 1.4229, 'grad_norm': 0.18340028822422028, 'learning_rate': 3.0465406261584606e-05, 'epoch': 21.77}
{'loss': 1.4234, 'grad_norm': 0.09347359836101532, 'learning_rate': 3.0448555926262934e-05, 'epoch': 21.78}
{'loss': 1.4231, 'grad_norm': 0.25385671854019165, 'learning_rate': 3.0431705590941263e-05, 'epoch': 21.78}
{'loss': 1.4233, 'grad_norm': 0.1388644427061081, 'learning_rate': 3.041485525561959e-05, 'epoch': 21.79}
{'loss': 1.4231, 'grad_norm': 0.09515904635190964, 'learning_rate': 3.0398004920297916e-05, 'epoch': 21.79}
{'loss': 1.4237, 'grad_norm': 0.07818004488945007, 'learning_rate': 3.038115458497624e-05, 'epoch': 21.8}
{'loss': 1.4234, 'grad_norm': 0.08066275715827942, 'learning_rate': 3.036430424965457e-05, 'epoch': 21.8}
{'loss': 1.423, 'grad_norm': 0.07336307317018509, 'learning_rate': 3.0347453914332895e-05, 'epoch': 21.81}
{'loss': 1.4234, 'grad_norm': 0.2405993938446045, 'learning_rate': 3.0330603579011223e-05, 'epoch': 21.81}
{'loss': 1.4234, 'grad_norm': 0.1574283391237259, 'learning_rate': 3.0313753243689552e-05, 'epoch': 21.82}
{'loss': 1.4233, 'grad_norm': 0.11990430951118469, 'learning_rate': 3.029690290836788e-05, 'epoch': 21.82}
{'loss': 1.4226, 'grad_norm': 0.14595742523670197, 'learning_rate': 3.0280052573046202e-05, 'epoch': 21.82}
{'loss': 1.4239, 'grad_norm': 0.11543669551610947, 'learning_rate': 3.026320223772453e-05, 'epoch': 21.83}
{'loss': 1.4234, 'grad_norm': 0.1391984522342682, 'learning_rate': 3.024635190240286e-05, 'epoch': 21.83}
{'loss': 1.423, 'grad_norm': 0.09156248718500137, 'learning_rate': 3.0229501567081188e-05, 'epoch': 21.84}
pred : ardent in the prosecution of heresy cyril auspiciously opened his reign by oppressing the novations the most innocent and harmless of the sectaries
label: ardent in the prosecution of heresy cyril auspiciously opened his reign by oppressing the novatians the most innocent and harmless of the sectaries
pred : without any legal sentence without any royal mandate the patriarch at the dawn of day led a seditious multitude to the attack of the synagogues
label: without any legal sentence without any royal mandate the patriarch at the dawn of day led a seditious multitude to the attack of the synagogues
pred : such crimes would have deserved the animadversion of the magistrate but in this promiscuous outrage the innocent were confounded with the guilty and alexandria was impoverished by the loss of a wealthy and industrious colony
label: such crimes would have deserved the animadversion of the magistrate but in this promiscuous outrage the innocent were confounded with the guilty and alexandria was impoverished by the loss of a wealthy and industrious colony
pred : ardent in the prosecution of heresy cyril auspiciously opened his reign by oppressing the novations the most innocent and harmless of the sectaries
label: ardent in the prosecution of heresy cyril auspiciously opened his reign by oppressing the novatians the most innocent and harmless of the sectaries
pred : without any legal sentence without any royal mandate the patriarch at the dawn of day led a seditious multitude to the attack of the synagogues
label: without any legal sentence without any royal mandate the patriarch at the dawn of day led a seditious multitude to the attack of the synagogues
pred : such crimes would have deserved the animadversion of the magistrate but in this promiscuous outrage the innocent were confounded with the guilty and alexandria was impoverished by the loss of a wealthy and industrious colony
label: such crimes would have deserved the animadversion of the magistrate but in this promiscuous outrage the innocent were confounded with the guilty and alexandria was impoverished by the loss of a wealthy and industrious colony
pred : ardent in the prosecution of heresy cyril auspiciously opened his reign by oppressing the novations the most innocent and harmless of the sectaries
label: ardent in the prosecution of heresy cyril auspiciously opened his reign by oppressing the novatians the most innocent and harmless of the sectaries
pred : without any legal sentence without any royal mandate the patriarch at the dawn of day led a seditious multitude to the attack of the synagogues
label: without any legal sentence without any royal mandate the patriarch at the dawn of day led a seditious multitude to the attack of the synagogues
pred : such crimes would have deserved the animadversion of the magistrate but in this promiscuous outrage the innocent were confounded with the guilty and alexandria was impoverished by the loss of a wealthy and industrious colony
label: such crimes would have deserved the animadversion of the magistrate but in this promiscuous outrage the innocent were confounded with the guilty and alexandria was impoverished by the loss of a wealthy and industrious colony
pred : ardent in the prosecution of heresy cyril auspiciously opened his reign by oppressing the novations the most innocent and harmless of the sectaries
label: ardent in the prosecution of heresy cyril auspiciously opened his reign by oppressing the novatians the most innocent and harmless of the sectaries
pred : without any legal sentence without any royal mandate the patriarch at the dawn of day led a seditious multitude to the attack of the synagogues
label: without any legal sentence without any royal mandate the patriarch at the dawn of day led a seditious multitude to the attack of the synagogues
pred : such crimes would have deserved the animadversion of the magistrate but in this promiscuous outrage the innocent were confounded with the guilty and alexandria was impoverished by the loss of a wealthy and industrious colony
label: such crimes would have deserved the animadversion of the magistrate but in this promiscuous outrage the innocent were confounded with the guilty and alexandria was impoverished by the loss of a wealthy and industrious colony
{'eval_loss': 1.6057988405227661, 'eval_bleu': 96.2171478007619, 'eval_wer': 0.02359238135006121, 'eval_cer': 0.01642941895649477, 'eval_rouge1': 0.9826444579335329, 'eval_rouge2': 0.9703614274827451, 'eval_rougeL': 0.9825600251809882, 'eval_runtime': 88.5947, 'eval_samples_per_second': 62.837, 'eval_steps_per_second': 0.327, 'epoch': 21.84}
{'loss': 1.4238, 'grad_norm': 0.07917490601539612, 'learning_rate': 3.0212651231759516e-05, 'epoch': 21.84}
{'loss': 1.4234, 'grad_norm': 0.18025682866573334, 'learning_rate': 3.019580089643784e-05, 'epoch': 21.85}
{'loss': 1.4228, 'grad_norm': 0.093071348965168, 'learning_rate': 3.0178950561116166e-05, 'epoch': 21.85}
{'loss': 1.4238, 'grad_norm': 0.17900264263153076, 'learning_rate': 3.016210022579449e-05, 'epoch': 21.86}
{'loss': 1.4238, 'grad_norm': 0.1807437688112259, 'learning_rate': 3.014524989047282e-05, 'epoch': 21.86}
{'loss': 1.4235, 'grad_norm': 0.11464322358369827, 'learning_rate': 3.012839955515115e-05, 'epoch': 21.87}
{'loss': 1.4234, 'grad_norm': 0.1420842707157135, 'learning_rate': 3.0111549219829477e-05, 'epoch': 21.87}
{'loss': 1.4228, 'grad_norm': 0.19590355455875397, 'learning_rate': 3.0094698884507805e-05, 'epoch': 21.87}
{'loss': 1.4234, 'grad_norm': 0.14128601551055908, 'learning_rate': 3.0077848549186134e-05, 'epoch': 21.88}
{'loss': 1.4235, 'grad_norm': 0.10761316865682602, 'learning_rate': 3.0060998213864456e-05, 'epoch': 21.88}
{'loss': 1.4238, 'grad_norm': 0.20206426084041595, 'learning_rate': 3.0044147878542784e-05, 'epoch': 21.89}
{'loss': 1.4236, 'grad_norm': 0.09500323981046677, 'learning_rate': 3.0027297543221113e-05, 'epoch': 21.89}
{'loss': 1.4233, 'grad_norm': 0.29768842458724976, 'learning_rate': 3.0010447207899438e-05, 'epoch': 21.9}
{'loss': 1.4231, 'grad_norm': 0.13863587379455566, 'learning_rate': 2.9993596872577766e-05, 'epoch': 21.9}
{'loss': 1.4231, 'grad_norm': 0.07085039466619492, 'learning_rate': 2.9976746537256095e-05, 'epoch': 21.91}
{'loss': 1.423, 'grad_norm': 0.07048171013593674, 'learning_rate': 2.9959896201934416e-05, 'epoch': 21.91}
{'loss': 1.4235, 'grad_norm': 0.0923464298248291, 'learning_rate': 2.9943045866612745e-05, 'epoch': 21.92}
{'loss': 1.4229, 'grad_norm': 0.17586669325828552, 'learning_rate': 2.9926195531291073e-05, 'epoch': 21.92}
{'loss': 1.4228, 'grad_norm': 0.27890923619270325, 'learning_rate': 2.9909345195969402e-05, 'epoch': 21.92}
{'loss': 1.424, 'grad_norm': 0.09458590298891068, 'learning_rate': 2.989249486064773e-05, 'epoch': 21.93}
{'loss': 1.4225, 'grad_norm': 0.05710252374410629, 'learning_rate': 2.987564452532606e-05, 'epoch': 21.93}
{'loss': 1.4232, 'grad_norm': 0.0810905173420906, 'learning_rate': 2.985879419000438e-05, 'epoch': 21.94}
{'loss': 1.4232, 'grad_norm': 0.11341763287782669, 'learning_rate': 2.984194385468271e-05, 'epoch': 21.94}
{'loss': 1.4228, 'grad_norm': 0.12347111105918884, 'learning_rate': 2.9825093519361034e-05, 'epoch': 21.95}
{'loss': 1.4225, 'grad_norm': 0.08454035967588425, 'learning_rate': 2.9808243184039363e-05, 'epoch': 21.95}
{'loss': 1.4231, 'grad_norm': 0.19189667701721191, 'learning_rate': 2.979139284871769e-05, 'epoch': 21.96}
{'loss': 1.4239, 'grad_norm': 0.08719110488891602, 'learning_rate': 2.977454251339602e-05, 'epoch': 21.96}
{'loss': 1.4231, 'grad_norm': 0.18532875180244446, 'learning_rate': 2.9757692178074348e-05, 'epoch': 21.97}
{'loss': 1.4235, 'grad_norm': 0.09509686380624771, 'learning_rate': 2.974084184275267e-05, 'epoch': 21.97}
{'loss': 1.4237, 'grad_norm': 0.10869976133108139, 'learning_rate': 2.9723991507431e-05, 'epoch': 21.97}
{'loss': 1.423, 'grad_norm': 0.12113787233829498, 'learning_rate': 2.9707141172109327e-05, 'epoch': 21.98}
{'loss': 1.4229, 'grad_norm': 0.08276262879371643, 'learning_rate': 2.9690290836787655e-05, 'epoch': 21.98}
{'loss': 1.4235, 'grad_norm': 0.10616592317819595, 'learning_rate': 2.967344050146598e-05, 'epoch': 21.99}
{'loss': 1.4238, 'grad_norm': 0.12071102857589722, 'learning_rate': 2.965659016614431e-05, 'epoch': 21.99}
{'loss': 1.424, 'grad_norm': 0.08640583604574203, 'learning_rate': 2.9639739830822634e-05, 'epoch': 22.0}
{'loss': 1.4238, 'grad_norm': 0.2916448712348938, 'learning_rate': 2.962288949550096e-05, 'epoch': 22.0}
{'loss': 1.4234, 'grad_norm': 0.06795328855514526, 'learning_rate': 2.9606039160179288e-05, 'epoch': 22.01}
{'loss': 1.4231, 'grad_norm': 0.34721019864082336, 'learning_rate': 2.9589188824857616e-05, 'epoch': 22.01}
{'loss': 1.4226, 'grad_norm': 0.07501605898141861, 'learning_rate': 2.9572338489535945e-05, 'epoch': 22.02}
{'loss': 1.4227, 'grad_norm': 0.11569201201200485, 'learning_rate': 2.9555488154214273e-05, 'epoch': 22.02}
{'loss': 1.423, 'grad_norm': 0.05918622761964798, 'learning_rate': 2.9538637818892595e-05, 'epoch': 22.02}
{'loss': 1.4225, 'grad_norm': 0.088887058198452, 'learning_rate': 2.9521787483570924e-05, 'epoch': 22.03}
{'loss': 1.4231, 'grad_norm': 0.2916611135005951, 'learning_rate': 2.9504937148249252e-05, 'epoch': 22.03}
{'loss': 1.4229, 'grad_norm': 0.10155786573886871, 'learning_rate': 2.948808681292758e-05, 'epoch': 22.04}
{'loss': 1.4226, 'grad_norm': 0.3233160376548767, 'learning_rate': 2.9471236477605906e-05, 'epoch': 22.04}
{'loss': 1.4222, 'grad_norm': 0.0991879403591156, 'learning_rate': 2.9454386142284234e-05, 'epoch': 22.05}
{'loss': 1.4224, 'grad_norm': 0.06098110228776932, 'learning_rate': 2.9437535806962556e-05, 'epoch': 22.05}
{'loss': 1.4219, 'grad_norm': 0.1007678285241127, 'learning_rate': 2.9420685471640884e-05, 'epoch': 22.06}
{'loss': 1.4226, 'grad_norm': 0.32629749178886414, 'learning_rate': 2.9403835136319213e-05, 'epoch': 22.06}
{'loss': 1.423, 'grad_norm': 0.2330639511346817, 'learning_rate': 2.938698480099754e-05, 'epoch': 22.07}
{'loss': 1.423, 'grad_norm': 0.09205587208271027, 'learning_rate': 2.937013446567587e-05, 'epoch': 22.07}
{'loss': 1.4228, 'grad_norm': 0.07876656204462051, 'learning_rate': 2.93532841303542e-05, 'epoch': 22.07}
{'loss': 1.4222, 'grad_norm': 0.2046016901731491, 'learning_rate': 2.9336433795032527e-05, 'epoch': 22.08}
{'loss': 1.4224, 'grad_norm': 0.3564707636833191, 'learning_rate': 2.931958345971085e-05, 'epoch': 22.08}
{'loss': 1.4219, 'grad_norm': 0.08997613936662674, 'learning_rate': 2.9302733124389177e-05, 'epoch': 22.09}
{'loss': 1.4223, 'grad_norm': 0.09343533217906952, 'learning_rate': 2.9285882789067502e-05, 'epoch': 22.09}
{'loss': 1.4231, 'grad_norm': 0.08422322571277618, 'learning_rate': 2.926903245374583e-05, 'epoch': 22.1}
{'loss': 1.4226, 'grad_norm': 0.17269562184810638, 'learning_rate': 2.925218211842416e-05, 'epoch': 22.1}
{'loss': 1.4236, 'grad_norm': 0.11525841802358627, 'learning_rate': 2.9235331783102488e-05, 'epoch': 22.11}
{'loss': 1.4223, 'grad_norm': 0.06090220436453819, 'learning_rate': 2.921848144778081e-05, 'epoch': 22.11}
{'loss': 1.4229, 'grad_norm': 0.103950135409832, 'learning_rate': 2.9201631112459138e-05, 'epoch': 22.12}
{'loss': 1.4227, 'grad_norm': 0.06589138507843018, 'learning_rate': 2.9184780777137466e-05, 'epoch': 22.12}
{'loss': 1.4226, 'grad_norm': 0.06813102215528488, 'learning_rate': 2.9167930441815795e-05, 'epoch': 22.12}
{'loss': 1.4223, 'grad_norm': 0.07495784759521484, 'learning_rate': 2.9151080106494123e-05, 'epoch': 22.13}
{'loss': 1.4223, 'grad_norm': 0.08888425678014755, 'learning_rate': 2.913422977117245e-05, 'epoch': 22.13}
{'loss': 1.4229, 'grad_norm': 0.09017371386289597, 'learning_rate': 2.9117379435850774e-05, 'epoch': 22.14}
{'loss': 1.4228, 'grad_norm': 0.08447282016277313, 'learning_rate': 2.91005291005291e-05, 'epoch': 22.14}
{'loss': 1.4226, 'grad_norm': 0.05732152983546257, 'learning_rate': 2.9083678765207427e-05, 'epoch': 22.15}
{'loss': 1.423, 'grad_norm': 0.1705619841814041, 'learning_rate': 2.9066828429885756e-05, 'epoch': 22.15}
{'loss': 1.4224, 'grad_norm': 0.0873546451330185, 'learning_rate': 2.9049978094564084e-05, 'epoch': 22.16}
{'loss': 1.4231, 'grad_norm': 0.19267010688781738, 'learning_rate': 2.9033127759242413e-05, 'epoch': 22.16}
{'loss': 1.4226, 'grad_norm': 0.11177174001932144, 'learning_rate': 2.9016277423920734e-05, 'epoch': 22.17}
{'loss': 1.4226, 'grad_norm': 0.10004310309886932, 'learning_rate': 2.8999427088599063e-05, 'epoch': 22.17}
{'loss': 1.4222, 'grad_norm': 0.08361749351024628, 'learning_rate': 2.898257675327739e-05, 'epoch': 22.17}
{'loss': 1.4228, 'grad_norm': 0.08479421585798264, 'learning_rate': 2.896572641795572e-05, 'epoch': 22.18}
{'loss': 1.422, 'grad_norm': 0.10903898626565933, 'learning_rate': 2.8948876082634045e-05, 'epoch': 22.18}
{'loss': 1.4226, 'grad_norm': 0.22778867185115814, 'learning_rate': 2.8932025747312374e-05, 'epoch': 22.19}
{'loss': 1.4226, 'grad_norm': 0.158102348446846, 'learning_rate': 2.8915175411990702e-05, 'epoch': 22.19}
{'loss': 1.4229, 'grad_norm': 0.19402426481246948, 'learning_rate': 2.8898325076669024e-05, 'epoch': 22.2}
{'loss': 1.4221, 'grad_norm': 0.11774101853370667, 'learning_rate': 2.8881474741347352e-05, 'epoch': 22.2}
{'loss': 1.4229, 'grad_norm': 0.25804975628852844, 'learning_rate': 2.886462440602568e-05, 'epoch': 22.21}
{'loss': 1.423, 'grad_norm': 0.11196289956569672, 'learning_rate': 2.884777407070401e-05, 'epoch': 22.21}
{'loss': 1.4222, 'grad_norm': 0.16494806110858917, 'learning_rate': 2.8830923735382338e-05, 'epoch': 22.22}
{'loss': 1.4227, 'grad_norm': 0.07686740159988403, 'learning_rate': 2.8814073400060666e-05, 'epoch': 22.22}
{'loss': 1.4224, 'grad_norm': 0.0873798131942749, 'learning_rate': 2.8797223064738988e-05, 'epoch': 22.22}
{'loss': 1.4222, 'grad_norm': 0.11973470449447632, 'learning_rate': 2.8780372729417316e-05, 'epoch': 22.23}
{'loss': 1.4224, 'grad_norm': 0.08752605319023132, 'learning_rate': 2.8763522394095645e-05, 'epoch': 22.23}
{'loss': 1.4224, 'grad_norm': 0.08417228609323502, 'learning_rate': 2.874667205877397e-05, 'epoch': 22.24}
{'loss': 1.4215, 'grad_norm': 0.08357591927051544, 'learning_rate': 2.87298217234523e-05, 'epoch': 22.24}
{'loss': 1.4225, 'grad_norm': 0.2554129958152771, 'learning_rate': 2.8712971388130627e-05, 'epoch': 22.25}
{'loss': 1.4224, 'grad_norm': 0.08718763291835785, 'learning_rate': 2.869612105280895e-05, 'epoch': 22.25}
{'loss': 1.4223, 'grad_norm': 0.12163201719522476, 'learning_rate': 2.8679270717487277e-05, 'epoch': 22.26}
{'loss': 1.4223, 'grad_norm': 0.10562000423669815, 'learning_rate': 2.8662420382165606e-05, 'epoch': 22.26}
{'loss': 1.4224, 'grad_norm': 0.21087364852428436, 'learning_rate': 2.8645570046843934e-05, 'epoch': 22.27}
{'loss': 1.4222, 'grad_norm': 0.08874134719371796, 'learning_rate': 2.8628719711522263e-05, 'epoch': 22.27}
{'loss': 1.423, 'grad_norm': 0.20722348988056183, 'learning_rate': 2.861186937620059e-05, 'epoch': 22.27}
{'loss': 1.4226, 'grad_norm': 0.06911035627126694, 'learning_rate': 2.8595019040878916e-05, 'epoch': 22.28}
{'loss': 1.4222, 'grad_norm': 0.0760941356420517, 'learning_rate': 2.857816870555724e-05, 'epoch': 22.28}
{'loss': 1.4224, 'grad_norm': 0.06713370978832245, 'learning_rate': 2.8561318370235567e-05, 'epoch': 22.29}
{'loss': 1.4225, 'grad_norm': 0.0924595519900322, 'learning_rate': 2.8544468034913895e-05, 'epoch': 22.29}
{'loss': 1.4224, 'grad_norm': 0.1542210876941681, 'learning_rate': 2.8527617699592224e-05, 'epoch': 22.3}
{'loss': 1.4223, 'grad_norm': 0.1068178191781044, 'learning_rate': 2.8510767364270552e-05, 'epoch': 22.3}
{'loss': 1.4222, 'grad_norm': 0.07605142146348953, 'learning_rate': 2.849391702894888e-05, 'epoch': 22.31}
{'loss': 1.4226, 'grad_norm': 0.10633713006973267, 'learning_rate': 2.8477066693627202e-05, 'epoch': 22.31}
{'loss': 1.423, 'grad_norm': 0.08138341456651688, 'learning_rate': 2.846021635830553e-05, 'epoch': 22.32}
{'loss': 1.4224, 'grad_norm': 0.16805961728096008, 'learning_rate': 2.844336602298386e-05, 'epoch': 22.32}
{'loss': 1.4223, 'grad_norm': 0.06768686324357986, 'learning_rate': 2.8426515687662188e-05, 'epoch': 22.32}
{'loss': 1.4224, 'grad_norm': 0.08237501978874207, 'learning_rate': 2.8409665352340513e-05, 'epoch': 22.33}
{'loss': 1.4235, 'grad_norm': 0.08750299364328384, 'learning_rate': 2.839281501701884e-05, 'epoch': 22.33}
{'loss': 1.4227, 'grad_norm': 0.12878289818763733, 'learning_rate': 2.8375964681697163e-05, 'epoch': 22.34}
{'loss': 1.4225, 'grad_norm': 0.5414088368415833, 'learning_rate': 2.835911434637549e-05, 'epoch': 22.34}
{'loss': 1.4221, 'grad_norm': 0.08922217786312103, 'learning_rate': 2.834226401105382e-05, 'epoch': 22.35}
{'loss': 1.4227, 'grad_norm': 0.33157971501350403, 'learning_rate': 2.832541367573215e-05, 'epoch': 22.35}
{'loss': 1.4227, 'grad_norm': 0.06965070217847824, 'learning_rate': 2.8308563340410477e-05, 'epoch': 22.36}
{'loss': 1.4223, 'grad_norm': 0.08171405643224716, 'learning_rate': 2.8291713005088806e-05, 'epoch': 22.36}
{'loss': 1.4236, 'grad_norm': 0.17298781871795654, 'learning_rate': 2.8274862669767127e-05, 'epoch': 22.37}
{'loss': 1.4227, 'grad_norm': 0.09056027233600616, 'learning_rate': 2.8258012334445456e-05, 'epoch': 22.37}
{'loss': 1.4226, 'grad_norm': 0.14467553794384003, 'learning_rate': 2.8241161999123784e-05, 'epoch': 22.37}
{'loss': 1.4217, 'grad_norm': 0.13260765373706818, 'learning_rate': 2.822431166380211e-05, 'epoch': 22.38}
{'loss': 1.4218, 'grad_norm': 0.05180231109261513, 'learning_rate': 2.8207461328480438e-05, 'epoch': 22.38}
{'loss': 1.422, 'grad_norm': 0.11392947286367416, 'learning_rate': 2.8190610993158766e-05, 'epoch': 22.39}
{'loss': 1.4226, 'grad_norm': 0.11802679300308228, 'learning_rate': 2.8173760657837095e-05, 'epoch': 22.39}
{'loss': 1.4229, 'grad_norm': 0.265376478433609, 'learning_rate': 2.8156910322515417e-05, 'epoch': 22.4}
{'loss': 1.4225, 'grad_norm': 0.10336058586835861, 'learning_rate': 2.8140059987193745e-05, 'epoch': 22.4}
{'loss': 1.4222, 'grad_norm': 0.20990204811096191, 'learning_rate': 2.8123209651872074e-05, 'epoch': 22.41}
{'loss': 1.4224, 'grad_norm': 0.1695263534784317, 'learning_rate': 2.8106359316550402e-05, 'epoch': 22.41}
{'loss': 1.4225, 'grad_norm': 0.07312113046646118, 'learning_rate': 2.808950898122873e-05, 'epoch': 22.42}
{'loss': 1.4223, 'grad_norm': 0.0944046601653099, 'learning_rate': 2.8072658645907056e-05, 'epoch': 22.42}
{'loss': 1.4223, 'grad_norm': 0.18161393702030182, 'learning_rate': 2.805580831058538e-05, 'epoch': 22.42}
{'loss': 1.4224, 'grad_norm': 0.060996562242507935, 'learning_rate': 2.803895797526371e-05, 'epoch': 22.43}
{'loss': 1.4226, 'grad_norm': 0.08160516619682312, 'learning_rate': 2.8022107639942035e-05, 'epoch': 22.43}
{'loss': 1.4225, 'grad_norm': 0.10131412744522095, 'learning_rate': 2.8005257304620363e-05, 'epoch': 22.44}
{'loss': 1.4227, 'grad_norm': 0.10134841501712799, 'learning_rate': 2.798840696929869e-05, 'epoch': 22.44}
{'loss': 1.4228, 'grad_norm': 0.2892417013645172, 'learning_rate': 2.797155663397702e-05, 'epoch': 22.45}
{'loss': 1.4225, 'grad_norm': 0.07431798428297043, 'learning_rate': 2.7954706298655342e-05, 'epoch': 22.45}
{'loss': 1.4215, 'grad_norm': 0.05509788542985916, 'learning_rate': 2.793785596333367e-05, 'epoch': 22.46}
{'loss': 1.4227, 'grad_norm': 0.1936148852109909, 'learning_rate': 2.7921005628012e-05, 'epoch': 22.46}
{'loss': 1.4226, 'grad_norm': 0.3531045615673065, 'learning_rate': 2.7904155292690327e-05, 'epoch': 22.47}
{'loss': 1.4224, 'grad_norm': 0.10450109839439392, 'learning_rate': 2.7887304957368652e-05, 'epoch': 22.47}
{'loss': 1.4226, 'grad_norm': 0.2874952256679535, 'learning_rate': 2.787045462204698e-05, 'epoch': 22.47}
{'loss': 1.4223, 'grad_norm': 0.06196577474474907, 'learning_rate': 2.7853604286725306e-05, 'epoch': 22.48}
{'loss': 1.4224, 'grad_norm': 0.14144961535930634, 'learning_rate': 2.783675395140363e-05, 'epoch': 22.48}
{'loss': 1.4223, 'grad_norm': 0.10485754907131195, 'learning_rate': 2.781990361608196e-05, 'epoch': 22.49}
{'loss': 1.4222, 'grad_norm': 0.09453818947076797, 'learning_rate': 2.7803053280760288e-05, 'epoch': 22.49}
{'loss': 1.4225, 'grad_norm': 0.4560912251472473, 'learning_rate': 2.7786202945438617e-05, 'epoch': 22.5}
{'loss': 1.4221, 'grad_norm': 0.08657634258270264, 'learning_rate': 2.7769352610116945e-05, 'epoch': 22.5}
{'loss': 1.4224, 'grad_norm': 1.0110440254211426, 'learning_rate': 2.7752502274795274e-05, 'epoch': 22.51}
{'loss': 1.4225, 'grad_norm': 0.10332630574703217, 'learning_rate': 2.7735651939473595e-05, 'epoch': 22.51}
{'loss': 1.4231, 'grad_norm': 0.09428136795759201, 'learning_rate': 2.7718801604151924e-05, 'epoch': 22.52}
{'loss': 1.4228, 'grad_norm': 0.06658998876810074, 'learning_rate': 2.7701951268830252e-05, 'epoch': 22.52}
{'loss': 1.4229, 'grad_norm': 0.3808193802833557, 'learning_rate': 2.7685100933508577e-05, 'epoch': 22.53}
{'loss': 1.4229, 'grad_norm': 0.40231946110725403, 'learning_rate': 2.7668250598186906e-05, 'epoch': 22.53}
{'loss': 1.4223, 'grad_norm': 0.09085184335708618, 'learning_rate': 2.7651400262865234e-05, 'epoch': 22.53}
{'loss': 1.4238, 'grad_norm': 0.0966360941529274, 'learning_rate': 2.7634549927543556e-05, 'epoch': 22.54}
{'loss': 1.4227, 'grad_norm': 0.07404065877199173, 'learning_rate': 2.7617699592221885e-05, 'epoch': 22.54}
{'loss': 1.4227, 'grad_norm': 0.07895472645759583, 'learning_rate': 2.7600849256900213e-05, 'epoch': 22.55}
{'loss': 1.4229, 'grad_norm': 0.10194852203130722, 'learning_rate': 2.758399892157854e-05, 'epoch': 22.55}
{'loss': 1.4228, 'grad_norm': 0.10894197225570679, 'learning_rate': 2.756714858625687e-05, 'epoch': 22.56}
{'loss': 1.4227, 'grad_norm': 0.062275126576423645, 'learning_rate': 2.75502982509352e-05, 'epoch': 22.56}
{'loss': 1.422, 'grad_norm': 0.12046360224485397, 'learning_rate': 2.753344791561352e-05, 'epoch': 22.57}
{'loss': 1.4225, 'grad_norm': 0.07209540158510208, 'learning_rate': 2.751659758029185e-05, 'epoch': 22.57}
{'loss': 1.4236, 'grad_norm': 0.10689341276884079, 'learning_rate': 2.7499747244970174e-05, 'epoch': 22.58}
{'loss': 1.4225, 'grad_norm': 0.18356600403785706, 'learning_rate': 2.7482896909648502e-05, 'epoch': 22.58}
{'loss': 1.422, 'grad_norm': 0.08440291881561279, 'learning_rate': 2.746604657432683e-05, 'epoch': 22.58}
{'loss': 1.4227, 'grad_norm': 0.13293029367923737, 'learning_rate': 2.744919623900516e-05, 'epoch': 22.59}
{'loss': 1.4238, 'grad_norm': 0.07014291733503342, 'learning_rate': 2.7432345903683488e-05, 'epoch': 22.59}
{'loss': 1.4226, 'grad_norm': 0.14404350519180298, 'learning_rate': 2.741549556836181e-05, 'epoch': 22.6}
{'loss': 1.4219, 'grad_norm': 0.0912160724401474, 'learning_rate': 2.7398645233040138e-05, 'epoch': 22.6}
{'loss': 1.422, 'grad_norm': 0.48429611325263977, 'learning_rate': 2.7381794897718467e-05, 'epoch': 22.61}
{'loss': 1.4216, 'grad_norm': 0.1115625649690628, 'learning_rate': 2.7364944562396795e-05, 'epoch': 22.61}
{'loss': 1.4224, 'grad_norm': 0.07020443677902222, 'learning_rate': 2.734809422707512e-05, 'epoch': 22.62}
{'loss': 1.4219, 'grad_norm': 0.1363629549741745, 'learning_rate': 2.733124389175345e-05, 'epoch': 22.62}
{'loss': 1.422, 'grad_norm': 0.09557723999023438, 'learning_rate': 2.731439355643177e-05, 'epoch': 22.63}
{'loss': 1.4221, 'grad_norm': 0.7442331910133362, 'learning_rate': 2.72975432211101e-05, 'epoch': 22.63}
{'loss': 1.4221, 'grad_norm': 0.16057813167572021, 'learning_rate': 2.7280692885788427e-05, 'epoch': 22.63}
{'loss': 1.423, 'grad_norm': 0.3187170624732971, 'learning_rate': 2.7263842550466756e-05, 'epoch': 22.64}
{'loss': 1.4225, 'grad_norm': 0.07394272834062576, 'learning_rate': 2.7246992215145084e-05, 'epoch': 22.64}
{'loss': 1.4231, 'grad_norm': 0.42051464319229126, 'learning_rate': 2.7230141879823413e-05, 'epoch': 22.65}
{'loss': 1.4228, 'grad_norm': 0.09467502683401108, 'learning_rate': 2.7213291544501735e-05, 'epoch': 22.65}
{'loss': 1.4225, 'grad_norm': 0.09280654788017273, 'learning_rate': 2.7196441209180063e-05, 'epoch': 22.66}
{'loss': 1.4228, 'grad_norm': 0.1626555323600769, 'learning_rate': 2.717959087385839e-05, 'epoch': 22.66}
{'loss': 1.4231, 'grad_norm': 0.09740868955850601, 'learning_rate': 2.7162740538536717e-05, 'epoch': 22.67}
{'loss': 1.423, 'grad_norm': 0.06608752906322479, 'learning_rate': 2.7145890203215045e-05, 'epoch': 22.67}
{'loss': 1.4223, 'grad_norm': 0.10682255029678345, 'learning_rate': 2.7129039867893374e-05, 'epoch': 22.68}
{'loss': 1.4223, 'grad_norm': 0.07395977526903152, 'learning_rate': 2.7112189532571696e-05, 'epoch': 22.68}
{'loss': 1.4245, 'grad_norm': 0.09510163962841034, 'learning_rate': 2.7095339197250024e-05, 'epoch': 22.68}
{'loss': 1.4222, 'grad_norm': 0.15822570025920868, 'learning_rate': 2.7078488861928353e-05, 'epoch': 22.69}
{'loss': 1.4223, 'grad_norm': 0.24539797008037567, 'learning_rate': 2.706163852660668e-05, 'epoch': 22.69}
{'loss': 1.4239, 'grad_norm': 0.1551913619041443, 'learning_rate': 2.704478819128501e-05, 'epoch': 22.7}
{'loss': 1.4229, 'grad_norm': 0.12349531799554825, 'learning_rate': 2.7027937855963338e-05, 'epoch': 22.7}
{'loss': 1.4224, 'grad_norm': 0.08423986285924911, 'learning_rate': 2.7011087520641663e-05, 'epoch': 22.71}
{'loss': 1.4225, 'grad_norm': 0.12660464644432068, 'learning_rate': 2.6994237185319988e-05, 'epoch': 22.71}
{'loss': 1.4233, 'grad_norm': 0.0834471806883812, 'learning_rate': 2.6977386849998317e-05, 'epoch': 22.72}
{'loss': 1.4228, 'grad_norm': 0.0591273196041584, 'learning_rate': 2.6960536514676642e-05, 'epoch': 22.72}
{'loss': 1.4222, 'grad_norm': 0.07302375137805939, 'learning_rate': 2.694368617935497e-05, 'epoch': 22.73}
{'loss': 1.4223, 'grad_norm': 0.08564414083957672, 'learning_rate': 2.69268358440333e-05, 'epoch': 22.73}
{'loss': 1.4217, 'grad_norm': 0.10571447759866714, 'learning_rate': 2.6909985508711627e-05, 'epoch': 22.73}
{'loss': 1.4226, 'grad_norm': 0.39929988980293274, 'learning_rate': 2.689313517338995e-05, 'epoch': 22.74}
{'loss': 1.4224, 'grad_norm': 0.07694002240896225, 'learning_rate': 2.6876284838068278e-05, 'epoch': 22.74}
{'loss': 1.4228, 'grad_norm': 0.1071830615401268, 'learning_rate': 2.6859434502746606e-05, 'epoch': 22.75}
pred : ardent in the prosecution of heresy cyril auspiciously opened his reign by oppressing the novations the most innocent and harmless of the sectaries
label: ardent in the prosecution of heresy cyril auspiciously opened his reign by oppressing the novatians the most innocent and harmless of the sectaries
pred : without any legal sentence without any royal mandate the patriarch at the dawn of day led a seditious multitude to the attack of the synagogues
label: without any legal sentence without any royal mandate the patriarch at the dawn of day led a seditious multitude to the attack of the synagogues
pred : such crimes would have deserved the animadversion of the magistrate but in this promiscuous outrage the innocent were confounded with the guilty and alexandria was impoverished by the loss of a wealthy and industrious colony
label: such crimes would have deserved the animadversion of the magistrate but in this promiscuous outrage the innocent were confounded with the guilty and alexandria was impoverished by the loss of a wealthy and industrious colony
pred : ardent in the prosecution of heresy cyril auspiciously opened his reign by oppressing the novations the most innocent and harmless of the sectaries
label: ardent in the prosecution of heresy cyril auspiciously opened his reign by oppressing the novatians the most innocent and harmless of the sectaries
pred : without any legal sentence without any royal mandate the patriarch at the dawn of day led a seditious multitude to the attack of the synagogues
label: without any legal sentence without any royal mandate the patriarch at the dawn of day led a seditious multitude to the attack of the synagogues
pred : such crimes would have deserved the animadversion of the magistrate but in this promiscuous outrage the innocent were confounded with the guilty and alexandria was impoverished by the loss of a wealthy and industrious colony
label: such crimes would have deserved the animadversion of the magistrate but in this promiscuous outrage the innocent were confounded with the guilty and alexandria was impoverished by the loss of a wealthy and industrious colony
pred : ardent in the prosecution of heresy cyril auspiciously opened his reign by oppressing the novations the most innocent and harmless of the sectaries
label: ardent in the prosecution of heresy cyril auspiciously opened his reign by oppressing the novatians the most innocent and harmless of the sectaries
pred : without any legal sentence without any royal mandate the patriarch at the dawn of day led a seditious multitude to the attack of the synagogues
label: without any legal sentence without any royal mandate the patriarch at the dawn of day led a seditious multitude to the attack of the synagogues
pred : such crimes would have deserved the animadversion of the magistrate but in this promiscuous outrage the innocent were confounded with the guilty and alexandria was impoverished by the loss of a wealthy and industrious colony
label: such crimes would have deserved the animadversion of the magistrate but in this promiscuous outrage the innocent were confounded with the guilty and alexandria was impoverished by the loss of a wealthy and industrious colony
pred : ardent in the prosecution of heresy cyril auspiciously opened his reign by oppressing the novations the most innocent and harmless of the sectaries
label: ardent in the prosecution of heresy cyril auspiciously opened his reign by oppressing the novatians the most innocent and harmless of the sectaries
pred : without any legal sentence without any royal mandate the patriarch at the dawn of day led a seditious multitude to the attack of the synagogues
label: without any legal sentence without any royal mandate the patriarch at the dawn of day led a seditious multitude to the attack of the synagogues
pred : such crimes would have deserved the animadversion of the magistrate but in this promiscuous outrage the innocent were confounded with the guilty and alexandria was impoverished by the loss of a wealthy and industrious colony
label: such crimes would have deserved the animadversion of the magistrate but in this promiscuous outrage the innocent were confounded with the guilty and alexandria was impoverished by the loss of a wealthy and industrious colony
{'eval_loss': 1.6247040033340454, 'eval_bleu': 96.2919210628735, 'eval_wer': 0.02331716853463411, 'eval_cer': 0.016112046797967374, 'eval_rouge1': 0.9846051686548073, 'eval_rouge2': 0.972327454858946, 'eval_rougeL': 0.9845743105377962, 'eval_runtime': 89.5647, 'eval_samples_per_second': 62.156, 'eval_steps_per_second': 0.324, 'epoch': 22.75}
{'loss': 1.422, 'grad_norm': 0.08354919403791428, 'learning_rate': 2.6842584167424935e-05, 'epoch': 22.75}
{'loss': 1.422, 'grad_norm': 0.37654122710227966, 'learning_rate': 2.6825733832103263e-05, 'epoch': 22.76}
{'loss': 1.4236, 'grad_norm': 0.08367028087377548, 'learning_rate': 2.6808883496781588e-05, 'epoch': 22.76}
{'loss': 1.4222, 'grad_norm': 0.1517857015132904, 'learning_rate': 2.6792033161459913e-05, 'epoch': 22.77}
{'loss': 1.4227, 'grad_norm': 0.1002974584698677, 'learning_rate': 2.677518282613824e-05, 'epoch': 22.77}
{'loss': 1.4222, 'grad_norm': 0.6601917147636414, 'learning_rate': 2.6758332490816567e-05, 'epoch': 22.78}
{'loss': 1.4226, 'grad_norm': 0.21534360945224762, 'learning_rate': 2.6741482155494895e-05, 'epoch': 22.78}
{'loss': 1.4225, 'grad_norm': 0.0763465166091919, 'learning_rate': 2.6724631820173224e-05, 'epoch': 22.78}
{'loss': 1.4224, 'grad_norm': 0.18096861243247986, 'learning_rate': 2.6707781484851552e-05, 'epoch': 22.79}
{'loss': 1.4222, 'grad_norm': 0.09408071637153625, 'learning_rate': 2.6690931149529874e-05, 'epoch': 22.79}
{'loss': 1.4219, 'grad_norm': 0.07119328528642654, 'learning_rate': 2.6674080814208203e-05, 'epoch': 22.8}
{'loss': 1.4216, 'grad_norm': 0.07746312022209167, 'learning_rate': 2.665723047888653e-05, 'epoch': 22.8}
{'loss': 1.4225, 'grad_norm': 0.09718053042888641, 'learning_rate': 2.664038014356486e-05, 'epoch': 22.81}
{'loss': 1.4218, 'grad_norm': 0.08434723317623138, 'learning_rate': 2.6623529808243185e-05, 'epoch': 22.81}
{'loss': 1.4225, 'grad_norm': 0.14188258349895477, 'learning_rate': 2.6606679472921513e-05, 'epoch': 22.82}
{'loss': 1.4232, 'grad_norm': 0.06805332005023956, 'learning_rate': 2.6589829137599842e-05, 'epoch': 22.82}
{'loss': 1.4225, 'grad_norm': 0.16325674951076508, 'learning_rate': 2.6572978802278163e-05, 'epoch': 22.83}
{'loss': 1.4222, 'grad_norm': 0.11684463918209076, 'learning_rate': 2.6556128466956492e-05, 'epoch': 22.83}
{'loss': 1.4219, 'grad_norm': 0.07409374415874481, 'learning_rate': 2.653927813163482e-05, 'epoch': 22.83}
{'loss': 1.4221, 'grad_norm': 0.058280058205127716, 'learning_rate': 2.652242779631315e-05, 'epoch': 22.84}
{'loss': 1.4225, 'grad_norm': 0.16130827367305756, 'learning_rate': 2.6505577460991477e-05, 'epoch': 22.84}
{'loss': 1.4225, 'grad_norm': 0.15050272643566132, 'learning_rate': 2.6488727125669806e-05, 'epoch': 22.85}
{'loss': 1.4225, 'grad_norm': 0.07821768522262573, 'learning_rate': 2.6471876790348128e-05, 'epoch': 22.85}
{'loss': 1.4233, 'grad_norm': 0.12560175359249115, 'learning_rate': 2.6455026455026456e-05, 'epoch': 22.86}
{'loss': 1.4223, 'grad_norm': 0.09076910465955734, 'learning_rate': 2.643817611970478e-05, 'epoch': 22.86}
{'loss': 1.4227, 'grad_norm': 0.21937550604343414, 'learning_rate': 2.642132578438311e-05, 'epoch': 22.87}
{'loss': 1.4229, 'grad_norm': 0.08384677022695541, 'learning_rate': 2.6404475449061438e-05, 'epoch': 22.87}
{'loss': 1.4227, 'grad_norm': 0.08328824490308762, 'learning_rate': 2.6387625113739767e-05, 'epoch': 22.88}
{'loss': 1.4222, 'grad_norm': 0.07965727150440216, 'learning_rate': 2.637077477841809e-05, 'epoch': 22.88}
{'loss': 1.4223, 'grad_norm': 0.09878411144018173, 'learning_rate': 2.6353924443096417e-05, 'epoch': 22.88}
{'loss': 1.423, 'grad_norm': 0.4409625828266144, 'learning_rate': 2.6337074107774745e-05, 'epoch': 22.89}
{'loss': 1.4226, 'grad_norm': 0.09210177510976791, 'learning_rate': 2.6320223772453074e-05, 'epoch': 22.89}
{'loss': 1.4223, 'grad_norm': 0.07654322683811188, 'learning_rate': 2.6303373437131402e-05, 'epoch': 22.9}
{'loss': 1.4227, 'grad_norm': 0.12401009351015091, 'learning_rate': 2.6286523101809728e-05, 'epoch': 22.9}
{'loss': 1.422, 'grad_norm': 0.15068602561950684, 'learning_rate': 2.6269672766488056e-05, 'epoch': 22.91}
{'loss': 1.4236, 'grad_norm': 0.08303670585155487, 'learning_rate': 2.625282243116638e-05, 'epoch': 22.91}
{'loss': 1.4222, 'grad_norm': 0.12934733927249908, 'learning_rate': 2.6235972095844706e-05, 'epoch': 22.92}
{'loss': 1.4217, 'grad_norm': 0.09074922651052475, 'learning_rate': 2.6219121760523035e-05, 'epoch': 22.92}
{'loss': 1.4224, 'grad_norm': 0.08161383122205734, 'learning_rate': 2.6202271425201363e-05, 'epoch': 22.93}
{'loss': 1.4249, 'grad_norm': 0.09780450910329819, 'learning_rate': 2.6185421089879692e-05, 'epoch': 22.93}
{'loss': 1.4222, 'grad_norm': 0.1740201860666275, 'learning_rate': 2.616857075455802e-05, 'epoch': 22.93}
{'loss': 1.4221, 'grad_norm': 0.09997948259115219, 'learning_rate': 2.6151720419236342e-05, 'epoch': 22.94}
{'loss': 1.422, 'grad_norm': 0.07693147659301758, 'learning_rate': 2.613487008391467e-05, 'epoch': 22.94}
{'loss': 1.4219, 'grad_norm': 0.06513093411922455, 'learning_rate': 2.6118019748593e-05, 'epoch': 22.95}
{'loss': 1.4225, 'grad_norm': 0.11851967871189117, 'learning_rate': 2.6101169413271327e-05, 'epoch': 22.95}
{'loss': 1.4227, 'grad_norm': 0.075701504945755, 'learning_rate': 2.6084319077949653e-05, 'epoch': 22.96}
{'loss': 1.4224, 'grad_norm': 0.0733487531542778, 'learning_rate': 2.606746874262798e-05, 'epoch': 22.96}
{'loss': 1.4224, 'grad_norm': 0.12869547307491302, 'learning_rate': 2.6050618407306303e-05, 'epoch': 22.97}
{'loss': 1.4229, 'grad_norm': 0.06898115575313568, 'learning_rate': 2.603376807198463e-05, 'epoch': 22.97}
{'loss': 1.4225, 'grad_norm': 0.07525800913572311, 'learning_rate': 2.601691773666296e-05, 'epoch': 22.98}
{'loss': 1.4225, 'grad_norm': 0.084244504570961, 'learning_rate': 2.600006740134129e-05, 'epoch': 22.98}
{'loss': 1.4224, 'grad_norm': 0.10692374408245087, 'learning_rate': 2.5983217066019617e-05, 'epoch': 22.98}
{'loss': 1.4227, 'grad_norm': 0.07066763192415237, 'learning_rate': 2.5966366730697945e-05, 'epoch': 22.99}
{'loss': 1.4221, 'grad_norm': 0.060981445014476776, 'learning_rate': 2.5949516395376267e-05, 'epoch': 22.99}
{'loss': 1.4222, 'grad_norm': 0.09367635101079941, 'learning_rate': 2.5932666060054596e-05, 'epoch': 23.0}
{'loss': 1.4219, 'grad_norm': 0.2095116823911667, 'learning_rate': 2.5915815724732924e-05, 'epoch': 23.0}
{'loss': 1.4215, 'grad_norm': 0.06866878271102905, 'learning_rate': 2.589896538941125e-05, 'epoch': 23.01}
{'loss': 1.422, 'grad_norm': 0.05849967524409294, 'learning_rate': 2.5882115054089578e-05, 'epoch': 23.01}
{'loss': 1.4216, 'grad_norm': 0.0657898560166359, 'learning_rate': 2.5865264718767906e-05, 'epoch': 23.02}
{'loss': 1.4221, 'grad_norm': 0.08495942503213882, 'learning_rate': 2.5848414383446235e-05, 'epoch': 23.02}
{'loss': 1.4218, 'grad_norm': 0.3343234658241272, 'learning_rate': 2.5831564048124556e-05, 'epoch': 23.03}
{'loss': 1.4217, 'grad_norm': 0.4578992426395416, 'learning_rate': 2.5814713712802885e-05, 'epoch': 23.03}
{'loss': 1.422, 'grad_norm': 0.17597325146198273, 'learning_rate': 2.5797863377481213e-05, 'epoch': 23.03}
{'loss': 1.4217, 'grad_norm': 0.14228327572345734, 'learning_rate': 2.5781013042159542e-05, 'epoch': 23.04}
{'loss': 1.4213, 'grad_norm': 0.0872880294919014, 'learning_rate': 2.576416270683787e-05, 'epoch': 23.04}
{'loss': 1.4218, 'grad_norm': 0.18182183802127838, 'learning_rate': 2.5747312371516195e-05, 'epoch': 23.05}
{'loss': 1.4218, 'grad_norm': 0.07876963913440704, 'learning_rate': 2.573046203619452e-05, 'epoch': 23.05}
{'loss': 1.4218, 'grad_norm': 0.07572609931230545, 'learning_rate': 2.5713611700872846e-05, 'epoch': 23.06}
{'loss': 1.4217, 'grad_norm': 0.07310941815376282, 'learning_rate': 2.5696761365551174e-05, 'epoch': 23.06}
{'loss': 1.4216, 'grad_norm': 0.08379662781953812, 'learning_rate': 2.5679911030229503e-05, 'epoch': 23.07}
{'loss': 1.4217, 'grad_norm': 0.10153866559267044, 'learning_rate': 2.566306069490783e-05, 'epoch': 23.07}
{'loss': 1.4218, 'grad_norm': 0.18304608762264252, 'learning_rate': 2.564621035958616e-05, 'epoch': 23.08}
{'loss': 1.4215, 'grad_norm': 0.11615606397390366, 'learning_rate': 2.562936002426448e-05, 'epoch': 23.08}
{'loss': 1.4215, 'grad_norm': 0.07092420756816864, 'learning_rate': 2.561250968894281e-05, 'epoch': 23.08}
{'loss': 1.4221, 'grad_norm': 0.08687084168195724, 'learning_rate': 2.559565935362114e-05, 'epoch': 23.09}
{'loss': 1.4217, 'grad_norm': 0.11850512027740479, 'learning_rate': 2.5578809018299467e-05, 'epoch': 23.09}
{'loss': 1.4217, 'grad_norm': 0.8417714238166809, 'learning_rate': 2.5561958682977792e-05, 'epoch': 23.1}
{'loss': 1.4217, 'grad_norm': 0.08031004667282104, 'learning_rate': 2.554510834765612e-05, 'epoch': 23.1}
{'loss': 1.4215, 'grad_norm': 0.18773196637630463, 'learning_rate': 2.5528258012334442e-05, 'epoch': 23.11}
{'loss': 1.4215, 'grad_norm': 0.10806936770677567, 'learning_rate': 2.551140767701277e-05, 'epoch': 23.11}
{'loss': 1.4215, 'grad_norm': 0.12423631548881531, 'learning_rate': 2.54945573416911e-05, 'epoch': 23.12}
{'loss': 1.4221, 'grad_norm': 0.13114511966705322, 'learning_rate': 2.5477707006369428e-05, 'epoch': 23.12}
{'loss': 1.4216, 'grad_norm': 0.06268934160470963, 'learning_rate': 2.5460856671047756e-05, 'epoch': 23.13}
{'loss': 1.4217, 'grad_norm': 0.08088988065719604, 'learning_rate': 2.5444006335726085e-05, 'epoch': 23.13}
{'loss': 1.4218, 'grad_norm': 0.11489805579185486, 'learning_rate': 2.5427156000404413e-05, 'epoch': 23.13}
{'loss': 1.4218, 'grad_norm': 0.09603741019964218, 'learning_rate': 2.5410305665082735e-05, 'epoch': 23.14}
{'loss': 1.4216, 'grad_norm': 0.29106512665748596, 'learning_rate': 2.5393455329761063e-05, 'epoch': 23.14}
{'loss': 1.4221, 'grad_norm': 0.0723528042435646, 'learning_rate': 2.537660499443939e-05, 'epoch': 23.15}
{'loss': 1.4224, 'grad_norm': 0.1228172555565834, 'learning_rate': 2.5359754659117717e-05, 'epoch': 23.15}
{'loss': 1.4217, 'grad_norm': 0.2073420286178589, 'learning_rate': 2.5342904323796046e-05, 'epoch': 23.16}
{'loss': 1.4217, 'grad_norm': 0.05897517129778862, 'learning_rate': 2.5326053988474374e-05, 'epoch': 23.16}
{'loss': 1.4212, 'grad_norm': 0.16343171894550323, 'learning_rate': 2.5309203653152696e-05, 'epoch': 23.17}
{'loss': 1.4217, 'grad_norm': 0.13413935899734497, 'learning_rate': 2.5292353317831024e-05, 'epoch': 23.17}
{'loss': 1.4217, 'grad_norm': 0.10867750644683838, 'learning_rate': 2.5275502982509353e-05, 'epoch': 23.18}
{'loss': 1.4214, 'grad_norm': 0.10460880398750305, 'learning_rate': 2.525865264718768e-05, 'epoch': 23.18}
{'loss': 1.422, 'grad_norm': 0.09619802981615067, 'learning_rate': 2.524180231186601e-05, 'epoch': 23.18}
{'loss': 1.4218, 'grad_norm': 0.13128319382667542, 'learning_rate': 2.5224951976544335e-05, 'epoch': 23.19}
{'loss': 1.4224, 'grad_norm': 0.20898722112178802, 'learning_rate': 2.520810164122266e-05, 'epoch': 23.19}
{'loss': 1.4218, 'grad_norm': 0.08384528756141663, 'learning_rate': 2.519125130590099e-05, 'epoch': 23.2}
{'loss': 1.4214, 'grad_norm': 0.12237057834863663, 'learning_rate': 2.5174400970579314e-05, 'epoch': 23.2}
{'loss': 1.4225, 'grad_norm': 0.182822123169899, 'learning_rate': 2.5157550635257642e-05, 'epoch': 23.21}
{'loss': 1.4219, 'grad_norm': 0.07626812905073166, 'learning_rate': 2.514070029993597e-05, 'epoch': 23.21}
{'loss': 1.4226, 'grad_norm': 0.08371759951114655, 'learning_rate': 2.51238499646143e-05, 'epoch': 23.22}
{'loss': 1.422, 'grad_norm': 0.09982358664274216, 'learning_rate': 2.5106999629292628e-05, 'epoch': 23.22}
{'loss': 1.4222, 'grad_norm': 0.14414073526859283, 'learning_rate': 2.509014929397095e-05, 'epoch': 23.23}
{'loss': 1.4221, 'grad_norm': 0.08986005187034607, 'learning_rate': 2.5073298958649278e-05, 'epoch': 23.23}
{'loss': 1.422, 'grad_norm': 0.09676802903413773, 'learning_rate': 2.5056448623327606e-05, 'epoch': 23.23}
{'loss': 1.4221, 'grad_norm': 0.0586484894156456, 'learning_rate': 2.5039598288005935e-05, 'epoch': 23.24}
{'loss': 1.4217, 'grad_norm': 0.09342984855175018, 'learning_rate': 2.502274795268426e-05, 'epoch': 23.24}
{'loss': 1.4219, 'grad_norm': 0.2555708587169647, 'learning_rate': 2.500589761736259e-05, 'epoch': 23.25}
{'loss': 1.4224, 'grad_norm': 0.10806881636381149, 'learning_rate': 2.4989047282040914e-05, 'epoch': 23.25}
{'loss': 1.4221, 'grad_norm': 0.19662928581237793, 'learning_rate': 2.497219694671924e-05, 'epoch': 23.26}
{'loss': 1.4217, 'grad_norm': 0.09135234355926514, 'learning_rate': 2.4955346611397567e-05, 'epoch': 23.26}
{'loss': 1.4221, 'grad_norm': 0.08471055328845978, 'learning_rate': 2.4938496276075896e-05, 'epoch': 23.27}
{'loss': 1.4211, 'grad_norm': 0.09130925685167313, 'learning_rate': 2.4921645940754224e-05, 'epoch': 23.27}
{'loss': 1.4213, 'grad_norm': 0.10415904968976974, 'learning_rate': 2.490479560543255e-05, 'epoch': 23.28}
{'loss': 1.4218, 'grad_norm': 0.091962531208992, 'learning_rate': 2.4887945270110878e-05, 'epoch': 23.28}
{'loss': 1.4221, 'grad_norm': 0.09872180223464966, 'learning_rate': 2.4871094934789206e-05, 'epoch': 23.28}
{'loss': 1.4214, 'grad_norm': 0.31190750002861023, 'learning_rate': 2.485424459946753e-05, 'epoch': 23.29}
{'loss': 1.4216, 'grad_norm': 0.05097686126828194, 'learning_rate': 2.4837394264145856e-05, 'epoch': 23.29}
{'loss': 1.4216, 'grad_norm': 0.06820576637983322, 'learning_rate': 2.4820543928824185e-05, 'epoch': 23.3}
{'loss': 1.4216, 'grad_norm': 0.07137396186590195, 'learning_rate': 2.480369359350251e-05, 'epoch': 23.3}
{'loss': 1.4215, 'grad_norm': 0.15313389897346497, 'learning_rate': 2.478684325818084e-05, 'epoch': 23.31}
{'loss': 1.4218, 'grad_norm': 0.14768218994140625, 'learning_rate': 2.4769992922859167e-05, 'epoch': 23.31}
{'loss': 1.4221, 'grad_norm': 0.1163325086236, 'learning_rate': 2.4753142587537492e-05, 'epoch': 23.32}
{'loss': 1.422, 'grad_norm': 0.18304139375686646, 'learning_rate': 2.473629225221582e-05, 'epoch': 23.32}
{'loss': 1.4217, 'grad_norm': 0.11872725933790207, 'learning_rate': 2.471944191689415e-05, 'epoch': 23.33}
{'loss': 1.4223, 'grad_norm': 0.2306978553533554, 'learning_rate': 2.4702591581572474e-05, 'epoch': 23.33}
{'loss': 1.4221, 'grad_norm': 0.06297530233860016, 'learning_rate': 2.4685741246250803e-05, 'epoch': 23.33}
{'loss': 1.4216, 'grad_norm': 0.09146049618721008, 'learning_rate': 2.4668890910929128e-05, 'epoch': 23.34}
{'loss': 1.4218, 'grad_norm': 0.09117249399423599, 'learning_rate': 2.4652040575607453e-05, 'epoch': 23.34}
{'loss': 1.4216, 'grad_norm': 0.09878277778625488, 'learning_rate': 2.463519024028578e-05, 'epoch': 23.35}
{'loss': 1.4217, 'grad_norm': 0.2228391170501709, 'learning_rate': 2.461833990496411e-05, 'epoch': 23.35}
{'loss': 1.4221, 'grad_norm': 0.09303350001573563, 'learning_rate': 2.4601489569642435e-05, 'epoch': 23.36}
{'loss': 1.4215, 'grad_norm': 0.32631415128707886, 'learning_rate': 2.4584639234320764e-05, 'epoch': 23.36}
{'loss': 1.4221, 'grad_norm': 0.10005000233650208, 'learning_rate': 2.4567788898999092e-05, 'epoch': 23.37}
{'loss': 1.4218, 'grad_norm': 0.06613802909851074, 'learning_rate': 2.455093856367742e-05, 'epoch': 23.37}
{'loss': 1.4217, 'grad_norm': 0.061430271714925766, 'learning_rate': 2.4534088228355746e-05, 'epoch': 23.38}
{'loss': 1.4228, 'grad_norm': 0.08276179432868958, 'learning_rate': 2.4517237893034074e-05, 'epoch': 23.38}
{'loss': 1.4216, 'grad_norm': 0.08766507357358932, 'learning_rate': 2.45003875577124e-05, 'epoch': 23.38}
{'loss': 1.4209, 'grad_norm': 0.06700199842453003, 'learning_rate': 2.4483537222390724e-05, 'epoch': 23.39}
{'loss': 1.4216, 'grad_norm': 0.07934392988681793, 'learning_rate': 2.4466686887069053e-05, 'epoch': 23.39}
{'loss': 1.4215, 'grad_norm': 0.07679827511310577, 'learning_rate': 2.444983655174738e-05, 'epoch': 23.4}
{'loss': 1.4217, 'grad_norm': 0.08075655996799469, 'learning_rate': 2.4432986216425707e-05, 'epoch': 23.4}
{'loss': 1.4216, 'grad_norm': 0.06901688128709793, 'learning_rate': 2.4416135881104035e-05, 'epoch': 23.41}
{'loss': 1.4222, 'grad_norm': 0.21840186417102814, 'learning_rate': 2.4399285545782364e-05, 'epoch': 23.41}
{'loss': 1.4218, 'grad_norm': 0.13291484117507935, 'learning_rate': 2.438243521046069e-05, 'epoch': 23.42}
{'loss': 1.4225, 'grad_norm': 0.09094318747520447, 'learning_rate': 2.4365584875139017e-05, 'epoch': 23.42}
{'loss': 1.4218, 'grad_norm': 0.1727774739265442, 'learning_rate': 2.4348734539817346e-05, 'epoch': 23.43}
{'loss': 1.4219, 'grad_norm': 0.2204928994178772, 'learning_rate': 2.433188420449567e-05, 'epoch': 23.43}
{'loss': 1.4218, 'grad_norm': 0.056508537381887436, 'learning_rate': 2.4315033869174e-05, 'epoch': 23.43}
{'loss': 1.4217, 'grad_norm': 0.11621967703104019, 'learning_rate': 2.4298183533852324e-05, 'epoch': 23.44}
{'loss': 1.4218, 'grad_norm': 0.13440629839897156, 'learning_rate': 2.428133319853065e-05, 'epoch': 23.44}
{'loss': 1.4218, 'grad_norm': 0.1915578842163086, 'learning_rate': 2.4264482863208978e-05, 'epoch': 23.45}
{'loss': 1.4225, 'grad_norm': 0.09161347150802612, 'learning_rate': 2.4247632527887306e-05, 'epoch': 23.45}
{'loss': 1.4216, 'grad_norm': 0.06412830203771591, 'learning_rate': 2.423078219256563e-05, 'epoch': 23.46}
{'loss': 1.4212, 'grad_norm': 0.28088340163230896, 'learning_rate': 2.421393185724396e-05, 'epoch': 23.46}
{'loss': 1.4219, 'grad_norm': 0.0889473557472229, 'learning_rate': 2.419708152192229e-05, 'epoch': 23.47}
{'loss': 1.4221, 'grad_norm': 0.3808838725090027, 'learning_rate': 2.4180231186600614e-05, 'epoch': 23.47}
{'loss': 1.4218, 'grad_norm': 0.09749934822320938, 'learning_rate': 2.4163380851278942e-05, 'epoch': 23.48}
{'loss': 1.4215, 'grad_norm': 0.08038625866174698, 'learning_rate': 2.414653051595727e-05, 'epoch': 23.48}
{'loss': 1.4216, 'grad_norm': 0.14597073197364807, 'learning_rate': 2.4129680180635596e-05, 'epoch': 23.48}
{'loss': 1.4221, 'grad_norm': 0.06647611409425735, 'learning_rate': 2.411282984531392e-05, 'epoch': 23.49}
{'loss': 1.4216, 'grad_norm': 0.08524582535028458, 'learning_rate': 2.409597950999225e-05, 'epoch': 23.49}
{'loss': 1.4217, 'grad_norm': 0.08695298433303833, 'learning_rate': 2.4079129174670578e-05, 'epoch': 23.5}
{'loss': 1.4209, 'grad_norm': 0.28802981972694397, 'learning_rate': 2.4062278839348903e-05, 'epoch': 23.5}
{'loss': 1.4218, 'grad_norm': 0.09814216941595078, 'learning_rate': 2.404542850402723e-05, 'epoch': 23.51}
{'loss': 1.4213, 'grad_norm': 0.06831201910972595, 'learning_rate': 2.402857816870556e-05, 'epoch': 23.51}
{'loss': 1.4216, 'grad_norm': 0.11848146468400955, 'learning_rate': 2.4011727833383885e-05, 'epoch': 23.52}
{'loss': 1.4226, 'grad_norm': 0.05775698274374008, 'learning_rate': 2.3994877498062214e-05, 'epoch': 23.52}
{'loss': 1.4219, 'grad_norm': 0.07029074430465698, 'learning_rate': 2.3978027162740542e-05, 'epoch': 23.53}
{'loss': 1.4215, 'grad_norm': 0.11788100004196167, 'learning_rate': 2.3961176827418867e-05, 'epoch': 23.53}
{'loss': 1.4217, 'grad_norm': 0.1901429146528244, 'learning_rate': 2.3944326492097192e-05, 'epoch': 23.54}
{'loss': 1.4224, 'grad_norm': 0.08147662878036499, 'learning_rate': 2.392747615677552e-05, 'epoch': 23.54}
{'loss': 1.4217, 'grad_norm': 0.19072191417217255, 'learning_rate': 2.3910625821453846e-05, 'epoch': 23.54}
{'loss': 1.4214, 'grad_norm': 0.23915234208106995, 'learning_rate': 2.3893775486132174e-05, 'epoch': 23.55}
{'loss': 1.4216, 'grad_norm': 0.0748344287276268, 'learning_rate': 2.3876925150810503e-05, 'epoch': 23.55}
{'loss': 1.4219, 'grad_norm': 0.05932120233774185, 'learning_rate': 2.3860074815488828e-05, 'epoch': 23.56}
{'loss': 1.4222, 'grad_norm': 0.10238800197839737, 'learning_rate': 2.3843224480167157e-05, 'epoch': 23.56}
{'loss': 1.4224, 'grad_norm': 0.07339399307966232, 'learning_rate': 2.3826374144845485e-05, 'epoch': 23.57}
{'loss': 1.4219, 'grad_norm': 0.11700800806283951, 'learning_rate': 2.380952380952381e-05, 'epoch': 23.57}
{'loss': 1.4219, 'grad_norm': 0.07682284712791443, 'learning_rate': 2.379267347420214e-05, 'epoch': 23.58}
{'loss': 1.4215, 'grad_norm': 0.12409478425979614, 'learning_rate': 2.3775823138880464e-05, 'epoch': 23.58}
{'loss': 1.4223, 'grad_norm': 0.31631535291671753, 'learning_rate': 2.3758972803558792e-05, 'epoch': 23.59}
{'loss': 1.4216, 'grad_norm': 0.15530288219451904, 'learning_rate': 2.3742122468237117e-05, 'epoch': 23.59}
{'loss': 1.4214, 'grad_norm': 0.17595724761486053, 'learning_rate': 2.3725272132915446e-05, 'epoch': 23.59}
{'loss': 1.4218, 'grad_norm': 0.11344946175813675, 'learning_rate': 2.3708421797593774e-05, 'epoch': 23.6}
{'loss': 1.4219, 'grad_norm': 0.06378582119941711, 'learning_rate': 2.36915714622721e-05, 'epoch': 23.6}
{'loss': 1.4223, 'grad_norm': 0.1982956975698471, 'learning_rate': 2.3674721126950428e-05, 'epoch': 23.61}
{'loss': 1.4216, 'grad_norm': 0.10918275266885757, 'learning_rate': 2.3657870791628757e-05, 'epoch': 23.61}
{'loss': 1.4214, 'grad_norm': 0.07393191754817963, 'learning_rate': 2.364102045630708e-05, 'epoch': 23.62}
{'loss': 1.4219, 'grad_norm': 0.08031663298606873, 'learning_rate': 2.362417012098541e-05, 'epoch': 23.62}
{'loss': 1.422, 'grad_norm': 0.1552540510892868, 'learning_rate': 2.3607319785663735e-05, 'epoch': 23.63}
{'loss': 1.4224, 'grad_norm': 0.43156516551971436, 'learning_rate': 2.359046945034206e-05, 'epoch': 23.63}
{'loss': 1.4218, 'grad_norm': 0.11544344574213028, 'learning_rate': 2.357361911502039e-05, 'epoch': 23.64}
{'loss': 1.4215, 'grad_norm': 0.06300321966409683, 'learning_rate': 2.3556768779698717e-05, 'epoch': 23.64}
{'loss': 1.4224, 'grad_norm': 0.20625953376293182, 'learning_rate': 2.3539918444377042e-05, 'epoch': 23.64}
{'loss': 1.4215, 'grad_norm': 0.08163200318813324, 'learning_rate': 2.352306810905537e-05, 'epoch': 23.65}
{'loss': 1.4209, 'grad_norm': 0.06746381521224976, 'learning_rate': 2.35062177737337e-05, 'epoch': 23.65}
{'loss': 1.4217, 'grad_norm': 0.5165778398513794, 'learning_rate': 2.3489367438412025e-05, 'epoch': 23.66}
pred : ardent in the prosecution of heresy cyril auspiciously opened his reign by oppressing the novations the most innocent and harmless of the sectaries
label: ardent in the prosecution of heresy cyril auspiciously opened his reign by oppressing the novatians the most innocent and harmless of the sectaries
pred : without any legal sentence without any royal mandate the patriarch at the dawn of day led a seditious multitude to the attack of the synagogues
label: without any legal sentence without any royal mandate the patriarch at the dawn of day led a seditious multitude to the attack of the synagogues
pred : such crimes would have deserved the animadversion of the magistrate but in this promiscuous outrage the innocent were confounded with the guilty and alexandria was impoverished by the loss of a wealthy and industrious colony
label: such crimes would have deserved the animadversion of the magistrate but in this promiscuous outrage the innocent were confounded with the guilty and alexandria was impoverished by the loss of a wealthy and industrious colony
pred : ardent in the prosecution of heresy cyril auspiciously opened his reign by oppressing the novations the most innocent and harmless of the sectaries
label: ardent in the prosecution of heresy cyril auspiciously opened his reign by oppressing the novatians the most innocent and harmless of the sectaries
pred : without any legal sentence without any royal mandate the patriarch at the dawn of day led a seditious multitude to the attack of the synagogues
label: without any legal sentence without any royal mandate the patriarch at the dawn of day led a seditious multitude to the attack of the synagogues
pred : such crimes would have deserved the animadversion of the magistrate but in this promiscuous outrage the innocent were confounded with the guilty and alexandria was impoverished by the loss of a wealthy and industrious colony
label: such crimes would have deserved the animadversion of the magistrate but in this promiscuous outrage the innocent were confounded with the guilty and alexandria was impoverished by the loss of a wealthy and industrious colony
pred :pred :  ardent in the prosecution of heresy cyril auspiciously opened his reign by oppressing the novations the most innocent and harmless of the sectariesardent in the prosecution of heresy cyril auspiciously opened his reign by oppressing the novations the most innocent and harmless of the sectaries

label:label:  ardent in the prosecution of heresy cyril auspiciously opened his reign by oppressing the novatians the most innocent and harmless of the sectariesardent in the prosecution of heresy cyril auspiciously opened his reign by oppressing the novatians the most innocent and harmless of the sectaries

pred :pred :  without any legal sentence without any royal mandate the patriarch at the dawn of day led a seditious multitude to the attack of the synagogueswithout any legal sentence without any royal mandate the patriarch at the dawn of day led a seditious multitude to the attack of the synagogues

label:label:  without any legal sentence without any royal mandate the patriarch at the dawn of day led a seditious multitude to the attack of the synagogueswithout any legal sentence without any royal mandate the patriarch at the dawn of day led a seditious multitude to the attack of the synagogues

pred :pred :  such crimes would have deserved the animadversion of the magistrate but in this promiscuous outrage the innocent were confounded with the guilty and alexandria was impoverished by the loss of a wealthy and industrious colonysuch crimes would have deserved the animadversion of the magistrate but in this promiscuous outrage the innocent were confounded with the guilty and alexandria was impoverished by the loss of a wealthy and industrious colony

label:label:  such crimes would have deserved the animadversion of the magistrate but in this promiscuous outrage the innocent were confounded with the guilty and alexandria was impoverished by the loss of a wealthy and industrious colonysuch crimes would have deserved the animadversion of the magistrate but in this promiscuous outrage the innocent were confounded with the guilty and alexandria was impoverished by the loss of a wealthy and industrious colony

{'eval_loss': 1.6060268878936768, 'eval_bleu': 96.32136229139556, 'eval_wer': 0.022757252806696212, 'eval_cer': 0.015278944881832969, 'eval_rouge1': 0.9864568894983679, 'eval_rouge2': 0.9750416102218206, 'eval_rougeL': 0.9864224322502451, 'eval_runtime': 89.0396, 'eval_samples_per_second': 62.523, 'eval_steps_per_second': 0.326, 'epoch': 23.66}
{'loss': 1.4213, 'grad_norm': 0.06833776831626892, 'learning_rate': 2.3472517103090353e-05, 'epoch': 23.66}
{'loss': 1.4211, 'grad_norm': 0.5702033042907715, 'learning_rate': 2.345566676776868e-05, 'epoch': 23.67}
{'loss': 1.4218, 'grad_norm': 0.0950620099902153, 'learning_rate': 2.3438816432447007e-05, 'epoch': 23.67}
{'loss': 1.4218, 'grad_norm': 0.06907643377780914, 'learning_rate': 2.3421966097125335e-05, 'epoch': 23.68}
{'loss': 1.4216, 'grad_norm': 0.06272837519645691, 'learning_rate': 2.340511576180366e-05, 'epoch': 23.68}
{'loss': 1.4217, 'grad_norm': 0.19746996462345123, 'learning_rate': 2.338826542648199e-05, 'epoch': 23.69}
{'loss': 1.422, 'grad_norm': 0.1361333727836609, 'learning_rate': 2.3371415091160314e-05, 'epoch': 23.69}
{'loss': 1.4222, 'grad_norm': 0.12473554164171219, 'learning_rate': 2.3354564755838642e-05, 'epoch': 23.69}
{'loss': 1.4215, 'grad_norm': 0.08878563344478607, 'learning_rate': 2.333771442051697e-05, 'epoch': 23.7}
{'loss': 1.4216, 'grad_norm': 0.08714455366134644, 'learning_rate': 2.3320864085195296e-05, 'epoch': 23.7}
{'loss': 1.4217, 'grad_norm': 0.20824648439884186, 'learning_rate': 2.3304013749873624e-05, 'epoch': 23.71}
{'loss': 1.4216, 'grad_norm': 0.08837378770112991, 'learning_rate': 2.3287163414551953e-05, 'epoch': 23.71}
{'loss': 1.4218, 'grad_norm': 0.08897648751735687, 'learning_rate': 2.3270313079230278e-05, 'epoch': 23.72}
{'loss': 1.4217, 'grad_norm': 0.0539349764585495, 'learning_rate': 2.3253462743908607e-05, 'epoch': 23.72}
{'loss': 1.4217, 'grad_norm': 0.07527554035186768, 'learning_rate': 2.3236612408586932e-05, 'epoch': 23.73}
{'loss': 1.4219, 'grad_norm': 0.06367095559835434, 'learning_rate': 2.3219762073265257e-05, 'epoch': 23.73}
{'loss': 1.4217, 'grad_norm': 0.08510459959506989, 'learning_rate': 2.3202911737943585e-05, 'epoch': 23.74}
{'loss': 1.4212, 'grad_norm': 0.06539417803287506, 'learning_rate': 2.3186061402621914e-05, 'epoch': 23.74}
{'loss': 1.4215, 'grad_norm': 0.08146020770072937, 'learning_rate': 2.316921106730024e-05, 'epoch': 23.74}
{'loss': 1.4212, 'grad_norm': 0.06064996495842934, 'learning_rate': 2.3152360731978567e-05, 'epoch': 23.75}
{'loss': 1.4214, 'grad_norm': 0.1683068871498108, 'learning_rate': 2.3135510396656896e-05, 'epoch': 23.75}
{'loss': 1.4215, 'grad_norm': 0.08374451100826263, 'learning_rate': 2.311866006133522e-05, 'epoch': 23.76}
{'loss': 1.4219, 'grad_norm': 0.0629609003663063, 'learning_rate': 2.310180972601355e-05, 'epoch': 23.76}
{'loss': 1.4212, 'grad_norm': 0.2608039081096649, 'learning_rate': 2.3084959390691878e-05, 'epoch': 23.77}
{'loss': 1.4218, 'grad_norm': 0.09164634346961975, 'learning_rate': 2.3068109055370203e-05, 'epoch': 23.77}
{'loss': 1.4211, 'grad_norm': 0.06855982542037964, 'learning_rate': 2.3051258720048528e-05, 'epoch': 23.78}
{'loss': 1.4216, 'grad_norm': 0.14324389398097992, 'learning_rate': 2.3034408384726857e-05, 'epoch': 23.78}
{'loss': 1.4219, 'grad_norm': 0.06328590214252472, 'learning_rate': 2.3017558049405182e-05, 'epoch': 23.79}
{'loss': 1.4217, 'grad_norm': 0.06516523659229279, 'learning_rate': 2.300070771408351e-05, 'epoch': 23.79}
{'loss': 1.421, 'grad_norm': 0.06735347956418991, 'learning_rate': 2.298385737876184e-05, 'epoch': 23.79}
{'loss': 1.4213, 'grad_norm': 0.09257292002439499, 'learning_rate': 2.2967007043440167e-05, 'epoch': 23.8}
{'loss': 1.4214, 'grad_norm': 0.11451896280050278, 'learning_rate': 2.2950156708118492e-05, 'epoch': 23.8}
{'loss': 1.4216, 'grad_norm': 0.08845079690217972, 'learning_rate': 2.293330637279682e-05, 'epoch': 23.81}
{'loss': 1.4212, 'grad_norm': 0.06784410029649734, 'learning_rate': 2.291645603747515e-05, 'epoch': 23.81}
{'loss': 1.4215, 'grad_norm': 0.1407848745584488, 'learning_rate': 2.2899605702153475e-05, 'epoch': 23.82}
{'loss': 1.4218, 'grad_norm': 0.07344664633274078, 'learning_rate': 2.28827553668318e-05, 'epoch': 23.82}
{'loss': 1.4214, 'grad_norm': 0.07564064115285873, 'learning_rate': 2.2865905031510128e-05, 'epoch': 23.83}
{'loss': 1.4214, 'grad_norm': 0.07946287095546722, 'learning_rate': 2.2849054696188453e-05, 'epoch': 23.83}
{'loss': 1.4217, 'grad_norm': 0.07249214500188828, 'learning_rate': 2.2832204360866782e-05, 'epoch': 23.84}
{'loss': 1.4222, 'grad_norm': 0.09002050012350082, 'learning_rate': 2.281535402554511e-05, 'epoch': 23.84}
{'loss': 1.4223, 'grad_norm': 0.09664975106716156, 'learning_rate': 2.2798503690223435e-05, 'epoch': 23.84}
{'loss': 1.4212, 'grad_norm': 0.09725198149681091, 'learning_rate': 2.2781653354901764e-05, 'epoch': 23.85}
{'loss': 1.4214, 'grad_norm': 0.09946173429489136, 'learning_rate': 2.2764803019580092e-05, 'epoch': 23.85}
{'loss': 1.4218, 'grad_norm': 0.9299646615982056, 'learning_rate': 2.2747952684258417e-05, 'epoch': 23.86}
{'loss': 1.4227, 'grad_norm': 0.16821059584617615, 'learning_rate': 2.2731102348936746e-05, 'epoch': 23.86}
{'loss': 1.4214, 'grad_norm': 0.13171859085559845, 'learning_rate': 2.271425201361507e-05, 'epoch': 23.87}
{'loss': 1.4216, 'grad_norm': 0.12367703020572662, 'learning_rate': 2.26974016782934e-05, 'epoch': 23.87}
{'loss': 1.4222, 'grad_norm': 0.060632579028606415, 'learning_rate': 2.2680551342971725e-05, 'epoch': 23.88}
{'loss': 1.4223, 'grad_norm': 0.21172311902046204, 'learning_rate': 2.2663701007650053e-05, 'epoch': 23.88}
{'loss': 1.4218, 'grad_norm': 0.0609787255525589, 'learning_rate': 2.264685067232838e-05, 'epoch': 23.89}
{'loss': 1.4221, 'grad_norm': 0.10617296397686005, 'learning_rate': 2.2630000337006707e-05, 'epoch': 23.89}
{'loss': 1.4217, 'grad_norm': 0.09016730636358261, 'learning_rate': 2.2613150001685035e-05, 'epoch': 23.89}
{'loss': 1.4213, 'grad_norm': 0.05940161645412445, 'learning_rate': 2.2596299666363364e-05, 'epoch': 23.9}
{'loss': 1.4211, 'grad_norm': 0.09681795537471771, 'learning_rate': 2.257944933104169e-05, 'epoch': 23.9}
{'loss': 1.4214, 'grad_norm': 0.0943613350391388, 'learning_rate': 2.2562598995720017e-05, 'epoch': 23.91}
{'loss': 1.4213, 'grad_norm': 0.06541889160871506, 'learning_rate': 2.2545748660398343e-05, 'epoch': 23.91}
{'loss': 1.422, 'grad_norm': 0.1859971433877945, 'learning_rate': 2.252889832507667e-05, 'epoch': 23.92}
{'loss': 1.4216, 'grad_norm': 0.060672130435705185, 'learning_rate': 2.2512047989754996e-05, 'epoch': 23.92}
{'loss': 1.4218, 'grad_norm': 0.10167321562767029, 'learning_rate': 2.2495197654433325e-05, 'epoch': 23.93}
{'loss': 1.4222, 'grad_norm': 0.07216136902570724, 'learning_rate': 2.247834731911165e-05, 'epoch': 23.93}
{'loss': 1.4216, 'grad_norm': 0.1021764948964119, 'learning_rate': 2.2461496983789978e-05, 'epoch': 23.94}
{'loss': 1.4217, 'grad_norm': 0.14362123608589172, 'learning_rate': 2.2444646648468307e-05, 'epoch': 23.94}
{'loss': 1.4217, 'grad_norm': 0.09853536635637283, 'learning_rate': 2.2427796313146632e-05, 'epoch': 23.94}
{'loss': 1.4216, 'grad_norm': 0.34522682428359985, 'learning_rate': 2.241094597782496e-05, 'epoch': 23.95}
{'loss': 1.4215, 'grad_norm': 0.08544782549142838, 'learning_rate': 2.239409564250329e-05, 'epoch': 23.95}
{'loss': 1.4214, 'grad_norm': 0.1913302093744278, 'learning_rate': 2.2377245307181614e-05, 'epoch': 23.96}
{'loss': 1.4216, 'grad_norm': 0.057173438370227814, 'learning_rate': 2.2360394971859942e-05, 'epoch': 23.96}
{'loss': 1.4213, 'grad_norm': 0.06283685564994812, 'learning_rate': 2.2343544636538268e-05, 'epoch': 23.97}
{'loss': 1.4213, 'grad_norm': 0.08233408629894257, 'learning_rate': 2.2326694301216593e-05, 'epoch': 23.97}
{'loss': 1.4217, 'grad_norm': 0.10298256576061249, 'learning_rate': 2.230984396589492e-05, 'epoch': 23.98}
{'loss': 1.4216, 'grad_norm': 0.06772583723068237, 'learning_rate': 2.229299363057325e-05, 'epoch': 23.98}
{'loss': 1.4212, 'grad_norm': 0.06812116503715515, 'learning_rate': 2.2276143295251575e-05, 'epoch': 23.99}
{'loss': 1.4213, 'grad_norm': 0.09567785263061523, 'learning_rate': 2.2259292959929903e-05, 'epoch': 23.99}
{'loss': 1.4216, 'grad_norm': 0.06286440044641495, 'learning_rate': 2.2242442624608232e-05, 'epoch': 23.99}
{'loss': 1.4214, 'grad_norm': 0.06515844911336899, 'learning_rate': 2.222559228928656e-05, 'epoch': 24.0}
{'loss': 1.4209, 'grad_norm': 0.10157487541437149, 'learning_rate': 2.2208741953964885e-05, 'epoch': 24.0}
{'loss': 1.4211, 'grad_norm': 0.5180469155311584, 'learning_rate': 2.2191891618643214e-05, 'epoch': 24.01}
{'loss': 1.4209, 'grad_norm': 0.0726495161652565, 'learning_rate': 2.217504128332154e-05, 'epoch': 24.01}
{'loss': 1.4204, 'grad_norm': 0.08505992591381073, 'learning_rate': 2.2158190947999864e-05, 'epoch': 24.02}
{'loss': 1.4217, 'grad_norm': 0.08948952704668045, 'learning_rate': 2.2141340612678193e-05, 'epoch': 24.02}
{'loss': 1.4206, 'grad_norm': 0.23946376144886017, 'learning_rate': 2.212449027735652e-05, 'epoch': 24.03}
{'loss': 1.4208, 'grad_norm': 0.06742483377456665, 'learning_rate': 2.2107639942034846e-05, 'epoch': 24.03}
{'loss': 1.421, 'grad_norm': 0.13264000415802002, 'learning_rate': 2.2090789606713175e-05, 'epoch': 24.04}
{'loss': 1.4213, 'grad_norm': 0.10015401989221573, 'learning_rate': 2.2073939271391503e-05, 'epoch': 24.04}
{'loss': 1.4207, 'grad_norm': 0.061417803168296814, 'learning_rate': 2.205708893606983e-05, 'epoch': 24.04}
{'loss': 1.4222, 'grad_norm': 0.13210687041282654, 'learning_rate': 2.2040238600748157e-05, 'epoch': 24.05}
{'loss': 1.4221, 'grad_norm': 0.06330959498882294, 'learning_rate': 2.2023388265426485e-05, 'epoch': 24.05}
{'loss': 1.4215, 'grad_norm': 0.09729938209056854, 'learning_rate': 2.200653793010481e-05, 'epoch': 24.06}
{'loss': 1.4208, 'grad_norm': 0.1066993698477745, 'learning_rate': 2.1989687594783136e-05, 'epoch': 24.06}
{'loss': 1.421, 'grad_norm': 0.05577462166547775, 'learning_rate': 2.1972837259461464e-05, 'epoch': 24.07}
{'loss': 1.4214, 'grad_norm': 0.13462866842746735, 'learning_rate': 2.195598692413979e-05, 'epoch': 24.07}
{'loss': 1.4211, 'grad_norm': 0.11037445068359375, 'learning_rate': 2.1939136588818118e-05, 'epoch': 24.08}
{'loss': 1.4214, 'grad_norm': 0.08933605253696442, 'learning_rate': 2.1922286253496446e-05, 'epoch': 24.08}
{'loss': 1.421, 'grad_norm': 0.08052784204483032, 'learning_rate': 2.190543591817477e-05, 'epoch': 24.09}
{'loss': 1.421, 'grad_norm': 0.12642332911491394, 'learning_rate': 2.18885855828531e-05, 'epoch': 24.09}
{'loss': 1.4205, 'grad_norm': 0.08767924457788467, 'learning_rate': 2.1871735247531428e-05, 'epoch': 24.09}
{'loss': 1.4206, 'grad_norm': 0.09941990673542023, 'learning_rate': 2.1854884912209753e-05, 'epoch': 24.1}
{'loss': 1.4209, 'grad_norm': 0.0575035884976387, 'learning_rate': 2.1838034576888082e-05, 'epoch': 24.1}
{'loss': 1.4208, 'grad_norm': 0.06575551629066467, 'learning_rate': 2.1821184241566407e-05, 'epoch': 24.11}
{'loss': 1.4212, 'grad_norm': 0.28602635860443115, 'learning_rate': 2.1804333906244735e-05, 'epoch': 24.11}
{'loss': 1.4208, 'grad_norm': 0.10707776248455048, 'learning_rate': 2.178748357092306e-05, 'epoch': 24.12}
{'loss': 1.4211, 'grad_norm': 0.10776717215776443, 'learning_rate': 2.177063323560139e-05, 'epoch': 24.12}
{'loss': 1.4215, 'grad_norm': 0.11286305636167526, 'learning_rate': 2.1753782900279718e-05, 'epoch': 24.13}
{'loss': 1.4212, 'grad_norm': 0.2016773670911789, 'learning_rate': 2.1736932564958043e-05, 'epoch': 24.13}
{'loss': 1.421, 'grad_norm': 0.08358291536569595, 'learning_rate': 2.172008222963637e-05, 'epoch': 24.14}
{'loss': 1.4209, 'grad_norm': 0.05778883397579193, 'learning_rate': 2.17032318943147e-05, 'epoch': 24.14}
{'loss': 1.421, 'grad_norm': 0.14385847747325897, 'learning_rate': 2.1686381558993025e-05, 'epoch': 24.14}
{'loss': 1.421, 'grad_norm': 0.05510841682553291, 'learning_rate': 2.1669531223671353e-05, 'epoch': 24.15}
{'loss': 1.4207, 'grad_norm': 0.37676510214805603, 'learning_rate': 2.165268088834968e-05, 'epoch': 24.15}
{'loss': 1.421, 'grad_norm': 0.06316158920526505, 'learning_rate': 2.1635830553028007e-05, 'epoch': 24.16}
{'loss': 1.4208, 'grad_norm': 0.07054992020130157, 'learning_rate': 2.1618980217706332e-05, 'epoch': 24.16}
{'loss': 1.4211, 'grad_norm': 0.053421251475811005, 'learning_rate': 2.160212988238466e-05, 'epoch': 24.17}
{'loss': 1.4207, 'grad_norm': 0.07241328060626984, 'learning_rate': 2.1585279547062986e-05, 'epoch': 24.17}
{'loss': 1.4212, 'grad_norm': 0.1225988045334816, 'learning_rate': 2.1568429211741314e-05, 'epoch': 24.18}
{'loss': 1.4211, 'grad_norm': 0.23576366901397705, 'learning_rate': 2.1551578876419643e-05, 'epoch': 24.18}
{'loss': 1.4205, 'grad_norm': 0.06684311479330063, 'learning_rate': 2.1534728541097968e-05, 'epoch': 24.19}
{'loss': 1.4213, 'grad_norm': 0.06865417957305908, 'learning_rate': 2.1517878205776296e-05, 'epoch': 24.19}
{'loss': 1.4213, 'grad_norm': 0.11003943532705307, 'learning_rate': 2.1501027870454625e-05, 'epoch': 24.19}
{'loss': 1.4212, 'grad_norm': 0.06229204311966896, 'learning_rate': 2.148417753513295e-05, 'epoch': 24.2}
{'loss': 1.4213, 'grad_norm': 0.054154425859451294, 'learning_rate': 2.146732719981128e-05, 'epoch': 24.2}
{'loss': 1.4212, 'grad_norm': 0.06527666002511978, 'learning_rate': 2.1450476864489603e-05, 'epoch': 24.21}
{'loss': 1.4213, 'grad_norm': 0.05691424757242203, 'learning_rate': 2.1433626529167932e-05, 'epoch': 24.21}
{'loss': 1.4213, 'grad_norm': 0.1495092362165451, 'learning_rate': 2.1416776193846257e-05, 'epoch': 24.22}
{'loss': 1.4214, 'grad_norm': 0.0615747794508934, 'learning_rate': 2.1399925858524586e-05, 'epoch': 24.22}
{'loss': 1.4212, 'grad_norm': 0.0949949398636818, 'learning_rate': 2.1383075523202914e-05, 'epoch': 24.23}
{'loss': 1.4212, 'grad_norm': 0.05455193296074867, 'learning_rate': 2.136622518788124e-05, 'epoch': 24.23}
{'loss': 1.421, 'grad_norm': 0.13129466772079468, 'learning_rate': 2.1349374852559568e-05, 'epoch': 24.24}
{'loss': 1.4208, 'grad_norm': 0.05741819366812706, 'learning_rate': 2.1332524517237896e-05, 'epoch': 24.24}
{'loss': 1.4207, 'grad_norm': 0.19148503243923187, 'learning_rate': 2.131567418191622e-05, 'epoch': 24.24}
{'loss': 1.4212, 'grad_norm': 0.09266520291566849, 'learning_rate': 2.129882384659455e-05, 'epoch': 24.25}
{'loss': 1.4219, 'grad_norm': 0.06690297275781631, 'learning_rate': 2.1281973511272875e-05, 'epoch': 24.25}
{'loss': 1.4208, 'grad_norm': 0.05049135908484459, 'learning_rate': 2.12651231759512e-05, 'epoch': 24.26}
{'loss': 1.4213, 'grad_norm': 0.13486415147781372, 'learning_rate': 2.124827284062953e-05, 'epoch': 24.26}
{'loss': 1.4204, 'grad_norm': 0.06543494015932083, 'learning_rate': 2.1231422505307857e-05, 'epoch': 24.27}
{'loss': 1.4215, 'grad_norm': 0.14831291139125824, 'learning_rate': 2.1214572169986182e-05, 'epoch': 24.27}
{'loss': 1.4211, 'grad_norm': 0.07448695600032806, 'learning_rate': 2.119772183466451e-05, 'epoch': 24.28}
{'loss': 1.4211, 'grad_norm': 0.09455937147140503, 'learning_rate': 2.118087149934284e-05, 'epoch': 24.28}
{'loss': 1.4213, 'grad_norm': 0.7683746814727783, 'learning_rate': 2.1164021164021164e-05, 'epoch': 24.29}
{'loss': 1.4207, 'grad_norm': 0.25081363320350647, 'learning_rate': 2.1147170828699493e-05, 'epoch': 24.29}
{'loss': 1.4213, 'grad_norm': 0.06803087145090103, 'learning_rate': 2.113032049337782e-05, 'epoch': 24.29}
{'loss': 1.4211, 'grad_norm': 0.05889721214771271, 'learning_rate': 2.1113470158056146e-05, 'epoch': 24.3}
{'loss': 1.421, 'grad_norm': 0.1438877433538437, 'learning_rate': 2.109661982273447e-05, 'epoch': 24.3}
{'loss': 1.4214, 'grad_norm': 0.0788777768611908, 'learning_rate': 2.10797694874128e-05, 'epoch': 24.31}
{'loss': 1.4205, 'grad_norm': 0.08544263988733292, 'learning_rate': 2.106291915209113e-05, 'epoch': 24.31}
{'loss': 1.4204, 'grad_norm': 0.07401227205991745, 'learning_rate': 2.1046068816769454e-05, 'epoch': 24.32}
{'loss': 1.4209, 'grad_norm': 0.04900677129626274, 'learning_rate': 2.1029218481447782e-05, 'epoch': 24.32}
{'loss': 1.4215, 'grad_norm': 0.06662711501121521, 'learning_rate': 2.101236814612611e-05, 'epoch': 24.33}
{'loss': 1.4213, 'grad_norm': 0.10920345038175583, 'learning_rate': 2.0995517810804436e-05, 'epoch': 24.33}
{'loss': 1.4211, 'grad_norm': 0.056884534657001495, 'learning_rate': 2.0978667475482764e-05, 'epoch': 24.34}
{'loss': 1.4213, 'grad_norm': 0.05886973440647125, 'learning_rate': 2.0961817140161093e-05, 'epoch': 24.34}
{'loss': 1.421, 'grad_norm': 0.05191687121987343, 'learning_rate': 2.0944966804839418e-05, 'epoch': 24.34}
{'loss': 1.421, 'grad_norm': 0.13735920190811157, 'learning_rate': 2.0928116469517743e-05, 'epoch': 24.35}
{'loss': 1.4206, 'grad_norm': 0.07038329541683197, 'learning_rate': 2.091126613419607e-05, 'epoch': 24.35}
{'loss': 1.4211, 'grad_norm': 0.11554975062608719, 'learning_rate': 2.0894415798874396e-05, 'epoch': 24.36}
{'loss': 1.4208, 'grad_norm': 0.07417884469032288, 'learning_rate': 2.0877565463552725e-05, 'epoch': 24.36}
{'loss': 1.4215, 'grad_norm': 0.15049569308757782, 'learning_rate': 2.0860715128231053e-05, 'epoch': 24.37}
{'loss': 1.4218, 'grad_norm': 0.07507781684398651, 'learning_rate': 2.084386479290938e-05, 'epoch': 24.37}
{'loss': 1.4211, 'grad_norm': 0.055436499416828156, 'learning_rate': 2.0827014457587707e-05, 'epoch': 24.38}
{'loss': 1.4211, 'grad_norm': 0.13846451044082642, 'learning_rate': 2.0810164122266036e-05, 'epoch': 24.38}
{'loss': 1.4215, 'grad_norm': 0.0871533751487732, 'learning_rate': 2.079331378694436e-05, 'epoch': 24.39}
{'loss': 1.4211, 'grad_norm': 0.07516632229089737, 'learning_rate': 2.077646345162269e-05, 'epoch': 24.39}
{'loss': 1.4212, 'grad_norm': 0.14347374439239502, 'learning_rate': 2.0759613116301018e-05, 'epoch': 24.39}
{'loss': 1.4213, 'grad_norm': 0.22992905974388123, 'learning_rate': 2.0742762780979343e-05, 'epoch': 24.4}
{'loss': 1.4213, 'grad_norm': 0.44309669733047485, 'learning_rate': 2.0725912445657668e-05, 'epoch': 24.4}
{'loss': 1.4216, 'grad_norm': 0.10052656382322311, 'learning_rate': 2.0709062110335996e-05, 'epoch': 24.41}
{'loss': 1.4214, 'grad_norm': 0.07057896256446838, 'learning_rate': 2.069221177501432e-05, 'epoch': 24.41}
{'loss': 1.4218, 'grad_norm': 0.09509796649217606, 'learning_rate': 2.067536143969265e-05, 'epoch': 24.42}
{'loss': 1.4211, 'grad_norm': 0.05178113281726837, 'learning_rate': 2.065851110437098e-05, 'epoch': 24.42}
{'loss': 1.4209, 'grad_norm': 0.10318994522094727, 'learning_rate': 2.0641660769049307e-05, 'epoch': 24.43}
{'loss': 1.4205, 'grad_norm': 0.06824401766061783, 'learning_rate': 2.0624810433727632e-05, 'epoch': 24.43}
{'loss': 1.421, 'grad_norm': 0.06671758741140366, 'learning_rate': 2.060796009840596e-05, 'epoch': 24.44}
{'loss': 1.4214, 'grad_norm': 0.3543418049812317, 'learning_rate': 2.059110976308429e-05, 'epoch': 24.44}
{'loss': 1.4211, 'grad_norm': 0.1284201592206955, 'learning_rate': 2.0574259427762614e-05, 'epoch': 24.44}
{'loss': 1.4202, 'grad_norm': 0.060834627598524094, 'learning_rate': 2.055740909244094e-05, 'epoch': 24.45}
{'loss': 1.4208, 'grad_norm': 0.05636723339557648, 'learning_rate': 2.0540558757119268e-05, 'epoch': 24.45}
{'loss': 1.4213, 'grad_norm': 0.054948270320892334, 'learning_rate': 2.0523708421797593e-05, 'epoch': 24.46}
{'loss': 1.4209, 'grad_norm': 0.11336079984903336, 'learning_rate': 2.050685808647592e-05, 'epoch': 24.46}
{'loss': 1.4213, 'grad_norm': 0.08657576888799667, 'learning_rate': 2.049000775115425e-05, 'epoch': 24.47}
{'loss': 1.4208, 'grad_norm': 0.06504843384027481, 'learning_rate': 2.0473157415832575e-05, 'epoch': 24.47}
{'loss': 1.4206, 'grad_norm': 0.06209838017821312, 'learning_rate': 2.0456307080510904e-05, 'epoch': 24.48}
{'loss': 1.4209, 'grad_norm': 0.07148508727550507, 'learning_rate': 2.0439456745189232e-05, 'epoch': 24.48}
{'loss': 1.4215, 'grad_norm': 0.11080612242221832, 'learning_rate': 2.0422606409867557e-05, 'epoch': 24.49}
{'loss': 1.4214, 'grad_norm': 0.07134585082530975, 'learning_rate': 2.0405756074545886e-05, 'epoch': 24.49}
{'loss': 1.4212, 'grad_norm': 0.059751346707344055, 'learning_rate': 2.038890573922421e-05, 'epoch': 24.49}
{'loss': 1.4214, 'grad_norm': 0.0704370066523552, 'learning_rate': 2.0372055403902536e-05, 'epoch': 24.5}
{'loss': 1.4214, 'grad_norm': 0.10169141739606857, 'learning_rate': 2.0355205068580864e-05, 'epoch': 24.5}
{'loss': 1.421, 'grad_norm': 0.08262459188699722, 'learning_rate': 2.0338354733259193e-05, 'epoch': 24.51}
{'loss': 1.4208, 'grad_norm': 0.12097455561161041, 'learning_rate': 2.0321504397937518e-05, 'epoch': 24.51}
{'loss': 1.421, 'grad_norm': 0.12197782844305038, 'learning_rate': 2.0304654062615847e-05, 'epoch': 24.52}
{'loss': 1.4211, 'grad_norm': 0.06368709355592728, 'learning_rate': 2.0287803727294175e-05, 'epoch': 24.52}
{'loss': 1.421, 'grad_norm': 0.060399509966373444, 'learning_rate': 2.0270953391972504e-05, 'epoch': 24.53}
{'loss': 1.4209, 'grad_norm': 0.06528580188751221, 'learning_rate': 2.025410305665083e-05, 'epoch': 24.53}
{'loss': 1.4209, 'grad_norm': 0.054385799914598465, 'learning_rate': 2.0237252721329157e-05, 'epoch': 24.54}
{'loss': 1.4212, 'grad_norm': 0.18504655361175537, 'learning_rate': 2.0220402386007482e-05, 'epoch': 24.54}
{'loss': 1.4211, 'grad_norm': 0.12184219062328339, 'learning_rate': 2.0203552050685807e-05, 'epoch': 24.55}
{'loss': 1.421, 'grad_norm': 0.06468396633863449, 'learning_rate': 2.0186701715364136e-05, 'epoch': 24.55}
{'loss': 1.421, 'grad_norm': 0.09537120163440704, 'learning_rate': 2.0169851380042464e-05, 'epoch': 24.55}
{'loss': 1.4211, 'grad_norm': 0.08529108762741089, 'learning_rate': 2.015300104472079e-05, 'epoch': 24.56}
{'loss': 1.4208, 'grad_norm': 0.07174740731716156, 'learning_rate': 2.0136150709399118e-05, 'epoch': 24.56}
{'loss': 1.4212, 'grad_norm': 0.12247707694768906, 'learning_rate': 2.0119300374077446e-05, 'epoch': 24.57}
pred : ardent in the prosecution of heresy cyril auspiciously opened his reign by oppressing the novations the most innocent and harmless of the sectaries
label: ardent in the prosecution of heresy cyril auspiciously opened his reign by oppressing the novatians the most innocent and harmless of the sectaries
pred : without any legal sentence without any royal mandate the patriarch at the dawn of day led a seditious multitude to the attack of the synagogues
label: without any legal sentence without any royal mandate the patriarch at the dawn of day led a seditious multitude to the attack of the synagogues
pred : such crimes would have deserved the animadversion of the magistrate but in this promiscuous outrage the innocent were confounded with the guilty and alexandria was impoverished by the loss of a wealthy and industrious colony
label: such crimes would have deserved the animadversion of the magistrate but in this promiscuous outrage the innocent were confounded with the guilty and alexandria was impoverished by the loss of a wealthy and industrious colony
pred : ardent in the prosecution of heresy cyril auspiciously opened his reign by oppressing the novations the most innocent and harmless of the sectaries
label: ardent in the prosecution of heresy cyril auspiciously opened his reign by oppressing the novatians the most innocent and harmless of the sectaries
pred : without any legal sentence without any royal mandate the patriarch at the dawn of day led a seditious multitude to the attack of the synagogues
label: without any legal sentence without any royal mandate the patriarch at the dawn of day led a seditious multitude to the attack of the synagogues
pred : such crimes would have deserved the animadversion of the magistrate but in this promiscuous outrage the innocent were confounded with the guilty and alexandria was impoverished by the loss of a wealthy and industrious colony
label: such crimes would have deserved the animadversion of the magistrate but in this promiscuous outrage the innocent were confounded with the guilty and alexandria was impoverished by the loss of a wealthy and industrious colony
pred : ardent in the prosecution of heresy cyril auspiciously opened his reign by oppressing the novations the most innocent and harmless of the sectaries
label: ardent in the prosecution of heresy cyril auspiciously opened his reign by oppressing the novatians the most innocent and harmless of the sectaries
pred : without any legal sentence without any royal mandate the patriarch at the dawn of day led a seditious multitude to the attack of the synagogues
label: without any legal sentence without any royal mandate the patriarch at the dawn of day led a seditious multitude to the attack of the synagogues
pred : such crimes would have deserved the animadversion of the magistrate but in this promiscuous outrage the innocent were confounded with the guilty and alexandria was impoverished by the loss of a wealthy and industrious colony
label: such crimes would have deserved the animadversion of the magistrate but in this promiscuous outrage the innocent were confounded with the guilty and alexandria was impoverished by the loss of a wealthy and industrious colony
pred : ardent in the prosecution of heresy cyril auspiciously opened his reign by oppressing the novations the most innocent and harmless of the sectaries
label: ardent in the prosecution of heresy cyril auspiciously opened his reign by oppressing the novatians the most innocent and harmless of the sectaries
pred : without any legal sentence without any royal mandate the patriarch at the dawn of day led a seditious multitude to the attack of the synagogues
label: without any legal sentence without any royal mandate the patriarch at the dawn of day led a seditious multitude to the attack of the synagogues
pred : such crimes would have deserved the animadversion of the magistrate but in this promiscuous outrage the innocent were confounded with the guilty and alexandria was impoverished by the loss of a wealthy and industrious colony
label: such crimes would have deserved the animadversion of the magistrate but in this promiscuous outrage the innocent were confounded with the guilty and alexandria was impoverished by the loss of a wealthy and industrious colony
{'eval_loss': 1.6239895820617676, 'eval_bleu': 96.3462580129271, 'eval_wer': 0.02284266368044945, 'eval_cer': 0.015639595061977735, 'eval_rouge1': 0.9855101646148701, 'eval_rouge2': 0.9732253974163453, 'eval_rougeL': 0.9854503273896249, 'eval_runtime': 88.9928, 'eval_samples_per_second': 62.556, 'eval_steps_per_second': 0.326, 'epoch': 24.57}
{'loss': 1.4211, 'grad_norm': 0.1124114915728569, 'learning_rate': 2.010245003875577e-05, 'epoch': 24.57}
{'loss': 1.4206, 'grad_norm': 0.08330056071281433, 'learning_rate': 2.00855997034341e-05, 'epoch': 24.58}
{'loss': 1.4211, 'grad_norm': 0.09436889737844467, 'learning_rate': 2.006874936811243e-05, 'epoch': 24.58}
{'loss': 1.4211, 'grad_norm': 0.08128561824560165, 'learning_rate': 2.0051899032790754e-05, 'epoch': 24.59}
{'loss': 1.4219, 'grad_norm': 0.1165551245212555, 'learning_rate': 2.003504869746908e-05, 'epoch': 24.59}
{'loss': 1.4217, 'grad_norm': 0.0673513263463974, 'learning_rate': 2.0018198362147407e-05, 'epoch': 24.6}
{'loss': 1.4207, 'grad_norm': 0.12295053154230118, 'learning_rate': 2.0001348026825732e-05, 'epoch': 24.6}
{'loss': 1.4211, 'grad_norm': 0.06598849594593048, 'learning_rate': 1.998449769150406e-05, 'epoch': 24.6}
{'loss': 1.4206, 'grad_norm': 0.07029912620782852, 'learning_rate': 1.996764735618239e-05, 'epoch': 24.61}
{'loss': 1.421, 'grad_norm': 0.10446272045373917, 'learning_rate': 1.9950797020860714e-05, 'epoch': 24.61}
{'loss': 1.421, 'grad_norm': 0.08176683634519577, 'learning_rate': 1.9933946685539043e-05, 'epoch': 24.62}
{'loss': 1.4215, 'grad_norm': 0.06389500200748444, 'learning_rate': 1.991709635021737e-05, 'epoch': 24.62}
{'loss': 1.4213, 'grad_norm': 0.20896326005458832, 'learning_rate': 1.99002460148957e-05, 'epoch': 24.63}
{'loss': 1.4215, 'grad_norm': 0.06833624839782715, 'learning_rate': 1.9883395679574025e-05, 'epoch': 24.63}
{'loss': 1.421, 'grad_norm': 0.061376169323921204, 'learning_rate': 1.9866545344252354e-05, 'epoch': 24.64}
{'loss': 1.4219, 'grad_norm': 0.06172437593340874, 'learning_rate': 1.984969500893068e-05, 'epoch': 24.64}
{'loss': 1.4213, 'grad_norm': 0.1127118244767189, 'learning_rate': 1.9832844673609004e-05, 'epoch': 24.65}
{'loss': 1.4209, 'grad_norm': 0.1473892331123352, 'learning_rate': 1.9815994338287332e-05, 'epoch': 24.65}
{'loss': 1.4212, 'grad_norm': 0.07282319664955139, 'learning_rate': 1.979914400296566e-05, 'epoch': 24.65}
{'loss': 1.4214, 'grad_norm': 0.07407186180353165, 'learning_rate': 1.9782293667643986e-05, 'epoch': 24.66}
{'loss': 1.4214, 'grad_norm': 0.10023655742406845, 'learning_rate': 1.9765443332322314e-05, 'epoch': 24.66}
{'loss': 1.4212, 'grad_norm': 0.0795271024107933, 'learning_rate': 1.9748592997000643e-05, 'epoch': 24.67}
{'loss': 1.4208, 'grad_norm': 0.06380254775285721, 'learning_rate': 1.9731742661678968e-05, 'epoch': 24.67}
{'loss': 1.4208, 'grad_norm': 0.11630089581012726, 'learning_rate': 1.9714892326357297e-05, 'epoch': 24.68}
{'loss': 1.4211, 'grad_norm': 0.07534625381231308, 'learning_rate': 1.9698041991035625e-05, 'epoch': 24.68}
{'loss': 1.4207, 'grad_norm': 0.07887964695692062, 'learning_rate': 1.968119165571395e-05, 'epoch': 24.69}
{'loss': 1.4205, 'grad_norm': 0.056468475610017776, 'learning_rate': 1.9664341320392275e-05, 'epoch': 24.69}
{'loss': 1.4213, 'grad_norm': 0.08739959448575974, 'learning_rate': 1.9647490985070604e-05, 'epoch': 24.7}
{'loss': 1.4212, 'grad_norm': 0.48270365595817566, 'learning_rate': 1.963064064974893e-05, 'epoch': 24.7}
{'loss': 1.4208, 'grad_norm': 0.07052779942750931, 'learning_rate': 1.9613790314427257e-05, 'epoch': 24.7}
{'loss': 1.421, 'grad_norm': 0.08336828649044037, 'learning_rate': 1.9596939979105586e-05, 'epoch': 24.71}
{'loss': 1.421, 'grad_norm': 0.09470849484205246, 'learning_rate': 1.958008964378391e-05, 'epoch': 24.71}
{'loss': 1.4204, 'grad_norm': 0.06410928815603256, 'learning_rate': 1.956323930846224e-05, 'epoch': 24.72}
{'loss': 1.4211, 'grad_norm': 0.09201812744140625, 'learning_rate': 1.9546388973140568e-05, 'epoch': 24.72}
{'loss': 1.4214, 'grad_norm': 0.09441647678613663, 'learning_rate': 1.9529538637818893e-05, 'epoch': 24.73}
{'loss': 1.4212, 'grad_norm': 0.20148731768131256, 'learning_rate': 1.951268830249722e-05, 'epoch': 24.73}
{'loss': 1.4211, 'grad_norm': 0.06292365491390228, 'learning_rate': 1.9495837967175547e-05, 'epoch': 24.74}
{'loss': 1.4208, 'grad_norm': 0.0866122618317604, 'learning_rate': 1.9478987631853875e-05, 'epoch': 24.74}
{'loss': 1.421, 'grad_norm': 0.09347642958164215, 'learning_rate': 1.94621372965322e-05, 'epoch': 24.75}
{'loss': 1.4209, 'grad_norm': 0.0605379119515419, 'learning_rate': 1.944528696121053e-05, 'epoch': 24.75}
{'loss': 1.4206, 'grad_norm': 0.06763871759176254, 'learning_rate': 1.9428436625888857e-05, 'epoch': 24.75}
{'loss': 1.4213, 'grad_norm': 0.7398979067802429, 'learning_rate': 1.9411586290567182e-05, 'epoch': 24.76}
{'loss': 1.4314, 'grad_norm': 0.10493647307157516, 'learning_rate': 1.939473595524551e-05, 'epoch': 24.76}
{'loss': 1.4211, 'grad_norm': 0.18321514129638672, 'learning_rate': 1.937788561992384e-05, 'epoch': 24.77}
{'loss': 1.4212, 'grad_norm': 0.13980330526828766, 'learning_rate': 1.9361035284602164e-05, 'epoch': 24.77}
{'loss': 1.4214, 'grad_norm': 0.12038800865411758, 'learning_rate': 1.9344184949280493e-05, 'epoch': 24.78}
{'loss': 1.4214, 'grad_norm': 0.07891489565372467, 'learning_rate': 1.9327334613958818e-05, 'epoch': 24.78}
{'loss': 1.4212, 'grad_norm': 0.07270167022943497, 'learning_rate': 1.9310484278637143e-05, 'epoch': 24.79}
{'loss': 1.4217, 'grad_norm': 0.07043968141078949, 'learning_rate': 1.9293633943315472e-05, 'epoch': 24.79}
{'loss': 1.4207, 'grad_norm': 0.06462196260690689, 'learning_rate': 1.92767836079938e-05, 'epoch': 24.8}
{'loss': 1.421, 'grad_norm': 0.0656520202755928, 'learning_rate': 1.9259933272672125e-05, 'epoch': 24.8}
{'loss': 1.4209, 'grad_norm': 0.10572683066129684, 'learning_rate': 1.9243082937350454e-05, 'epoch': 24.8}
{'loss': 1.4213, 'grad_norm': 0.060032039880752563, 'learning_rate': 1.9226232602028782e-05, 'epoch': 24.81}
{'loss': 1.4212, 'grad_norm': 0.10673241317272186, 'learning_rate': 1.9209382266707107e-05, 'epoch': 24.81}
{'loss': 1.4209, 'grad_norm': 0.07275014370679855, 'learning_rate': 1.9192531931385436e-05, 'epoch': 24.82}
{'loss': 1.4211, 'grad_norm': 0.07187318056821823, 'learning_rate': 1.9175681596063764e-05, 'epoch': 24.82}
{'loss': 1.4211, 'grad_norm': 0.10781500488519669, 'learning_rate': 1.915883126074209e-05, 'epoch': 24.83}
{'loss': 1.4207, 'grad_norm': 0.08556469529867172, 'learning_rate': 1.9141980925420415e-05, 'epoch': 24.83}
{'loss': 1.4208, 'grad_norm': 0.06773656606674194, 'learning_rate': 1.9125130590098743e-05, 'epoch': 24.84}
{'loss': 1.421, 'grad_norm': 0.06169327720999718, 'learning_rate': 1.910828025477707e-05, 'epoch': 24.84}
{'loss': 1.4215, 'grad_norm': 0.09646929055452347, 'learning_rate': 1.9091429919455397e-05, 'epoch': 24.85}
{'loss': 1.4212, 'grad_norm': 0.10441076755523682, 'learning_rate': 1.9074579584133725e-05, 'epoch': 24.85}
{'loss': 1.421, 'grad_norm': 0.0797937884926796, 'learning_rate': 1.9057729248812054e-05, 'epoch': 24.85}
{'loss': 1.4209, 'grad_norm': 0.0496765561401844, 'learning_rate': 1.904087891349038e-05, 'epoch': 24.86}
{'loss': 1.4215, 'grad_norm': 0.10250983387231827, 'learning_rate': 1.9024028578168707e-05, 'epoch': 24.86}
{'loss': 1.4209, 'grad_norm': 0.11358673125505447, 'learning_rate': 1.9007178242847036e-05, 'epoch': 24.87}
{'loss': 1.4206, 'grad_norm': 0.057538989931344986, 'learning_rate': 1.899032790752536e-05, 'epoch': 24.87}
{'loss': 1.421, 'grad_norm': 0.07443845272064209, 'learning_rate': 1.897347757220369e-05, 'epoch': 24.88}
{'loss': 1.4216, 'grad_norm': 0.06676094233989716, 'learning_rate': 1.8956627236882015e-05, 'epoch': 24.88}
{'loss': 1.4208, 'grad_norm': 0.05999477952718735, 'learning_rate': 1.893977690156034e-05, 'epoch': 24.89}
{'loss': 1.4212, 'grad_norm': 0.07592081278562546, 'learning_rate': 1.8922926566238668e-05, 'epoch': 24.89}
{'loss': 1.4212, 'grad_norm': 0.08847059309482574, 'learning_rate': 1.8906076230916997e-05, 'epoch': 24.9}
{'loss': 1.4212, 'grad_norm': 0.06409019231796265, 'learning_rate': 1.8889225895595322e-05, 'epoch': 24.9}
{'loss': 1.4204, 'grad_norm': 0.08200102299451828, 'learning_rate': 1.887237556027365e-05, 'epoch': 24.9}
{'loss': 1.4202, 'grad_norm': 0.0660165473818779, 'learning_rate': 1.885552522495198e-05, 'epoch': 24.91}
{'loss': 1.4209, 'grad_norm': 0.060963649302721024, 'learning_rate': 1.8838674889630304e-05, 'epoch': 24.91}
{'loss': 1.4206, 'grad_norm': 0.07185094803571701, 'learning_rate': 1.8821824554308632e-05, 'epoch': 24.92}
{'loss': 1.4209, 'grad_norm': 0.0870862528681755, 'learning_rate': 1.880497421898696e-05, 'epoch': 24.92}
{'loss': 1.4211, 'grad_norm': 0.07086583226919174, 'learning_rate': 1.8788123883665286e-05, 'epoch': 24.93}
{'loss': 1.4211, 'grad_norm': 0.13914062082767487, 'learning_rate': 1.877127354834361e-05, 'epoch': 24.93}
{'loss': 1.4208, 'grad_norm': 0.0767776146531105, 'learning_rate': 1.875442321302194e-05, 'epoch': 24.94}
{'loss': 1.4207, 'grad_norm': 0.08160044252872467, 'learning_rate': 1.8737572877700268e-05, 'epoch': 24.94}
{'loss': 1.4207, 'grad_norm': 0.07431887835264206, 'learning_rate': 1.8720722542378593e-05, 'epoch': 24.95}
{'loss': 1.4209, 'grad_norm': 0.08773130178451538, 'learning_rate': 1.8703872207056922e-05, 'epoch': 24.95}
{'loss': 1.4208, 'grad_norm': 0.10717059671878815, 'learning_rate': 1.868702187173525e-05, 'epoch': 24.95}
{'loss': 1.4206, 'grad_norm': 0.08027979731559753, 'learning_rate': 1.8670171536413575e-05, 'epoch': 24.96}
{'loss': 1.4205, 'grad_norm': 0.1018674448132515, 'learning_rate': 1.8653321201091904e-05, 'epoch': 24.96}
{'loss': 1.421, 'grad_norm': 0.18439501523971558, 'learning_rate': 1.8636470865770232e-05, 'epoch': 24.97}
{'loss': 1.421, 'grad_norm': 0.060137420892715454, 'learning_rate': 1.8619620530448557e-05, 'epoch': 24.97}
{'loss': 1.4209, 'grad_norm': 0.05599769577383995, 'learning_rate': 1.8602770195126883e-05, 'epoch': 24.98}
{'loss': 1.421, 'grad_norm': 0.06436222046613693, 'learning_rate': 1.858591985980521e-05, 'epoch': 24.98}
{'loss': 1.4207, 'grad_norm': 0.12389460951089859, 'learning_rate': 1.8569069524483536e-05, 'epoch': 24.99}
{'loss': 1.421, 'grad_norm': 0.12880361080169678, 'learning_rate': 1.8552219189161865e-05, 'epoch': 24.99}
{'loss': 1.421, 'grad_norm': 0.06807014346122742, 'learning_rate': 1.8535368853840193e-05, 'epoch': 25.0}
{'loss': 1.4211, 'grad_norm': 0.07134247571229935, 'learning_rate': 1.8518518518518518e-05, 'epoch': 25.0}
{'loss': 1.4212, 'grad_norm': 0.11456171423196793, 'learning_rate': 1.8501668183196847e-05, 'epoch': 25.0}
{'loss': 1.4207, 'grad_norm': 0.17037013173103333, 'learning_rate': 1.8484817847875175e-05, 'epoch': 25.01}
{'loss': 1.4204, 'grad_norm': 0.15591394901275635, 'learning_rate': 1.84679675125535e-05, 'epoch': 25.01}
{'loss': 1.4209, 'grad_norm': 0.05935041606426239, 'learning_rate': 1.845111717723183e-05, 'epoch': 25.02}
{'loss': 1.4209, 'grad_norm': 0.0796118676662445, 'learning_rate': 1.8434266841910154e-05, 'epoch': 25.02}
{'loss': 1.4206, 'grad_norm': 0.38434064388275146, 'learning_rate': 1.841741650658848e-05, 'epoch': 25.03}
{'loss': 1.4207, 'grad_norm': 0.08502939343452454, 'learning_rate': 1.8400566171266808e-05, 'epoch': 25.03}
{'loss': 1.4204, 'grad_norm': 0.11695241928100586, 'learning_rate': 1.8383715835945136e-05, 'epoch': 25.04}
{'loss': 1.4205, 'grad_norm': 0.13620024919509888, 'learning_rate': 1.8366865500623465e-05, 'epoch': 25.04}
{'loss': 1.4202, 'grad_norm': 0.09204266220331192, 'learning_rate': 1.835001516530179e-05, 'epoch': 25.05}
{'loss': 1.4209, 'grad_norm': 0.05381178483366966, 'learning_rate': 1.8333164829980118e-05, 'epoch': 25.05}
{'loss': 1.4202, 'grad_norm': 0.06649178266525269, 'learning_rate': 1.8316314494658447e-05, 'epoch': 25.05}
{'loss': 1.4205, 'grad_norm': 0.18009424209594727, 'learning_rate': 1.8299464159336772e-05, 'epoch': 25.06}
{'loss': 1.4209, 'grad_norm': 0.06141556426882744, 'learning_rate': 1.82826138240151e-05, 'epoch': 25.06}
{'loss': 1.4205, 'grad_norm': 0.07812593877315521, 'learning_rate': 1.8265763488693425e-05, 'epoch': 25.07}
{'loss': 1.4203, 'grad_norm': 0.1762278527021408, 'learning_rate': 1.824891315337175e-05, 'epoch': 25.07}
{'loss': 1.421, 'grad_norm': 0.063902348279953, 'learning_rate': 1.823206281805008e-05, 'epoch': 25.08}
{'loss': 1.4207, 'grad_norm': 0.07832808047533035, 'learning_rate': 1.8215212482728408e-05, 'epoch': 25.08}
{'loss': 1.421, 'grad_norm': 0.06236040219664574, 'learning_rate': 1.8198362147406733e-05, 'epoch': 25.09}
{'loss': 1.4207, 'grad_norm': 0.07768328487873077, 'learning_rate': 1.818151181208506e-05, 'epoch': 25.09}
{'loss': 1.4204, 'grad_norm': 0.07096385210752487, 'learning_rate': 1.816466147676339e-05, 'epoch': 25.1}
{'loss': 1.4203, 'grad_norm': 0.07509178668260574, 'learning_rate': 1.8147811141441715e-05, 'epoch': 25.1}
{'loss': 1.4203, 'grad_norm': 0.057164229452610016, 'learning_rate': 1.8130960806120043e-05, 'epoch': 25.1}
{'loss': 1.4216, 'grad_norm': 0.06726379692554474, 'learning_rate': 1.8114110470798372e-05, 'epoch': 25.11}
{'loss': 1.4208, 'grad_norm': 0.07326237112283707, 'learning_rate': 1.8097260135476697e-05, 'epoch': 25.11}
{'loss': 1.4212, 'grad_norm': 0.10343529284000397, 'learning_rate': 1.8080409800155025e-05, 'epoch': 25.12}
{'loss': 1.4206, 'grad_norm': 0.06108110770583153, 'learning_rate': 1.806355946483335e-05, 'epoch': 25.12}
{'loss': 1.4206, 'grad_norm': 0.05660439282655716, 'learning_rate': 1.8046709129511676e-05, 'epoch': 25.13}
{'loss': 1.4207, 'grad_norm': 0.06792423129081726, 'learning_rate': 1.8029858794190004e-05, 'epoch': 25.13}
{'loss': 1.4202, 'grad_norm': 0.05697445198893547, 'learning_rate': 1.8013008458868333e-05, 'epoch': 25.14}
{'loss': 1.4205, 'grad_norm': 0.08579586446285248, 'learning_rate': 1.7996158123546658e-05, 'epoch': 25.14}
{'loss': 1.4208, 'grad_norm': 0.14787378907203674, 'learning_rate': 1.7979307788224986e-05, 'epoch': 25.15}
{'loss': 1.4205, 'grad_norm': 0.09263397753238678, 'learning_rate': 1.7962457452903315e-05, 'epoch': 25.15}
{'loss': 1.4205, 'grad_norm': 0.08651648461818695, 'learning_rate': 1.7945607117581643e-05, 'epoch': 25.15}
{'loss': 1.4202, 'grad_norm': 0.17791157960891724, 'learning_rate': 1.7928756782259968e-05, 'epoch': 25.16}
{'loss': 1.4207, 'grad_norm': 0.07402416318655014, 'learning_rate': 1.7911906446938297e-05, 'epoch': 25.16}
{'loss': 1.4206, 'grad_norm': 0.11049465090036392, 'learning_rate': 1.7895056111616622e-05, 'epoch': 25.17}
{'loss': 1.4203, 'grad_norm': 0.061517659574747086, 'learning_rate': 1.7878205776294947e-05, 'epoch': 25.17}
{'loss': 1.4205, 'grad_norm': 0.15279193222522736, 'learning_rate': 1.7861355440973276e-05, 'epoch': 25.18}
{'loss': 1.4204, 'grad_norm': 0.08482658118009567, 'learning_rate': 1.7844505105651604e-05, 'epoch': 25.18}
{'loss': 1.421, 'grad_norm': 0.07951558381319046, 'learning_rate': 1.782765477032993e-05, 'epoch': 25.19}
{'loss': 1.4207, 'grad_norm': 0.0613800548017025, 'learning_rate': 1.7810804435008258e-05, 'epoch': 25.19}
{'loss': 1.4205, 'grad_norm': 0.052306730300188065, 'learning_rate': 1.7793954099686586e-05, 'epoch': 25.2}
{'loss': 1.4206, 'grad_norm': 0.11762037873268127, 'learning_rate': 1.777710376436491e-05, 'epoch': 25.2}
{'loss': 1.4213, 'grad_norm': 0.08067721128463745, 'learning_rate': 1.776025342904324e-05, 'epoch': 25.2}
{'loss': 1.4204, 'grad_norm': 0.082184799015522, 'learning_rate': 1.7743403093721568e-05, 'epoch': 25.21}
{'loss': 1.4205, 'grad_norm': 0.13953939080238342, 'learning_rate': 1.7726552758399893e-05, 'epoch': 25.21}
{'loss': 1.4202, 'grad_norm': 0.08651048690080643, 'learning_rate': 1.770970242307822e-05, 'epoch': 25.22}
{'loss': 1.4204, 'grad_norm': 0.10909124463796616, 'learning_rate': 1.7692852087756547e-05, 'epoch': 25.22}
{'loss': 1.4206, 'grad_norm': 0.06162361055612564, 'learning_rate': 1.7676001752434872e-05, 'epoch': 25.23}
{'loss': 1.4208, 'grad_norm': 0.11580029875040054, 'learning_rate': 1.76591514171132e-05, 'epoch': 25.23}
{'loss': 1.4203, 'grad_norm': 0.34266966581344604, 'learning_rate': 1.764230108179153e-05, 'epoch': 25.24}
{'loss': 1.4203, 'grad_norm': 0.04777093604207039, 'learning_rate': 1.7625450746469854e-05, 'epoch': 25.24}
{'loss': 1.4204, 'grad_norm': 0.06674360483884811, 'learning_rate': 1.7608600411148183e-05, 'epoch': 25.25}
{'loss': 1.4205, 'grad_norm': 0.3642849326133728, 'learning_rate': 1.759175007582651e-05, 'epoch': 25.25}
{'loss': 1.4205, 'grad_norm': 0.09532744437456131, 'learning_rate': 1.757489974050484e-05, 'epoch': 25.25}
{'loss': 1.4207, 'grad_norm': 0.09015166014432907, 'learning_rate': 1.7558049405183165e-05, 'epoch': 25.26}
{'loss': 1.4202, 'grad_norm': 0.0855630412697792, 'learning_rate': 1.754119906986149e-05, 'epoch': 25.26}
{'loss': 1.4206, 'grad_norm': 0.0673326924443245, 'learning_rate': 1.752434873453982e-05, 'epoch': 25.27}
{'loss': 1.4204, 'grad_norm': 0.07057316601276398, 'learning_rate': 1.7507498399218143e-05, 'epoch': 25.27}
{'loss': 1.4207, 'grad_norm': 0.37639451026916504, 'learning_rate': 1.7490648063896472e-05, 'epoch': 25.28}
{'loss': 1.4202, 'grad_norm': 0.06335622072219849, 'learning_rate': 1.74737977285748e-05, 'epoch': 25.28}
{'loss': 1.4205, 'grad_norm': 0.1928960233926773, 'learning_rate': 1.7456947393253126e-05, 'epoch': 25.29}
{'loss': 1.4204, 'grad_norm': 0.1857031285762787, 'learning_rate': 1.7440097057931454e-05, 'epoch': 25.29}
{'loss': 1.4209, 'grad_norm': 0.13736984133720398, 'learning_rate': 1.7423246722609783e-05, 'epoch': 25.3}
{'loss': 1.4202, 'grad_norm': 0.05690688267350197, 'learning_rate': 1.7406396387288108e-05, 'epoch': 25.3}
{'loss': 1.4204, 'grad_norm': 0.06814055889844894, 'learning_rate': 1.7389546051966436e-05, 'epoch': 25.3}
{'loss': 1.4209, 'grad_norm': 0.06218224763870239, 'learning_rate': 1.737269571664476e-05, 'epoch': 25.31}
{'loss': 1.4204, 'grad_norm': 0.05498683452606201, 'learning_rate': 1.735584538132309e-05, 'epoch': 25.31}
{'loss': 1.4204, 'grad_norm': 0.07746430486440659, 'learning_rate': 1.7338995046001415e-05, 'epoch': 25.32}
{'loss': 1.4202, 'grad_norm': 0.09518872946500778, 'learning_rate': 1.7322144710679743e-05, 'epoch': 25.32}
{'loss': 1.4203, 'grad_norm': 0.13128523528575897, 'learning_rate': 1.730529437535807e-05, 'epoch': 25.33}
{'loss': 1.4199, 'grad_norm': 0.12321417778730392, 'learning_rate': 1.7288444040036397e-05, 'epoch': 25.33}
{'loss': 1.421, 'grad_norm': 0.27663078904151917, 'learning_rate': 1.7271593704714726e-05, 'epoch': 25.34}
{'loss': 1.4207, 'grad_norm': 0.05973293259739876, 'learning_rate': 1.725474336939305e-05, 'epoch': 25.34}
{'loss': 1.4206, 'grad_norm': 0.0631166398525238, 'learning_rate': 1.723789303407138e-05, 'epoch': 25.35}
{'loss': 1.4207, 'grad_norm': 0.10931455343961716, 'learning_rate': 1.7221042698749708e-05, 'epoch': 25.35}
{'loss': 1.4206, 'grad_norm': 0.06473976373672485, 'learning_rate': 1.7204192363428033e-05, 'epoch': 25.35}
{'loss': 1.4202, 'grad_norm': 0.0673341453075409, 'learning_rate': 1.718734202810636e-05, 'epoch': 25.36}
{'loss': 1.4209, 'grad_norm': 0.07106039673089981, 'learning_rate': 1.7170491692784686e-05, 'epoch': 25.36}
{'loss': 1.4204, 'grad_norm': 0.13228721916675568, 'learning_rate': 1.7153641357463015e-05, 'epoch': 25.37}
{'loss': 1.4201, 'grad_norm': 0.0755796954035759, 'learning_rate': 1.713679102214134e-05, 'epoch': 25.37}
{'loss': 1.4207, 'grad_norm': 0.07368072122335434, 'learning_rate': 1.711994068681967e-05, 'epoch': 25.38}
{'loss': 1.4208, 'grad_norm': 0.08245334774255753, 'learning_rate': 1.7103090351497997e-05, 'epoch': 25.38}
{'loss': 1.4207, 'grad_norm': 0.09147025644779205, 'learning_rate': 1.7086240016176322e-05, 'epoch': 25.39}
{'loss': 1.4207, 'grad_norm': 0.05643675848841667, 'learning_rate': 1.706938968085465e-05, 'epoch': 25.39}
{'loss': 1.4215, 'grad_norm': 0.06685630977153778, 'learning_rate': 1.705253934553298e-05, 'epoch': 25.4}
{'loss': 1.4207, 'grad_norm': 0.058965303003787994, 'learning_rate': 1.7035689010211304e-05, 'epoch': 25.4}
{'loss': 1.4208, 'grad_norm': 0.08369910717010498, 'learning_rate': 1.7018838674889633e-05, 'epoch': 25.4}
{'loss': 1.4208, 'grad_norm': 0.06340917199850082, 'learning_rate': 1.7001988339567958e-05, 'epoch': 25.41}
{'loss': 1.4206, 'grad_norm': 0.13761870563030243, 'learning_rate': 1.6985138004246283e-05, 'epoch': 25.41}
{'loss': 1.4201, 'grad_norm': 0.10483735799789429, 'learning_rate': 1.696828766892461e-05, 'epoch': 25.42}
{'loss': 1.4202, 'grad_norm': 0.05230683833360672, 'learning_rate': 1.695143733360294e-05, 'epoch': 25.42}
{'loss': 1.4213, 'grad_norm': 0.1829552799463272, 'learning_rate': 1.6934586998281265e-05, 'epoch': 25.43}
{'loss': 1.4204, 'grad_norm': 0.05870402976870537, 'learning_rate': 1.6917736662959594e-05, 'epoch': 25.43}
{'loss': 1.4201, 'grad_norm': 0.054187361150979996, 'learning_rate': 1.6900886327637922e-05, 'epoch': 25.44}
{'loss': 1.4206, 'grad_norm': 0.051716625690460205, 'learning_rate': 1.6884035992316247e-05, 'epoch': 25.44}
{'loss': 1.4206, 'grad_norm': 0.08168592303991318, 'learning_rate': 1.6867185656994576e-05, 'epoch': 25.45}
{'loss': 1.4205, 'grad_norm': 0.10161874443292618, 'learning_rate': 1.6850335321672904e-05, 'epoch': 25.45}
{'loss': 1.4205, 'grad_norm': 0.061696577817201614, 'learning_rate': 1.683348498635123e-05, 'epoch': 25.45}
{'loss': 1.4202, 'grad_norm': 0.08094500750303268, 'learning_rate': 1.6816634651029554e-05, 'epoch': 25.46}
{'loss': 1.4203, 'grad_norm': 0.0899536982178688, 'learning_rate': 1.6799784315707883e-05, 'epoch': 25.46}
{'loss': 1.421, 'grad_norm': 0.09484802186489105, 'learning_rate': 1.678293398038621e-05, 'epoch': 25.47}
{'loss': 1.4206, 'grad_norm': 0.05956877022981644, 'learning_rate': 1.6766083645064536e-05, 'epoch': 25.47}
{'loss': 1.4206, 'grad_norm': 0.06394924223423004, 'learning_rate': 1.6749233309742865e-05, 'epoch': 25.48}
pred : ardent in the prosecution of heresy cyril auspiciously opened his reign by oppressing the novations the most innocent and harmless of the sectaries
label: ardent in the prosecution of heresy cyril auspiciously opened his reign by oppressing the novatians the most innocent and harmless of the sectaries
pred : without any legal sentence without any royal mandate the patriarch at the dawn of day led a seditious multitude to the attack of the synagogues
label: without any legal sentence without any royal mandate the patriarch at the dawn of day led a seditious multitude to the attack of the synagogues
pred : such crimes would have deserved the animadversion of the magistrate but in this promiscuous outrage the innocent were confounded with the guilty and alexandria was impoverished by the loss of a wealthy and industrious colony
label: such crimes would have deserved the animadversion of the magistrate but in this promiscuous outrage the innocent were confounded with the guilty and alexandria was impoverished by the loss of a wealthy and industrious colony
pred : ardent in the prosecution of heresy cyril auspiciously opened his reign by oppressing the novations the most innocent and harmless of the sectaries
label: ardent in the prosecution of heresy cyril auspiciously opened his reign by oppressing the novatians the most innocent and harmless of the sectaries
pred : without any legal sentence without any royal mandate the patriarch at the dawn of day led a seditious multitude to the attack of the synagogues
label: without any legal sentence without any royal mandate the patriarch at the dawn of day led a seditious multitude to the attack of the synagogues
pred : such crimes would have deserved the animadversion of the magistrate but in this promiscuous outrage the innocent were confounded with the guilty and alexandria was impoverished by the loss of a wealthy and industrious colony
label: such crimes would have deserved the animadversion of the magistrate but in this promiscuous outrage the innocent were confounded with the guilty and alexandria was impoverished by the loss of a wealthy and industrious colony
pred : ardent in the prosecution of heresy cyril auspiciously opened his reign by oppressing the novations the most innocent and harmless of the sectaries
label: ardent in the prosecution of heresy cyril auspiciously opened his reign by oppressing the novatians the most innocent and harmless of the sectaries
pred : without any legal sentence without any royal mandate the patriarch at the dawn of day led a seditious multitude to the attack of the synagogues
label: without any legal sentence without any royal mandate the patriarch at the dawn of day led a seditious multitude to the attack of the synagogues
pred : such crimes would have deserved the animadversion of the magistrate but in this promiscuous outrage the innocent were confounded with the guilty and alexandria was impoverished by the loss of a wealthy and industrious colony
label: such crimes would have deserved the animadversion of the magistrate but in this promiscuous outrage the innocent were confounded with the guilty and alexandria was impoverished by the loss of a wealthy and industrious colony
pred : ardent in the prosecution of heresy cyril auspiciously opened his reign by oppressing the novations the most innocent and harmless of the sectaries
label: ardent in the prosecution of heresy cyril auspiciously opened his reign by oppressing the novatians the most innocent and harmless of the sectaries
pred : without any legal sentence without any royal mandate the patriarch at the dawn of day led a seditious multitude to the attack of the synagogues
label: without any legal sentence without any royal mandate the patriarch at the dawn of day led a seditious multitude to the attack of the synagogues
pred : such crimes would have deserved the animadversion of the magistrate but in this promiscuous outrage the innocent were confounded with the guilty and alexandria was impoverished by the loss of a wealthy and industrious colony
label: such crimes would have deserved the animadversion of the magistrate but in this promiscuous outrage the innocent were confounded with the guilty and alexandria was impoverished by the loss of a wealthy and industrious colony
{'eval_loss': 1.6126240491867065, 'eval_bleu': 96.36686524420186, 'eval_wer': 0.0226338815446082, 'eval_cer': 0.015179766082293157, 'eval_rouge1': 0.9865028924643642, 'eval_rouge2': 0.9750848631744282, 'eval_rougeL': 0.9864625849253992, 'eval_runtime': 86.9828, 'eval_samples_per_second': 64.001, 'eval_steps_per_second': 0.333, 'epoch': 25.48}
{'loss': 1.4202, 'grad_norm': 0.13284635543823242, 'learning_rate': 1.6732382974421193e-05, 'epoch': 25.48}
{'loss': 1.4205, 'grad_norm': 0.20383675396442413, 'learning_rate': 1.671553263909952e-05, 'epoch': 25.49}
{'loss': 1.4212, 'grad_norm': 0.06277818232774734, 'learning_rate': 1.6698682303777847e-05, 'epoch': 25.49}
{'loss': 1.4202, 'grad_norm': 0.07588068395853043, 'learning_rate': 1.6681831968456176e-05, 'epoch': 25.5}
{'loss': 1.4205, 'grad_norm': 0.135389044880867, 'learning_rate': 1.66649816331345e-05, 'epoch': 25.5}
{'loss': 1.4207, 'grad_norm': 0.04959116131067276, 'learning_rate': 1.6648131297812826e-05, 'epoch': 25.51}
{'loss': 1.4203, 'grad_norm': 0.20168446004390717, 'learning_rate': 1.6631280962491154e-05, 'epoch': 25.51}
{'loss': 1.4204, 'grad_norm': 0.09695178270339966, 'learning_rate': 1.661443062716948e-05, 'epoch': 25.51}
{'loss': 1.4202, 'grad_norm': 0.15871432423591614, 'learning_rate': 1.6597580291847808e-05, 'epoch': 25.52}
{'loss': 1.4206, 'grad_norm': 0.07318095862865448, 'learning_rate': 1.6580729956526136e-05, 'epoch': 25.52}
{'loss': 1.4203, 'grad_norm': 0.064699687063694, 'learning_rate': 1.656387962120446e-05, 'epoch': 25.53}
{'loss': 1.4206, 'grad_norm': 0.07789837568998337, 'learning_rate': 1.654702928588279e-05, 'epoch': 25.53}
{'loss': 1.4204, 'grad_norm': 0.11644827574491501, 'learning_rate': 1.653017895056112e-05, 'epoch': 25.54}
{'loss': 1.4206, 'grad_norm': 0.1349930465221405, 'learning_rate': 1.6513328615239444e-05, 'epoch': 25.54}
{'loss': 1.4206, 'grad_norm': 0.09727177023887634, 'learning_rate': 1.6496478279917772e-05, 'epoch': 25.55}
{'loss': 1.4202, 'grad_norm': 0.1914738267660141, 'learning_rate': 1.6479627944596097e-05, 'epoch': 25.55}
{'loss': 1.4208, 'grad_norm': 0.14239615201950073, 'learning_rate': 1.6462777609274426e-05, 'epoch': 25.56}
{'loss': 1.4203, 'grad_norm': 0.10453575849533081, 'learning_rate': 1.644592727395275e-05, 'epoch': 25.56}
{'loss': 1.42, 'grad_norm': 0.0523262582719326, 'learning_rate': 1.642907693863108e-05, 'epoch': 25.56}
{'loss': 1.4204, 'grad_norm': 0.09188555926084518, 'learning_rate': 1.6412226603309408e-05, 'epoch': 25.57}
{'loss': 1.4201, 'grad_norm': 0.05772293359041214, 'learning_rate': 1.6395376267987733e-05, 'epoch': 25.57}
{'loss': 1.4206, 'grad_norm': 0.07810378074645996, 'learning_rate': 1.637852593266606e-05, 'epoch': 25.58}
{'loss': 1.4202, 'grad_norm': 0.08805520087480545, 'learning_rate': 1.636167559734439e-05, 'epoch': 25.58}
{'loss': 1.4205, 'grad_norm': 0.31763890385627747, 'learning_rate': 1.6344825262022715e-05, 'epoch': 25.59}
{'loss': 1.4206, 'grad_norm': 0.1312243491411209, 'learning_rate': 1.6327974926701044e-05, 'epoch': 25.59}
{'loss': 1.4208, 'grad_norm': 0.06833561509847641, 'learning_rate': 1.631112459137937e-05, 'epoch': 25.6}
{'loss': 1.4203, 'grad_norm': 0.4489790201187134, 'learning_rate': 1.6294274256057697e-05, 'epoch': 25.6}
{'loss': 1.4208, 'grad_norm': 0.07880599796772003, 'learning_rate': 1.6277423920736022e-05, 'epoch': 25.61}
{'loss': 1.4202, 'grad_norm': 0.06035123020410538, 'learning_rate': 1.626057358541435e-05, 'epoch': 25.61}
{'loss': 1.4206, 'grad_norm': 0.43546271324157715, 'learning_rate': 1.6243723250092676e-05, 'epoch': 25.61}
{'loss': 1.4208, 'grad_norm': 0.0979575365781784, 'learning_rate': 1.6226872914771004e-05, 'epoch': 25.62}
{'loss': 1.4214, 'grad_norm': 0.11115743219852448, 'learning_rate': 1.6210022579449333e-05, 'epoch': 25.62}
{'loss': 1.4201, 'grad_norm': 0.07961736619472504, 'learning_rate': 1.6193172244127658e-05, 'epoch': 25.63}
{'loss': 1.4202, 'grad_norm': 0.08034169673919678, 'learning_rate': 1.6176321908805986e-05, 'epoch': 25.63}
{'loss': 1.4212, 'grad_norm': 0.07875300198793411, 'learning_rate': 1.6159471573484315e-05, 'epoch': 25.64}
{'loss': 1.4205, 'grad_norm': 0.06010245904326439, 'learning_rate': 1.614262123816264e-05, 'epoch': 25.64}
{'loss': 1.421, 'grad_norm': 0.07200247049331665, 'learning_rate': 1.612577090284097e-05, 'epoch': 25.65}
{'loss': 1.4201, 'grad_norm': 0.07477273046970367, 'learning_rate': 1.6108920567519294e-05, 'epoch': 25.65}
{'loss': 1.421, 'grad_norm': 0.5594624280929565, 'learning_rate': 1.609207023219762e-05, 'epoch': 25.66}
{'loss': 1.4208, 'grad_norm': 0.06668370217084885, 'learning_rate': 1.6075219896875947e-05, 'epoch': 25.66}
{'loss': 1.4204, 'grad_norm': 0.06931325048208237, 'learning_rate': 1.6058369561554276e-05, 'epoch': 25.66}
{'loss': 1.4203, 'grad_norm': 0.12603254616260529, 'learning_rate': 1.6041519226232604e-05, 'epoch': 25.67}
{'loss': 1.4205, 'grad_norm': 0.06075577810406685, 'learning_rate': 1.602466889091093e-05, 'epoch': 25.67}
{'loss': 1.4203, 'grad_norm': 0.06820887327194214, 'learning_rate': 1.6007818555589258e-05, 'epoch': 25.68}
{'loss': 1.4204, 'grad_norm': 0.12285661697387695, 'learning_rate': 1.5990968220267586e-05, 'epoch': 25.68}
{'loss': 1.4205, 'grad_norm': 0.0589153915643692, 'learning_rate': 1.597411788494591e-05, 'epoch': 25.69}
{'loss': 1.4202, 'grad_norm': 0.14122441411018372, 'learning_rate': 1.595726754962424e-05, 'epoch': 25.69}
{'loss': 1.4206, 'grad_norm': 0.05523112416267395, 'learning_rate': 1.5940417214302565e-05, 'epoch': 25.7}
{'loss': 1.4205, 'grad_norm': 0.0737936869263649, 'learning_rate': 1.592356687898089e-05, 'epoch': 25.7}
{'loss': 1.4206, 'grad_norm': 0.0829416885972023, 'learning_rate': 1.590671654365922e-05, 'epoch': 25.71}
{'loss': 1.4206, 'grad_norm': 0.060500822961330414, 'learning_rate': 1.5889866208337547e-05, 'epoch': 25.71}
{'loss': 1.4206, 'grad_norm': 0.11020760983228683, 'learning_rate': 1.5873015873015872e-05, 'epoch': 25.71}
{'loss': 1.4206, 'grad_norm': 0.0924912691116333, 'learning_rate': 1.58561655376942e-05, 'epoch': 25.72}
{'loss': 1.4207, 'grad_norm': 0.04601186141371727, 'learning_rate': 1.583931520237253e-05, 'epoch': 25.72}
{'loss': 1.4201, 'grad_norm': 0.08065872639417648, 'learning_rate': 1.5822464867050854e-05, 'epoch': 25.73}
{'loss': 1.4206, 'grad_norm': 0.15559270977973938, 'learning_rate': 1.5805614531729183e-05, 'epoch': 25.73}
{'loss': 1.4207, 'grad_norm': 0.18031464517116547, 'learning_rate': 1.578876419640751e-05, 'epoch': 25.74}
{'loss': 1.421, 'grad_norm': 0.05886198952794075, 'learning_rate': 1.5771913861085837e-05, 'epoch': 25.74}
{'loss': 1.4205, 'grad_norm': 0.09907888621091843, 'learning_rate': 1.575506352576416e-05, 'epoch': 25.75}
{'loss': 1.4205, 'grad_norm': 0.15374380350112915, 'learning_rate': 1.573821319044249e-05, 'epoch': 25.75}
{'loss': 1.4204, 'grad_norm': 0.08286167681217194, 'learning_rate': 1.5721362855120815e-05, 'epoch': 25.76}
{'loss': 1.4204, 'grad_norm': 0.38832178711891174, 'learning_rate': 1.5704512519799144e-05, 'epoch': 25.76}
{'loss': 1.4202, 'grad_norm': 0.08214282244443893, 'learning_rate': 1.5687662184477472e-05, 'epoch': 25.76}
{'loss': 1.4206, 'grad_norm': 0.353537380695343, 'learning_rate': 1.5670811849155797e-05, 'epoch': 25.77}
{'loss': 1.4205, 'grad_norm': 0.13650250434875488, 'learning_rate': 1.5653961513834126e-05, 'epoch': 25.77}
{'loss': 1.4205, 'grad_norm': 0.6849705576896667, 'learning_rate': 1.5637111178512454e-05, 'epoch': 25.78}
{'loss': 1.4204, 'grad_norm': 0.05511266738176346, 'learning_rate': 1.5620260843190783e-05, 'epoch': 25.78}
{'loss': 1.4205, 'grad_norm': 0.054259415715932846, 'learning_rate': 1.5603410507869108e-05, 'epoch': 25.79}
{'loss': 1.4203, 'grad_norm': 0.09998828917741776, 'learning_rate': 1.5586560172547433e-05, 'epoch': 25.79}
{'loss': 1.4201, 'grad_norm': 0.09090542793273926, 'learning_rate': 1.556970983722576e-05, 'epoch': 25.8}
{'loss': 1.4206, 'grad_norm': 0.11500325053930283, 'learning_rate': 1.5552859501904087e-05, 'epoch': 25.8}
{'loss': 1.4207, 'grad_norm': 0.06417692452669144, 'learning_rate': 1.5536009166582415e-05, 'epoch': 25.81}
{'loss': 1.4206, 'grad_norm': 0.07053525000810623, 'learning_rate': 1.5519158831260744e-05, 'epoch': 25.81}
{'loss': 1.4199, 'grad_norm': 0.06070041283965111, 'learning_rate': 1.550230849593907e-05, 'epoch': 25.81}
{'loss': 1.4208, 'grad_norm': 0.0874934047460556, 'learning_rate': 1.5485458160617397e-05, 'epoch': 25.82}
{'loss': 1.4201, 'grad_norm': 0.06536092609167099, 'learning_rate': 1.5468607825295726e-05, 'epoch': 25.82}
{'loss': 1.4205, 'grad_norm': 0.0823049247264862, 'learning_rate': 1.545175748997405e-05, 'epoch': 25.83}
{'loss': 1.4266, 'grad_norm': 0.12372221052646637, 'learning_rate': 1.543490715465238e-05, 'epoch': 25.83}
{'loss': 1.4219, 'grad_norm': 0.11569568514823914, 'learning_rate': 1.5418056819330708e-05, 'epoch': 25.84}
{'loss': 1.42, 'grad_norm': 0.05799958109855652, 'learning_rate': 1.5401206484009033e-05, 'epoch': 25.84}
{'loss': 1.4207, 'grad_norm': 0.13024668395519257, 'learning_rate': 1.5384356148687358e-05, 'epoch': 25.85}
{'loss': 1.4213, 'grad_norm': 0.07988453656435013, 'learning_rate': 1.5367505813365687e-05, 'epoch': 25.85}
{'loss': 1.4205, 'grad_norm': 0.057962629944086075, 'learning_rate': 1.5350655478044012e-05, 'epoch': 25.86}
{'loss': 1.4212, 'grad_norm': 0.15340176224708557, 'learning_rate': 1.533380514272234e-05, 'epoch': 25.86}
{'loss': 1.4209, 'grad_norm': 0.12408997863531113, 'learning_rate': 1.531695480740067e-05, 'epoch': 25.86}
{'loss': 1.4206, 'grad_norm': 0.12765412032604218, 'learning_rate': 1.5300104472078994e-05, 'epoch': 25.87}
{'loss': 1.4206, 'grad_norm': 0.10436808317899704, 'learning_rate': 1.5283254136757322e-05, 'epoch': 25.87}
{'loss': 1.4208, 'grad_norm': 0.09505940228700638, 'learning_rate': 1.526640380143565e-05, 'epoch': 25.88}
{'loss': 1.4206, 'grad_norm': 0.10145024210214615, 'learning_rate': 1.5249553466113978e-05, 'epoch': 25.88}
{'loss': 1.4201, 'grad_norm': 0.11618468910455704, 'learning_rate': 1.5232703130792303e-05, 'epoch': 25.89}
{'loss': 1.4218, 'grad_norm': 0.11140687018632889, 'learning_rate': 1.5215852795470631e-05, 'epoch': 25.89}
{'loss': 1.4209, 'grad_norm': 0.08067953586578369, 'learning_rate': 1.5199002460148958e-05, 'epoch': 25.9}
{'loss': 1.4211, 'grad_norm': 0.43164417147636414, 'learning_rate': 1.5182152124827285e-05, 'epoch': 25.9}
{'loss': 1.4207, 'grad_norm': 0.07262808829545975, 'learning_rate': 1.5165301789505612e-05, 'epoch': 25.91}
{'loss': 1.4206, 'grad_norm': 0.1087585836648941, 'learning_rate': 1.514845145418394e-05, 'epoch': 25.91}
{'loss': 1.4207, 'grad_norm': 0.18201258778572083, 'learning_rate': 1.5131601118862265e-05, 'epoch': 25.91}
{'loss': 1.4214, 'grad_norm': 0.2579211890697479, 'learning_rate': 1.5114750783540594e-05, 'epoch': 25.92}
{'loss': 1.4207, 'grad_norm': 0.10788621753454208, 'learning_rate': 1.509790044821892e-05, 'epoch': 25.92}
{'loss': 1.4208, 'grad_norm': 0.05421921983361244, 'learning_rate': 1.5081050112897246e-05, 'epoch': 25.93}
{'loss': 1.4214, 'grad_norm': 0.09128115326166153, 'learning_rate': 1.5064199777575574e-05, 'epoch': 25.93}
{'loss': 1.4212, 'grad_norm': 0.07732759416103363, 'learning_rate': 1.5047349442253903e-05, 'epoch': 25.94}
{'loss': 1.4206, 'grad_norm': 0.15829363465309143, 'learning_rate': 1.5030499106932228e-05, 'epoch': 25.94}
{'loss': 1.421, 'grad_norm': 0.12375596165657043, 'learning_rate': 1.5013648771610556e-05, 'epoch': 25.95}
{'loss': 1.4209, 'grad_norm': 0.061132267117500305, 'learning_rate': 1.4996798436288883e-05, 'epoch': 25.95}
{'loss': 1.421, 'grad_norm': 0.06609095633029938, 'learning_rate': 1.4979948100967208e-05, 'epoch': 25.96}
{'loss': 1.4204, 'grad_norm': 0.07035686820745468, 'learning_rate': 1.4963097765645537e-05, 'epoch': 25.96}
{'loss': 1.4202, 'grad_norm': 0.09181439876556396, 'learning_rate': 1.4946247430323865e-05, 'epoch': 25.96}
{'loss': 1.4203, 'grad_norm': 0.058594703674316406, 'learning_rate': 1.492939709500219e-05, 'epoch': 25.97}
{'loss': 1.4202, 'grad_norm': 0.05551443248987198, 'learning_rate': 1.4912546759680517e-05, 'epoch': 25.97}
{'loss': 1.4213, 'grad_norm': 0.08713719248771667, 'learning_rate': 1.4895696424358846e-05, 'epoch': 25.98}
{'loss': 1.4202, 'grad_norm': 0.05063615366816521, 'learning_rate': 1.4878846089037174e-05, 'epoch': 25.98}
{'loss': 1.4208, 'grad_norm': 0.05239490047097206, 'learning_rate': 1.48619957537155e-05, 'epoch': 25.99}
{'loss': 1.4205, 'grad_norm': 0.06426312029361725, 'learning_rate': 1.4845145418393828e-05, 'epoch': 25.99}
{'loss': 1.4205, 'grad_norm': 0.09959379583597183, 'learning_rate': 1.4828295083072155e-05, 'epoch': 26.0}
{'loss': 1.4205, 'grad_norm': 0.19278554618358612, 'learning_rate': 1.481144474775048e-05, 'epoch': 26.0}
{'loss': 1.4202, 'grad_norm': 0.07137523591518402, 'learning_rate': 1.4794594412428808e-05, 'epoch': 26.01}
{'loss': 1.4206, 'grad_norm': 0.04789736494421959, 'learning_rate': 1.4777744077107137e-05, 'epoch': 26.01}
{'loss': 1.4202, 'grad_norm': 0.05737682804465294, 'learning_rate': 1.4760893741785462e-05, 'epoch': 26.01}
{'loss': 1.4206, 'grad_norm': 0.05604039132595062, 'learning_rate': 1.474404340646379e-05, 'epoch': 26.02}
{'loss': 1.4202, 'grad_norm': 0.21476204693317413, 'learning_rate': 1.4727193071142117e-05, 'epoch': 26.02}
{'loss': 1.4201, 'grad_norm': 0.091024249792099, 'learning_rate': 1.4710342735820442e-05, 'epoch': 26.03}
{'loss': 1.4202, 'grad_norm': 0.06313272565603256, 'learning_rate': 1.469349240049877e-05, 'epoch': 26.03}
{'loss': 1.4203, 'grad_norm': 0.0679795891046524, 'learning_rate': 1.46766420651771e-05, 'epoch': 26.04}
{'loss': 1.4202, 'grad_norm': 0.1581069678068161, 'learning_rate': 1.4659791729855424e-05, 'epoch': 26.04}
{'loss': 1.4197, 'grad_norm': 0.10368408262729645, 'learning_rate': 1.4642941394533751e-05, 'epoch': 26.05}
{'loss': 1.4202, 'grad_norm': 0.10538282990455627, 'learning_rate': 1.462609105921208e-05, 'epoch': 26.05}
{'loss': 1.4206, 'grad_norm': 0.053234804421663284, 'learning_rate': 1.4609240723890405e-05, 'epoch': 26.06}
{'loss': 1.4199, 'grad_norm': 0.0911019966006279, 'learning_rate': 1.4592390388568733e-05, 'epoch': 26.06}
{'loss': 1.4201, 'grad_norm': 0.05577222257852554, 'learning_rate': 1.4575540053247062e-05, 'epoch': 26.06}
{'loss': 1.4202, 'grad_norm': 0.08643832802772522, 'learning_rate': 1.4558689717925387e-05, 'epoch': 26.07}
{'loss': 1.4211, 'grad_norm': 0.06542982161045074, 'learning_rate': 1.4541839382603714e-05, 'epoch': 26.07}
{'loss': 1.4198, 'grad_norm': 0.06546209007501602, 'learning_rate': 1.4524989047282042e-05, 'epoch': 26.08}
{'loss': 1.42, 'grad_norm': 0.06337973475456238, 'learning_rate': 1.4508138711960367e-05, 'epoch': 26.08}
{'loss': 1.4196, 'grad_norm': 0.055103790014982224, 'learning_rate': 1.4491288376638696e-05, 'epoch': 26.09}
{'loss': 1.42, 'grad_norm': 0.06525014340877533, 'learning_rate': 1.4474438041317023e-05, 'epoch': 26.09}
{'loss': 1.4196, 'grad_norm': 0.05379140377044678, 'learning_rate': 1.4457587705995351e-05, 'epoch': 26.1}
{'loss': 1.4205, 'grad_norm': 0.06321372836828232, 'learning_rate': 1.4440737370673676e-05, 'epoch': 26.1}
{'loss': 1.42, 'grad_norm': 0.14229077100753784, 'learning_rate': 1.4423887035352005e-05, 'epoch': 26.11}
{'loss': 1.4213, 'grad_norm': 0.15025022625923157, 'learning_rate': 1.4407036700030333e-05, 'epoch': 26.11}
{'loss': 1.4197, 'grad_norm': 0.10027755051851273, 'learning_rate': 1.4390186364708658e-05, 'epoch': 26.11}
{'loss': 1.4203, 'grad_norm': 0.07097463309764862, 'learning_rate': 1.4373336029386985e-05, 'epoch': 26.12}
{'loss': 1.4201, 'grad_norm': 0.07928545773029327, 'learning_rate': 1.4356485694065314e-05, 'epoch': 26.12}
{'loss': 1.4197, 'grad_norm': 0.08177872747182846, 'learning_rate': 1.4339635358743639e-05, 'epoch': 26.13}
{'loss': 1.4208, 'grad_norm': 0.11133896559476852, 'learning_rate': 1.4322785023421967e-05, 'epoch': 26.13}
{'loss': 1.4199, 'grad_norm': 0.08208295702934265, 'learning_rate': 1.4305934688100296e-05, 'epoch': 26.14}
{'loss': 1.4199, 'grad_norm': 0.05126725509762764, 'learning_rate': 1.428908435277862e-05, 'epoch': 26.14}
{'loss': 1.4199, 'grad_norm': 0.06337258219718933, 'learning_rate': 1.4272234017456948e-05, 'epoch': 26.15}
{'loss': 1.4198, 'grad_norm': 0.07280032336711884, 'learning_rate': 1.4255383682135276e-05, 'epoch': 26.15}
{'loss': 1.4198, 'grad_norm': 0.05809033289551735, 'learning_rate': 1.4238533346813601e-05, 'epoch': 26.16}
{'loss': 1.4205, 'grad_norm': 0.08226796239614487, 'learning_rate': 1.422168301149193e-05, 'epoch': 26.16}
{'loss': 1.4203, 'grad_norm': 0.3557857275009155, 'learning_rate': 1.4204832676170256e-05, 'epoch': 26.16}
{'loss': 1.42, 'grad_norm': 0.06674415618181229, 'learning_rate': 1.4187982340848582e-05, 'epoch': 26.17}
{'loss': 1.4202, 'grad_norm': 0.1002282127737999, 'learning_rate': 1.417113200552691e-05, 'epoch': 26.17}
{'loss': 1.42, 'grad_norm': 0.05893661081790924, 'learning_rate': 1.4154281670205239e-05, 'epoch': 26.18}
{'loss': 1.4201, 'grad_norm': 0.07448060065507889, 'learning_rate': 1.4137431334883564e-05, 'epoch': 26.18}
{'loss': 1.4201, 'grad_norm': 0.05360499396920204, 'learning_rate': 1.4120580999561892e-05, 'epoch': 26.19}
{'loss': 1.4202, 'grad_norm': 0.05551080405712128, 'learning_rate': 1.4103730664240219e-05, 'epoch': 26.19}
{'loss': 1.4201, 'grad_norm': 0.051128171384334564, 'learning_rate': 1.4086880328918547e-05, 'epoch': 26.2}
{'loss': 1.4206, 'grad_norm': 0.05583124980330467, 'learning_rate': 1.4070029993596873e-05, 'epoch': 26.2}
{'loss': 1.4203, 'grad_norm': 0.05047054961323738, 'learning_rate': 1.4053179658275201e-05, 'epoch': 26.21}
{'loss': 1.4202, 'grad_norm': 0.08861755579710007, 'learning_rate': 1.4036329322953528e-05, 'epoch': 26.21}
{'loss': 1.4199, 'grad_norm': 0.06534994393587112, 'learning_rate': 1.4019478987631855e-05, 'epoch': 26.21}
{'loss': 1.4202, 'grad_norm': 0.11835892498493195, 'learning_rate': 1.4002628652310182e-05, 'epoch': 26.22}
{'loss': 1.4201, 'grad_norm': 0.10435344278812408, 'learning_rate': 1.398577831698851e-05, 'epoch': 26.22}
{'loss': 1.4203, 'grad_norm': 0.05657360330224037, 'learning_rate': 1.3968927981666835e-05, 'epoch': 26.23}
{'loss': 1.4199, 'grad_norm': 0.08652665466070175, 'learning_rate': 1.3952077646345164e-05, 'epoch': 26.23}
{'loss': 1.421, 'grad_norm': 0.10671025514602661, 'learning_rate': 1.393522731102349e-05, 'epoch': 26.24}
{'loss': 1.4201, 'grad_norm': 0.07114461809396744, 'learning_rate': 1.3918376975701816e-05, 'epoch': 26.24}
{'loss': 1.4196, 'grad_norm': 0.060211293399333954, 'learning_rate': 1.3901526640380144e-05, 'epoch': 26.25}
{'loss': 1.4197, 'grad_norm': 0.06095946207642555, 'learning_rate': 1.3884676305058473e-05, 'epoch': 26.25}
{'loss': 1.4198, 'grad_norm': 0.07902660220861435, 'learning_rate': 1.3867825969736798e-05, 'epoch': 26.26}
{'loss': 1.4203, 'grad_norm': 0.06556250900030136, 'learning_rate': 1.3850975634415126e-05, 'epoch': 26.26}
{'loss': 1.4198, 'grad_norm': 0.07744386792182922, 'learning_rate': 1.3834125299093453e-05, 'epoch': 26.26}
{'loss': 1.4201, 'grad_norm': 0.11960890889167786, 'learning_rate': 1.3817274963771778e-05, 'epoch': 26.27}
{'loss': 1.42, 'grad_norm': 0.0764705166220665, 'learning_rate': 1.3800424628450107e-05, 'epoch': 26.27}
{'loss': 1.4202, 'grad_norm': 0.11297616362571716, 'learning_rate': 1.3783574293128435e-05, 'epoch': 26.28}
{'loss': 1.4198, 'grad_norm': 0.07194192707538605, 'learning_rate': 1.376672395780676e-05, 'epoch': 26.28}
{'loss': 1.4202, 'grad_norm': 0.13409022986888885, 'learning_rate': 1.3749873622485087e-05, 'epoch': 26.29}
{'loss': 1.4203, 'grad_norm': 0.10865574330091476, 'learning_rate': 1.3733023287163415e-05, 'epoch': 26.29}
{'loss': 1.4202, 'grad_norm': 0.16006146371364594, 'learning_rate': 1.3716172951841744e-05, 'epoch': 26.3}
{'loss': 1.4208, 'grad_norm': 0.05090230703353882, 'learning_rate': 1.3699322616520069e-05, 'epoch': 26.3}
{'loss': 1.4205, 'grad_norm': 0.13393288850784302, 'learning_rate': 1.3682472281198398e-05, 'epoch': 26.31}
{'loss': 1.4206, 'grad_norm': 0.10395392030477524, 'learning_rate': 1.3665621945876724e-05, 'epoch': 26.31}
{'loss': 1.4195, 'grad_norm': 0.12116209417581558, 'learning_rate': 1.364877161055505e-05, 'epoch': 26.31}
{'loss': 1.4204, 'grad_norm': 0.08012819290161133, 'learning_rate': 1.3631921275233378e-05, 'epoch': 26.32}
{'loss': 1.4194, 'grad_norm': 0.08861606568098068, 'learning_rate': 1.3615070939911706e-05, 'epoch': 26.32}
{'loss': 1.4197, 'grad_norm': 0.08713284879922867, 'learning_rate': 1.3598220604590032e-05, 'epoch': 26.33}
{'loss': 1.421, 'grad_norm': 0.1387133151292801, 'learning_rate': 1.3581370269268358e-05, 'epoch': 26.33}
{'loss': 1.4197, 'grad_norm': 0.06967853009700775, 'learning_rate': 1.3564519933946687e-05, 'epoch': 26.34}
{'loss': 1.4202, 'grad_norm': 0.10253428667783737, 'learning_rate': 1.3547669598625012e-05, 'epoch': 26.34}
{'loss': 1.42, 'grad_norm': 0.09293975681066513, 'learning_rate': 1.353081926330334e-05, 'epoch': 26.35}
{'loss': 1.4209, 'grad_norm': 0.04633874073624611, 'learning_rate': 1.3513968927981669e-05, 'epoch': 26.35}
{'loss': 1.4203, 'grad_norm': 0.0747571811079979, 'learning_rate': 1.3497118592659994e-05, 'epoch': 26.36}
{'loss': 1.4197, 'grad_norm': 0.5182484984397888, 'learning_rate': 1.3480268257338321e-05, 'epoch': 26.36}
{'loss': 1.4207, 'grad_norm': 0.05620872601866722, 'learning_rate': 1.346341792201665e-05, 'epoch': 26.36}
{'loss': 1.4203, 'grad_norm': 0.1499706506729126, 'learning_rate': 1.3446567586694975e-05, 'epoch': 26.37}
{'loss': 1.4201, 'grad_norm': 0.06434724479913712, 'learning_rate': 1.3429717251373303e-05, 'epoch': 26.37}
{'loss': 1.42, 'grad_norm': 0.07839693129062653, 'learning_rate': 1.3412866916051632e-05, 'epoch': 26.38}
{'loss': 1.4198, 'grad_norm': 0.059819139540195465, 'learning_rate': 1.3396016580729957e-05, 'epoch': 26.38}
{'loss': 1.4198, 'grad_norm': 0.09632934629917145, 'learning_rate': 1.3379166245408283e-05, 'epoch': 26.39}
pred : ardent in the prosecution of heresy cyril auspiciously opened his reign by oppressing the novations the most innocent and harmless of the sectaries
label: ardent in the prosecution of heresy cyril auspiciously opened his reign by oppressing the novatians the most innocent and harmless of the sectaries
pred : without any legal sentence without any royal mandate the patriarch at the dawn of day led a seditious multitude to the attack of the synagogues
label: without any legal sentence without any royal mandate the patriarch at the dawn of day led a seditious multitude to the attack of the synagogues
pred : such crimes would have deserved the animadversion of the magistrate but in this promiscuous outrage the innocent were confounded with the guilty and alexandria was impoverished by the loss of a wealthy and industrious colony
label: such crimes would have deserved the animadversion of the magistrate but in this promiscuous outrage the innocent were confounded with the guilty and alexandria was impoverished by the loss of a wealthy and industrious colony
pred : ardent in the prosecution of heresy cyril auspiciously opened his reign by oppressing the novations the most innocent and harmless of the sectaries
label: ardent in the prosecution of heresy cyril auspiciously opened his reign by oppressing the novatians the most innocent and harmless of the sectaries
pred : without any legal sentence without any royal mandate the patriarch at the dawn of day led a seditious multitude to the attack of the synagogues
label: without any legal sentence without any royal mandate the patriarch at the dawn of day led a seditious multitude to the attack of the synagogues
pred : such crimes would have deserved the animadversion of the magistrate but in this promiscuous outrage the innocent were confounded with the guilty and alexandria was impoverished by the loss of a wealthy and industrious colony
label: such crimes would have deserved the animadversion of the magistrate but in this promiscuous outrage the innocent were confounded with the guilty and alexandria was impoverished by the loss of a wealthy and industrious colony
pred : ardent in the prosecution of heresy cyril auspiciously opened his reign by oppressing the novations the most innocent and harmless of the sectaries
label: ardent in the prosecution of heresy cyril auspiciously opened his reign by oppressing the novatians the most innocent and harmless of the sectaries
pred : without any legal sentence without any royal mandate the patriarch at the dawn of day led a seditious multitude to the attack of the synagogues
label: without any legal sentence without any royal mandate the patriarch at the dawn of day led a seditious multitude to the attack of the synagogues
pred : such crimes would have deserved the animadversion of the magistrate but in this promiscuous outrage the innocent were confounded with the guilty and alexandria was impoverished by the loss of a wealthy and industrious colony
label: such crimes would have deserved the animadversion of the magistrate but in this promiscuous outrage the innocent were confounded with the guilty and alexandria was impoverished by the loss of a wealthy and industrious colony
pred : ardent in the prosecution of heresy cyril auspiciously opened his reign by oppressing the novations the most innocent and harmless of the sectaries
label: ardent in the prosecution of heresy cyril auspiciously opened his reign by oppressing the novatians the most innocent and harmless of the sectaries
pred : without any legal sentence without any royal mandate the patriarch at the dawn of day led a seditious multitude to the attack of the synagogues
label: without any legal sentence without any royal mandate the patriarch at the dawn of day led a seditious multitude to the attack of the synagogues
pred : such crimes would have deserved the animadversion of the magistrate but in this promiscuous outrage the innocent were confounded with the guilty and alexandria was impoverished by the loss of a wealthy and industrious colony
label: such crimes would have deserved the animadversion of the magistrate but in this promiscuous outrage the innocent were confounded with the guilty and alexandria was impoverished by the loss of a wealthy and industrious colony
{'eval_loss': 1.605229139328003, 'eval_bleu': 96.3439193152818, 'eval_wer': 0.02284266368044945, 'eval_cer': 0.01545386021920318, 'eval_rouge1': 0.9856941972275346, 'eval_rouge2': 0.9737555384059041, 'eval_rougeL': 0.9856580797502315, 'eval_runtime': 88.7257, 'eval_samples_per_second': 62.744, 'eval_steps_per_second': 0.327, 'epoch': 26.39}
{'loss': 1.4203, 'grad_norm': 0.23320592939853668, 'learning_rate': 1.3362315910086612e-05, 'epoch': 26.39}
{'loss': 1.42, 'grad_norm': 0.09737877547740936, 'learning_rate': 1.3345465574764937e-05, 'epoch': 26.4}
{'loss': 1.4197, 'grad_norm': 0.06702100485563278, 'learning_rate': 1.3328615239443266e-05, 'epoch': 26.4}
{'loss': 1.4202, 'grad_norm': 0.1075233519077301, 'learning_rate': 1.3311764904121592e-05, 'epoch': 26.41}
{'loss': 1.4198, 'grad_norm': 0.06779853254556656, 'learning_rate': 1.3294914568799921e-05, 'epoch': 26.41}
{'loss': 1.4206, 'grad_norm': 0.11578664928674698, 'learning_rate': 1.3278064233478246e-05, 'epoch': 26.41}
{'loss': 1.42, 'grad_norm': 0.7963852882385254, 'learning_rate': 1.3261213898156574e-05, 'epoch': 26.42}
{'loss': 1.4198, 'grad_norm': 0.06007135286927223, 'learning_rate': 1.3244363562834903e-05, 'epoch': 26.42}
{'loss': 1.42, 'grad_norm': 0.054300349205732346, 'learning_rate': 1.3227513227513228e-05, 'epoch': 26.43}
{'loss': 1.4201, 'grad_norm': 0.05991007760167122, 'learning_rate': 1.3210662892191555e-05, 'epoch': 26.43}
{'loss': 1.4198, 'grad_norm': 0.05831819027662277, 'learning_rate': 1.3193812556869883e-05, 'epoch': 26.44}
{'loss': 1.4205, 'grad_norm': 0.1270916908979416, 'learning_rate': 1.3176962221548208e-05, 'epoch': 26.44}
{'loss': 1.4207, 'grad_norm': 0.12828752398490906, 'learning_rate': 1.3160111886226537e-05, 'epoch': 26.45}
{'loss': 1.4203, 'grad_norm': 0.06687134504318237, 'learning_rate': 1.3143261550904864e-05, 'epoch': 26.45}
{'loss': 1.4204, 'grad_norm': 0.7394633293151855, 'learning_rate': 1.312641121558319e-05, 'epoch': 26.46}
{'loss': 1.4196, 'grad_norm': 0.27232158184051514, 'learning_rate': 1.3109560880261517e-05, 'epoch': 26.46}
{'loss': 1.42, 'grad_norm': 0.400261253118515, 'learning_rate': 1.3092710544939846e-05, 'epoch': 26.46}
{'loss': 1.42, 'grad_norm': 0.06421206146478653, 'learning_rate': 1.3075860209618171e-05, 'epoch': 26.47}
{'loss': 1.42, 'grad_norm': 0.07763976603746414, 'learning_rate': 1.30590098742965e-05, 'epoch': 26.47}
{'loss': 1.4202, 'grad_norm': 0.05194574594497681, 'learning_rate': 1.3042159538974826e-05, 'epoch': 26.48}
{'loss': 1.42, 'grad_norm': 0.08317943662405014, 'learning_rate': 1.3025309203653151e-05, 'epoch': 26.48}
{'loss': 1.4203, 'grad_norm': 0.08653658628463745, 'learning_rate': 1.300845886833148e-05, 'epoch': 26.49}
{'loss': 1.4201, 'grad_norm': 0.12298953533172607, 'learning_rate': 1.2991608533009808e-05, 'epoch': 26.49}
{'loss': 1.4201, 'grad_norm': 0.12676313519477844, 'learning_rate': 1.2974758197688134e-05, 'epoch': 26.5}
{'loss': 1.42, 'grad_norm': 0.05708927661180496, 'learning_rate': 1.2957907862366462e-05, 'epoch': 26.5}
{'loss': 1.4206, 'grad_norm': 0.053561221808195114, 'learning_rate': 1.2941057527044789e-05, 'epoch': 26.51}
{'loss': 1.42, 'grad_norm': 0.06617438048124313, 'learning_rate': 1.2924207191723117e-05, 'epoch': 26.51}
{'loss': 1.4201, 'grad_norm': 0.05287393555045128, 'learning_rate': 1.2907356856401442e-05, 'epoch': 26.52}
{'loss': 1.42, 'grad_norm': 0.059480179101228714, 'learning_rate': 1.2890506521079771e-05, 'epoch': 26.52}
{'loss': 1.4203, 'grad_norm': 0.07159487158060074, 'learning_rate': 1.2873656185758098e-05, 'epoch': 26.52}
{'loss': 1.4199, 'grad_norm': 0.09595657140016556, 'learning_rate': 1.2856805850436423e-05, 'epoch': 26.53}
{'loss': 1.4198, 'grad_norm': 0.056256670504808426, 'learning_rate': 1.2839955515114751e-05, 'epoch': 26.53}
{'loss': 1.4205, 'grad_norm': 0.12715746462345123, 'learning_rate': 1.282310517979308e-05, 'epoch': 26.54}
{'loss': 1.4212, 'grad_norm': 0.05171705037355423, 'learning_rate': 1.2806254844471405e-05, 'epoch': 26.54}
{'loss': 1.4197, 'grad_norm': 0.1386878788471222, 'learning_rate': 1.2789404509149733e-05, 'epoch': 26.55}
{'loss': 1.4204, 'grad_norm': 0.08319570869207382, 'learning_rate': 1.277255417382806e-05, 'epoch': 26.55}
{'loss': 1.4201, 'grad_norm': 0.08682891726493835, 'learning_rate': 1.2755703838506385e-05, 'epoch': 26.56}
{'loss': 1.4196, 'grad_norm': 0.09045960754156113, 'learning_rate': 1.2738853503184714e-05, 'epoch': 26.56}
{'loss': 1.4203, 'grad_norm': 0.1092783659696579, 'learning_rate': 1.2722003167863042e-05, 'epoch': 26.57}
{'loss': 1.4199, 'grad_norm': 0.079933762550354, 'learning_rate': 1.2705152832541367e-05, 'epoch': 26.57}
{'loss': 1.4201, 'grad_norm': 0.05599864199757576, 'learning_rate': 1.2688302497219694e-05, 'epoch': 26.57}
{'loss': 1.4204, 'grad_norm': 0.06968143582344055, 'learning_rate': 1.2671452161898023e-05, 'epoch': 26.58}
{'loss': 1.4203, 'grad_norm': 0.11041566729545593, 'learning_rate': 1.2654601826576348e-05, 'epoch': 26.58}
{'loss': 1.42, 'grad_norm': 0.056043416261672974, 'learning_rate': 1.2637751491254676e-05, 'epoch': 26.59}
{'loss': 1.4202, 'grad_norm': 0.3308773934841156, 'learning_rate': 1.2620901155933005e-05, 'epoch': 26.59}
{'loss': 1.4199, 'grad_norm': 0.07456324249505997, 'learning_rate': 1.260405082061133e-05, 'epoch': 26.6}
{'loss': 1.4202, 'grad_norm': 0.07322027534246445, 'learning_rate': 1.2587200485289657e-05, 'epoch': 26.6}
{'loss': 1.4203, 'grad_norm': 0.08109475672245026, 'learning_rate': 1.2570350149967985e-05, 'epoch': 26.61}
{'loss': 1.4198, 'grad_norm': 0.06469406932592392, 'learning_rate': 1.2553499814646314e-05, 'epoch': 26.61}
{'loss': 1.4199, 'grad_norm': 0.07192224264144897, 'learning_rate': 1.2536649479324639e-05, 'epoch': 26.62}
{'loss': 1.4202, 'grad_norm': 0.053477805107831955, 'learning_rate': 1.2519799144002967e-05, 'epoch': 26.62}
{'loss': 1.42, 'grad_norm': 0.06123892217874527, 'learning_rate': 1.2502948808681294e-05, 'epoch': 26.62}
{'loss': 1.4196, 'grad_norm': 0.05950947850942612, 'learning_rate': 1.248609847335962e-05, 'epoch': 26.63}
{'loss': 1.4198, 'grad_norm': 0.08514097332954407, 'learning_rate': 1.2469248138037948e-05, 'epoch': 26.63}
{'loss': 1.4201, 'grad_norm': 0.14347906410694122, 'learning_rate': 1.2452397802716275e-05, 'epoch': 26.64}
{'loss': 1.4211, 'grad_norm': 0.06046136096119881, 'learning_rate': 1.2435547467394603e-05, 'epoch': 26.64}
{'loss': 1.4197, 'grad_norm': 0.071918785572052, 'learning_rate': 1.2418697132072928e-05, 'epoch': 26.65}
{'loss': 1.4197, 'grad_norm': 0.061669133603572845, 'learning_rate': 1.2401846796751255e-05, 'epoch': 26.65}
{'loss': 1.4204, 'grad_norm': 0.0730310007929802, 'learning_rate': 1.2384996461429584e-05, 'epoch': 26.66}
{'loss': 1.4201, 'grad_norm': 0.05384793505072594, 'learning_rate': 1.236814612610791e-05, 'epoch': 26.66}
{'loss': 1.4201, 'grad_norm': 0.36273422837257385, 'learning_rate': 1.2351295790786237e-05, 'epoch': 26.67}
{'loss': 1.4203, 'grad_norm': 0.05788657069206238, 'learning_rate': 1.2334445455464564e-05, 'epoch': 26.67}
{'loss': 1.4196, 'grad_norm': 0.06258080899715424, 'learning_rate': 1.231759512014289e-05, 'epoch': 26.67}
{'loss': 1.4203, 'grad_norm': 0.09358298033475876, 'learning_rate': 1.2300744784821218e-05, 'epoch': 26.68}
{'loss': 1.4201, 'grad_norm': 0.04989724978804588, 'learning_rate': 1.2283894449499546e-05, 'epoch': 26.68}
{'loss': 1.4199, 'grad_norm': 0.10411999374628067, 'learning_rate': 1.2267044114177873e-05, 'epoch': 26.69}
{'loss': 1.4196, 'grad_norm': 0.4448554515838623, 'learning_rate': 1.22501937788562e-05, 'epoch': 26.69}
{'loss': 1.42, 'grad_norm': 0.1166524887084961, 'learning_rate': 1.2233343443534526e-05, 'epoch': 26.7}
{'loss': 1.4197, 'grad_norm': 0.046686988323926926, 'learning_rate': 1.2216493108212853e-05, 'epoch': 26.7}
{'loss': 1.4199, 'grad_norm': 0.0727880671620369, 'learning_rate': 1.2199642772891182e-05, 'epoch': 26.71}
{'loss': 1.4199, 'grad_norm': 0.05959908291697502, 'learning_rate': 1.2182792437569509e-05, 'epoch': 26.71}
{'loss': 1.42, 'grad_norm': 0.05766386166214943, 'learning_rate': 1.2165942102247835e-05, 'epoch': 26.72}
{'loss': 1.4197, 'grad_norm': 0.06589937210083008, 'learning_rate': 1.2149091766926162e-05, 'epoch': 26.72}
{'loss': 1.4214, 'grad_norm': 0.0516025573015213, 'learning_rate': 1.2132241431604489e-05, 'epoch': 26.72}
{'loss': 1.4213, 'grad_norm': 0.10277245938777924, 'learning_rate': 1.2115391096282816e-05, 'epoch': 26.73}
{'loss': 1.4197, 'grad_norm': 0.07484861463308334, 'learning_rate': 1.2098540760961144e-05, 'epoch': 26.73}
{'loss': 1.4203, 'grad_norm': 0.06957729905843735, 'learning_rate': 1.2081690425639471e-05, 'epoch': 26.74}
{'loss': 1.42, 'grad_norm': 0.0783374235033989, 'learning_rate': 1.2064840090317798e-05, 'epoch': 26.74}
{'loss': 1.4201, 'grad_norm': 0.0634414330124855, 'learning_rate': 1.2047989754996125e-05, 'epoch': 26.75}
{'loss': 1.4197, 'grad_norm': 0.06394919008016586, 'learning_rate': 1.2031139419674452e-05, 'epoch': 26.75}
{'loss': 1.42, 'grad_norm': 0.11041809618473053, 'learning_rate': 1.201428908435278e-05, 'epoch': 26.76}
{'loss': 1.4198, 'grad_norm': 0.11428281664848328, 'learning_rate': 1.1997438749031107e-05, 'epoch': 26.76}
{'loss': 1.4199, 'grad_norm': 0.062454115599393845, 'learning_rate': 1.1980588413709434e-05, 'epoch': 26.77}
{'loss': 1.42, 'grad_norm': 0.0995345190167427, 'learning_rate': 1.196373807838776e-05, 'epoch': 26.77}
{'loss': 1.4197, 'grad_norm': 0.07130643725395203, 'learning_rate': 1.1946887743066087e-05, 'epoch': 26.77}
{'loss': 1.4199, 'grad_norm': 0.08731988817453384, 'learning_rate': 1.1930037407744414e-05, 'epoch': 26.78}
{'loss': 1.4198, 'grad_norm': 0.12969934940338135, 'learning_rate': 1.1913187072422743e-05, 'epoch': 26.78}
{'loss': 1.4198, 'grad_norm': 0.06895327568054199, 'learning_rate': 1.189633673710107e-05, 'epoch': 26.79}
{'loss': 1.4205, 'grad_norm': 0.05496592074632645, 'learning_rate': 1.1879486401779396e-05, 'epoch': 26.79}
{'loss': 1.4202, 'grad_norm': 0.15144559741020203, 'learning_rate': 1.1862636066457723e-05, 'epoch': 26.8}
{'loss': 1.42, 'grad_norm': 0.11295129358768463, 'learning_rate': 1.184578573113605e-05, 'epoch': 26.8}
{'loss': 1.4198, 'grad_norm': 0.06563492864370346, 'learning_rate': 1.1828935395814378e-05, 'epoch': 26.81}
{'loss': 1.4204, 'grad_norm': 0.05268261581659317, 'learning_rate': 1.1812085060492705e-05, 'epoch': 26.81}
{'loss': 1.4199, 'grad_norm': 0.07069145888090134, 'learning_rate': 1.179523472517103e-05, 'epoch': 26.82}
{'loss': 1.4202, 'grad_norm': 0.07558472454547882, 'learning_rate': 1.1778384389849359e-05, 'epoch': 26.82}
{'loss': 1.42, 'grad_norm': 0.10741782933473587, 'learning_rate': 1.1761534054527685e-05, 'epoch': 26.82}
{'loss': 1.4199, 'grad_norm': 0.13610245287418365, 'learning_rate': 1.1744683719206012e-05, 'epoch': 26.83}
{'loss': 1.4199, 'grad_norm': 0.061580076813697815, 'learning_rate': 1.172783338388434e-05, 'epoch': 26.83}
{'loss': 1.4198, 'grad_norm': 0.06484898924827576, 'learning_rate': 1.1710983048562668e-05, 'epoch': 26.84}
{'loss': 1.4202, 'grad_norm': 0.05284872651100159, 'learning_rate': 1.1694132713240994e-05, 'epoch': 26.84}
{'loss': 1.4203, 'grad_norm': 0.05182521045207977, 'learning_rate': 1.1677282377919321e-05, 'epoch': 26.85}
{'loss': 1.4196, 'grad_norm': 0.048107631504535675, 'learning_rate': 1.1660432042597648e-05, 'epoch': 26.85}
{'loss': 1.42, 'grad_norm': 0.05717124044895172, 'learning_rate': 1.1643581707275976e-05, 'epoch': 26.86}
{'loss': 1.4198, 'grad_norm': 0.05026526376605034, 'learning_rate': 1.1626731371954303e-05, 'epoch': 26.86}
{'loss': 1.4203, 'grad_norm': 0.08941897004842758, 'learning_rate': 1.1609881036632628e-05, 'epoch': 26.87}
{'loss': 1.42, 'grad_norm': 0.050770506262779236, 'learning_rate': 1.1593030701310957e-05, 'epoch': 26.87}
{'loss': 1.4197, 'grad_norm': 0.06883817911148071, 'learning_rate': 1.1576180365989284e-05, 'epoch': 26.87}
{'loss': 1.4199, 'grad_norm': 0.08732416480779648, 'learning_rate': 1.155933003066761e-05, 'epoch': 26.88}
{'loss': 1.4202, 'grad_norm': 0.23093342781066895, 'learning_rate': 1.1542479695345939e-05, 'epoch': 26.88}
{'loss': 1.4204, 'grad_norm': 0.08353350311517715, 'learning_rate': 1.1525629360024264e-05, 'epoch': 26.89}
{'loss': 1.4196, 'grad_norm': 0.050273314118385315, 'learning_rate': 1.1508779024702591e-05, 'epoch': 26.89}
{'loss': 1.42, 'grad_norm': 0.10474282503128052, 'learning_rate': 1.149192868938092e-05, 'epoch': 26.9}
{'loss': 1.4198, 'grad_norm': 0.07214123755693436, 'learning_rate': 1.1475078354059246e-05, 'epoch': 26.9}
{'loss': 1.4199, 'grad_norm': 0.05547201260924339, 'learning_rate': 1.1458228018737575e-05, 'epoch': 26.91}
{'loss': 1.4195, 'grad_norm': 0.06117943301796913, 'learning_rate': 1.14413776834159e-05, 'epoch': 26.91}
{'loss': 1.4197, 'grad_norm': 0.06504782289266586, 'learning_rate': 1.1424527348094227e-05, 'epoch': 26.92}
{'loss': 1.4199, 'grad_norm': 0.054238226264715195, 'learning_rate': 1.1407677012772555e-05, 'epoch': 26.92}
{'loss': 1.42, 'grad_norm': 0.05824565887451172, 'learning_rate': 1.1390826677450882e-05, 'epoch': 26.92}
{'loss': 1.4199, 'grad_norm': 0.0999269038438797, 'learning_rate': 1.1373976342129209e-05, 'epoch': 26.93}
{'loss': 1.4202, 'grad_norm': 0.06283481419086456, 'learning_rate': 1.1357126006807536e-05, 'epoch': 26.93}
{'loss': 1.4193, 'grad_norm': 0.15268011391162872, 'learning_rate': 1.1340275671485862e-05, 'epoch': 26.94}
{'loss': 1.4199, 'grad_norm': 0.06036984547972679, 'learning_rate': 1.132342533616419e-05, 'epoch': 26.94}
{'loss': 1.4197, 'grad_norm': 0.060471970587968826, 'learning_rate': 1.1306575000842518e-05, 'epoch': 26.95}
{'loss': 1.4199, 'grad_norm': 0.07366374135017395, 'learning_rate': 1.1289724665520844e-05, 'epoch': 26.95}
{'loss': 1.4199, 'grad_norm': 0.0737452507019043, 'learning_rate': 1.1272874330199171e-05, 'epoch': 26.96}
{'loss': 1.4197, 'grad_norm': 0.09476907551288605, 'learning_rate': 1.1256023994877498e-05, 'epoch': 26.96}
{'loss': 1.4198, 'grad_norm': 0.06293366104364395, 'learning_rate': 1.1239173659555825e-05, 'epoch': 26.97}
{'loss': 1.4196, 'grad_norm': 0.18411099910736084, 'learning_rate': 1.1222323324234153e-05, 'epoch': 26.97}
{'loss': 1.4202, 'grad_norm': 0.06517302244901657, 'learning_rate': 1.120547298891248e-05, 'epoch': 26.97}
{'loss': 1.4196, 'grad_norm': 0.08008867502212524, 'learning_rate': 1.1188622653590807e-05, 'epoch': 26.98}
{'loss': 1.4199, 'grad_norm': 0.09162919223308563, 'learning_rate': 1.1171772318269134e-05, 'epoch': 26.98}
{'loss': 1.4196, 'grad_norm': 0.3208116590976715, 'learning_rate': 1.115492198294746e-05, 'epoch': 26.99}
{'loss': 1.4198, 'grad_norm': 0.054844651371240616, 'learning_rate': 1.1138071647625787e-05, 'epoch': 26.99}
{'loss': 1.4197, 'grad_norm': 0.09729824215173721, 'learning_rate': 1.1121221312304116e-05, 'epoch': 27.0}
{'loss': 1.4196, 'grad_norm': 0.05630965903401375, 'learning_rate': 1.1104370976982443e-05, 'epoch': 27.0}
{'loss': 1.4197, 'grad_norm': 0.0698293074965477, 'learning_rate': 1.108752064166077e-05, 'epoch': 27.01}
{'loss': 1.4197, 'grad_norm': 0.04659509286284447, 'learning_rate': 1.1070670306339096e-05, 'epoch': 27.01}
{'loss': 1.4197, 'grad_norm': 0.12523087859153748, 'learning_rate': 1.1053819971017423e-05, 'epoch': 27.02}
{'loss': 1.4195, 'grad_norm': 0.05141984671354294, 'learning_rate': 1.1036969635695752e-05, 'epoch': 27.02}
{'loss': 1.4197, 'grad_norm': 0.051824215799570084, 'learning_rate': 1.1020119300374078e-05, 'epoch': 27.02}
{'loss': 1.4195, 'grad_norm': 0.2891271710395813, 'learning_rate': 1.1003268965052405e-05, 'epoch': 27.03}
{'loss': 1.4199, 'grad_norm': 0.1387634128332138, 'learning_rate': 1.0986418629730732e-05, 'epoch': 27.03}
{'loss': 1.4195, 'grad_norm': 0.06376262754201889, 'learning_rate': 1.0969568294409059e-05, 'epoch': 27.04}
{'loss': 1.4193, 'grad_norm': 0.06360750645399094, 'learning_rate': 1.0952717959087386e-05, 'epoch': 27.04}
{'loss': 1.42, 'grad_norm': 0.05566971376538277, 'learning_rate': 1.0935867623765714e-05, 'epoch': 27.05}
{'loss': 1.4201, 'grad_norm': 0.0881044864654541, 'learning_rate': 1.0919017288444041e-05, 'epoch': 27.05}
{'loss': 1.4196, 'grad_norm': 0.05564229190349579, 'learning_rate': 1.0902166953122368e-05, 'epoch': 27.06}
{'loss': 1.4195, 'grad_norm': 0.07444614171981812, 'learning_rate': 1.0885316617800695e-05, 'epoch': 27.06}
{'loss': 1.4203, 'grad_norm': 0.12283387780189514, 'learning_rate': 1.0868466282479021e-05, 'epoch': 27.07}
{'loss': 1.4198, 'grad_norm': 1.4820408821105957, 'learning_rate': 1.085161594715735e-05, 'epoch': 27.07}
{'loss': 1.4191, 'grad_norm': 0.0917653888463974, 'learning_rate': 1.0834765611835677e-05, 'epoch': 27.07}
{'loss': 1.4194, 'grad_norm': 0.12171526998281479, 'learning_rate': 1.0817915276514003e-05, 'epoch': 27.08}
{'loss': 1.4203, 'grad_norm': 0.059041526168584824, 'learning_rate': 1.080106494119233e-05, 'epoch': 27.08}
{'loss': 1.4195, 'grad_norm': 0.06679104268550873, 'learning_rate': 1.0784214605870657e-05, 'epoch': 27.09}
{'loss': 1.42, 'grad_norm': 0.06410717964172363, 'learning_rate': 1.0767364270548984e-05, 'epoch': 27.09}
{'loss': 1.4196, 'grad_norm': 0.05394414812326431, 'learning_rate': 1.0750513935227312e-05, 'epoch': 27.1}
{'loss': 1.4205, 'grad_norm': 0.04630742222070694, 'learning_rate': 1.073366359990564e-05, 'epoch': 27.1}
{'loss': 1.4195, 'grad_norm': 0.15584084391593933, 'learning_rate': 1.0716813264583966e-05, 'epoch': 27.11}
{'loss': 1.4198, 'grad_norm': 0.0705183669924736, 'learning_rate': 1.0699962929262293e-05, 'epoch': 27.11}
{'loss': 1.4195, 'grad_norm': 0.062087107449769974, 'learning_rate': 1.068311259394062e-05, 'epoch': 27.12}
{'loss': 1.4195, 'grad_norm': 0.21967047452926636, 'learning_rate': 1.0666262258618948e-05, 'epoch': 27.12}
{'loss': 1.4193, 'grad_norm': 0.08086460083723068, 'learning_rate': 1.0649411923297275e-05, 'epoch': 27.12}
{'loss': 1.4196, 'grad_norm': 0.046022407710552216, 'learning_rate': 1.06325615879756e-05, 'epoch': 27.13}
{'loss': 1.4194, 'grad_norm': 0.04748992994427681, 'learning_rate': 1.0615711252653929e-05, 'epoch': 27.13}
{'loss': 1.4201, 'grad_norm': 0.13536378741264343, 'learning_rate': 1.0598860917332255e-05, 'epoch': 27.14}
{'loss': 1.4194, 'grad_norm': 0.04839211329817772, 'learning_rate': 1.0582010582010582e-05, 'epoch': 27.14}
{'loss': 1.4193, 'grad_norm': 0.061632025986909866, 'learning_rate': 1.056516024668891e-05, 'epoch': 27.15}
{'loss': 1.4196, 'grad_norm': 0.09002891182899475, 'learning_rate': 1.0548309911367236e-05, 'epoch': 27.15}
{'loss': 1.4199, 'grad_norm': 0.04970789700746536, 'learning_rate': 1.0531459576045564e-05, 'epoch': 27.16}
{'loss': 1.4196, 'grad_norm': 0.1128779947757721, 'learning_rate': 1.0514609240723891e-05, 'epoch': 27.16}
{'loss': 1.4194, 'grad_norm': 0.051978014409542084, 'learning_rate': 1.0497758905402218e-05, 'epoch': 27.17}
{'loss': 1.4198, 'grad_norm': 0.05520154908299446, 'learning_rate': 1.0480908570080546e-05, 'epoch': 27.17}
{'loss': 1.4197, 'grad_norm': 0.05476252734661102, 'learning_rate': 1.0464058234758871e-05, 'epoch': 27.17}
{'loss': 1.4197, 'grad_norm': 0.09566957503557205, 'learning_rate': 1.0447207899437198e-05, 'epoch': 27.18}
{'loss': 1.4199, 'grad_norm': 0.06327389925718307, 'learning_rate': 1.0430357564115527e-05, 'epoch': 27.18}
{'loss': 1.4194, 'grad_norm': 0.05248488485813141, 'learning_rate': 1.0413507228793854e-05, 'epoch': 27.19}
{'loss': 1.4197, 'grad_norm': 0.06123954430222511, 'learning_rate': 1.039665689347218e-05, 'epoch': 27.19}
{'loss': 1.4197, 'grad_norm': 0.07651825249195099, 'learning_rate': 1.0379806558150509e-05, 'epoch': 27.2}
{'loss': 1.4196, 'grad_norm': 0.053162336349487305, 'learning_rate': 1.0362956222828834e-05, 'epoch': 27.2}
{'loss': 1.4195, 'grad_norm': 0.08007558435201645, 'learning_rate': 1.034610588750716e-05, 'epoch': 27.21}
{'loss': 1.4198, 'grad_norm': 0.05594529211521149, 'learning_rate': 1.032925555218549e-05, 'epoch': 27.21}
{'loss': 1.4198, 'grad_norm': 0.055452968925237656, 'learning_rate': 1.0312405216863816e-05, 'epoch': 27.22}
{'loss': 1.4195, 'grad_norm': 0.07369475811719894, 'learning_rate': 1.0295554881542145e-05, 'epoch': 27.22}
{'loss': 1.42, 'grad_norm': 0.33109667897224426, 'learning_rate': 1.027870454622047e-05, 'epoch': 27.22}
{'loss': 1.4194, 'grad_norm': 0.2345758080482483, 'learning_rate': 1.0261854210898796e-05, 'epoch': 27.23}
{'loss': 1.4198, 'grad_norm': 0.06964215636253357, 'learning_rate': 1.0245003875577125e-05, 'epoch': 27.23}
{'loss': 1.4198, 'grad_norm': 0.08274036645889282, 'learning_rate': 1.0228153540255452e-05, 'epoch': 27.24}
{'loss': 1.4236, 'grad_norm': 0.06894855201244354, 'learning_rate': 1.0211303204933779e-05, 'epoch': 27.24}
{'loss': 1.4194, 'grad_norm': 0.056814875453710556, 'learning_rate': 1.0194452869612105e-05, 'epoch': 27.25}
{'loss': 1.4194, 'grad_norm': 0.050684187561273575, 'learning_rate': 1.0177602534290432e-05, 'epoch': 27.25}
{'loss': 1.4199, 'grad_norm': 0.05514252930879593, 'learning_rate': 1.0160752198968759e-05, 'epoch': 27.26}
{'loss': 1.4202, 'grad_norm': 0.24601736664772034, 'learning_rate': 1.0143901863647088e-05, 'epoch': 27.26}
{'loss': 1.4194, 'grad_norm': 0.07509826123714447, 'learning_rate': 1.0127051528325414e-05, 'epoch': 27.27}
{'loss': 1.4199, 'grad_norm': 0.22900448739528656, 'learning_rate': 1.0110201193003741e-05, 'epoch': 27.27}
{'loss': 1.4195, 'grad_norm': 0.15106132626533508, 'learning_rate': 1.0093350857682068e-05, 'epoch': 27.27}
{'loss': 1.4194, 'grad_norm': 0.26243850588798523, 'learning_rate': 1.0076500522360395e-05, 'epoch': 27.28}
{'loss': 1.4196, 'grad_norm': 0.047147054225206375, 'learning_rate': 1.0059650187038723e-05, 'epoch': 27.28}
{'loss': 1.4195, 'grad_norm': 0.07966435700654984, 'learning_rate': 1.004279985171705e-05, 'epoch': 27.29}
{'loss': 1.4198, 'grad_norm': 0.27289018034935, 'learning_rate': 1.0025949516395377e-05, 'epoch': 27.29}
{'loss': 1.4194, 'grad_norm': 0.30762597918510437, 'learning_rate': 1.0009099181073704e-05, 'epoch': 27.3}
pred : ardent in the prosecution of heresy cyril auspiciously opened his reign by oppressing the novations the most innocent and harmless of the sectaries
label: ardent in the prosecution of heresy cyril auspiciously opened his reign by oppressing the novatians the most innocent and harmless of the sectaries
pred : without any legal sentence without any royal mandate the patriarch at the dawn of day led a seditious multitude to the attack of the synagogues
label: without any legal sentence without any royal mandate the patriarch at the dawn of day led a seditious multitude to the attack of the synagogues
pred : such crimes would have deserved the animadversion of the magistrate but in this promiscuous outrage the innocent were confounded with the guilty and alexandria was impoverished by the loss of a wealthy and industrious colony
label: such crimes would have deserved the animadversion of the magistrate but in this promiscuous outrage the innocent were confounded with the guilty and alexandria was impoverished by the loss of a wealthy and industrious colony
pred : ardent in the prosecution of heresy cyril auspiciously opened his reign by oppressing the novations the most innocent and harmless of the sectaries
label: ardent in the prosecution of heresy cyril auspiciously opened his reign by oppressing the novatians the most innocent and harmless of the sectaries
pred : without any legal sentence without any royal mandate the patriarch at the dawn of day led a seditious multitude to the attack of the synagogues
label: without any legal sentence without any royal mandate the patriarch at the dawn of day led a seditious multitude to the attack of the synagogues
pred : such crimes would have deserved the animadversion of the magistrate but in this promiscuous outrage the innocent were confounded with the guilty and alexandria was impoverished by the loss of a wealthy and industrious colony
label: such crimes would have deserved the animadversion of the magistrate but in this promiscuous outrage the innocent were confounded with the guilty and alexandria was impoverished by the loss of a wealthy and industrious colony
pred : ardent in the prosecution of heresy cyril auspiciously opened his reign by oppressing the novations the most innocent and harmless of the sectaries
label: ardent in the prosecution of heresy cyril auspiciously opened his reign by oppressing the novatians the most innocent and harmless of the sectaries
pred : without any legal sentence without any royal mandate the patriarch at the dawn of day led a seditious multitude to the attack of the synagogues
label: without any legal sentence without any royal mandate the patriarch at the dawn of day led a seditious multitude to the attack of the synagogues
pred : such crimes would have deserved the animadversion of the magistrate but in this promiscuous outrage the innocent were confounded with the guilty and alexandria was impoverished by the loss of a wealthy and industrious colony
label: such crimes would have deserved the animadversion of the magistrate but in this promiscuous outrage the innocent were confounded with the guilty and alexandria was impoverished by the loss of a wealthy and industrious colony
pred : ardent in the prosecution of heresy cyril auspiciously opened his reign by oppressing the novations the most innocent and harmless of the sectaries
label: ardent in the prosecution of heresy cyril auspiciously opened his reign by oppressing the novatians the most innocent and harmless of the sectaries
pred : without any legal sentence without any royal mandate the patriarch at the dawn of day led a seditious multitude to the attack of the synagogues
label: without any legal sentence without any royal mandate the patriarch at the dawn of day led a seditious multitude to the attack of the synagogues
pred : such crimes would have deserved the animadversion of the magistrate but in this promiscuous outrage the innocent were confounded with the guilty and alexandria was impoverished by the loss of a wealthy and industrious colony
label: such crimes would have deserved the animadversion of the magistrate but in this promiscuous outrage the innocent were confounded with the guilty and alexandria was impoverished by the loss of a wealthy and industrious colony
{'eval_loss': 1.6059671640396118, 'eval_bleu': 96.37251325603934, 'eval_wer': 0.022557960767938656, 'eval_cer': 0.015286157885435863, 'eval_rouge1': 0.9866142973747716, 'eval_rouge2': 0.9751780628615276, 'eval_rougeL': 0.9865435703019316, 'eval_runtime': 88.225, 'eval_samples_per_second': 63.1, 'eval_steps_per_second': 0.329, 'epoch': 27.3}
{'loss': 1.4204, 'grad_norm': 0.04988344758749008, 'learning_rate': 9.99224884575203e-06, 'epoch': 27.3}
{'loss': 1.4194, 'grad_norm': 0.5124274492263794, 'learning_rate': 9.975398510430357e-06, 'epoch': 27.31}
{'loss': 1.42, 'grad_norm': 0.0674826130270958, 'learning_rate': 9.958548175108686e-06, 'epoch': 27.31}
{'loss': 1.4194, 'grad_norm': 0.09218501299619675, 'learning_rate': 9.941697839787013e-06, 'epoch': 27.32}
{'loss': 1.4195, 'grad_norm': 0.06268630921840668, 'learning_rate': 9.92484750446534e-06, 'epoch': 27.32}
{'loss': 1.42, 'grad_norm': 0.07337809354066849, 'learning_rate': 9.907997169143666e-06, 'epoch': 27.32}
{'loss': 1.4196, 'grad_norm': 0.05560373514890671, 'learning_rate': 9.891146833821993e-06, 'epoch': 27.33}
{'loss': 1.4196, 'grad_norm': 0.05903925001621246, 'learning_rate': 9.874296498500321e-06, 'epoch': 27.33}
{'loss': 1.4197, 'grad_norm': 0.07198743522167206, 'learning_rate': 9.857446163178648e-06, 'epoch': 27.34}
{'loss': 1.4194, 'grad_norm': 0.1045011356472969, 'learning_rate': 9.840595827856975e-06, 'epoch': 27.34}
{'loss': 1.4196, 'grad_norm': 0.15755921602249146, 'learning_rate': 9.823745492535302e-06, 'epoch': 27.35}
{'loss': 1.4201, 'grad_norm': 0.06823219358921051, 'learning_rate': 9.806895157213629e-06, 'epoch': 27.35}
{'loss': 1.4192, 'grad_norm': 0.049058571457862854, 'learning_rate': 9.790044821891955e-06, 'epoch': 27.36}
{'loss': 1.4198, 'grad_norm': 0.04757272079586983, 'learning_rate': 9.773194486570284e-06, 'epoch': 27.36}
{'loss': 1.4193, 'grad_norm': 0.06499402225017548, 'learning_rate': 9.75634415124861e-06, 'epoch': 27.37}
{'loss': 1.4198, 'grad_norm': 0.05214642360806465, 'learning_rate': 9.739493815926938e-06, 'epoch': 27.37}
{'loss': 1.4195, 'grad_norm': 0.09447535127401352, 'learning_rate': 9.722643480605264e-06, 'epoch': 27.37}
{'loss': 1.4199, 'grad_norm': 0.17217932641506195, 'learning_rate': 9.705793145283591e-06, 'epoch': 27.38}
{'loss': 1.4196, 'grad_norm': 0.07029959559440613, 'learning_rate': 9.68894280996192e-06, 'epoch': 27.38}
{'loss': 1.4194, 'grad_norm': 0.05882204324007034, 'learning_rate': 9.672092474640246e-06, 'epoch': 27.39}
{'loss': 1.4191, 'grad_norm': 0.07535179704427719, 'learning_rate': 9.655242139318572e-06, 'epoch': 27.39}
{'loss': 1.4195, 'grad_norm': 0.05662010982632637, 'learning_rate': 9.6383918039969e-06, 'epoch': 27.4}
{'loss': 1.42, 'grad_norm': 0.17584408819675446, 'learning_rate': 9.621541468675227e-06, 'epoch': 27.4}
{'loss': 1.4196, 'grad_norm': 0.04730524495244026, 'learning_rate': 9.604691133353554e-06, 'epoch': 27.41}
{'loss': 1.4196, 'grad_norm': 0.09054797887802124, 'learning_rate': 9.587840798031882e-06, 'epoch': 27.41}
{'loss': 1.4201, 'grad_norm': 0.22473971545696259, 'learning_rate': 9.570990462710207e-06, 'epoch': 27.42}
{'loss': 1.4193, 'grad_norm': 0.11646023392677307, 'learning_rate': 9.554140127388536e-06, 'epoch': 27.42}
{'loss': 1.4194, 'grad_norm': 0.10693244636058807, 'learning_rate': 9.537289792066863e-06, 'epoch': 27.42}
{'loss': 1.4193, 'grad_norm': 0.04436754807829857, 'learning_rate': 9.52043945674519e-06, 'epoch': 27.43}
{'loss': 1.4202, 'grad_norm': 0.07167323678731918, 'learning_rate': 9.503589121423518e-06, 'epoch': 27.43}
{'loss': 1.4193, 'grad_norm': 0.04817147180438042, 'learning_rate': 9.486738786101845e-06, 'epoch': 27.44}
{'loss': 1.4195, 'grad_norm': 0.04767374321818352, 'learning_rate': 9.46988845078017e-06, 'epoch': 27.44}
{'loss': 1.4198, 'grad_norm': 0.060540299862623215, 'learning_rate': 9.453038115458498e-06, 'epoch': 27.45}
{'loss': 1.42, 'grad_norm': 0.11596944183111191, 'learning_rate': 9.436187780136825e-06, 'epoch': 27.45}
{'loss': 1.4198, 'grad_norm': 0.09508714079856873, 'learning_rate': 9.419337444815152e-06, 'epoch': 27.46}
{'loss': 1.4192, 'grad_norm': 0.05400872230529785, 'learning_rate': 9.40248710949348e-06, 'epoch': 27.46}
{'loss': 1.4203, 'grad_norm': 0.05524458736181259, 'learning_rate': 9.385636774171806e-06, 'epoch': 27.47}
{'loss': 1.4198, 'grad_norm': 0.09435485303401947, 'learning_rate': 9.368786438850134e-06, 'epoch': 27.47}
{'loss': 1.4197, 'grad_norm': 0.051015134900808334, 'learning_rate': 9.351936103528461e-06, 'epoch': 27.47}
{'loss': 1.4195, 'grad_norm': 0.05830233171582222, 'learning_rate': 9.335085768206788e-06, 'epoch': 27.48}
{'loss': 1.4198, 'grad_norm': 0.06617292761802673, 'learning_rate': 9.318235432885116e-06, 'epoch': 27.48}
{'loss': 1.42, 'grad_norm': 0.09814399480819702, 'learning_rate': 9.301385097563441e-06, 'epoch': 27.49}
{'loss': 1.4196, 'grad_norm': 0.05470813438296318, 'learning_rate': 9.284534762241768e-06, 'epoch': 27.49}
{'loss': 1.4195, 'grad_norm': 0.04397157207131386, 'learning_rate': 9.267684426920097e-06, 'epoch': 27.5}
{'loss': 1.4198, 'grad_norm': 0.05981908366084099, 'learning_rate': 9.250834091598423e-06, 'epoch': 27.5}
{'loss': 1.4197, 'grad_norm': 0.05428149923682213, 'learning_rate': 9.23398375627675e-06, 'epoch': 27.51}
{'loss': 1.4195, 'grad_norm': 0.07549097388982773, 'learning_rate': 9.217133420955077e-06, 'epoch': 27.51}
{'loss': 1.4195, 'grad_norm': 0.2060825079679489, 'learning_rate': 9.200283085633404e-06, 'epoch': 27.52}
{'loss': 1.4195, 'grad_norm': 0.1353851705789566, 'learning_rate': 9.183432750311732e-06, 'epoch': 27.52}
{'loss': 1.4194, 'grad_norm': 0.0857049897313118, 'learning_rate': 9.166582414990059e-06, 'epoch': 27.53}
{'loss': 1.4195, 'grad_norm': 0.05931616574525833, 'learning_rate': 9.149732079668386e-06, 'epoch': 27.53}
{'loss': 1.4194, 'grad_norm': 0.12395918369293213, 'learning_rate': 9.132881744346713e-06, 'epoch': 27.53}
{'loss': 1.4198, 'grad_norm': 0.1796310991048813, 'learning_rate': 9.11603140902504e-06, 'epoch': 27.54}
{'loss': 1.4194, 'grad_norm': 0.08736538141965866, 'learning_rate': 9.099181073703366e-06, 'epoch': 27.54}
{'loss': 1.4199, 'grad_norm': 0.051010482013225555, 'learning_rate': 9.082330738381695e-06, 'epoch': 27.55}
{'loss': 1.4195, 'grad_norm': 0.21001529693603516, 'learning_rate': 9.065480403060022e-06, 'epoch': 27.55}
{'loss': 1.4198, 'grad_norm': 0.11805132031440735, 'learning_rate': 9.048630067738348e-06, 'epoch': 27.56}
{'loss': 1.4194, 'grad_norm': 0.07675620168447495, 'learning_rate': 9.031779732416675e-06, 'epoch': 27.56}
{'loss': 1.4195, 'grad_norm': 0.06373827159404755, 'learning_rate': 9.014929397095002e-06, 'epoch': 27.57}
{'loss': 1.4196, 'grad_norm': 0.08203035593032837, 'learning_rate': 8.998079061773329e-06, 'epoch': 27.57}
{'loss': 1.4193, 'grad_norm': 0.12383682280778885, 'learning_rate': 8.981228726451657e-06, 'epoch': 27.58}
{'loss': 1.4196, 'grad_norm': 0.09352593868970871, 'learning_rate': 8.964378391129984e-06, 'epoch': 27.58}
{'loss': 1.4195, 'grad_norm': 0.07055198401212692, 'learning_rate': 8.947528055808311e-06, 'epoch': 27.58}
{'loss': 1.4196, 'grad_norm': 0.09468701481819153, 'learning_rate': 8.930677720486638e-06, 'epoch': 27.59}
{'loss': 1.4199, 'grad_norm': 0.07964958995580673, 'learning_rate': 8.913827385164965e-06, 'epoch': 27.59}
{'loss': 1.4195, 'grad_norm': 0.0539550818502903, 'learning_rate': 8.896977049843293e-06, 'epoch': 27.6}
{'loss': 1.4198, 'grad_norm': 0.08292464166879654, 'learning_rate': 8.88012671452162e-06, 'epoch': 27.6}
{'loss': 1.4194, 'grad_norm': 0.06996029615402222, 'learning_rate': 8.863276379199947e-06, 'epoch': 27.61}
{'loss': 1.4197, 'grad_norm': 0.09243635088205338, 'learning_rate': 8.846426043878273e-06, 'epoch': 27.61}
{'loss': 1.4196, 'grad_norm': 0.0629969909787178, 'learning_rate': 8.8295757085566e-06, 'epoch': 27.62}
{'loss': 1.4192, 'grad_norm': 0.36087414622306824, 'learning_rate': 8.812725373234927e-06, 'epoch': 27.62}
{'loss': 1.4192, 'grad_norm': 0.07276631891727448, 'learning_rate': 8.795875037913256e-06, 'epoch': 27.63}
{'loss': 1.4197, 'grad_norm': 0.169649139046669, 'learning_rate': 8.779024702591582e-06, 'epoch': 27.63}
{'loss': 1.4194, 'grad_norm': 0.18750928342342377, 'learning_rate': 8.76217436726991e-06, 'epoch': 27.63}
{'loss': 1.4205, 'grad_norm': 0.06672437489032745, 'learning_rate': 8.745324031948236e-06, 'epoch': 27.64}
{'loss': 1.4192, 'grad_norm': 0.1257595419883728, 'learning_rate': 8.728473696626563e-06, 'epoch': 27.64}
{'loss': 1.4199, 'grad_norm': 0.05916260927915573, 'learning_rate': 8.711623361304891e-06, 'epoch': 27.65}
{'loss': 1.419, 'grad_norm': 0.17016106843948364, 'learning_rate': 8.694773025983218e-06, 'epoch': 27.65}
{'loss': 1.4202, 'grad_norm': 0.05146811902523041, 'learning_rate': 8.677922690661545e-06, 'epoch': 27.66}
{'loss': 1.4198, 'grad_norm': 0.06333167850971222, 'learning_rate': 8.661072355339872e-06, 'epoch': 27.66}
{'loss': 1.4194, 'grad_norm': 0.18433642387390137, 'learning_rate': 8.644222020018199e-06, 'epoch': 27.67}
{'loss': 1.4197, 'grad_norm': 0.08382128179073334, 'learning_rate': 8.627371684696525e-06, 'epoch': 27.67}
{'loss': 1.4195, 'grad_norm': 0.06829539686441422, 'learning_rate': 8.610521349374854e-06, 'epoch': 27.68}
{'loss': 1.421, 'grad_norm': 0.06063278019428253, 'learning_rate': 8.59367101405318e-06, 'epoch': 27.68}
{'loss': 1.4198, 'grad_norm': 0.0783868134021759, 'learning_rate': 8.576820678731507e-06, 'epoch': 27.68}
{'loss': 1.4192, 'grad_norm': 0.055203162133693695, 'learning_rate': 8.559970343409834e-06, 'epoch': 27.69}
{'loss': 1.4198, 'grad_norm': 0.4338440001010895, 'learning_rate': 8.543120008088161e-06, 'epoch': 27.69}
{'loss': 1.4194, 'grad_norm': 0.1793857216835022, 'learning_rate': 8.52626967276649e-06, 'epoch': 27.7}
{'loss': 1.4196, 'grad_norm': 0.05893354490399361, 'learning_rate': 8.509419337444816e-06, 'epoch': 27.7}
{'loss': 1.42, 'grad_norm': 0.14565809071063995, 'learning_rate': 8.492569002123141e-06, 'epoch': 27.71}
{'loss': 1.4194, 'grad_norm': 0.051766231656074524, 'learning_rate': 8.47571866680147e-06, 'epoch': 27.71}
{'loss': 1.4201, 'grad_norm': 0.07388229668140411, 'learning_rate': 8.458868331479797e-06, 'epoch': 27.72}
{'loss': 1.4194, 'grad_norm': 0.053902287036180496, 'learning_rate': 8.442017996158124e-06, 'epoch': 27.72}
{'loss': 1.4197, 'grad_norm': 0.06129392609000206, 'learning_rate': 8.425167660836452e-06, 'epoch': 27.73}
{'loss': 1.42, 'grad_norm': 0.07508286088705063, 'learning_rate': 8.408317325514777e-06, 'epoch': 27.73}
{'loss': 1.4198, 'grad_norm': 0.07159309834241867, 'learning_rate': 8.391466990193106e-06, 'epoch': 27.73}
{'loss': 1.4194, 'grad_norm': 0.05707046762108803, 'learning_rate': 8.374616654871432e-06, 'epoch': 27.74}
{'loss': 1.4196, 'grad_norm': 0.213765487074852, 'learning_rate': 8.35776631954976e-06, 'epoch': 27.74}
{'loss': 1.4196, 'grad_norm': 0.05350104346871376, 'learning_rate': 8.340915984228088e-06, 'epoch': 27.75}
{'loss': 1.4202, 'grad_norm': 0.05135929584503174, 'learning_rate': 8.324065648906413e-06, 'epoch': 27.75}
{'loss': 1.42, 'grad_norm': 0.1673729121685028, 'learning_rate': 8.30721531358474e-06, 'epoch': 27.76}
{'loss': 1.4194, 'grad_norm': 0.054921578615903854, 'learning_rate': 8.290364978263068e-06, 'epoch': 27.76}
{'loss': 1.4195, 'grad_norm': 0.048356663435697556, 'learning_rate': 8.273514642941395e-06, 'epoch': 27.77}
{'loss': 1.4197, 'grad_norm': 0.05589723587036133, 'learning_rate': 8.256664307619722e-06, 'epoch': 27.77}
{'loss': 1.4195, 'grad_norm': 0.0700702965259552, 'learning_rate': 8.239813972298049e-06, 'epoch': 27.78}
{'loss': 1.4194, 'grad_norm': 0.0590917244553566, 'learning_rate': 8.222963636976375e-06, 'epoch': 27.78}
{'loss': 1.4196, 'grad_norm': 0.06102944165468216, 'learning_rate': 8.206113301654704e-06, 'epoch': 27.78}
{'loss': 1.4194, 'grad_norm': 0.07818331569433212, 'learning_rate': 8.18926296633303e-06, 'epoch': 27.79}
{'loss': 1.4198, 'grad_norm': 0.34713611006736755, 'learning_rate': 8.172412631011358e-06, 'epoch': 27.79}
{'loss': 1.4195, 'grad_norm': 0.0515219084918499, 'learning_rate': 8.155562295689684e-06, 'epoch': 27.8}
{'loss': 1.4198, 'grad_norm': 0.07311289757490158, 'learning_rate': 8.138711960368011e-06, 'epoch': 27.8}
{'loss': 1.4197, 'grad_norm': 0.05819888040423393, 'learning_rate': 8.121861625046338e-06, 'epoch': 27.81}
{'loss': 1.4195, 'grad_norm': 0.06297913938760757, 'learning_rate': 8.105011289724666e-06, 'epoch': 27.81}
{'loss': 1.4195, 'grad_norm': 0.06881564110517502, 'learning_rate': 8.088160954402993e-06, 'epoch': 27.82}
{'loss': 1.4195, 'grad_norm': 0.053011275827884674, 'learning_rate': 8.07131061908132e-06, 'epoch': 27.82}
{'loss': 1.4195, 'grad_norm': 0.29050150513648987, 'learning_rate': 8.054460283759647e-06, 'epoch': 27.83}
{'loss': 1.4199, 'grad_norm': 0.07735160738229752, 'learning_rate': 8.037609948437974e-06, 'epoch': 27.83}
{'loss': 1.4197, 'grad_norm': 0.09889235347509384, 'learning_rate': 8.020759613116302e-06, 'epoch': 27.83}
{'loss': 1.4199, 'grad_norm': 0.1349940150976181, 'learning_rate': 8.003909277794629e-06, 'epoch': 27.84}
{'loss': 1.4196, 'grad_norm': 0.06020865589380264, 'learning_rate': 7.987058942472956e-06, 'epoch': 27.84}
{'loss': 1.4194, 'grad_norm': 0.07279706001281738, 'learning_rate': 7.970208607151283e-06, 'epoch': 27.85}
{'loss': 1.4196, 'grad_norm': 0.22474591434001923, 'learning_rate': 7.95335827182961e-06, 'epoch': 27.85}
{'loss': 1.4198, 'grad_norm': 0.05794878676533699, 'learning_rate': 7.936507936507936e-06, 'epoch': 27.86}
{'loss': 1.4198, 'grad_norm': 0.07124686986207962, 'learning_rate': 7.919657601186265e-06, 'epoch': 27.86}
{'loss': 1.4198, 'grad_norm': 0.05318012461066246, 'learning_rate': 7.902807265864591e-06, 'epoch': 27.87}
{'loss': 1.4193, 'grad_norm': 0.13159480690956116, 'learning_rate': 7.885956930542918e-06, 'epoch': 27.87}
{'loss': 1.4194, 'grad_norm': 0.05188240110874176, 'learning_rate': 7.869106595221245e-06, 'epoch': 27.88}
{'loss': 1.4195, 'grad_norm': 0.06876945495605469, 'learning_rate': 7.852256259899572e-06, 'epoch': 27.88}
{'loss': 1.4198, 'grad_norm': 0.04821113869547844, 'learning_rate': 7.835405924577899e-06, 'epoch': 27.88}
{'loss': 1.4199, 'grad_norm': 0.09176678955554962, 'learning_rate': 7.818555589256227e-06, 'epoch': 27.89}
{'loss': 1.4192, 'grad_norm': 0.047609999775886536, 'learning_rate': 7.801705253934554e-06, 'epoch': 27.89}
{'loss': 1.4195, 'grad_norm': 0.08293602615594864, 'learning_rate': 7.78485491861288e-06, 'epoch': 27.9}
{'loss': 1.419, 'grad_norm': 0.0470963791012764, 'learning_rate': 7.768004583291208e-06, 'epoch': 27.9}
{'loss': 1.4197, 'grad_norm': 0.05728926137089729, 'learning_rate': 7.751154247969534e-06, 'epoch': 27.91}
{'loss': 1.4197, 'grad_norm': 0.1713675856590271, 'learning_rate': 7.734303912647863e-06, 'epoch': 27.91}
{'loss': 1.4196, 'grad_norm': 0.12596426904201508, 'learning_rate': 7.71745357732619e-06, 'epoch': 27.92}
{'loss': 1.4192, 'grad_norm': 0.04605725035071373, 'learning_rate': 7.700603242004517e-06, 'epoch': 27.92}
{'loss': 1.4195, 'grad_norm': 0.05028250813484192, 'learning_rate': 7.683752906682843e-06, 'epoch': 27.93}
{'loss': 1.4192, 'grad_norm': 0.05191260203719139, 'learning_rate': 7.66690257136117e-06, 'epoch': 27.93}
{'loss': 1.4192, 'grad_norm': 0.07762417942285538, 'learning_rate': 7.650052236039497e-06, 'epoch': 27.93}
{'loss': 1.4196, 'grad_norm': 0.06489377468824387, 'learning_rate': 7.633201900717825e-06, 'epoch': 27.94}
{'loss': 1.4197, 'grad_norm': 0.055940378457307816, 'learning_rate': 7.616351565396151e-06, 'epoch': 27.94}
{'loss': 1.4191, 'grad_norm': 0.09311629086732864, 'learning_rate': 7.599501230074479e-06, 'epoch': 27.95}
{'loss': 1.4198, 'grad_norm': 0.07286850363016129, 'learning_rate': 7.582650894752806e-06, 'epoch': 27.95}
{'loss': 1.4193, 'grad_norm': 0.16744644939899445, 'learning_rate': 7.565800559431133e-06, 'epoch': 27.96}
{'loss': 1.4199, 'grad_norm': 0.06841015070676804, 'learning_rate': 7.54895022410946e-06, 'epoch': 27.96}
{'loss': 1.4198, 'grad_norm': 0.08465404808521271, 'learning_rate': 7.532099888787787e-06, 'epoch': 27.97}
{'loss': 1.4194, 'grad_norm': 0.05089595168828964, 'learning_rate': 7.515249553466114e-06, 'epoch': 27.97}
{'loss': 1.4194, 'grad_norm': 0.05722064524888992, 'learning_rate': 7.4983992181444415e-06, 'epoch': 27.98}
{'loss': 1.4199, 'grad_norm': 0.044889021664857864, 'learning_rate': 7.481548882822768e-06, 'epoch': 27.98}
{'loss': 1.4192, 'grad_norm': 0.05314791202545166, 'learning_rate': 7.464698547501095e-06, 'epoch': 27.98}
{'loss': 1.4192, 'grad_norm': 0.051369138062000275, 'learning_rate': 7.447848212179423e-06, 'epoch': 27.99}
{'loss': 1.4198, 'grad_norm': 0.05988702178001404, 'learning_rate': 7.43099787685775e-06, 'epoch': 27.99}
{'loss': 1.4194, 'grad_norm': 0.11469326913356781, 'learning_rate': 7.414147541536077e-06, 'epoch': 28.0}
{'loss': 1.4195, 'grad_norm': 0.062113333493471146, 'learning_rate': 7.397297206214404e-06, 'epoch': 28.0}
{'loss': 1.4196, 'grad_norm': 0.07883546501398087, 'learning_rate': 7.380446870892731e-06, 'epoch': 28.01}
{'loss': 1.4197, 'grad_norm': 0.04750841110944748, 'learning_rate': 7.3635965355710585e-06, 'epoch': 28.01}
{'loss': 1.4195, 'grad_norm': 0.06952612102031708, 'learning_rate': 7.346746200249385e-06, 'epoch': 28.02}
{'loss': 1.4188, 'grad_norm': 0.14369739592075348, 'learning_rate': 7.329895864927712e-06, 'epoch': 28.02}
{'loss': 1.419, 'grad_norm': 0.07660897076129913, 'learning_rate': 7.31304552960604e-06, 'epoch': 28.03}
{'loss': 1.4191, 'grad_norm': 0.06989748775959015, 'learning_rate': 7.296195194284367e-06, 'epoch': 28.03}
{'loss': 1.4195, 'grad_norm': 0.11629841476678848, 'learning_rate': 7.279344858962693e-06, 'epoch': 28.03}
{'loss': 1.4193, 'grad_norm': 0.04796161130070686, 'learning_rate': 7.262494523641021e-06, 'epoch': 28.04}
{'loss': 1.4191, 'grad_norm': 0.05816120281815529, 'learning_rate': 7.245644188319348e-06, 'epoch': 28.04}
{'loss': 1.4187, 'grad_norm': 0.05441509559750557, 'learning_rate': 7.2287938529976755e-06, 'epoch': 28.05}
{'loss': 1.4193, 'grad_norm': 0.06283135712146759, 'learning_rate': 7.211943517676002e-06, 'epoch': 28.05}
{'loss': 1.4191, 'grad_norm': 0.07120800018310547, 'learning_rate': 7.195093182354329e-06, 'epoch': 28.06}
{'loss': 1.4191, 'grad_norm': 0.10608702898025513, 'learning_rate': 7.178242847032657e-06, 'epoch': 28.06}
{'loss': 1.4194, 'grad_norm': 0.09165880084037781, 'learning_rate': 7.1613925117109836e-06, 'epoch': 28.07}
{'loss': 1.4197, 'grad_norm': 0.05522497743368149, 'learning_rate': 7.14454217638931e-06, 'epoch': 28.07}
{'loss': 1.4191, 'grad_norm': 0.09506624937057495, 'learning_rate': 7.127691841067638e-06, 'epoch': 28.08}
{'loss': 1.4195, 'grad_norm': 0.0535125695168972, 'learning_rate': 7.110841505745965e-06, 'epoch': 28.08}
{'loss': 1.4196, 'grad_norm': 0.050549350678920746, 'learning_rate': 7.093991170424291e-06, 'epoch': 28.08}
{'loss': 1.4191, 'grad_norm': 0.15432949364185333, 'learning_rate': 7.077140835102619e-06, 'epoch': 28.09}
{'loss': 1.4195, 'grad_norm': 0.07038979232311249, 'learning_rate': 7.060290499780946e-06, 'epoch': 28.09}
{'loss': 1.4189, 'grad_norm': 0.06473731994628906, 'learning_rate': 7.043440164459274e-06, 'epoch': 28.1}
{'loss': 1.4191, 'grad_norm': 0.2011873424053192, 'learning_rate': 7.0265898291376005e-06, 'epoch': 28.1}
{'loss': 1.4193, 'grad_norm': 0.06610816717147827, 'learning_rate': 7.009739493815927e-06, 'epoch': 28.11}
{'loss': 1.4194, 'grad_norm': 0.08211105316877365, 'learning_rate': 6.992889158494255e-06, 'epoch': 28.11}
{'loss': 1.4195, 'grad_norm': 0.09385782480239868, 'learning_rate': 6.976038823172582e-06, 'epoch': 28.12}
{'loss': 1.4194, 'grad_norm': 0.11210281401872635, 'learning_rate': 6.959188487850908e-06, 'epoch': 28.12}
{'loss': 1.4191, 'grad_norm': 0.11645650118589401, 'learning_rate': 6.942338152529236e-06, 'epoch': 28.13}
{'loss': 1.4193, 'grad_norm': 0.1431594043970108, 'learning_rate': 6.925487817207563e-06, 'epoch': 28.13}
{'loss': 1.4197, 'grad_norm': 0.0653138980269432, 'learning_rate': 6.908637481885889e-06, 'epoch': 28.13}
{'loss': 1.419, 'grad_norm': 0.08139856159687042, 'learning_rate': 6.8917871465642175e-06, 'epoch': 28.14}
{'loss': 1.4191, 'grad_norm': 0.05377080664038658, 'learning_rate': 6.8749368112425435e-06, 'epoch': 28.14}
{'loss': 1.4192, 'grad_norm': 0.05788275599479675, 'learning_rate': 6.858086475920872e-06, 'epoch': 28.15}
{'loss': 1.4191, 'grad_norm': 0.27003082633018494, 'learning_rate': 6.841236140599199e-06, 'epoch': 28.15}
{'loss': 1.4197, 'grad_norm': 0.060824718326330185, 'learning_rate': 6.824385805277525e-06, 'epoch': 28.16}
{'loss': 1.4193, 'grad_norm': 0.04756816849112511, 'learning_rate': 6.807535469955853e-06, 'epoch': 28.16}
{'loss': 1.4199, 'grad_norm': 0.04839761555194855, 'learning_rate': 6.790685134634179e-06, 'epoch': 28.17}
{'loss': 1.42, 'grad_norm': 0.07516923546791077, 'learning_rate': 6.773834799312506e-06, 'epoch': 28.17}
{'loss': 1.4189, 'grad_norm': 0.050343893468379974, 'learning_rate': 6.7569844639908345e-06, 'epoch': 28.18}
{'loss': 1.4196, 'grad_norm': 0.06700564175844193, 'learning_rate': 6.7401341286691605e-06, 'epoch': 28.18}
{'loss': 1.4192, 'grad_norm': 0.0829596072435379, 'learning_rate': 6.723283793347487e-06, 'epoch': 28.18}
{'loss': 1.4191, 'grad_norm': 0.08302479237318039, 'learning_rate': 6.706433458025816e-06, 'epoch': 28.19}
{'loss': 1.4192, 'grad_norm': 0.06117415055632591, 'learning_rate': 6.689583122704142e-06, 'epoch': 28.19}
{'loss': 1.4197, 'grad_norm': 0.060897115617990494, 'learning_rate': 6.6727327873824685e-06, 'epoch': 28.2}
{'loss': 1.4192, 'grad_norm': 0.05351632460951805, 'learning_rate': 6.655882452060796e-06, 'epoch': 28.2}
{'loss': 1.4195, 'grad_norm': 0.4240723252296448, 'learning_rate': 6.639032116739123e-06, 'epoch': 28.21}
pred : ardent in the prosecution of heresy cyril auspiciously opened his reign by oppressing the novations the most innocent and harmless of the sectaries
label: ardent in the prosecution of heresy cyril auspiciously opened his reign by oppressing the novatians the most innocent and harmless of the sectaries
pred : without any legal sentence without any royal mandate the patriarch at the dawn of day led a seditious multitude to the attack of the synagogues
label: without any legal sentence without any royal mandate the patriarch at the dawn of day led a seditious multitude to the attack of the synagogues
pred : such crimes would have deserved the animadversion of the magistrate but in this promiscuous outrage the innocent were confounded with the guilty and alexandria was impoverished by the loss of a wealthy and industrious colony
label: such crimes would have deserved the animadversion of the magistrate but in this promiscuous outrage the innocent were confounded with the guilty and alexandria was impoverished by the loss of a wealthy and industrious colony
pred : ardent in the prosecution of heresy cyril auspiciously opened his reign by oppressing the novations the most innocent and harmless of the sectaries
label: ardent in the prosecution of heresy cyril auspiciously opened his reign by oppressing the novatians the most innocent and harmless of the sectaries
pred : without any legal sentence without any royal mandate the patriarch at the dawn of day led a seditious multitude to the attack of the synagogues
label: without any legal sentence without any royal mandate the patriarch at the dawn of day led a seditious multitude to the attack of the synagogues
pred : such crimes would have deserved the animadversion of the magistrate but in this promiscuous outrage the innocent were confounded with the guilty and alexandria was impoverished by the loss of a wealthy and industrious colony
label: such crimes would have deserved the animadversion of the magistrate but in this promiscuous outrage the innocent were confounded with the guilty and alexandria was impoverished by the loss of a wealthy and industrious colony
pred : ardent in the prosecution of heresy cyril auspiciously opened his reign by oppressing the novations the most innocent and harmless of the sectaries
label: ardent in the prosecution of heresy cyril auspiciously opened his reign by oppressing the novatians the most innocent and harmless of the sectaries
pred : without any legal sentence without any royal mandate the patriarch at the dawn of day led a seditious multitude to the attack of the synagogues
label: without any legal sentence without any royal mandate the patriarch at the dawn of day led a seditious multitude to the attack of the synagogues
pred : such crimes would have deserved the animadversion of the magistrate but in this promiscuous outrage the innocent were confounded with the guilty and alexandria was impoverished by the loss of a wealthy and industrious colony
label: such crimes would have deserved the animadversion of the magistrate but in this promiscuous outrage the innocent were confounded with the guilty and alexandria was impoverished by the loss of a wealthy and industrious colony
pred : ardent in the prosecution of heresy cyril auspiciously opened his reign by oppressing the novations the most innocent and harmless of the sectaries
label: ardent in the prosecution of heresy cyril auspiciously opened his reign by oppressing the novatians the most innocent and harmless of the sectaries
pred : without any legal sentence without any royal mandate the patriarch at the dawn of day led a seditious multitude to the attack of the synagogues
label: without any legal sentence without any royal mandate the patriarch at the dawn of day led a seditious multitude to the attack of the synagogues
pred : such crimes would have deserved the animadversion of the magistrate but in this promiscuous outrage the innocent were confounded with the guilty and alexandria was impoverished by the loss of a wealthy and industrious colony
label: such crimes would have deserved the animadversion of the magistrate but in this promiscuous outrage the innocent were confounded with the guilty and alexandria was impoverished by the loss of a wealthy and industrious colony
{'eval_loss': 1.6019444465637207, 'eval_bleu': 96.406267535233, 'eval_wer': 0.0226338815446082, 'eval_cer': 0.01542140170299015, 'eval_rouge1': 0.985982997675882, 'eval_rouge2': 0.9743876027250586, 'eval_rougeL': 0.9859408932461466, 'eval_runtime': 88.9726, 'eval_samples_per_second': 62.57, 'eval_steps_per_second': 0.326, 'epoch': 28.21}
{'loss': 1.4194, 'grad_norm': 0.04629261791706085, 'learning_rate': 6.6221817814174515e-06, 'epoch': 28.21}
{'loss': 1.419, 'grad_norm': 0.04442368820309639, 'learning_rate': 6.6053314460957774e-06, 'epoch': 28.22}
{'loss': 1.4199, 'grad_norm': 0.08706202358007431, 'learning_rate': 6.588481110774104e-06, 'epoch': 28.22}
{'loss': 1.4196, 'grad_norm': 0.045988429337739944, 'learning_rate': 6.571630775452432e-06, 'epoch': 28.23}
{'loss': 1.4195, 'grad_norm': 0.2008504867553711, 'learning_rate': 6.554780440130759e-06, 'epoch': 28.23}
{'loss': 1.4191, 'grad_norm': 0.0661141499876976, 'learning_rate': 6.5379301048090855e-06, 'epoch': 28.23}
{'loss': 1.4192, 'grad_norm': 0.061271268874406815, 'learning_rate': 6.521079769487413e-06, 'epoch': 28.24}
{'loss': 1.4195, 'grad_norm': 0.041777100414037704, 'learning_rate': 6.50422943416574e-06, 'epoch': 28.24}
{'loss': 1.4186, 'grad_norm': 0.06087900698184967, 'learning_rate': 6.487379098844067e-06, 'epoch': 28.25}
{'loss': 1.4197, 'grad_norm': 0.0535767525434494, 'learning_rate': 6.470528763522394e-06, 'epoch': 28.25}
{'loss': 1.4192, 'grad_norm': 0.06489758938550949, 'learning_rate': 6.453678428200721e-06, 'epoch': 28.26}
{'loss': 1.4191, 'grad_norm': 0.05542821064591408, 'learning_rate': 6.436828092879049e-06, 'epoch': 28.26}
{'loss': 1.4193, 'grad_norm': 0.04890701547265053, 'learning_rate': 6.419977757557376e-06, 'epoch': 28.27}
{'loss': 1.4196, 'grad_norm': 0.4009348452091217, 'learning_rate': 6.4031274222357025e-06, 'epoch': 28.27}
{'loss': 1.4191, 'grad_norm': 0.041918933391571045, 'learning_rate': 6.38627708691403e-06, 'epoch': 28.28}
{'loss': 1.4192, 'grad_norm': 0.054286934435367584, 'learning_rate': 6.369426751592357e-06, 'epoch': 28.28}
{'loss': 1.4192, 'grad_norm': 0.06633812934160233, 'learning_rate': 6.352576416270684e-06, 'epoch': 28.28}
{'loss': 1.4198, 'grad_norm': 0.0639653429389, 'learning_rate': 6.335726080949011e-06, 'epoch': 28.29}
{'loss': 1.4192, 'grad_norm': 0.2118239551782608, 'learning_rate': 6.318875745627338e-06, 'epoch': 28.29}
{'loss': 1.4194, 'grad_norm': 0.045097749680280685, 'learning_rate': 6.302025410305665e-06, 'epoch': 28.3}
{'loss': 1.4193, 'grad_norm': 0.057507019490003586, 'learning_rate': 6.285175074983993e-06, 'epoch': 28.3}
{'loss': 1.4195, 'grad_norm': 0.050702571868896484, 'learning_rate': 6.2683247396623195e-06, 'epoch': 28.31}
{'loss': 1.4196, 'grad_norm': 0.08677821606397629, 'learning_rate': 6.251474404340647e-06, 'epoch': 28.31}
{'loss': 1.4195, 'grad_norm': 0.08992833644151688, 'learning_rate': 6.234624069018974e-06, 'epoch': 28.32}
{'loss': 1.4192, 'grad_norm': 0.05739957094192505, 'learning_rate': 6.2177737336973016e-06, 'epoch': 28.32}
{'loss': 1.4194, 'grad_norm': 0.06004040688276291, 'learning_rate': 6.2009233983756275e-06, 'epoch': 28.33}
{'loss': 1.4189, 'grad_norm': 0.045049965381622314, 'learning_rate': 6.184073063053955e-06, 'epoch': 28.33}
{'loss': 1.4189, 'grad_norm': 0.048033714294433594, 'learning_rate': 6.167222727732282e-06, 'epoch': 28.33}
{'loss': 1.4194, 'grad_norm': 0.05029292404651642, 'learning_rate': 6.150372392410609e-06, 'epoch': 28.34}
{'loss': 1.4198, 'grad_norm': 0.08661544322967529, 'learning_rate': 6.1335220570889364e-06, 'epoch': 28.34}
{'loss': 1.4188, 'grad_norm': 0.06034897267818451, 'learning_rate': 6.116671721767263e-06, 'epoch': 28.35}
{'loss': 1.4193, 'grad_norm': 0.04748965799808502, 'learning_rate': 6.099821386445591e-06, 'epoch': 28.35}
{'loss': 1.4195, 'grad_norm': 0.0465184710919857, 'learning_rate': 6.082971051123918e-06, 'epoch': 28.36}
{'loss': 1.4191, 'grad_norm': 0.06988121569156647, 'learning_rate': 6.0661207158022445e-06, 'epoch': 28.36}
{'loss': 1.4192, 'grad_norm': 0.07061570882797241, 'learning_rate': 6.049270380480572e-06, 'epoch': 28.37}
{'loss': 1.4197, 'grad_norm': 0.35619327425956726, 'learning_rate': 6.032420045158899e-06, 'epoch': 28.37}
{'loss': 1.4191, 'grad_norm': 0.05426325276494026, 'learning_rate': 6.015569709837226e-06, 'epoch': 28.38}
{'loss': 1.4194, 'grad_norm': 0.047877561300992966, 'learning_rate': 5.998719374515553e-06, 'epoch': 28.38}
{'loss': 1.4192, 'grad_norm': 0.06655185669660568, 'learning_rate': 5.98186903919388e-06, 'epoch': 28.38}
{'loss': 1.4192, 'grad_norm': 0.0682826116681099, 'learning_rate': 5.965018703872207e-06, 'epoch': 28.39}
{'loss': 1.4195, 'grad_norm': 0.06044316664338112, 'learning_rate': 5.948168368550535e-06, 'epoch': 28.39}
{'loss': 1.4194, 'grad_norm': 0.053405653685331345, 'learning_rate': 5.9313180332288615e-06, 'epoch': 28.4}
{'loss': 1.4192, 'grad_norm': 0.0638347789645195, 'learning_rate': 5.914467697907189e-06, 'epoch': 28.4}
{'loss': 1.4193, 'grad_norm': 0.0753432959318161, 'learning_rate': 5.897617362585515e-06, 'epoch': 28.41}
{'loss': 1.419, 'grad_norm': 0.04778251424431801, 'learning_rate': 5.880767027263843e-06, 'epoch': 28.41}
{'loss': 1.4191, 'grad_norm': 0.3637988269329071, 'learning_rate': 5.86391669194217e-06, 'epoch': 28.42}
{'loss': 1.4193, 'grad_norm': 0.06726003438234329, 'learning_rate': 5.847066356620497e-06, 'epoch': 28.42}
{'loss': 1.4191, 'grad_norm': 0.08207358419895172, 'learning_rate': 5.830216021298824e-06, 'epoch': 28.43}
{'loss': 1.4192, 'grad_norm': 0.0900549367070198, 'learning_rate': 5.813365685977152e-06, 'epoch': 28.43}
{'loss': 1.4191, 'grad_norm': 0.05120838060975075, 'learning_rate': 5.7965153506554785e-06, 'epoch': 28.43}
{'loss': 1.4193, 'grad_norm': 0.05202598124742508, 'learning_rate': 5.779665015333805e-06, 'epoch': 28.44}
{'loss': 1.4195, 'grad_norm': 0.07135459035634995, 'learning_rate': 5.762814680012132e-06, 'epoch': 28.44}
{'loss': 1.4196, 'grad_norm': 0.07030031085014343, 'learning_rate': 5.74596434469046e-06, 'epoch': 28.45}
{'loss': 1.4188, 'grad_norm': 0.04985087364912033, 'learning_rate': 5.729114009368787e-06, 'epoch': 28.45}
{'loss': 1.4198, 'grad_norm': 0.13083350658416748, 'learning_rate': 5.712263674047113e-06, 'epoch': 28.46}
{'loss': 1.4194, 'grad_norm': 0.04682311415672302, 'learning_rate': 5.695413338725441e-06, 'epoch': 28.46}
{'loss': 1.4195, 'grad_norm': 0.10053554177284241, 'learning_rate': 5.678563003403768e-06, 'epoch': 28.47}
{'loss': 1.4193, 'grad_norm': 0.0736982673406601, 'learning_rate': 5.661712668082095e-06, 'epoch': 28.47}
{'loss': 1.4193, 'grad_norm': 0.1088179275393486, 'learning_rate': 5.644862332760422e-06, 'epoch': 28.48}
{'loss': 1.4187, 'grad_norm': 0.04841448366641998, 'learning_rate': 5.628011997438749e-06, 'epoch': 28.48}
{'loss': 1.4191, 'grad_norm': 0.05807870253920555, 'learning_rate': 5.611161662117077e-06, 'epoch': 28.48}
{'loss': 1.4193, 'grad_norm': 0.08408176898956299, 'learning_rate': 5.5943113267954035e-06, 'epoch': 28.49}
{'loss': 1.4194, 'grad_norm': 0.06319313496351242, 'learning_rate': 5.57746099147373e-06, 'epoch': 28.49}
{'loss': 1.4191, 'grad_norm': 1.0321314334869385, 'learning_rate': 5.560610656152058e-06, 'epoch': 28.5}
{'loss': 1.4193, 'grad_norm': 0.04927034303545952, 'learning_rate': 5.543760320830385e-06, 'epoch': 28.5}
{'loss': 1.4192, 'grad_norm': 0.07908793538808823, 'learning_rate': 5.5269099855087116e-06, 'epoch': 28.51}
{'loss': 1.419, 'grad_norm': 0.047446079552173615, 'learning_rate': 5.510059650187039e-06, 'epoch': 28.51}
{'loss': 1.42, 'grad_norm': 0.5764674544334412, 'learning_rate': 5.493209314865366e-06, 'epoch': 28.52}
{'loss': 1.419, 'grad_norm': 0.06799057871103287, 'learning_rate': 5.476358979543693e-06, 'epoch': 28.52}
{'loss': 1.4193, 'grad_norm': 0.08932310342788696, 'learning_rate': 5.4595086442220205e-06, 'epoch': 28.53}
{'loss': 1.4189, 'grad_norm': 0.22037340700626373, 'learning_rate': 5.442658308900347e-06, 'epoch': 28.53}
{'loss': 1.4196, 'grad_norm': 0.06711575388908386, 'learning_rate': 5.425807973578675e-06, 'epoch': 28.54}
{'loss': 1.4196, 'grad_norm': 0.07149515300989151, 'learning_rate': 5.408957638257002e-06, 'epoch': 28.54}
{'loss': 1.419, 'grad_norm': 0.07710175961256027, 'learning_rate': 5.3921073029353285e-06, 'epoch': 28.54}
{'loss': 1.4191, 'grad_norm': 0.0451316200196743, 'learning_rate': 5.375256967613656e-06, 'epoch': 28.55}
{'loss': 1.4197, 'grad_norm': 0.05255597457289696, 'learning_rate': 5.358406632291983e-06, 'epoch': 28.55}
{'loss': 1.4193, 'grad_norm': 0.05861731246113777, 'learning_rate': 5.34155629697031e-06, 'epoch': 28.56}
{'loss': 1.4193, 'grad_norm': 0.056997593492269516, 'learning_rate': 5.3247059616486374e-06, 'epoch': 28.56}
{'loss': 1.4191, 'grad_norm': 0.05278247967362404, 'learning_rate': 5.307855626326964e-06, 'epoch': 28.57}
{'loss': 1.4194, 'grad_norm': 0.06289980560541153, 'learning_rate': 5.291005291005291e-06, 'epoch': 28.57}
{'loss': 1.4189, 'grad_norm': 0.049345243722200394, 'learning_rate': 5.274154955683618e-06, 'epoch': 28.58}
{'loss': 1.4195, 'grad_norm': 0.06002716347575188, 'learning_rate': 5.2573046203619455e-06, 'epoch': 28.58}
{'loss': 1.4187, 'grad_norm': 0.052204620093107224, 'learning_rate': 5.240454285040273e-06, 'epoch': 28.59}
{'loss': 1.4193, 'grad_norm': 0.07488688081502914, 'learning_rate': 5.223603949718599e-06, 'epoch': 28.59}
{'loss': 1.4195, 'grad_norm': 0.06326302140951157, 'learning_rate': 5.206753614396927e-06, 'epoch': 28.59}
{'loss': 1.4192, 'grad_norm': 0.058260634541511536, 'learning_rate': 5.1899032790752544e-06, 'epoch': 28.6}
{'loss': 1.4189, 'grad_norm': 0.043483756482601166, 'learning_rate': 5.17305294375358e-06, 'epoch': 28.6}
{'loss': 1.4193, 'grad_norm': 0.050042957067489624, 'learning_rate': 5.156202608431908e-06, 'epoch': 28.61}
{'loss': 1.4189, 'grad_norm': 0.05489834025502205, 'learning_rate': 5.139352273110235e-06, 'epoch': 28.61}
{'loss': 1.4193, 'grad_norm': 0.20740444958209991, 'learning_rate': 5.1225019377885625e-06, 'epoch': 28.62}
{'loss': 1.4193, 'grad_norm': 0.07114352285861969, 'learning_rate': 5.105651602466889e-06, 'epoch': 28.62}
{'loss': 1.4191, 'grad_norm': 0.08592642098665237, 'learning_rate': 5.088801267145216e-06, 'epoch': 28.63}
{'loss': 1.4188, 'grad_norm': 0.10082889348268509, 'learning_rate': 5.071950931823544e-06, 'epoch': 28.63}
{'loss': 1.4195, 'grad_norm': 0.11946237087249756, 'learning_rate': 5.0551005965018706e-06, 'epoch': 28.64}
{'loss': 1.4193, 'grad_norm': 0.06584864854812622, 'learning_rate': 5.038250261180197e-06, 'epoch': 28.64}
{'loss': 1.4192, 'grad_norm': 0.06779520958662033, 'learning_rate': 5.021399925858525e-06, 'epoch': 28.64}
{'loss': 1.42, 'grad_norm': 0.06366035342216492, 'learning_rate': 5.004549590536852e-06, 'epoch': 28.65}
{'loss': 1.4191, 'grad_norm': 0.04655423387885094, 'learning_rate': 4.987699255215179e-06, 'epoch': 28.65}
{'loss': 1.4192, 'grad_norm': 0.06170079484581947, 'learning_rate': 4.970848919893506e-06, 'epoch': 28.66}
{'loss': 1.4191, 'grad_norm': 0.12786433100700378, 'learning_rate': 4.953998584571833e-06, 'epoch': 28.66}
{'loss': 1.4191, 'grad_norm': 0.05002114176750183, 'learning_rate': 4.937148249250161e-06, 'epoch': 28.67}
{'loss': 1.4191, 'grad_norm': 0.4216720759868622, 'learning_rate': 4.9202979139284875e-06, 'epoch': 28.67}
{'loss': 1.419, 'grad_norm': 0.2090638130903244, 'learning_rate': 4.903447578606814e-06, 'epoch': 28.68}
{'loss': 1.4197, 'grad_norm': 0.3558281362056732, 'learning_rate': 4.886597243285142e-06, 'epoch': 28.68}
{'loss': 1.4188, 'grad_norm': 0.05646665394306183, 'learning_rate': 4.869746907963469e-06, 'epoch': 28.69}
{'loss': 1.4194, 'grad_norm': 0.048434652388095856, 'learning_rate': 4.852896572641796e-06, 'epoch': 28.69}
{'loss': 1.419, 'grad_norm': 0.061643920838832855, 'learning_rate': 4.836046237320123e-06, 'epoch': 28.69}
{'loss': 1.4192, 'grad_norm': 0.05963378772139549, 'learning_rate': 4.81919590199845e-06, 'epoch': 28.7}
{'loss': 1.4194, 'grad_norm': 0.04952766373753548, 'learning_rate': 4.802345566676777e-06, 'epoch': 28.7}
{'loss': 1.4198, 'grad_norm': 0.07042606920003891, 'learning_rate': 4.785495231355104e-06, 'epoch': 28.71}
{'loss': 1.4194, 'grad_norm': 0.23707835376262665, 'learning_rate': 4.768644896033431e-06, 'epoch': 28.71}
{'loss': 1.4193, 'grad_norm': 0.06967319548130035, 'learning_rate': 4.751794560711759e-06, 'epoch': 28.72}
{'loss': 1.4189, 'grad_norm': 0.0588344968855381, 'learning_rate': 4.734944225390085e-06, 'epoch': 28.72}
{'loss': 1.4191, 'grad_norm': 0.053571950644254684, 'learning_rate': 4.7180938900684126e-06, 'epoch': 28.73}
{'loss': 1.4195, 'grad_norm': 0.04761024937033653, 'learning_rate': 4.70124355474674e-06, 'epoch': 28.73}
{'loss': 1.4193, 'grad_norm': 0.04663851112127304, 'learning_rate': 4.684393219425067e-06, 'epoch': 28.74}
{'loss': 1.4194, 'grad_norm': 0.4032575786113739, 'learning_rate': 4.667542884103394e-06, 'epoch': 28.74}
{'loss': 1.4192, 'grad_norm': 0.0632859393954277, 'learning_rate': 4.650692548781721e-06, 'epoch': 28.74}
{'loss': 1.4193, 'grad_norm': 0.09098708629608154, 'learning_rate': 4.633842213460048e-06, 'epoch': 28.75}
{'loss': 1.4193, 'grad_norm': 0.07715260237455368, 'learning_rate': 4.616991878138375e-06, 'epoch': 28.75}
{'loss': 1.4192, 'grad_norm': 0.05392192676663399, 'learning_rate': 4.600141542816702e-06, 'epoch': 28.76}
{'loss': 1.4192, 'grad_norm': 0.35101306438446045, 'learning_rate': 4.5832912074950296e-06, 'epoch': 28.76}
{'loss': 1.4193, 'grad_norm': 0.05425018444657326, 'learning_rate': 4.566440872173356e-06, 'epoch': 28.77}
{'loss': 1.4193, 'grad_norm': 0.0570254772901535, 'learning_rate': 4.549590536851683e-06, 'epoch': 28.77}
{'loss': 1.4195, 'grad_norm': 0.06752397119998932, 'learning_rate': 4.532740201530011e-06, 'epoch': 28.78}
{'loss': 1.419, 'grad_norm': 0.08247965574264526, 'learning_rate': 4.515889866208338e-06, 'epoch': 28.78}
{'loss': 1.4189, 'grad_norm': 0.10004354268312454, 'learning_rate': 4.499039530886664e-06, 'epoch': 28.79}
{'loss': 1.4191, 'grad_norm': 0.04986096918582916, 'learning_rate': 4.482189195564992e-06, 'epoch': 28.79}
{'loss': 1.4192, 'grad_norm': 0.08727683126926422, 'learning_rate': 4.465338860243319e-06, 'epoch': 28.79}
{'loss': 1.4191, 'grad_norm': 0.05134173110127449, 'learning_rate': 4.4484885249216465e-06, 'epoch': 28.8}
{'loss': 1.4197, 'grad_norm': 0.05885424464941025, 'learning_rate': 4.431638189599973e-06, 'epoch': 28.8}
{'loss': 1.4191, 'grad_norm': 0.06830403208732605, 'learning_rate': 4.4147878542783e-06, 'epoch': 28.81}
{'loss': 1.4196, 'grad_norm': 0.12269143015146255, 'learning_rate': 4.397937518956628e-06, 'epoch': 28.81}
{'loss': 1.4193, 'grad_norm': 0.5345228314399719, 'learning_rate': 4.381087183634955e-06, 'epoch': 28.82}
{'loss': 1.4198, 'grad_norm': 0.05801504850387573, 'learning_rate': 4.364236848313281e-06, 'epoch': 28.82}
{'loss': 1.419, 'grad_norm': 0.04858288913965225, 'learning_rate': 4.347386512991609e-06, 'epoch': 28.83}
{'loss': 1.4193, 'grad_norm': 0.10165677964687347, 'learning_rate': 4.330536177669936e-06, 'epoch': 28.83}
{'loss': 1.4197, 'grad_norm': 0.08255903422832489, 'learning_rate': 4.313685842348263e-06, 'epoch': 28.84}
{'loss': 1.4194, 'grad_norm': 0.050227656960487366, 'learning_rate': 4.29683550702659e-06, 'epoch': 28.84}
{'loss': 1.419, 'grad_norm': 0.08127345889806747, 'learning_rate': 4.279985171704917e-06, 'epoch': 28.84}
{'loss': 1.4189, 'grad_norm': 0.09519122540950775, 'learning_rate': 4.263134836383245e-06, 'epoch': 28.85}
{'loss': 1.4192, 'grad_norm': 0.062153592705726624, 'learning_rate': 4.246284501061571e-06, 'epoch': 28.85}
{'loss': 1.419, 'grad_norm': 0.0671389177441597, 'learning_rate': 4.229434165739898e-06, 'epoch': 28.86}
{'loss': 1.4203, 'grad_norm': 0.07566060870885849, 'learning_rate': 4.212583830418226e-06, 'epoch': 28.86}
{'loss': 1.4193, 'grad_norm': 0.04413411021232605, 'learning_rate': 4.195733495096553e-06, 'epoch': 28.87}
{'loss': 1.4198, 'grad_norm': 0.048238661140203476, 'learning_rate': 4.17888315977488e-06, 'epoch': 28.87}
{'loss': 1.4192, 'grad_norm': 0.1996300369501114, 'learning_rate': 4.1620328244532064e-06, 'epoch': 28.88}
{'loss': 1.4196, 'grad_norm': 0.05232496187090874, 'learning_rate': 4.145182489131534e-06, 'epoch': 28.88}
{'loss': 1.4195, 'grad_norm': 0.0721454843878746, 'learning_rate': 4.128332153809861e-06, 'epoch': 28.89}
{'loss': 1.419, 'grad_norm': 0.08173302561044693, 'learning_rate': 4.111481818488188e-06, 'epoch': 28.89}
{'loss': 1.4194, 'grad_norm': 0.05518963560461998, 'learning_rate': 4.094631483166515e-06, 'epoch': 28.89}
{'loss': 1.4188, 'grad_norm': 0.05164777860045433, 'learning_rate': 4.077781147844842e-06, 'epoch': 28.9}
{'loss': 1.4188, 'grad_norm': 0.054975610226392746, 'learning_rate': 4.060930812523169e-06, 'epoch': 28.9}
{'loss': 1.4197, 'grad_norm': 0.07288132607936859, 'learning_rate': 4.044080477201497e-06, 'epoch': 28.91}
{'loss': 1.419, 'grad_norm': 0.060772642493247986, 'learning_rate': 4.027230141879823e-06, 'epoch': 28.91}
{'loss': 1.4192, 'grad_norm': 0.0609019435942173, 'learning_rate': 4.010379806558151e-06, 'epoch': 28.92}
{'loss': 1.419, 'grad_norm': 0.11278443038463593, 'learning_rate': 3.993529471236478e-06, 'epoch': 28.92}
{'loss': 1.4194, 'grad_norm': 0.08022884279489517, 'learning_rate': 3.976679135914805e-06, 'epoch': 28.93}
{'loss': 1.4194, 'grad_norm': 0.048691526055336, 'learning_rate': 3.959828800593132e-06, 'epoch': 28.93}
{'loss': 1.4189, 'grad_norm': 0.059912193566560745, 'learning_rate': 3.942978465271459e-06, 'epoch': 28.94}
{'loss': 1.4195, 'grad_norm': 0.04697471112012863, 'learning_rate': 3.926128129949786e-06, 'epoch': 28.94}
{'loss': 1.4191, 'grad_norm': 0.05805912986397743, 'learning_rate': 3.909277794628114e-06, 'epoch': 28.94}
{'loss': 1.4199, 'grad_norm': 0.04356306418776512, 'learning_rate': 3.89242745930644e-06, 'epoch': 28.95}
{'loss': 1.4197, 'grad_norm': 0.05802077800035477, 'learning_rate': 3.875577123984767e-06, 'epoch': 28.95}
{'loss': 1.4193, 'grad_norm': 0.055535104125738144, 'learning_rate': 3.858726788663095e-06, 'epoch': 28.96}
{'loss': 1.4191, 'grad_norm': 0.05293266102671623, 'learning_rate': 3.841876453341422e-06, 'epoch': 28.96}
{'loss': 1.4191, 'grad_norm': 0.05039643496274948, 'learning_rate': 3.8250261180197485e-06, 'epoch': 28.97}
{'loss': 1.419, 'grad_norm': 0.06589551270008087, 'learning_rate': 3.8081757826980757e-06, 'epoch': 28.97}
{'loss': 1.4192, 'grad_norm': 0.05792020633816719, 'learning_rate': 3.791325447376403e-06, 'epoch': 28.98}
{'loss': 1.4197, 'grad_norm': 0.03991600498557091, 'learning_rate': 3.77447511205473e-06, 'epoch': 28.98}
{'loss': 1.4191, 'grad_norm': 0.052188385277986526, 'learning_rate': 3.757624776733057e-06, 'epoch': 28.99}
{'loss': 1.419, 'grad_norm': 0.08166447281837463, 'learning_rate': 3.740774441411384e-06, 'epoch': 28.99}
{'loss': 1.4188, 'grad_norm': 0.05273490771651268, 'learning_rate': 3.7239241060897114e-06, 'epoch': 28.99}
{'loss': 1.4192, 'grad_norm': 0.047888439148664474, 'learning_rate': 3.7070737707680386e-06, 'epoch': 29.0}
{'loss': 1.4189, 'grad_norm': 0.17590729892253876, 'learning_rate': 3.6902234354463654e-06, 'epoch': 29.0}
{'loss': 1.4193, 'grad_norm': 0.054108694195747375, 'learning_rate': 3.6733731001246927e-06, 'epoch': 29.01}
{'loss': 1.419, 'grad_norm': 0.058214910328388214, 'learning_rate': 3.65652276480302e-06, 'epoch': 29.01}
{'loss': 1.4192, 'grad_norm': 0.11120050400495529, 'learning_rate': 3.6396724294813467e-06, 'epoch': 29.02}
{'loss': 1.4189, 'grad_norm': 0.04888840392231941, 'learning_rate': 3.622822094159674e-06, 'epoch': 29.02}
{'loss': 1.4189, 'grad_norm': 0.18337112665176392, 'learning_rate': 3.605971758838001e-06, 'epoch': 29.03}
{'loss': 1.419, 'grad_norm': 0.14478382468223572, 'learning_rate': 3.5891214235163284e-06, 'epoch': 29.03}
{'loss': 1.4189, 'grad_norm': 0.08723760396242142, 'learning_rate': 3.572271088194655e-06, 'epoch': 29.04}
{'loss': 1.419, 'grad_norm': 0.05741281807422638, 'learning_rate': 3.5554207528729824e-06, 'epoch': 29.04}
{'loss': 1.419, 'grad_norm': 0.044762901961803436, 'learning_rate': 3.5385704175513096e-06, 'epoch': 29.04}
{'loss': 1.4193, 'grad_norm': 0.14547108113765717, 'learning_rate': 3.521720082229637e-06, 'epoch': 29.05}
{'loss': 1.4189, 'grad_norm': 0.05434398353099823, 'learning_rate': 3.5048697469079637e-06, 'epoch': 29.05}
{'loss': 1.4188, 'grad_norm': 0.05160396918654442, 'learning_rate': 3.488019411586291e-06, 'epoch': 29.06}
{'loss': 1.4189, 'grad_norm': 0.0434284508228302, 'learning_rate': 3.471169076264618e-06, 'epoch': 29.06}
{'loss': 1.4192, 'grad_norm': 0.06455206125974655, 'learning_rate': 3.4543187409429445e-06, 'epoch': 29.07}
{'loss': 1.4193, 'grad_norm': 0.09937363117933273, 'learning_rate': 3.4374684056212717e-06, 'epoch': 29.07}
{'loss': 1.4191, 'grad_norm': 0.04193900153040886, 'learning_rate': 3.4206180702995994e-06, 'epoch': 29.08}
{'loss': 1.419, 'grad_norm': 0.09902850538492203, 'learning_rate': 3.4037677349779266e-06, 'epoch': 29.08}
{'loss': 1.4191, 'grad_norm': 0.05159446597099304, 'learning_rate': 3.386917399656253e-06, 'epoch': 29.09}
{'loss': 1.4194, 'grad_norm': 0.06459972262382507, 'learning_rate': 3.3700670643345802e-06, 'epoch': 29.09}
{'loss': 1.4192, 'grad_norm': 0.051888108253479004, 'learning_rate': 3.353216729012908e-06, 'epoch': 29.09}
{'loss': 1.4188, 'grad_norm': 0.2574231028556824, 'learning_rate': 3.3363663936912343e-06, 'epoch': 29.1}
{'loss': 1.4195, 'grad_norm': 0.046127285808324814, 'learning_rate': 3.3195160583695615e-06, 'epoch': 29.1}
{'loss': 1.4191, 'grad_norm': 0.13936829566955566, 'learning_rate': 3.3026657230478887e-06, 'epoch': 29.11}
{'loss': 1.4192, 'grad_norm': 0.05629243329167366, 'learning_rate': 3.285815387726216e-06, 'epoch': 29.11}
{'loss': 1.4188, 'grad_norm': 0.05658363178372383, 'learning_rate': 3.2689650524045428e-06, 'epoch': 29.12}
pred : ardent in the prosecution of heresy cyril auspiciously opened his reign by oppressing the novations the most innocent and harmless of the sectaries
label: ardent in the prosecution of heresy cyril auspiciously opened his reign by oppressing the novatians the most innocent and harmless of the sectaries
pred : without any legal sentence without any royal mandate the patriarch at the dawn of day led a seditious multitude to the attack of the synagogues
label: without any legal sentence without any royal mandate the patriarch at the dawn of day led a seditious multitude to the attack of the synagogues
pred : such crimes would have deserved the animadversion of the magistrate but in this promiscuous outrage the innocent were confounded with the guilty and alexandria was impoverished by the loss of a wealthy and industrious colony
label: such crimes would have deserved the animadversion of the magistrate but in this promiscuous outrage the innocent were confounded with the guilty and alexandria was impoverished by the loss of a wealthy and industrious colony
pred : ardent in the prosecution of heresy cyril auspiciously opened his reign by oppressing the novations the most innocent and harmless of the sectaries
label: ardent in the prosecution of heresy cyril auspiciously opened his reign by oppressing the novatians the most innocent and harmless of the sectaries
pred : without any legal sentence without any royal mandate the patriarch at the dawn of day led a seditious multitude to the attack of the synagogues
label: without any legal sentence without any royal mandate the patriarch at the dawn of day led a seditious multitude to the attack of the synagogues
pred : such crimes would have deserved the animadversion of the magistrate but in this promiscuous outrage the innocent were confounded with the guilty and alexandria was impoverished by the loss of a wealthy and industrious colony
label: such crimes would have deserved the animadversion of the magistrate but in this promiscuous outrage the innocent were confounded with the guilty and alexandria was impoverished by the loss of a wealthy and industrious colony
pred : ardent in the prosecution of heresy cyril auspiciously opened his reign by oppressing the novations the most innocent and harmless of the sectaries
label: ardent in the prosecution of heresy cyril auspiciously opened his reign by oppressing the novatians the most innocent and harmless of the sectaries
pred : without any legal sentence without any royal mandate the patriarch at the dawn of day led a seditious multitude to the attack of the synagogues
label: without any legal sentence without any royal mandate the patriarch at the dawn of day led a seditious multitude to the attack of the synagogues
pred : such crimes would have deserved the animadversion of the magistrate but in this promiscuous outrage the innocent were confounded with the guilty and alexandria was impoverished by the loss of a wealthy and industrious colony
label: such crimes would have deserved the animadversion of the magistrate but in this promiscuous outrage the innocent were confounded with the guilty and alexandria was impoverished by the loss of a wealthy and industrious colony
pred : ardent in the prosecution of heresy cyril auspiciously opened his reign by oppressing the novations the most innocent and harmless of the sectaries
label: ardent in the prosecution of heresy cyril auspiciously opened his reign by oppressing the novatians the most innocent and harmless of the sectaries
pred : without any legal sentence without any royal mandate the patriarch at the dawn of day led a seditious multitude to the attack of the synagogues
label: without any legal sentence without any royal mandate the patriarch at the dawn of day led a seditious multitude to the attack of the synagogues
pred : such crimes would have deserved the animadversion of the magistrate but in this promiscuous outrage the innocent were confounded with the guilty and alexandria was impoverished by the loss of a wealthy and industrious colony
label: such crimes would have deserved the animadversion of the magistrate but in this promiscuous outrage the innocent were confounded with the guilty and alexandria was impoverished by the loss of a wealthy and industrious colony
{'eval_loss': 1.6011731624603271, 'eval_bleu': 96.39481363009892, 'eval_wer': 0.0226338815446082, 'eval_cer': 0.015428614706593046, 'eval_rouge1': 0.9863605024718585, 'eval_rouge2': 0.9752075303903291, 'eval_rougeL': 0.9863111211907155, 'eval_runtime': 89.098, 'eval_samples_per_second': 62.482, 'eval_steps_per_second': 0.325, 'epoch': 29.12}
{'loss': 1.419, 'grad_norm': 0.05803202837705612, 'learning_rate': 3.25211471708287e-06, 'epoch': 29.12}
{'loss': 1.4189, 'grad_norm': 0.15230844914913177, 'learning_rate': 3.235264381761197e-06, 'epoch': 29.13}
{'loss': 1.4193, 'grad_norm': 0.045859623700380325, 'learning_rate': 3.2184140464395244e-06, 'epoch': 29.13}
{'loss': 1.4189, 'grad_norm': 0.06013411283493042, 'learning_rate': 3.2015637111178512e-06, 'epoch': 29.14}
{'loss': 1.419, 'grad_norm': 0.05548781156539917, 'learning_rate': 3.1847133757961785e-06, 'epoch': 29.14}
{'loss': 1.4186, 'grad_norm': 0.06357571482658386, 'learning_rate': 3.1678630404745057e-06, 'epoch': 29.14}
{'loss': 1.4192, 'grad_norm': 0.06177595630288124, 'learning_rate': 3.1510127051528325e-06, 'epoch': 29.15}
{'loss': 1.4191, 'grad_norm': 0.04397527128458023, 'learning_rate': 3.1341623698311597e-06, 'epoch': 29.15}
{'loss': 1.419, 'grad_norm': 0.05289379507303238, 'learning_rate': 3.117312034509487e-06, 'epoch': 29.16}
{'loss': 1.4191, 'grad_norm': 0.05421050265431404, 'learning_rate': 3.1004616991878138e-06, 'epoch': 29.16}
{'loss': 1.4192, 'grad_norm': 0.04352344200015068, 'learning_rate': 3.083611363866141e-06, 'epoch': 29.17}
{'loss': 1.4189, 'grad_norm': 0.17757895588874817, 'learning_rate': 3.0667610285444682e-06, 'epoch': 29.17}
{'loss': 1.4191, 'grad_norm': 0.13457636535167694, 'learning_rate': 3.0499106932227954e-06, 'epoch': 29.18}
{'loss': 1.4199, 'grad_norm': 0.332242488861084, 'learning_rate': 3.0330603579011222e-06, 'epoch': 29.18}
{'loss': 1.4191, 'grad_norm': 0.07597111910581589, 'learning_rate': 3.0162100225794495e-06, 'epoch': 29.19}
{'loss': 1.4188, 'grad_norm': 0.06300363689661026, 'learning_rate': 2.9993596872577767e-06, 'epoch': 29.19}
{'loss': 1.4188, 'grad_norm': 0.043278101831674576, 'learning_rate': 2.9825093519361035e-06, 'epoch': 29.19}
{'loss': 1.4189, 'grad_norm': 0.06187410652637482, 'learning_rate': 2.9656590166144307e-06, 'epoch': 29.2}
{'loss': 1.4188, 'grad_norm': 0.04714934155344963, 'learning_rate': 2.9488086812927575e-06, 'epoch': 29.2}
{'loss': 1.4189, 'grad_norm': 0.061339426785707474, 'learning_rate': 2.931958345971085e-06, 'epoch': 29.21}
{'loss': 1.419, 'grad_norm': 0.09618024528026581, 'learning_rate': 2.915108010649412e-06, 'epoch': 29.21}
{'loss': 1.4192, 'grad_norm': 0.058674406260252, 'learning_rate': 2.8982576753277392e-06, 'epoch': 29.22}
{'loss': 1.419, 'grad_norm': 0.07054191827774048, 'learning_rate': 2.881407340006066e-06, 'epoch': 29.22}
{'loss': 1.4192, 'grad_norm': 0.06033356487751007, 'learning_rate': 2.8645570046843937e-06, 'epoch': 29.23}
{'loss': 1.4192, 'grad_norm': 0.05584033206105232, 'learning_rate': 2.8477066693627205e-06, 'epoch': 29.23}
{'loss': 1.4195, 'grad_norm': 0.08320938050746918, 'learning_rate': 2.8308563340410473e-06, 'epoch': 29.24}
{'loss': 1.4191, 'grad_norm': 0.054289016872644424, 'learning_rate': 2.8140059987193745e-06, 'epoch': 29.24}
{'loss': 1.4191, 'grad_norm': 0.043243274092674255, 'learning_rate': 2.7971556633977017e-06, 'epoch': 29.24}
{'loss': 1.4192, 'grad_norm': 0.055177681148052216, 'learning_rate': 2.780305328076029e-06, 'epoch': 29.25}
{'loss': 1.4194, 'grad_norm': 0.05763256922364235, 'learning_rate': 2.7634549927543558e-06, 'epoch': 29.25}
{'loss': 1.419, 'grad_norm': 0.04926726594567299, 'learning_rate': 2.746604657432683e-06, 'epoch': 29.26}
{'loss': 1.4189, 'grad_norm': 0.08400126546621323, 'learning_rate': 2.7297543221110102e-06, 'epoch': 29.26}
{'loss': 1.4193, 'grad_norm': 0.04945281893014908, 'learning_rate': 2.7129039867893375e-06, 'epoch': 29.27}
{'loss': 1.4188, 'grad_norm': 0.20495471358299255, 'learning_rate': 2.6960536514676643e-06, 'epoch': 29.27}
{'loss': 1.4191, 'grad_norm': 0.042369771748781204, 'learning_rate': 2.6792033161459915e-06, 'epoch': 29.28}
{'loss': 1.4192, 'grad_norm': 0.050787992775440216, 'learning_rate': 2.6623529808243187e-06, 'epoch': 29.28}
{'loss': 1.4187, 'grad_norm': 0.04789881780743599, 'learning_rate': 2.6455026455026455e-06, 'epoch': 29.29}
{'loss': 1.4188, 'grad_norm': 0.5358688831329346, 'learning_rate': 2.6286523101809728e-06, 'epoch': 29.29}
{'loss': 1.4189, 'grad_norm': 0.07727017998695374, 'learning_rate': 2.6118019748592996e-06, 'epoch': 29.29}
{'loss': 1.4192, 'grad_norm': 0.2642834484577179, 'learning_rate': 2.5949516395376272e-06, 'epoch': 29.3}
{'loss': 1.4189, 'grad_norm': 0.0589011050760746, 'learning_rate': 2.578101304215954e-06, 'epoch': 29.3}
{'loss': 1.419, 'grad_norm': 0.05693569779396057, 'learning_rate': 2.5612509688942812e-06, 'epoch': 29.31}
{'loss': 1.4188, 'grad_norm': 0.05769369751214981, 'learning_rate': 2.544400633572608e-06, 'epoch': 29.31}
{'loss': 1.4192, 'grad_norm': 0.07030827552080154, 'learning_rate': 2.5275502982509353e-06, 'epoch': 29.32}
{'loss': 1.4194, 'grad_norm': 0.05888112261891365, 'learning_rate': 2.5106999629292625e-06, 'epoch': 29.32}
{'loss': 1.4191, 'grad_norm': 0.06756766885519028, 'learning_rate': 2.4938496276075893e-06, 'epoch': 29.33}
{'loss': 1.4188, 'grad_norm': 0.05266304686665535, 'learning_rate': 2.4769992922859165e-06, 'epoch': 29.33}
{'loss': 1.4192, 'grad_norm': 0.05533946678042412, 'learning_rate': 2.4601489569642438e-06, 'epoch': 29.34}
{'loss': 1.4194, 'grad_norm': 0.04732673615217209, 'learning_rate': 2.443298621642571e-06, 'epoch': 29.34}
{'loss': 1.4192, 'grad_norm': 0.050202853977680206, 'learning_rate': 2.426448286320898e-06, 'epoch': 29.34}
{'loss': 1.419, 'grad_norm': 0.14908157289028168, 'learning_rate': 2.409597950999225e-06, 'epoch': 29.35}
{'loss': 1.419, 'grad_norm': 0.2569007873535156, 'learning_rate': 2.392747615677552e-06, 'epoch': 29.35}
{'loss': 1.4191, 'grad_norm': 0.05324670299887657, 'learning_rate': 2.3758972803558795e-06, 'epoch': 29.36}
{'loss': 1.4187, 'grad_norm': 0.07455676794052124, 'learning_rate': 2.3590469450342063e-06, 'epoch': 29.36}
{'loss': 1.4189, 'grad_norm': 0.06104621663689613, 'learning_rate': 2.3421966097125335e-06, 'epoch': 29.37}
{'loss': 1.4191, 'grad_norm': 0.0449158139526844, 'learning_rate': 2.3253462743908603e-06, 'epoch': 29.37}
{'loss': 1.4225, 'grad_norm': 0.2708893120288849, 'learning_rate': 2.3084959390691875e-06, 'epoch': 29.38}
{'loss': 1.4191, 'grad_norm': 0.04690173640847206, 'learning_rate': 2.2916456037475148e-06, 'epoch': 29.38}
{'loss': 1.4192, 'grad_norm': 0.09017378836870193, 'learning_rate': 2.2747952684258416e-06, 'epoch': 29.39}
{'loss': 1.4189, 'grad_norm': 0.0535515733063221, 'learning_rate': 2.257944933104169e-06, 'epoch': 29.39}
{'loss': 1.4193, 'grad_norm': 0.05750665068626404, 'learning_rate': 2.241094597782496e-06, 'epoch': 29.39}
{'loss': 1.4193, 'grad_norm': 0.057726357132196426, 'learning_rate': 2.2242442624608233e-06, 'epoch': 29.4}
{'loss': 1.4195, 'grad_norm': 0.04955916106700897, 'learning_rate': 2.20739392713915e-06, 'epoch': 29.4}
{'loss': 1.419, 'grad_norm': 0.059252358973026276, 'learning_rate': 2.1905435918174773e-06, 'epoch': 29.41}
{'loss': 1.4189, 'grad_norm': 0.10261445492506027, 'learning_rate': 2.1736932564958045e-06, 'epoch': 29.41}
{'loss': 1.419, 'grad_norm': 0.07629542797803879, 'learning_rate': 2.1568429211741313e-06, 'epoch': 29.42}
{'loss': 1.4198, 'grad_norm': 0.052781976759433746, 'learning_rate': 2.1399925858524586e-06, 'epoch': 29.42}
{'loss': 1.4189, 'grad_norm': 0.06055104359984398, 'learning_rate': 2.1231422505307854e-06, 'epoch': 29.43}
{'loss': 1.419, 'grad_norm': 0.0485348179936409, 'learning_rate': 2.106291915209113e-06, 'epoch': 29.43}
{'loss': 1.4193, 'grad_norm': 0.056877344846725464, 'learning_rate': 2.08944157988744e-06, 'epoch': 29.44}
{'loss': 1.4192, 'grad_norm': 0.07022285461425781, 'learning_rate': 2.072591244565767e-06, 'epoch': 29.44}
{'loss': 1.4189, 'grad_norm': 0.0622759684920311, 'learning_rate': 2.055740909244094e-06, 'epoch': 29.44}
{'loss': 1.4193, 'grad_norm': 0.06277202814817429, 'learning_rate': 2.038890573922421e-06, 'epoch': 29.45}
{'loss': 1.419, 'grad_norm': 0.054484475404024124, 'learning_rate': 2.0220402386007483e-06, 'epoch': 29.45}
{'loss': 1.4188, 'grad_norm': 0.06097619608044624, 'learning_rate': 2.0051899032790755e-06, 'epoch': 29.46}
{'loss': 1.4189, 'grad_norm': 0.15363673865795135, 'learning_rate': 1.9883395679574023e-06, 'epoch': 29.46}
{'loss': 1.4189, 'grad_norm': 0.054131198674440384, 'learning_rate': 1.9714892326357296e-06, 'epoch': 29.47}
{'loss': 1.4193, 'grad_norm': 0.06687171757221222, 'learning_rate': 1.954638897314057e-06, 'epoch': 29.47}
{'loss': 1.4192, 'grad_norm': 0.04775448516011238, 'learning_rate': 1.9377885619923836e-06, 'epoch': 29.48}
{'loss': 1.4189, 'grad_norm': 0.044411152601242065, 'learning_rate': 1.920938226670711e-06, 'epoch': 29.48}
{'loss': 1.419, 'grad_norm': 0.05371343716979027, 'learning_rate': 1.9040878913490378e-06, 'epoch': 29.49}
{'loss': 1.4191, 'grad_norm': 0.043257858604192734, 'learning_rate': 1.887237556027365e-06, 'epoch': 29.49}
{'loss': 1.4188, 'grad_norm': 0.14693231880664825, 'learning_rate': 1.870387220705692e-06, 'epoch': 29.49}
{'loss': 1.419, 'grad_norm': 0.04166753590106964, 'learning_rate': 1.8535368853840193e-06, 'epoch': 29.5}
{'loss': 1.4193, 'grad_norm': 0.0610494539141655, 'learning_rate': 1.8366865500623463e-06, 'epoch': 29.5}
{'loss': 1.4193, 'grad_norm': 0.041601281613111496, 'learning_rate': 1.8198362147406733e-06, 'epoch': 29.51}
{'loss': 1.419, 'grad_norm': 0.18444961309432983, 'learning_rate': 1.8029858794190006e-06, 'epoch': 29.51}
{'loss': 1.4193, 'grad_norm': 0.06300928443670273, 'learning_rate': 1.7861355440973276e-06, 'epoch': 29.52}
{'loss': 1.4191, 'grad_norm': 0.07902757078409195, 'learning_rate': 1.7692852087756548e-06, 'epoch': 29.52}
{'loss': 1.4189, 'grad_norm': 0.04894796386361122, 'learning_rate': 1.7524348734539818e-06, 'epoch': 29.53}
{'loss': 1.4188, 'grad_norm': 0.061742521822452545, 'learning_rate': 1.735584538132309e-06, 'epoch': 29.53}
{'loss': 1.4192, 'grad_norm': 0.07899695634841919, 'learning_rate': 1.7187342028106359e-06, 'epoch': 29.54}
{'loss': 1.4191, 'grad_norm': 0.10722304880619049, 'learning_rate': 1.7018838674889633e-06, 'epoch': 29.54}
{'loss': 1.4191, 'grad_norm': 0.05801986902952194, 'learning_rate': 1.6850335321672901e-06, 'epoch': 29.55}
{'loss': 1.4191, 'grad_norm': 0.055718060582876205, 'learning_rate': 1.6681831968456171e-06, 'epoch': 29.55}
{'loss': 1.4189, 'grad_norm': 0.08487189561128616, 'learning_rate': 1.6513328615239444e-06, 'epoch': 29.55}
{'loss': 1.4192, 'grad_norm': 0.0755312517285347, 'learning_rate': 1.6344825262022714e-06, 'epoch': 29.56}
{'loss': 1.419, 'grad_norm': 0.07355787605047226, 'learning_rate': 1.6176321908805986e-06, 'epoch': 29.56}
{'loss': 1.4187, 'grad_norm': 0.05872313305735588, 'learning_rate': 1.6007818555589256e-06, 'epoch': 29.57}
{'loss': 1.419, 'grad_norm': 0.06934089213609695, 'learning_rate': 1.5839315202372528e-06, 'epoch': 29.57}
{'loss': 1.4192, 'grad_norm': 0.0401366762816906, 'learning_rate': 1.5670811849155799e-06, 'epoch': 29.58}
{'loss': 1.419, 'grad_norm': 0.050049033015966415, 'learning_rate': 1.5502308495939069e-06, 'epoch': 29.58}
{'loss': 1.4188, 'grad_norm': 0.04082578048110008, 'learning_rate': 1.5333805142722341e-06, 'epoch': 29.59}
{'loss': 1.4192, 'grad_norm': 0.14497533440589905, 'learning_rate': 1.5165301789505611e-06, 'epoch': 29.59}
{'loss': 1.419, 'grad_norm': 0.057230912148952484, 'learning_rate': 1.4996798436288884e-06, 'epoch': 29.6}
{'loss': 1.4192, 'grad_norm': 0.048805560916662216, 'learning_rate': 1.4828295083072154e-06, 'epoch': 29.6}
{'loss': 1.4189, 'grad_norm': 0.06341072171926498, 'learning_rate': 1.4659791729855426e-06, 'epoch': 29.6}
{'loss': 1.4191, 'grad_norm': 0.05257607623934746, 'learning_rate': 1.4491288376638696e-06, 'epoch': 29.61}
{'loss': 1.4194, 'grad_norm': 0.051771730184555054, 'learning_rate': 1.4322785023421968e-06, 'epoch': 29.61}
{'loss': 1.4191, 'grad_norm': 0.07012259215116501, 'learning_rate': 1.4154281670205236e-06, 'epoch': 29.62}
{'loss': 1.419, 'grad_norm': 0.10694998502731323, 'learning_rate': 1.3985778316988509e-06, 'epoch': 29.62}
{'loss': 1.419, 'grad_norm': 0.24575118720531464, 'learning_rate': 1.3817274963771779e-06, 'epoch': 29.63}
{'loss': 1.4194, 'grad_norm': 0.055030737072229385, 'learning_rate': 1.3648771610555051e-06, 'epoch': 29.63}
{'loss': 1.4192, 'grad_norm': 0.041286367923021317, 'learning_rate': 1.3480268257338321e-06, 'epoch': 29.64}
{'loss': 1.4191, 'grad_norm': 0.04778863489627838, 'learning_rate': 1.3311764904121594e-06, 'epoch': 29.64}
{'loss': 1.4188, 'grad_norm': 0.06252164393663406, 'learning_rate': 1.3143261550904864e-06, 'epoch': 29.65}
{'loss': 1.4191, 'grad_norm': 0.044852375984191895, 'learning_rate': 1.2974758197688136e-06, 'epoch': 29.65}
{'loss': 1.4188, 'grad_norm': 0.04689934477210045, 'learning_rate': 1.2806254844471406e-06, 'epoch': 29.65}
{'loss': 1.419, 'grad_norm': 0.060552071779966354, 'learning_rate': 1.2637751491254676e-06, 'epoch': 29.66}
{'loss': 1.4193, 'grad_norm': 0.05326525866985321, 'learning_rate': 1.2469248138037947e-06, 'epoch': 29.66}
{'loss': 1.4187, 'grad_norm': 0.045953162014484406, 'learning_rate': 1.2300744784821219e-06, 'epoch': 29.67}
{'loss': 1.4189, 'grad_norm': 0.4930725395679474, 'learning_rate': 1.213224143160449e-06, 'epoch': 29.67}
{'loss': 1.4191, 'grad_norm': 0.051378875970840454, 'learning_rate': 1.196373807838776e-06, 'epoch': 29.68}
{'loss': 1.4189, 'grad_norm': 0.05437016859650612, 'learning_rate': 1.1795234725171031e-06, 'epoch': 29.68}
{'loss': 1.4189, 'grad_norm': 0.05392492190003395, 'learning_rate': 1.1626731371954302e-06, 'epoch': 29.69}
{'loss': 1.4189, 'grad_norm': 0.04475843533873558, 'learning_rate': 1.1458228018737574e-06, 'epoch': 29.69}
{'loss': 1.4194, 'grad_norm': 0.0542466975748539, 'learning_rate': 1.1289724665520844e-06, 'epoch': 29.7}
{'loss': 1.4186, 'grad_norm': 0.04373394325375557, 'learning_rate': 1.1121221312304116e-06, 'epoch': 29.7}
{'loss': 1.4191, 'grad_norm': 0.07279849797487259, 'learning_rate': 1.0952717959087386e-06, 'epoch': 29.7}
{'loss': 1.4191, 'grad_norm': 0.06326037645339966, 'learning_rate': 1.0784214605870657e-06, 'epoch': 29.71}
{'loss': 1.4194, 'grad_norm': 0.04559992998838425, 'learning_rate': 1.0615711252653927e-06, 'epoch': 29.71}
{'loss': 1.4186, 'grad_norm': 0.06533394008874893, 'learning_rate': 1.04472078994372e-06, 'epoch': 29.72}
{'loss': 1.4194, 'grad_norm': 0.415927916765213, 'learning_rate': 1.027870454622047e-06, 'epoch': 29.72}
{'loss': 1.4191, 'grad_norm': 0.0593440942466259, 'learning_rate': 1.0110201193003742e-06, 'epoch': 29.73}
{'loss': 1.4191, 'grad_norm': 0.06798934936523438, 'learning_rate': 9.941697839787012e-07, 'epoch': 29.73}
{'loss': 1.4192, 'grad_norm': 0.04706090688705444, 'learning_rate': 9.773194486570284e-07, 'epoch': 29.74}
{'loss': 1.4193, 'grad_norm': 0.055123746395111084, 'learning_rate': 9.604691133353554e-07, 'epoch': 29.74}
{'loss': 1.4192, 'grad_norm': 0.046211082488298416, 'learning_rate': 9.436187780136825e-07, 'epoch': 29.75}
{'loss': 1.4188, 'grad_norm': 0.04801496863365173, 'learning_rate': 9.267684426920097e-07, 'epoch': 29.75}
{'loss': 1.4191, 'grad_norm': 0.06790106743574142, 'learning_rate': 9.099181073703367e-07, 'epoch': 29.75}
{'loss': 1.4191, 'grad_norm': 0.12370943278074265, 'learning_rate': 8.930677720486638e-07, 'epoch': 29.76}
{'loss': 1.4191, 'grad_norm': 0.06043405458331108, 'learning_rate': 8.762174367269909e-07, 'epoch': 29.76}
{'loss': 1.4194, 'grad_norm': 0.0700739398598671, 'learning_rate': 8.593671014053179e-07, 'epoch': 29.77}
{'loss': 1.4193, 'grad_norm': 0.048928402364254, 'learning_rate': 8.425167660836451e-07, 'epoch': 29.77}
{'loss': 1.4193, 'grad_norm': 0.12666058540344238, 'learning_rate': 8.256664307619722e-07, 'epoch': 29.78}
{'loss': 1.419, 'grad_norm': 0.11962943524122238, 'learning_rate': 8.088160954402993e-07, 'epoch': 29.78}
{'loss': 1.4191, 'grad_norm': 0.04979216679930687, 'learning_rate': 7.919657601186264e-07, 'epoch': 29.79}
{'loss': 1.4195, 'grad_norm': 0.07923650741577148, 'learning_rate': 7.751154247969534e-07, 'epoch': 29.79}
{'loss': 1.4188, 'grad_norm': 0.06026582419872284, 'learning_rate': 7.582650894752806e-07, 'epoch': 29.8}
{'loss': 1.4191, 'grad_norm': 0.052688080817461014, 'learning_rate': 7.414147541536077e-07, 'epoch': 29.8}
{'loss': 1.4188, 'grad_norm': 0.052315935492515564, 'learning_rate': 7.245644188319348e-07, 'epoch': 29.8}
{'loss': 1.4188, 'grad_norm': 0.049742672592401505, 'learning_rate': 7.077140835102618e-07, 'epoch': 29.81}
{'loss': 1.4198, 'grad_norm': 0.0842832624912262, 'learning_rate': 6.908637481885889e-07, 'epoch': 29.81}
{'loss': 1.4192, 'grad_norm': 0.08316245675086975, 'learning_rate': 6.740134128669161e-07, 'epoch': 29.82}
{'loss': 1.4188, 'grad_norm': 0.04820273816585541, 'learning_rate': 6.571630775452432e-07, 'epoch': 29.82}
{'loss': 1.4188, 'grad_norm': 0.0859958827495575, 'learning_rate': 6.403127422235703e-07, 'epoch': 29.83}
{'loss': 1.419, 'grad_norm': 0.08711732178926468, 'learning_rate': 6.234624069018973e-07, 'epoch': 29.83}
{'loss': 1.4189, 'grad_norm': 0.05986335873603821, 'learning_rate': 6.066120715802244e-07, 'epoch': 29.84}
{'loss': 1.4188, 'grad_norm': 0.08372217416763306, 'learning_rate': 5.897617362585516e-07, 'epoch': 29.84}
{'loss': 1.4192, 'grad_norm': 0.04595881327986717, 'learning_rate': 5.729114009368787e-07, 'epoch': 29.85}
{'loss': 1.4194, 'grad_norm': 0.04785294085741043, 'learning_rate': 5.560610656152058e-07, 'epoch': 29.85}
{'loss': 1.419, 'grad_norm': 0.06669176369905472, 'learning_rate': 5.392107302935328e-07, 'epoch': 29.85}
{'loss': 1.4193, 'grad_norm': 0.04906182736158371, 'learning_rate': 5.2236039497186e-07, 'epoch': 29.86}
{'loss': 1.4196, 'grad_norm': 0.04570434242486954, 'learning_rate': 5.055100596501871e-07, 'epoch': 29.86}
{'loss': 1.4188, 'grad_norm': 0.08843524008989334, 'learning_rate': 4.886597243285142e-07, 'epoch': 29.87}
{'loss': 1.4191, 'grad_norm': 0.30133888125419617, 'learning_rate': 4.7180938900684127e-07, 'epoch': 29.87}
{'loss': 1.4189, 'grad_norm': 0.11287250369787216, 'learning_rate': 4.5495905368516834e-07, 'epoch': 29.88}
{'loss': 1.4188, 'grad_norm': 0.11704232543706894, 'learning_rate': 4.3810871836349546e-07, 'epoch': 29.88}
{'loss': 1.419, 'grad_norm': 0.3417055606842041, 'learning_rate': 4.2125838304182253e-07, 'epoch': 29.89}
{'loss': 1.4192, 'grad_norm': 0.05179928243160248, 'learning_rate': 4.0440804772014965e-07, 'epoch': 29.89}
{'loss': 1.4187, 'grad_norm': 0.04550536721944809, 'learning_rate': 3.875577123984767e-07, 'epoch': 29.9}
{'loss': 1.419, 'grad_norm': 0.05001889541745186, 'learning_rate': 3.7070737707680384e-07, 'epoch': 29.9}
{'loss': 1.4188, 'grad_norm': 0.04509160295128822, 'learning_rate': 3.538570417551309e-07, 'epoch': 29.9}
{'loss': 1.4194, 'grad_norm': 0.04901452735066414, 'learning_rate': 3.3700670643345803e-07, 'epoch': 29.91}
{'loss': 1.4189, 'grad_norm': 0.04223031550645828, 'learning_rate': 3.2015637111178516e-07, 'epoch': 29.91}
{'loss': 1.419, 'grad_norm': 0.07077571004629135, 'learning_rate': 3.033060357901122e-07, 'epoch': 29.92}
{'loss': 1.419, 'grad_norm': 0.054921410977840424, 'learning_rate': 2.8645570046843935e-07, 'epoch': 29.92}
{'loss': 1.419, 'grad_norm': 0.044058576226234436, 'learning_rate': 2.696053651467664e-07, 'epoch': 29.93}
{'loss': 1.4192, 'grad_norm': 0.05290589481592178, 'learning_rate': 2.5275502982509354e-07, 'epoch': 29.93}
{'loss': 1.4188, 'grad_norm': 0.08632644265890121, 'learning_rate': 2.3590469450342063e-07, 'epoch': 29.94}
{'loss': 1.4188, 'grad_norm': 0.04627753421664238, 'learning_rate': 2.1905435918174773e-07, 'epoch': 29.94}
{'loss': 1.4188, 'grad_norm': 0.04572776332497597, 'learning_rate': 2.0220402386007483e-07, 'epoch': 29.95}
{'loss': 1.4191, 'grad_norm': 1.0898061990737915, 'learning_rate': 1.8535368853840192e-07, 'epoch': 29.95}
{'loss': 1.4191, 'grad_norm': 0.056912194937467575, 'learning_rate': 1.6850335321672902e-07, 'epoch': 29.95}
{'loss': 1.4191, 'grad_norm': 0.06133609265089035, 'learning_rate': 1.516530178950561e-07, 'epoch': 29.96}
{'loss': 1.4194, 'grad_norm': 0.07186634093523026, 'learning_rate': 1.348026825733832e-07, 'epoch': 29.96}
{'loss': 1.419, 'grad_norm': 0.06075311452150345, 'learning_rate': 1.1795234725171032e-07, 'epoch': 29.97}
{'loss': 1.4189, 'grad_norm': 0.1631353199481964, 'learning_rate': 1.0110201193003741e-07, 'epoch': 29.97}
{'loss': 1.4185, 'grad_norm': 0.04544796794652939, 'learning_rate': 8.425167660836451e-08, 'epoch': 29.98}
{'loss': 1.4188, 'grad_norm': 0.05927567183971405, 'learning_rate': 6.74013412866916e-08, 'epoch': 29.98}
{'loss': 1.4189, 'grad_norm': 0.08482863754034042, 'learning_rate': 5.0551005965018706e-08, 'epoch': 29.99}
{'loss': 1.419, 'grad_norm': 0.06377247720956802, 'learning_rate': 3.37006706433458e-08, 'epoch': 29.99}
{'loss': 1.4193, 'grad_norm': 0.07039191573858261, 'learning_rate': 1.68503353216729e-08, 'epoch': 30.0}
{'loss': 1.4192, 'grad_norm': 0.05339059606194496, 'learning_rate': 0.0, 'epoch': 30.0}
{'train_runtime': 25489.428, 'train_samples_per_second': 331.009, 'train_steps_per_second': 2.587, 'train_loss': 1.5538193474764674, 'epoch': 30.0}
pred : ardent in the prosecution of heresy cyril auspiciously opened his reign by oppressing the novations the most innocent and harmless of the sectaries
label: ardent in the prosecution of heresy cyril auspiciously opened his reign by oppressing the novatians the most innocent and harmless of the sectaries
pred : without any legal sentence without any royal mandate the patriarch at the dawn of day led a seditious multitude to the attack of the synagogues
label: without any legal sentence without any royal mandate the patriarch at the dawn of day led a seditious multitude to the attack of the synagogues
pred : such crimes would have deserved the animadversion of the magistrate but in this promiscuous outrage the innocent were confounded with the guilty and alexandria was impoverished by the loss of a wealthy and industrious colony
label: such crimes would have deserved the animadversion of the magistrate but in this promiscuous outrage the innocent were confounded with the guilty and alexandria was impoverished by the loss of a wealthy and industrious colony
pred : ardent in the prosecution of heresy cyril auspiciously opened his reign by oppressing the novations the most innocent and harmless of the sectaries
label: ardent in the prosecution of heresy cyril auspiciously opened his reign by oppressing the novatians the most innocent and harmless of the sectaries
pred : without any legal sentence without any royal mandate the patriarch at the dawn of day led a seditious multitude to the attack of the synagogues
label: without any legal sentence without any royal mandate the patriarch at the dawn of day led a seditious multitude to the attack of the synagogues
pred : such crimes would have deserved the animadversion of the magistrate but in this promiscuous outrage the innocent were confounded with the guilty and alexandria was impoverished by the loss of a wealthy and industrious colony
label: such crimes would have deserved the animadversion of the magistrate but in this promiscuous outrage the innocent were confounded with the guilty and alexandria was impoverished by the loss of a wealthy and industrious colony
pred : ardent in the prosecution of heresy cyril auspiciously opened his reign by oppressing the novations the most innocent and harmless of the sectaries
label: ardent in the prosecution of heresy cyril auspiciously opened his reign by oppressing the novatians the most innocent and harmless of the sectaries
pred : without any legal sentence without any royal mandate the patriarch at the dawn of day led a seditious multitude to the attack of the synagogues
label: without any legal sentence without any royal mandate the patriarch at the dawn of day led a seditious multitude to the attack of the synagogues
pred : such crimes would have deserved the animadversion of the magistrate but in this promiscuous outrage the innocent were confounded with the guilty and alexandria was impoverished by the loss of a wealthy and industrious colony
label: such crimes would have deserved the animadversion of the magistrate but in this promiscuous outrage the innocent were confounded with the guilty and alexandria was impoverished by the loss of a wealthy and industrious colony
pred : ardent in the prosecution of heresy cyril auspiciously opened his reign by oppressing the novations the most innocent and harmless of the sectaries
label: ardent in the prosecution of heresy cyril auspiciously opened his reign by oppressing the novatians the most innocent and harmless of the sectaries
pred : without any legal sentence without any royal mandate the patriarch at the dawn of day led a seditious multitude to the attack of the synagogues
label: without any legal sentence without any royal mandate the patriarch at the dawn of day led a seditious multitude to the attack of the synagogues
pred : such crimes would have deserved the animadversion of the magistrate but in this promiscuous outrage the innocent were confounded with the guilty and alexandria was impoverished by the loss of a wealthy and industrious colony
label: such crimes would have deserved the animadversion of the magistrate but in this promiscuous outrage the innocent were confounded with the guilty and alexandria was impoverished by the loss of a wealthy and industrious colony
evaluation on dev: {'eval_loss': 1.6011731624603271, 'eval_bleu': 96.39481363009892, 'eval_wer': 0.0226338815446082, 'eval_cer': 0.015428614706593046, 'eval_rouge1': 0.9863245507402469, 'eval_rouge2': 0.9752020970231158, 'eval_rougeL': 0.9863185102052354, 'eval_runtime': 86.7456, 'eval_samples_per_second': 64.176, 'eval_steps_per_second': 0.334, 'epoch': 30.0}
model and tokenizer saved to ./bart_phoneme2text_wb_512_128_keep_phoneme
evaluation on dev: {'eval_loss': 1.6011731624603271, 'eval_bleu': 96.39481363009892, 'eval_wer': 0.0226338815446082, 'eval_cer': 0.015428614706593046, 'eval_rouge1': 0.9863533257309666, 'eval_rouge2': 0.975255595754922, 'eval_rougeL': 0.9863114837455489, 'eval_runtime': 88.2732, 'eval_samples_per_second': 63.066, 'eval_steps_per_second': 0.329, 'epoch': 30.0}
model and tokenizer saved to ./bart_phoneme2text_wb_512_128_keep_phoneme
evaluation on dev: {'eval_loss': 1.6011731624603271, 'eval_bleu': 96.39481363009892, 'eval_wer': 0.0226338815446082, 'eval_cer': 0.015428614706593046, 'eval_rouge1': 0.9863934526786096, 'eval_rouge2': 0.9752947644230332, 'eval_rougeL': 0.9863216582519221, 'eval_runtime': 88.9615, 'eval_samples_per_second': 62.578, 'eval_steps_per_second': 0.326, 'epoch': 30.0}
model and tokenizer saved to ./bart_phoneme2text_wb_512_128_keep_phoneme
evaluation on dev: {'eval_loss': 1.6011731624603271, 'eval_bleu': 96.39481363009892, 'eval_wer': 0.0226338815446082, 'eval_cer': 0.015428614706593046, 'eval_rouge1': 0.9863605024718585, 'eval_rouge2': 0.9752075303903291, 'eval_rougeL': 0.9863111211907155, 'eval_runtime': 88.7143, 'eval_samples_per_second': 62.752, 'eval_steps_per_second': 0.327, 'epoch': 30.0}
model and tokenizer saved to ./bart_phoneme2text_wb_512_128_keep_phoneme
